Actividad,Ligand.Efficiency.BEI,Ligand.Efficiency.LE,Ligand.Efficiency.LLE,Ligand.Efficiency.SEI,VALENCE,TOT_CHG,ATOM_CHG,NON_STD_ATOM,AROMATICITY,N_WARNINGS,MW,GD,nAT,nSK,nBT,nBO,RBN,nDB,nTB,nAB,nH,nC,nN,nO,nP,nS,nF,nCL,nBR,nI,nB,nHM,nHet,nX,H.,C.,N.,O.,X.,totalcharge,nCIC,nCIR,TRS,Rbrid,NRS,nR03,nR04,nR05,nR06,nR07,nR08,nR09,nR10,nR11,nR12,Hy,AMR,TPSA.NO.,TPSA.Tot.,MLOGP,ALOGP,SAtot,SAacc,SAdon,Vx,VvdwMG,VvdwZAZ,BLTF96,BLTD48,BLTA96,Ro5,DLS_01,DLS_02,DLS_03,DLS_04,DLS_05,DLS_06,DLS_07,DLS_cons,LLS_01,LLS_02,CMC.80,CMC.50,Inflammat.80,Inflammat.50,Depressant.80,Depressant.50,Psychotic.80,Psychotic.50,Hypertens.80,Hypertens.50,Hypnotic.80,Hypnotic.50,Neoplastic.80,Neoplastic.50,Infective.80,Infective.50
1,12.39,0.25,3.33,8.37,0,0,0,0,0,0,611.17,0.05487805,74,41,78,45,6,4,0,12,33,28,4,5,0,1,2,1,0,0,0,2,13,3,44.59459459,37.83783784,5.40540541,6.75675676,4.05405405,0,5,5,29,0,4,0,0,1,4,0,0,0,0,0,0,-0.67852385,149.6846,90.47,98.85,3.38661194,4.3935,724.0427891,146.4144229,0,694.4518272,287.9884538,522.05,-4.26862015,-4.53728135,-4.61661194,0,0.75,0.66666667,0.83333333,0.9,1,0.83333333,1,0.8547619,0.16666667,0.625,0,0,0,0,0,0,0,0,0,0,0,0,0,0,0,0
1,15.31,0.31,3,13.57,0,0,0,0,0,0,622.24,0.05458769,80,42,85,47,7,3,0,12,38,31,3,4,0,1,2,1,0,0,0,2,11,3,47.5,38.75,3.75,5,3.75,0,6,6,33,0,6,1,0,0,5,0,0,0,0,0,0,-0.73347763,158.3453,70.16,78.54,4.6993601,6.5204,743.7464601,118.145182,0,727.4418605,301.5089592,544.44,-5.38445608,-5.78439209,-5.9293601,1,0.5,0.5,0.83333333,0.9,1,0.83333333,1,0.7952381,0.16666667,0.625,0,0,0,0,0,0,0,0,0,0,0,0,0,0,0,0
1,12.97,0.24,1.45,6.35,0,0,0,0,0,0,429.51,0.07056452,55,32,58,35,5,3,0,18,23,25,3,4,0,0,0,0,0,0,0,0,7,0,41.81818182,45.45454545,5.45454545,7.27272727,0,0,4,7,25,2,2,0,0,0,3,1,0,0,0,2,0,0.17699483,119.1247,87.74,87.74,2.39020838,3.6006,544.4284474,125.5804842,36.02150137,534.0365449,222.2444856,395.4,-3.42167712,-3.59069796,-3.62020838,0,1,1,1,0.6,0.5,1,1,0.87142857,0.33333333,1,1,0,0,0,0,0,1,0,1,0,0,0,1,0,1,0
1,24.53,0.45,6.67,8.95,0,0,0,0,0,0,337.41,0.09,44,25,46,27,3,3,0,12,19,19,3,3,0,0,0,0,0,0,0,0,6,0,43.18181818,43.18181818,6.81818182,6.81818182,0,0,3,6,19,2,1,0,0,0,2,1,0,0,0,2,0,0.96585673,93.0924,92.5,92.5,1.39005897,1.3755,437.2636482,129.4670332,50.90793816,423.3222591,176.8697783,313.99,-2.57155012,-2.64055602,-2.62005897,0,1,1,1,0.8,0.5,1,1,0.9,0.5,1,1,1,0,0,0,0,0,0,1,1,1,0,1,1,1,0
1,22.17,0.43,7.06,9.38,0,0,0,0,0,0,384.5,0.08262108,47,27,49,29,5,4,0,11,20,19,4,3,0,1,0,0,0,0,0,1,8,0,42.55319149,40.42553191,8.5106383,6.38297872,0,0,3,4,18,1,2,0,0,1,1,1,0,0,0,1,0,0.30395797,104.5752,90.87,119.11,1.44292342,1.5836,489.4321978,131.1210817,36.02150137,467.0598007,194.7950003,343.5,-2.61648491,-2.69077725,-2.67292342,0,1,1,1,0.8,0.5,1,1,0.9,0.33333333,1,1,1,1,0,0,0,0,0,1,1,0,0,1,1,1,0
1,14.28,0.29,3.43,7.74,0,0,0,0,0,0,518.13,0.06386555,67,35,70,38,8,4,0,12,32,26,3,4,0,1,0,1,0,0,0,2,9,1,47.76119403,38.80597015,4.47761194,5.97014925,1.49253731,0,4,4,22,0,4,1,0,0,2,1,0,0,0,0,0,0.19051903,136.9757,95.58,103.96,3.20745022,4.5961,658.8737228,132.1428682,36.02150137,633.5049834,263.0102391,467.88,-4.11633269,-4.36707771,-4.43745022,0,0.75,0.83333333,0.83333333,0.9,1,0.83333333,1,0.87857143,0.16666667,0.875,0,0,0,0,0,0,0,0,0,0,0,0,0,0,0,0
0,11.48,0.24,2.31,5.71,0,0,0,0,0,0,422.92,0.08201058,47,28,50,31,5,3,0,12,19,19,2,5,0,1,0,1,0,0,0,2,9,1,40.42553191,40.42553191,4.25531915,10.63829787,2.12765957,0,4,5,23,1,3,0,0,1,3,0,0,1,0,0,0,-0.25245455,103.7557,84.94,93.32,2.06842502,3.2504,473.5157467,110.9869662,18.01075068,469.9833887,195.9931921,347.21,-3.14816126,-3.28500377,-3.29842502,0,1,1,1,0.8,0.5,1,1,0.9,0.33333333,1,1,0,1,0,0,0,1,0,1,1,0,0,1,0,1,0
1,19.48,0.39,3.37,12.37,0,0,0,0,0,0,451.64,0.0688172,62,31,63,32,10,2,0,11,31,23,3,2,0,1,2,0,0,0,0,1,8,2,50,37.09677419,4.83870968,3.22580645,3.22580645,0,2,2,11,0,2,0,0,1,1,0,0,0,0,0,0,0.22496265,119.6861,71.09,99.33,4.35243462,5.3336,630.0931266,133.0171115,36.02150137,572.5249169,238.0184086,422.69,-5.08956943,-5.45481289,-5.58243462,0,0.75,0.66666667,0.83333333,1,1,1,1,0.89285714,0.16666667,0.875,1,0,0,0,0,0,0,0,0,0,0,0,0,0,0,0
1,12.28,0.25,2.41,5.31,0,0,0,0,0,0,454.97,0.07356322,53,30,55,32,8,3,0,12,23,20,2,6,0,1,0,1,0,0,0,2,10,1,43.39622642,37.73584906,3.77358491,11.32075472,1.88679245,0,3,4,17,1,2,0,0,1,2,0,0,1,0,0,0,0.30898403,111.5052,105.17,113.55,2.3550902,3.8073,561.1068415,150.2545825,57.27836697,521.179402,216.9751648,385.66,-3.39182667,-3.55733569,-3.5850902,0,1,0.83333333,1,1,0.5,1,1,0.9047619,0.33333333,1,1,0,0,0,0,0,1,0,1,0,0,0,1,0,1,0
1,15.93,0.33,1.42,11.67,0,0,0,0,0,0,422.03,0.07936508,56,28,58,30,6,2,0,12,28,22,1,3,0,1,0,1,0,0,0,2,6,1,50,39.28571429,1.78571429,5.35714286,1.78571429,0,3,3,18,0,3,0,0,0,3,0,0,0,0,0,0,-0.35848085,115.7307,57.61,65.99,4.03942266,6.256,562.1267278,88.51485589,42.68334316,529.3023256,220.3042318,385.53,-4.82350926,-5.15745153,-5.26942266,0,1,1,1,1,1,1,1,1,0.16666667,1,0,0,0,0,0,0,0,0,0,0,0,0,0,0,0,0
0,12.38,0.25,2.21,4.95,0,0,0,0,0,0,419.93,0.08465608,46,28,50,32,3,2,0,16,18,18,5,3,0,1,0,1,0,0,0,2,10,1,39.13043478,39.13043478,10.86956522,6.52173913,2.17391304,0,5,8,28,3,3,0,0,2,3,0,1,1,0,1,0,-0.21711245,102.8095,104.98,113.36,2.99259408,2.4235,452.0613754,108.6107674,16.66300743,458.7707641,191.3978542,322.07,-3.93370497,-4.16296438,-4.22259408,0,1,1,1,0.8,0.5,1,1,0.9,0.5,0.875,1,0,1,0,0,0,1,0,1,1,0,0,1,0,1,0
0,10.07,0.21,0.93,4.78,0,0,0,0,0,0,436,0.08465608,46,28,50,32,3,2,0,16,18,18,5,2,0,2,0,1,0,0,0,3,10,1,39.13043478,39.13043478,10.86956522,4.34782609,2.17391304,0,5,8,28,3,3,0,0,2,3,0,1,1,0,1,0,-0.21711245,111.8795,91.84,128.46,2.11692342,2.8907,465.0600648,95.82053503,16.66300743,476.179402,198.5325418,331.79,-3.18938491,-3.33107725,-3.34692342,0,1,1,1,0.8,0.5,1,1,0.9,0.5,0.875,1,0,1,0,0,0,1,0,1,0,0,0,1,0,1,0
1,0,0,0,0,0,0,0,0,0,0,504.11,0.06628788,67,33,69,35,9,3,0,6,34,22,3,6,0,1,0,1,0,0,0,2,11,1,50.74626866,32.8358209,4.47761194,8.95522388,1.49253731,0,3,3,18,0,3,0,0,0,3,0,0,0,0,0,0,-0.26194322,126.5565,99.62,108,0.93466383,2.3664,667.4622298,141.9081865,42.68334316,605.9966777,251.7363433,450.08,-2.18446426,-2.20793064,-2.16466383,0,0.75,0.66666667,0.66666667,0.9,1,0.83333333,1,0.83095238,0.33333333,0.75,0,0,0,0,0,0,0,0,0,0,0,0,0,0,0,0
1,14.29,0.29,3.83,8.35,0,0,0,0,0,0,528.18,0.06386555,73,35,76,38,7,3,0,6,38,25,3,5,0,1,0,1,0,0,0,2,10,1,52.05479452,34.24657534,4.10958904,6.84931507,1.36986301,0,4,4,24,0,4,0,0,0,4,0,0,0,0,0,0,-0.31629127,137.0552,90.39,98.77,2.29680176,3.568,703.2306469,130.9082986,42.68334316,648.4219269,269.1237405,480.83,-3.34228149,-3.50196167,-3.52680176,0,0.75,0.83333333,0.83333333,0.9,1,0.83333333,1,0.87857143,0.33333333,0.875,0,0,0,0,0,0,0,0,0,0,0,0,0,0,0,0
1,20.38,0.38,6.6,10.24,0,0,0,0,0,0,456.54,0.06628788,59,33,61,35,7,4,0,12,26,24,4,3,0,0,2,0,0,0,0,0,9,2,44.06779661,40.6779661,6.77966102,5.08474576,3.38983051,0,3,4,19,1,2,0,0,0,2,1,0,0,0,1,0,0.2219362,119.8476,90.87,90.87,3.20787419,3.2729,591.9574682,161.0413082,36.02150137,555.6312292,231.0947661,420.99,-4.11669306,-4.36748048,-4.43787419,0,1,0.83333333,1,1,0.5,1,1,0.9047619,0.16666667,1,1,0,0,0,0,0,1,0,1,0,0,0,1,0,0,0
1,17.44,0.36,4.19,15.05,0,0,0,0,0,0,537.65,0.06507937,59,36,64,41,3,2,0,17,23,25,3,2,0,2,4,0,0,0,0,2,11,4,38.98305085,42.37288136,5.08474576,3.38983051,6.77966102,0,6,9,34,3,3,0,0,3,2,1,1,0,0,1,1,-0.2999255,130.9866,62.3,98.92,5.14454287,5.7401,556.3148333,138.8624928,16.40499744,573.0398671,238.2294537,424.96,-5.76286144,-6.20731573,-6.37454287,1,0.5,0.5,0.66666667,0.6,0.5,0.66666667,1,0.63333333,0.33333333,0.625,0,0,0,0,0,0,0,0,0,0,0,0,0,0,0,0
0,0,0,0,0,0,0,0,0,0,0,250.32,0.12418301,36,18,37,19,4,1,0,6,18,14,0,4,0,0,0,0,0,0,0,0,4,0,50,38.88888889,0,11.11111111,0,0,2,2,12,0,2,0,0,0,2,0,0,0,0,0,0,-0.27959974,66.7631,55.76,55.76,0.64638546,0.7018,366.1815753,89.82804597,42.68334316,320.0664452,134.5518218,239.74,-1.93942764,-1.93406619,-1.87638546,0,1,1,1,1,1,1,1,1,0.66666667,1,1,0,0,0,0,0,0,0,1,0,1,0,1,0,1,0
1,16.61,0.3,1.96,11.45,0,0,0,0,0,0,321.4,0.0942029,43,24,45,26,5,3,0,12,19,20,1,3,0,0,0,0,0,0,0,0,4,0,44.18604651,46.51162791,2.3255814,6.97674419,0,0,3,3,18,0,3,0,0,0,3,0,0,0,0,0,0,-0.82276495,93.2285,46.61,46.61,2.50318148,3.7624,429.2797147,64.41405585,0,413.5714286,172.8735363,309.29,-3.51770426,-3.69802241,-3.73318148,0,1,1,1,0.8,0.5,1,1,0.9,0.5,1,1,1,1,0,1,1,1,0,1,0,1,0,1,0,1,0
0,0,0,0,0,0,0,0,0,0,0,234.32,0.13235294,35,17,36,18,4,1,0,6,18,14,0,3,0,0,0,0,0,0,0,0,3,0,51.42857143,40,0,8.57142857,0,0,2,2,12,0,2,0,0,0,2,0,0,0,0,0,0,-0.80724374,65.2908,35.53,35.53,1.45421589,1.9275,337.8038659,47.14470281,0,310.3156146,130.5555798,230.95,-2.62608351,-2.7015051,-2.68421589,0,1,1,1,1,1,1,1,1,0.83333333,1,1,0,1,0,1,0,0,0,1,0,1,1,1,0,1,0
1,17.15,0.33,4.45,10.29,0,0,0,0,0,0,475.65,0.06417112,69,34,71,36,10,2,0,11,35,25,5,2,0,0,2,0,0,0,0,0,9,2,50.72463768,36.23188406,7.24637681,2.89855072,2.89855072,0,3,3,16,0,3,0,0,2,1,0,0,0,0,0,0,0.20581834,128.1207,79.26,79.26,4.04533561,3.7573,657.5025274,136.1414254,36.02150137,607.2923588,252.2673602,448.42,-4.82853527,-5.16306883,-5.27533561,0,1,0.66666667,0.83333333,1,1,1,1,0.92857143,0.16666667,0.875,1,0,0,0,0,0,0,0,0,0,0,0,0,0,0,0
1,16.77,0.32,4.18,8.56,0,0,0,0,0,0,449.61,0.06653226,65,32,66,33,11,2,0,11,33,23,5,2,0,0,2,0,0,0,0,0,9,2,50.76923077,35.38461538,7.69230769,3.07692308,3.07692308,0,2,2,11,0,2,0,0,1,1,0,0,0,0,0,0,0.88422444,119.9034,88.05,88.05,3.63334197,3.2349,639.154922,151.0278622,54.03225205,578.5215947,240.4760634,426.18,-4.47834068,-4.77167487,-4.86334197,0,1,0.83333333,0.83333333,1,1,0.83333333,0.5,0.85714286,0.16666667,0.875,1,0,0,0,0,0,0,0,1,0,0,0,0,0,0,0
1,17.21,0.36,1.02,20.71,0,0,0,0,0,0,410.94,0.08262108,48,27,50,29,5,3,0,12,21,21,0,2,0,1,2,1,0,0,0,2,6,3,43.75,43.75,0,4.16666667,6.25,0,3,3,18,0,3,0,0,0,3,0,0,0,0,0,0,-0.76928912,104.3605,34.14,42.52,5.87541364,6.5029,497.3494357,74.23317861,0,478.2724253,199.3903382,357.94,-6.3841016,-6.90164296,-7.10541364,0,0.75,0.83333333,0.83333333,0.7,0.5,0.83333333,1,0.77857143,0.5,0.875,0,0,0,0,0,0,0,0,0,0,0,0,0,0,0,0
0,0,0,0,0,0,0,0,0,0,0,504.65,0.06031746,70,36,72,38,10,3,0,11,34,25,6,3,0,0,2,0,0,0,0,0,11,2,48.57142857,35.71428571,8.57142857,4.28571429,2.85714286,0,3,3,16,0,3,0,0,2,1,0,0,0,0,0,0,0.23110784,132.0985,99.57,99.57,2.88645875,1.6907,677.8476615,164.4106663,36.02150137,626.4784053,260.130494,465.57,-3.84348993,-4.06213581,-4.11645875,0,0.75,0.5,0.66666667,0.9,1,0.83333333,1,0.80714286,0.33333333,0.875,0,0,0,0,0,0,0,0,0,0,0,0,0,0,0,0
1,16.28,0.3,3.31,11.52,0,0,0,0,0,0,445.54,0.07007576,57,33,61,37,5,3,0,17,24,25,5,2,0,0,1,0,0,0,0,0,8,1,42.10526316,43.85964912,8.77192982,3.50877193,1.75438596,0,5,6,27,1,4,0,0,3,2,0,1,0,0,0,0,-0.75116238,124.8347,65.18,65.18,3.91196217,3.8546,537.1606043,90.92461508,0,539.717608,224.5727902,396.17,-4.71516785,-5.03636406,-5.14196217,0,1,1,1,0.8,0.5,1,1,0.9,0.16666667,0.875,1,0,0,0,0,0,1,0,1,0,0,0,1,0,1,0
1,16.11,0.35,3.23,9.06,0,0,0,0,0,0,487.49,0.0688172,59,31,60,32,10,3,0,12,28,22,2,4,0,1,0,2,0,0,0,3,9,2,47.45762712,37.28813559,3.38983051,6.77966102,3.38983051,0,2,2,12,0,2,0,0,0,2,0,0,0,0,0,0,0.25692521,125.8537,86.71,95.09,3.68131841,5.2096,641.0069425,131.6705336,60.69409384,586.8604651,243.8936332,430.25,-4.51912064,-4.81725249,-4.91131841,0,1,0.66666667,0.83333333,1,1,1,1,0.92857143,0.16666667,0.875,0,0,0,0,0,0,0,0,0,0,0,0,0,0,0,0
1,0,0,0,0,0,0,0,0,0,0,446.61,0.07258065,58,32,62,36,5,3,0,18,26,26,2,3,0,1,0,0,0,0,0,1,6,0,44.82758621,44.82758621,3.44827586,5.17241379,0,0,5,8,30,3,3,0,0,1,3,1,1,0,0,1,1,0.14601985,125.0575,75.27,83.65,3.98764939,4.9078,544.085712,103.8736272,34.41574813,554.5182724,230.6386362,404.34,-4.77950198,-5.10826692,-5.21764939,0,1,1,1,0.8,0.5,1,1,0.9,0.16666667,0.875,1,0,0,0,0,0,1,0,0,0,0,0,0,0,1,0
1,0,0,0,0,0,0,0,0,0,0,447.6,0.07258065,57,32,61,36,5,3,0,18,25,25,3,3,0,1,0,0,0,0,0,1,7,0,43.85964912,43.85964912,5.26315789,5.26315789,0,0,5,8,30,3,3,0,0,1,3,1,1,0,0,1,1,0.17699483,122.5286,88.16,96.54,3.01134393,4.1857,538.7662373,120.6591568,34.41574813,547.6910299,227.840586,398.04,-3.94964234,-4.18077673,-4.24134393,0,1,1,1,0.8,0.5,1,1,0.9,0.16666667,0.875,1,0,0,0,0,0,1,0,1,0,0,0,1,0,1,0
0,0,0,0,0,0,0,0,0,0,0,409.44,0.07389163,51,29,52,30,8,2,0,12,22,21,1,4,0,0,3,0,0,0,0,0,8,3,43.1372549,41.17647059,1.96078431,7.84313725,5.88235294,0,2,2,12,0,2,0,0,0,2,0,0,0,0,0,0,0.26204073,101.6689,75.63,75.63,3.94281545,4.5616,526.8627457,166.8641756,60.69409384,480.6810631,200.3774849,368.59,-4.74139313,-5.06567468,-5.17281545,0,1,1,1,1,1,1,1,1,0.16666667,1,1,0,0,0,0,0,1,1,0,0,0,0,1,0,1,0
1,14.22,0.27,3.06,8.68,0,0,0,0,0,0,554.67,0.05641026,73,40,77,44,7,4,0,12,33,30,4,3,0,0,3,0,0,0,0,0,10,3,45.20547945,41.09589041,5.47945205,4.10958904,4.10958904,0,5,6,28,1,4,0,1,1,2,1,0,0,0,1,0,0.14909734,144.0211,90.87,90.87,4.75236198,5.5289,684.6826283,176.2464657,36.02150137,662.9069767,275.0602364,506.14,-5.42950769,-5.83474389,-5.98236198,1,0.5,0.66666667,0.83333333,0.9,1,0.83333333,1,0.81904762,0.16666667,0.625,0,0,0,0,0,0,0,0,0,0,0,0,0,0,0,0
1,18.67,0.37,3.93,8.99,0,0,0,0,0,0,439.58,0.07126437,57,30,58,31,10,2,0,11,27,21,3,3,0,1,2,0,0,0,0,1,9,2,47.36842105,36.84210526,5.26315789,5.26315789,3.50877193,0,2,2,11,0,2,0,0,1,1,0,0,0,0,0,0,0.93313049,112.0757,91.32,119.56,3.15449952,4.3301,596.2705512,175.7004547,78.70484453,535.4651163,222.8299657,396.88,-4.07132459,-4.31677454,-4.38449952,0,1,0.83333333,0.83333333,1,1,1,1,0.95238095,0.16666667,1,1,0,1,0,0,0,1,0,1,0,0,0,1,0,1,0
1,20.39,0.4,5.44,7.67,0,0,0,0,0,0,419.6,0.07389163,58,29,59,30,10,2,0,11,29,21,3,4,0,1,0,0,0,0,0,1,8,0,50,36.20689655,5.17241379,6.89655172,0,0,2,2,11,0,2,0,0,1,1,0,0,0,0,0,0,1.663122,113.1961,111.55,139.79,1.64057866,3.0486,621.5152286,188.4635713,121.3881877,539.3687708,224.4298241,393.53,-2.78449186,-2.87854972,-2.87057866,0,1,0.83333333,0.83333333,1,1,1,1,0.95238095,0.16666667,1,1,0,1,0,0,0,1,0,1,1,0,0,1,0,1,0
1,17.21,0.34,3.73,10.16,0,0,0,0,0,0,438.6,0.07126437,58,30,59,31,9,2,0,11,28,21,4,2,0,1,2,0,0,0,0,1,9,2,48.27586207,36.20689655,6.89655172,3.44827586,3.44827586,0,2,2,11,0,2,0,0,1,1,0,0,0,0,0,0,0.27596899,114.8479,74.33,102.57,3.15449952,3.7134,588.2212754,136.1414254,36.02150137,542.2923588,225.6280159,399.09,-4.07132459,-4.31677454,-4.38449952,0,1,1,0.83333333,1,1,1,1,0.97619048,0.16666667,1,1,0,1,0,0,0,1,0,1,0,0,0,1,0,1,0
1,14.73,0.29,2.29,8.27,0,0,0,0,0,0,466.66,0.06653226,64,32,65,33,11,2,0,11,32,23,4,2,0,1,2,0,0,0,0,1,9,2,50,35.9375,6.25,3.125,3.125,0,2,2,11,0,2,0,0,1,1,0,0,0,0,0,0,0.88422444,123.104,83.12,111.36,3.58047752,4.3604,647.6750498,151.0278622,54.03225205,589.10299,244.8127008,433.69,-4.43340589,-4.72145364,-4.81047752,0,1,0.66666667,0.83333333,1,1,0.83333333,0.5,0.83333333,0.16666667,0.75,1,0,0,0,0,0,0,0,1,0,0,0,0,0,0,0
1,18.24,0.36,4.01,10.24,0,0,0,0,0,0,466.66,0.06653226,64,32,65,33,11,2,0,11,32,23,4,2,0,1,2,0,0,0,0,1,9,2,50,35.9375,6.25,3.125,3.125,0,2,2,11,0,2,0,0,1,1,0,0,0,0,0,0,0.88422444,123.2972,83.12,111.36,3.58047752,4.3693,641.3843773,151.0278622,54.03225205,589.10299,244.8127008,433.69,-4.43340589,-4.72145364,-4.81047752,0,1,0.66666667,0.83333333,1,1,0.83333333,0.5,0.83333333,0.16666667,0.75,1,0,0,0,0,0,0,0,1,0,0,0,0,0,0,0
0,0,0,0,0,0,0,0,0,0,0,462.57,0.06773619,61,34,65,38,5,2,0,17,27,26,4,3,0,0,1,0,0,0,0,0,8,1,44.26229508,42.62295082,6.55737705,4.91803279,1.63934426,0,5,6,28,1,4,0,0,2,3,0,0,1,0,0,0,-0.36281893,127.7031,72.11,72.11,4.59321608,4.5801,588.0663707,119.1718134,42.68334316,563.4385382,234.2944829,413.9,-5.29423367,-5.68355528,-5.82321608,0,0.75,0.66666667,1,0.8,0.5,1,1,0.81666667,0.16666667,0.625,1,0,0,0,0,0,1,0,0,0,0,0,1,0,0,0
1,8.02,0.15,0.51,3.78,0,0,0,0,0,0,688.95,0.04244898,102,50,104,52,19,4,0,18,52,39,4,7,0,0,0,0,0,0,0,0,11,0,50.98039216,38.23529412,3.92156863,6.8627451,0,0,3,3,18,0,3,0,0,0,3,0,0,0,0,0,0,1.2776603,191.3532,146.3,146.3,3.07680689,6.085,1028.891114,222.419393,96.71559521,918.4385382,379.7862862,684.69,-4.00528585,-4.24296654,-4.30680689,1,0.5,0.5,0.5,0.8,1,0.33333333,0,0.51904762,0,0.625,0,0,0,0,0,0,0,0,0,0,0,0,0,0,0,0
1,21.1,0.43,4.58,12.52,0,0,0,0,0,0,391.88,0.08923077,41,26,44,29,3,2,0,17,15,18,3,2,0,1,1,1,0,0,0,2,8,2,36.58536585,43.90243902,7.31707317,4.87804878,4.87804878,0,4,5,23,1,3,0,0,1,3,0,0,1,0,0,0,-0.25567146,98.7431,66.06,74.44,3.14439632,4.1979,416.6670413,77.45463343,16.66300743,429.6843854,179.4772071,307.07,-4.06273687,-4.3071765,-4.37439632,0,1,1,1,0.6,0.5,1,1,0.87142857,0.33333333,1,1,0,1,0,0,0,1,0,1,0,0,0,1,0,1,0
1,17.36,0.38,3.6,8.38,0,0,0,0,0,0,380.91,0.09782609,37,24,40,27,3,2,0,16,13,15,4,2,0,2,0,1,0,0,0,3,9,1,35.13513514,40.54054054,10.81081081,5.40540541,2.7027027,0,4,5,22,1,3,0,0,2,2,0,0,1,0,0,0,-0.17742472,95.1566,78.95,115.57,1.35091656,2.8546,393.6424261,79.28004971,16.66300743,407.4252492,170.3546103,281.25,-2.53827908,-2.60337074,-2.58091656,0,1,1,1,0.4,0,1,1,0.77142857,0.5,1,1,1,1,0,0,0,0,0,1,1,0,0,1,1,1,1
1,16.19,0.34,4.41,6.75,0,0,0,0,0,0,398.91,0.08615385,45,26,47,28,5,3,0,11,19,16,4,4,0,1,0,1,0,0,0,2,10,1,42.22222222,35.55555556,8.88888889,8.88888889,2.22222222,0,3,4,17,1,2,0,0,1,2,0,0,1,0,0,0,-0.17962922,97.828,95.6,103.98,0.97430024,2.4504,465.9965236,101.763649,16.66300743,448.3554817,187.1292958,323.52,-2.21815521,-2.24558523,-2.20430024,0,1,1,1,0.8,0.5,1,1,0.9,0.33333333,1,1,0,1,0,0,0,1,0,1,1,0,0,1,0,1,0
0,15.21,0.32,2.34,7.83,0,0,0,0,0,0,339.88,0.1038961,40,22,42,24,3,2,0,11,18,15,3,2,0,1,0,1,0,0,0,2,7,1,45,37.5,7.5,5,2.5,0,3,4,17,1,2,0,0,1,2,0,0,1,0,0,0,-0.21997422,87.6581,66.06,74.44,2.27603278,3.6007,404.4590596,62.49452016,16.66300743,396.013289,165.6775775,280.28,-3.32462786,-3.48223114,-3.50603278,0,1,1,1,0.8,0.5,1,1,0.9,0.5,1,1,1,1,1,1,0,1,0,1,0,1,0,1,1,1,1
1,14.22,0.3,0.91,9.43,0,0,0,0,0,0,381.96,0.08666667,49,25,50,26,7,2,0,12,24,19,1,3,0,1,0,1,0,0,0,2,6,1,48.97959184,38.7755102,2.04081633,6.12244898,2.04081633,0,2,2,12,0,2,0,0,0,2,0,0,0,0,0,0,-0.31684923,103.8591,57.61,65.99,3.77480108,5.3959,516.2639289,88.51485589,42.68334316,477.1262459,198.9205926,345.99,-4.59858092,-4.90606103,-5.00480108,0,1,1,1,1,0.5,1,1,0.92857143,0.16666667,1,1,0,0,0,0,0,0,0,0,0,0,0,0,0,0,0
1,16.91,0.36,1.83,12.99,0,0,0,0,0,0,442.44,0.07936508,53,28,55,30,6,2,0,12,25,21,1,3,0,1,0,2,0,0,0,3,7,2,47.16981132,39.62264151,1.88679245,5.66037736,3.77358491,0,3,3,18,0,3,0,0,0,3,0,0,0,0,0,0,-0.32313875,115.4943,57.61,65.99,4.30742266,6.4342,557.4518932,88.51485589,42.68334316,526.2292359,219.0447688,383.44,-5.05130926,-5.41205153,-5.53742266,0,0.75,1,1,1,0.5,1,1,0.89285714,0.16666667,0.875,0,0,0,0,0,0,0,0,0,0,0,0,0,0,0,0
1,15.48,0.32,3.47,9.01,0,0,0,0,0,0,440.96,0.07635468,51,29,53,31,6,3,0,12,22,20,2,4,0,1,1,1,0,0,0,2,9,2,43.1372549,39.21568627,3.92156863,7.84313725,3.92156863,0,3,3,19,0,3,0,0,0,2,1,0,0,0,0,0,-0.2681635,109.2694,75.71,84.09,2.7544566,4.1276,523.4342192,114.9471916,18.01075068,504.6013289,210.1808725,374.15,-3.73128811,-3.93673377,-3.9844566,0,1,1,1,0.8,0.5,1,1,0.9,0.33333333,1,1,0,1,0,0,0,1,0,1,0,0,0,1,0,1,0
1,12.74,0.26,3.18,6.82,0,0,0,0,0,0,512.02,0.06595365,58,34,61,37,7,4,0,12,24,23,3,4,0,1,2,1,0,0,0,2,11,3,41.37931034,39.65517241,5.17241379,6.89655172,5.17241379,0,4,4,22,0,4,1,0,0,2,1,0,0,0,0,0,0.26416227,123.4553,95.58,103.96,2.80187419,3.4129,578.7987978,162.0630947,36.02150137,569.1362126,236.6295953,428.12,-3.77159306,-3.98178048,-4.03187419,0,0.75,0.83333333,0.83333333,0.9,0.5,0.83333333,1,0.80714286,0.33333333,0.875,0,0,0,0,0,0,0,0,0,0,0,0,0,0,0,0
1,12.26,0.25,1.61,6.53,0,0,0,0,0,0,472,0.07056452,54,32,57,35,7,3,0,18,22,23,3,4,0,1,0,1,0,0,0,2,9,1,40.74074074,42.59259259,5.55555556,7.40740741,1.85185185,0,4,5,24,1,3,0,0,0,4,0,0,0,1,0,0,-0.30974979,122.7639,88.6,96.98,2.45056309,4.6361,554.4880389,116.7726079,18.01075068,549.0033223,228.3784108,399.8,-3.47297863,-3.64803494,-3.68056309,0,1,0.83333333,1,0.8,0.5,1,1,0.87619048,0.33333333,0.875,1,0,0,0,0,0,0,0,0,0,0,0,1,0,0,0
1,13.92,0.28,2.47,10.56,0,0,0,0,0,0,532.16,0.06349206,70,36,74,40,6,3,0,12,34,27,3,4,0,1,0,1,0,0,0,2,9,1,48.57142857,38.57142857,4.28571429,5.71428571,1.42857143,0,5,6,30,1,4,0,0,0,5,0,0,0,1,0,0,-0.74430914,142.7972,70.16,78.54,3.47967187,5.4371,657.7215741,88.22495543,0,646.013289,268.1365939,475.46,-4.34772109,-4.62568828,-4.70967187,0,0.75,0.83333333,0.83333333,0.9,1,0.83333333,1,0.87857143,0.16666667,0.75,0,0,0,0,0,0,0,0,0,0,0,0,0,0,0,0
0,0,0,0,0,0,0,0,0,0,0,395.46,0.08201058,45,28,48,31,5,3,0,21,17,21,1,5,0,1,0,0,0,0,0,1,7,0,37.77777778,46.66666667,2.22222222,11.11111111,0,0,4,7,23,2,2,0,0,1,3,0,0,2,0,0,0,-0.32313875,104.5273,85.6,93.98,2.68893532,4.8199,455.5596436,123.1411102,42.68334316,458.4551495,191.2685039,325.88,-3.67559503,-3.87448856,-3.91893532,0,1,1,1,0.6,0,1,1,0.8,0.33333333,1,1,0,0,0,0,0,1,0,0,0,0,0,0,0,1,0
1,0,0,0,0,0,0,0,0,0,0,646.86,0.0453284,93,47,95,49,17,4,0,18,46,36,4,7,0,0,0,0,0,0,0,0,11,0,49.46236559,38.70967742,4.30107527,7.52688172,0,0,3,3,18,0,3,0,0,0,3,0,0,0,0,0,0,1.32455947,177.6794,146.3,146.3,2.5513401,4.8533,946.9047665,222.419393,96.71559521,848.2225914,351.0092588,632.79,-3.55863909,-3.7437731,-3.7813401,1,0.5,0.5,0.5,0.8,1,0.33333333,0,0.51904762,0.16666667,0.625,0,0,0,0,0,0,0,0,0,0,0,0,0,0,0,0
1,20.56,0.41,4.9,9.32,0,0,0,0,0,0,455.74,0.06666667,72,31,72,31,13,2,0,5,41,23,3,4,0,1,0,0,0,0,0,1,8,0,56.94444444,31.94444444,4.16666667,5.55555556,0,0,1,1,5,0,1,0,0,1,0,0,0,0,0,0,0,0.87603571,125.5089,100.55,128.79,2.32242298,4.0226,741.0076932,156.780116,78.70484453,625.6478405,259.7900986,459.31,-3.36405953,-3.52630183,-3.55242298,0,1,0.66666667,0.83333333,1,1,0.83333333,0.5,0.83333333,0.33333333,0.875,0,0,0,0,0,0,0,0,0,0,0,0,0,0,0,0
1,20.53,0.39,7.04,7.51,0,0,0,0,0,0,361.49,0.08307692,53,26,54,27,5,3,0,6,27,19,3,4,0,0,0,0,0,0,0,0,7,0,50.94339623,35.8490566,5.66037736,7.54716981,0,0,2,3,13,1,1,0,0,0,1,1,0,0,0,1,0,0.97408837,97.4435,98.74,98.74,0.59587802,0.9524,537.6727028,157.2639395,78.70484453,472.5415282,197.0416099,353.96,-1.89649632,-1.88608412,-1.82587802,0,1,1,1,1,1,1,1,1,0.33333333,1,1,0,0,0,0,0,0,0,1,0,0,0,1,1,1,0
1,19.97,0.49,5.04,11.78,0,0,0,0,0,0,391.77,0.0952381,30,22,30,22,5,2,0,5,8,9,1,3,0,2,6,1,0,0,0,3,13,7,26.66666667,30,3.33333333,10,23.33333333,0,1,1,5,0,1,0,0,1,0,0,0,0,0,0,0,0.66205725,66.7785,66.4,103.02,1.73081681,2.4698,376.1673124,193.1619723,59.08834061,334.3853821,140.4202386,261.74,-2.86119429,-2.96427597,-2.96081681,0,1,1,1,0.8,1,1,1,0.97142857,0.33333333,1,1,0,1,0,0,0,0,0,1,0,0,0,1,0,1,0
1,18.57,0.4,4.67,11.98,0,0,0,0,0,0,518.09,0.06818182,59,33,62,36,5,4,0,12,26,23,1,4,0,2,2,1,0,0,0,3,10,3,44.06779661,38.98305085,1.69491525,6.77966102,5.08474576,0,4,5,24,1,3,0,0,0,4,0,0,0,1,0,0,-0.29198971,123.5914,80.31,97.07,4.60096684,5.4747,597.0757982,134.9511281,16.40499744,577.4252492,240.0267415,429.91,-5.30082181,-5.6909185,-5.83096684,1,0.5,0.66666667,0.83333333,0.7,0.5,0.83333333,1,0.71904762,0.16666667,0.75,0,0,0,0,0,0,0,0,0,0,0,0,0,0,0,0
0,18.56,0.41,2.18,13.6,0,0,0,0,0,0,273.81,0.13235294,33,17,34,18,2,2,0,6,16,12,1,2,0,1,0,1,0,0,0,2,5,1,48.48484848,36.36363636,3.03030303,6.06060606,3.03030303,0,2,2,12,0,2,0,0,0,2,0,0,0,0,0,0,-0.69192321,69.7715,37.38,45.76,2.45273979,3.4306,340.6160594,45.83151273,0,324.9667774,136.5601547,234.92,-3.47482882,-3.6501028,-3.68273979,0,1,1,1,0.8,0.5,1,1,0.9,1,1,1,0,1,1,1,0,0,0,1,0,1,1,1,1,1,1
1,16.48,0.34,5.04,7.54,0,0,0,0,0,0,409.94,0.08547009,47,27,50,30,2,3,0,11,20,17,5,3,0,1,0,1,0,0,0,2,10,1,42.55319149,36.17021277,10.63829787,6.38297872,2.12765957,0,4,7,23,3,2,0,0,1,3,0,1,1,0,1,0,-0.19902442,102.6252,89.61,97.99,1.2118691,1.7192,464.9186905,93.88807498,16.66300743,460.5481728,192.1263003,330.67,-2.42008873,-2.47127564,-2.4418691,0,1,1,1,0.8,0.5,1,1,0.9,0.5,1,1,0,1,0,0,0,0,0,1,1,0,0,1,0,1,0
1,14.88,0.28,2.42,9.28,0,0,0,0,0,0,447.56,0.06818182,59,33,62,36,7,3,0,17,26,25,5,2,0,0,1,0,0,0,0,0,8,1,44.06779661,42.37288136,8.47457627,3.38983051,1.69491525,0,4,4,22,0,4,0,0,2,2,0,0,0,0,0,0,-0.3520827,126.257,73.97,73.97,3.91196217,3.8489,570.537643,105.8110519,18.01075068,557.7574751,231.9661783,408.53,-4.71516785,-5.03636406,-5.14196217,0,1,1,1,0.8,0.5,1,1,0.9,0.16666667,1,1,0,0,0,0,0,1,0,1,0,0,0,1,0,1,0
1,11.61,0,0,0,0,0,0,1,0,1,533.64,0.0605042,66,35,67,36,9,1,0,6,31,23,1,2,0,0,8,0,0,0,0,1,12,8,46.96969697,34.84848485,1.51515152,3.03030303,12.12121212,0,2,2,12,0,2,0,0,0,2,0,0,0,0,0,0,-0.25959763,112.7467,40.54,40.54,5.46136746,6.623,0,190.6334903,42.68334316,591.9933555,245.9972768,472.93,-6.03216234,-6.50829909,-6.69136746,1,0.5,0.66666667,0.5,0.8,1,0.66666667,1,0.73333333,0.5,0.625,0,0,0,0,0,0,0,0,0,0,0,0,0,0,0,0
1,13.38,0.26,1.94,8.35,0,0,0,0,0,0,489.75,0.0605042,79,35,80,36,13,3,0,6,44,28,3,3,0,0,1,0,0,0,0,0,7,1,55.69620253,35.44303797,3.79746835,3.79746835,1.26582278,0,2,2,12,0,2,0,0,0,2,0,0,0,0,0,0,0.13382538,137.163,78.51,78.51,3.6278323,5.5748,750.5755376,129.5407096,36.02150137,676.3621263,280.5746419,506.94,-4.47365745,-4.76644068,-4.8578323,0,1,0.66666667,0.83333333,1,1,0.83333333,0.5,0.83333333,0.16666667,0.75,0,0,0,0,0,0,0,0,0,0,0,0,0,0,0,0
1,10.81,0.21,-1.53,10.86,0,1,1,0,0,2,535.55,0.05832148,63,38,66,41,7,1,0,18,25,28,2,2,0,0,6,0,0,0,0,0,10,6,39.68253968,44.44444444,3.17460317,3.17460317,9.52380952,-1,4,4,24,0,4,0,0,0,4,0,0,0,0,0,0,-0.73161773,128.0178,56.26,56.26,5.22292858,6.2559,618.9782905,161.4379895,0,596.4285714,247.8149883,459.1,-5.82948929,-6.28178215,-6.45292858,1,0.5,0.66666667,0.66666667,0.6,0.5,0.66666667,1,0.65714286,0.33333333,0.75,0,0,0,0,0,0,0,0,0,0,0,0,0,0,0,0
0,0,0,0,0,0,0,0,0,0,0,424.36,0.07356322,44,30,46,32,4,1,0,18,14,22,0,2,0,0,6,0,0,0,0,0,8,6,31.81818182,50,0,4.54545455,13.63636364,0,3,3,18,0,3,0,0,0,3,0,0,0,0,0,0,-0.31590454,99.5854,37.3,37.3,6.07624124,6.3906,456.1144609,157.5889498,42.68334316,444.4518272,185.5294374,346.98,-6.55480505,-7.09242918,-7.30624124,0,0.75,0.83333333,0.83333333,0.3,0.5,0.83333333,1,0.72142857,0.5,0.875,0,0,0,0,0,0,0,0,0,0,0,0,0,0,0,0
0,0,0,0,0,0,1,1,0,0,2,549.58,0.05668016,66,39,69,42,8,1,0,18,27,29,2,2,0,0,6,0,0,0,0,0,10,6,40.90909091,43.93939394,3.03030303,3.03030303,9.09090909,-1,4,4,24,0,4,0,0,0,4,0,0,0,0,0,0,-0.73848628,132.6188,56.26,56.26,5.41071216,6.7121,645.0550262,161.4379895,0,619.833887,257.4073308,476.4,-5.98910534,-6.46017655,-6.64071216,1,0.5,0.66666667,0.66666667,0.8,0.5,0.66666667,1,0.68571429,0.33333333,0.75,0,0,0,0,0,0,0,0,0,0,0,0,0,0,0,0
1,19.4,0.43,3.33,14.16,0,0,0,0,0,0,420.36,0.08307692,46,26,47,27,7,2,0,12,20,18,1,3,0,1,1,2,0,0,0,3,8,3,43.47826087,39.13043478,2.17391304,6.52173913,6.52173913,0,2,2,12,0,2,0,0,0,2,0,0,0,0,0,0,-0.25567146,103.8589,57.61,65.99,4.1548423,5.2884,514.4228761,103.4749692,42.68334316,476.9767442,198.8593214,349.97,-4.92161595,-5.26710018,-5.3848423,0,0.75,1,1,0.8,0.5,1,1,0.86428571,0.16666667,1,1,0,0,0,0,0,0,0,0,0,0,0,0,0,0,0
1,18.34,0.4,2.52,13.26,0,0,0,0,0,0,416.4,0.08307692,49,26,50,27,7,2,0,12,23,19,1,3,0,1,0,2,0,0,0,3,7,2,46.93877551,38.7755102,2.04081633,6.12244898,4.08163265,0,2,2,12,0,2,0,0,0,2,0,0,0,0,0,0,-0.29369258,108.1713,57.61,65.99,4.26579561,5.8259,541.4219708,88.51485589,42.68334316,497.4584718,207.253472,361.2,-5.01592627,-5.37250583,-5.49579561,0,0.75,1,1,1,0.5,1,1,0.89285714,0.16666667,0.875,0,0,0,0,0,0,0,0,0,0,0,0,0,0,0,0
1,0,0,0,0,0,0,0,0,0,0,327.48,0.1027668,44,23,47,26,3,2,0,12,21,19,1,2,0,1,0,0,0,0,0,1,4,0,47.72727273,43.18181818,2.27272727,4.54545455,0,0,4,7,24,3,2,0,0,1,2,1,1,0,0,1,1,-0.36933285,91.8026,46.17,54.55,3.42712992,4.1231,405.293664,60.71794951,16.40499744,410.9634552,171.8046947,297.27,-4.30306043,-4.57577342,-4.65712992,0,1,1,1,0.8,0.5,1,1,0.9,0.66666667,1,1,0,1,0,1,0,1,0,1,0,0,0,1,0,1,0
1,15.2,0.28,1.55,12.67,0,0,0,0,0,0,432.54,0.07258065,57,32,61,36,4,2,0,17,25,25,4,2,0,0,1,0,0,0,0,0,7,1,43.85964912,43.85964912,7.01754386,3.50877193,1.75438596,0,5,6,28,1,4,0,0,2,3,0,0,1,0,0,0,-0.77437447,121.9068,51.88,51.88,5.14958462,4.7026,533.6119255,76.48847026,0,530.282392,220.7058984,387.81,-5.76714693,-6.21210539,-6.37958462,0,0.75,0.83333333,0.83333333,0.7,0.5,0.83333333,1,0.77857143,0.33333333,0.75,1,0,0,0,0,0,1,0,0,0,0,0,0,0,1,0
0,9.91,0.19,0.53,6.66,0,0,0,0,0,0,484.52,0.06554622,58,35,62,39,5,2,0,17,23,25,4,3,0,0,3,0,0,0,0,0,10,3,39.65517241,43.10344828,6.89655172,5.17241379,5.17241379,0,5,6,28,1,4,0,0,2,3,0,0,1,0,0,0,-0.31629127,123.7177,72.11,72.11,4.59321608,4.6136,561.3665261,149.09204,42.68334316,545.8803987,227.0985241,408.74,-5.29423367,-5.68355528,-5.82321608,0,0.75,0.66666667,1,0.8,0.5,1,1,0.81666667,0.16666667,0.625,0,0,0,0,0,0,0,0,0,0,0,0,0,0,0,0
0,11.14,0.21,1,6.93,0,0,0,0,0,0,448.54,0.07007576,58,33,62,37,5,2,0,17,25,25,4,3,0,0,1,0,0,0,0,0,8,1,43.10344828,43.10344828,6.89655172,5.17241379,1.72413793,0,5,6,28,1,4,0,0,2,3,0,0,1,0,0,0,-0.3520827,123.2849,72.11,72.11,4.39044908,4.2026,555.6989624,119.1718134,42.68334316,540.0332226,224.7021404,396.6,-5.12188172,-5.49092662,-5.62044908,0,0.75,1,1,0.8,0.5,1,1,0.86428571,0.16666667,0.75,1,0,0,0,0,0,1,0,1,0,0,0,1,0,1,0
0,0,0,0,0,0,0,0,0,0,0,468.52,0.06773619,57,34,61,38,4,2,0,17,23,25,4,2,0,0,3,0,0,0,0,0,9,3,40.35087719,43.85964912,7.01754386,3.50877193,5.26315789,0,5,6,29,1,4,0,0,1,4,0,0,0,1,0,0,-0.7292991,122.2504,51.88,51.88,4.94635163,5.0035,535.0466699,106.4086968,0,536.1295681,223.102282,399.95,-5.59439888,-6.01903405,-6.17635163,0,0.75,0.66666667,1,0.8,0.5,1,1,0.81666667,0.33333333,0.625,1,0,0,0,0,0,0,0,0,0,0,0,0,0,0,0
0,0,0,0,0,0,0,0,0,0,0,461.59,0.06773619,62,34,66,38,6,2,0,17,28,26,5,2,0,0,1,0,0,0,0,0,8,1,45.16129032,41.93548387,8.06451613,3.22580645,1.61290323,0,5,6,28,1,4,0,0,2,3,0,0,1,0,0,0,-0.36281893,129.717,63.91,63.91,4.59321608,4.3448,576.8417571,94.49922094,18.01075068,570.2657807,237.0925331,416.11,-5.29423367,-5.68355528,-5.82321608,0,0.75,0.66666667,1,0.8,0.5,1,1,0.81666667,0.16666667,0.625,1,0,0,0,0,0,1,0,0,0,0,0,0,0,0,0
1,16.3,0.3,3.16,9.73,0,0,0,0,0,0,430.55,0.07258065,58,32,62,36,5,2,0,17,26,25,4,3,0,0,0,0,0,0,0,0,7,0,44.82758621,43.10344828,6.89655172,5.17241379,0,0,5,6,28,1,4,0,0,2,3,0,0,1,0,0,0,-0.37169974,123.0685,72.11,72.11,4.01987419,3.9971,552.8651805,104.2117002,42.68334316,537.1096346,223.5039486,390.53,-4.80689306,-5.13888048,-5.24987419,0,1,1,1,0.8,0.5,1,1,0.9,0.16666667,0.875,1,0,0,0,0,0,1,0,1,0,0,0,1,0,1,0
1,14.79,0.27,2.19,10.14,0,0,0,0,0,0,418.52,0.07526882,54,31,58,35,5,0,0,22,23,23,6,1,0,0,1,0,0,0,0,0,8,1,42.59259259,42.59259259,11.11111111,1.85185185,1.85185185,0,5,6,28,1,4,0,0,2,3,0,0,1,0,0,0,-0.73513881,119.0502,61,61,4.78711003,3.6347,496.7651465,79.19585947,0,506.8770764,211.1135559,355.52,-5.45904353,-5.86775453,-6.01711003,0,0.75,0.83333333,1,0.8,0.5,1,1,0.84047619,0.16666667,0.75,1,0,0,0,0,0,1,1,1,0,0,0,1,0,1,0
1,12.8,0.24,2.15,7.32,0,0,0,0,0,0,446.53,0.07007576,56,33,60,37,5,1,0,22,23,24,6,2,0,0,1,0,0,0,0,0,9,1,41.07142857,42.85714286,10.71428571,3.57142857,1.78571429,0,5,6,28,1,4,0,0,2,3,0,0,1,0,0,0,-0.72111588,122.7098,78.07,78.07,4.5816591,2.9144,527.0435509,104.3407865,0,532.8903655,221.7747399,378.97,-5.28441023,-5.67257614,-5.8116591,0,0.75,0.83333333,1,0.8,0.5,1,1,0.84047619,0.16666667,0.75,1,0,0,0,0,0,1,0,1,0,0,0,1,0,1,0
1,13.38,0.25,0.49,11.13,0,0,0,0,0,0,468.52,0.06773619,57,34,61,38,5,0,0,22,23,25,4,2,0,0,3,0,0,0,0,0,9,3,40.35087719,43.85964912,7.01754386,3.50877193,5.26315789,0,5,6,28,1,4,0,0,2,3,0,0,1,0,0,0,-0.7292991,122.2201,56.32,56.32,4.54035163,5.562,533.9641547,105.1207888,0,536.1295681,223.102282,389.05,-5.24929888,-5.63333405,-5.77035163,0,0.75,0.66666667,1,0.8,0.5,1,1,0.81666667,0.33333333,0.625,1,0,0,0,0,0,0,0,0,0,0,0,0,0,0,0
0,0,0,0,0,0,0,0,0,0,0,250.32,0.12418301,36,18,37,19,4,1,0,6,18,14,0,4,0,0,0,0,0,0,0,0,4,0,50,38.88888889,0,11.11111111,0,0,2,2,12,0,2,0,0,0,2,0,0,0,0,0,0,-0.27959974,66.7631,55.76,55.76,0.64638546,0.7018,366.1815753,89.82804597,42.68334316,320.0664452,134.5518218,239.74,-1.93942764,-1.93406619,-1.87638546,0,1,1,1,1,1,1,1,1,0.66666667,1,1,0,0,0,0,0,0,0,1,0,1,0,1,0,1,0
1,19.42,0.35,2.78,15.14,0,0,0,0,0,0,291.37,0.1038961,39,22,41,24,3,3,0,12,17,19,1,2,0,0,0,0,0,0,0,0,3,0,43.58974359,48.71794872,2.56410256,5.12820513,0,0,3,3,18,0,3,0,0,0,3,0,0,0,0,0,0,-0.85139263,87.165,37.38,37.38,2.94551032,3.2,388.0873848,53.41416796,0,380.4152824,159.2849518,283.2,-3.89368377,-4.1182348,-4.17551032,0,1,1,1,0.6,0.5,1,1,0.87142857,1,1,1,1,1,1,1,1,0,0,1,1,1,0,1,1,1,1
1,15.72,0.32,2.13,9.89,0,0,0,0,0,0,415.53,0.07936508,52,28,54,30,4,2,0,11,24,19,3,2,0,1,3,0,0,0,0,1,9,3,46.15384615,36.53846154,5.76923077,3.84615385,5.76923077,0,3,4,17,1,2,0,0,1,2,0,0,1,0,0,0,-0.25245455,102.2412,66.06,74.44,3.32871799,5.0991,503.806556,107.37486,16.66300743,478.0730897,199.3086433,352.48,-4.21941029,-4.48228209,-4.55871799,0,1,1,1,1,0.5,1,1,0.92857143,0.16666667,1,1,0,0,0,0,0,1,0,0,0,0,0,0,0,1,0
0,0,0,0,0,0,0,0,0,0,0,144.19,0.22222222,22,10,22,10,1,1,0,0,12,7,0,3,0,0,0,0,0,0,0,0,3,0,54.54545455,31.81818182,0,13.63636364,0,0,1,1,6,0,1,0,0,0,1,0,0,0,0,0,0,-0.06514066,35.927,46.53,46.53,-0.31323402,-0.0645,231.93041,78.82815808,42.68334316,185.9468439,79.58477207,141.03,-1.12375108,-1.02242768,-0.91676598,0,1,0.83333333,0.83333333,1,1,1,1,0.95238095,1,1,0,0,0,0,0,0,0,0,0,0,0,0,0,0,0,0
0,0,0,0,0,0,0,0,0,0,0,374.38,0.09,38,25,40,27,2,3,0,11,13,14,4,3,0,1,3,0,0,0,0,1,11,3,34.21052632,36.84210526,10.52631579,7.89473684,7.89473684,0,3,4,17,1,2,0,0,1,2,0,0,1,0,0,0,-0.11925681,82.8599,96.02,104.4,0.81150966,2.4049,390.8695254,149.3053166,16.66300743,380.2325581,159.2100648,283.13,-2.07978321,-2.09093417,-2.04150966,0,1,1,1,0.6,0.5,1,1,0.87142857,0.5,1,1,1,1,0,1,0,0,0,1,1,0,0,1,1,1,1
0,0,0,0,0,0,0,0,0,0,0,528.63,0.05974395,62,38,66,42,8,4,0,27,24,28,4,5,0,1,0,0,0,0,0,1,10,0,38.70967742,45.16129032,6.4516129,8.06451613,0,0,5,8,29,2,3,0,0,1,4,0,0,2,0,0,0,-0.34823805,148.2337,113.56,121.94,2.97277861,6.8653,625.3648935,159.5914389,42.68334316,625.4152824,259.6947879,446.16,-3.91686182,-4.14413968,-4.20277861,0,0.75,0.66666667,0.83333333,0.5,0,0.83333333,1,0.6547619,0.33333333,0.75,0,0,0,0,0,0,0,0,0,0,0,0,0,0,0,0
1,17.01,0.34,3.98,8.4,0,0,0,0,0,0,410.54,0.07671958,52,28,53,29,10,2,0,11,24,19,4,2,0,1,2,0,0,0,0,1,9,2,46.15384615,36.53846154,7.69230769,3.84615385,3.84615385,0,2,2,11,0,2,0,0,1,1,0,0,0,0,0,0,0.98800824,105.2915,83.12,111.36,2.71271968,2.8662,529.1363254,151.0278622,54.03225205,495.4817276,206.443331,364.49,-3.69581172,-3.89708369,-3.94271968,0,1,0.83333333,0.83333333,1,1,1,1,0.95238095,0.33333333,1,1,0,1,0,0,0,1,0,1,1,0,0,1,0,1,0
0,7.5,0.14,-0.54,3.4,0,0,0,0,0,0,632.92,0.05050505,101,45,106,50,9,3,0,0,56,36,0,9,0,0,0,0,0,0,0,0,9,0,55.44554455,35.64356436,0,8.91089109,0,0,6,24,32,5,1,1,0,1,4,1,0,2,2,2,0,0.65990163,164.2263,139.59,139.59,3.98706713,3.862,971.592367,236.4844742,128.0500295,818.7209302,338.918414,628.39,-4.77900706,-5.10771377,-5.21706713,0,0.75,0.5,0.66666667,0.9,1,0.83333333,1,0.80714286,0.16666667,0.75,0,0,0,0,0,0,0,0,0,0,0,0,0,0,0,0
1,11.63,0.22,1.73,5.22,0,0,0,0,0,0,575.87,0.05609756,94,41,99,46,6,2,0,0,53,33,1,7,0,0,0,0,0,0,0,0,8,0,56.38297872,35.10638298,1.06382979,7.44680851,0,0,6,24,32,5,1,1,0,1,4,1,0,2,2,2,0,1.36235395,152.0097,128.31,128.31,3.46750529,3.8321,883.1691109,201.5533915,118.2638738,752.7242525,311.8705953,572.55,-4.33737949,-4.61413002,-4.69750529,0,0.75,0.66666667,0.83333333,0.9,1,0.83333333,1,0.8547619,0,0.75,0,0,0,0,0,0,0,0,0,0,0,0,0,0,0,0
1,13.36,0.27,2.95,9.34,0,0,0,0,0,0,632.26,0.05426357,82,43,88,49,7,3,0,12,39,32,3,5,0,1,1,1,0,0,0,2,11,2,47.56097561,39.02439024,3.65853659,6.09756098,2.43902439,0,7,8,37,2,6,1,0,2,4,1,0,0,0,0,0,-0.36906675,161.7272,90.39,98.77,3.77491209,5.2864,767.6135107,145.8684119,42.68334316,739.6345515,306.5059637,552.1,-4.59867527,-4.90616648,-5.00491209,0,0.75,0.66666667,0.83333333,0.9,1,0.83333333,1,0.8547619,0.16666667,0.75,0,0,0,0,0,0,0,0,0,0,0,0,0,0,0,0
1,18.77,0.35,6,9.11,0,0,0,0,0,0,479.52,0.06386555,58,35,61,38,5,3,0,18,23,26,3,4,0,0,2,0,0,0,0,0,9,2,39.65517241,44.82758621,5.17241379,6.89655172,3.44827586,0,4,7,25,2,2,0,0,0,3,1,0,0,0,2,0,0.81996598,124.2915,98.74,98.74,2.65778441,2.9454,591.9215426,187.1841661,78.70484453,563.2890365,234.2332117,424.84,-3.64911675,-3.84489519,-3.88778441,0,1,0.83333333,1,0.8,0.5,1,1,0.87619048,0.33333333,0.875,1,0,0,0,0,0,0,0,1,0,0,0,0,0,0,0
1,16.7,0.31,2.18,14.37,0,0,0,0,0,0,446.57,0.07007576,60,33,64,37,4,2,0,17,27,26,4,2,0,0,1,0,0,0,0,0,7,1,45,43.33333333,6.66666667,3.33333333,1.66666667,0,5,6,30,1,4,0,0,1,3,1,0,0,0,1,0,-0.78120888,126.683,51.88,51.88,4.67835163,4.6549,555.4558419,76.48847026,0,553.6877076,230.2982408,405.11,-5.36659888,-5.76443405,-5.90835163,0,0.75,0.83333333,1,0.8,0.5,1,1,0.84047619,0.33333333,0.75,1,0,0,0,0,0,1,0,0,0,0,0,1,0,1,0
1,0,0,0,0,0,0,0,0,0,0,398.53,0.07635468,56,29,58,31,7,3,0,11,27,22,4,2,0,0,1,0,0,0,0,0,7,1,48.21428571,39.28571429,7.14285714,3.57142857,1.78571429,0,3,4,16,1,2,0,0,2,1,0,0,1,0,0,0,0.89147311,113.6778,80.99,80.99,2.37285834,2.9978,524.8592448,104.3957826,52.80703091,510.4318937,212.5704482,376.81,-3.40692959,-3.57421543,-3.60285834,0,1,1,1,1,1,1,1,1,0.33333333,1,1,0,1,0,0,0,1,0,1,1,0,0,1,0,1,0
0,0,0,0,0,0,0,0,0,0,0,340.44,0.0942029,41,24,43,26,4,3,0,12,17,20,0,2,0,1,1,0,0,0,0,1,4,1,41.46341463,48.7804878,0,4.87804878,2.43902439,0,3,4,17,1,2,0,0,1,2,0,0,1,0,0,0,-0.38311596,98.1037,37.3,62.6,5.18683328,4.7257,428.4007118,82.78838346,42.68334316,417.3255814,174.4121235,314.08,-5.79880829,-6.24749162,-6.41683328,0,0.75,0.83333333,0.83333333,0.5,0.5,0.83333333,1,0.75,0.33333333,0.875,1,0,0,0,1,0,1,0,0,0,0,0,0,0,1,0
0,10.79,0.22,1.66,4.79,0,0,0,0,0,0,426.46,0.08128079,46,29,50,33,4,3,0,11,17,18,4,3,0,1,3,0,0,0,0,1,11,3,36.95652174,39.13043478,8.69565217,6.52173913,6.52173913,0,5,6,23,1,4,2,0,1,2,0,0,1,0,0,0,-0.1998854,97.2475,96.02,104.4,1.76287723,3.3477,430.4416518,149.3053166,16.66300743,437.7740864,182.7926584,327.61,-2.88844565,-2.99473337,-2.99287723,0,1,1,1,0.8,0.5,1,1,0.9,0.33333333,0.875,1,0,1,0,0,0,1,0,1,1,0,0,1,0,1,0
1,14.3,0.29,3.77,6.39,0,0,0,0,0,0,470.52,0.07258065,53,32,57,36,4,3,0,11,21,20,4,4,0,1,3,0,0,0,0,1,12,3,39.62264151,37.73584906,7.54716981,7.54716981,5.66037736,0,5,6,26,1,4,1,0,1,3,0,0,1,0,0,0,-0.21682485,108.5982,105.25,113.63,1.46061132,2.9468,497.7107175,160.3052044,16.66300743,494.3355482,205.9735853,371,-2.63151962,-2.70758075,-2.69061132,0,1,0.83333333,1,1,0.5,1,1,0.9047619,0.33333333,0.75,1,0,0,0,0,0,0,0,1,0,0,0,1,0,0,0
1,16.16,0.33,3.57,7.45,0,0,0,0,0,0,442.51,0.07586207,51,30,54,33,4,3,0,11,21,19,4,3,0,1,3,0,0,0,0,1,11,3,41.17647059,37.25490196,7.84313725,5.88235294,5.88235294,0,4,5,20,1,3,1,0,1,2,0,0,1,0,0,0,-0.2168594,103.448,96.02,104.4,1.98808583,3.993,498.9326091,149.3053166,16.66300743,479.2192691,199.778389,357.27,-3.07987296,-3.20868154,-3.21808583,0,1,1,1,1,0.5,1,1,0.92857143,0.33333333,1,1,0,1,0,0,0,1,0,1,0,0,0,1,0,1,0
1,12.87,0.24,1.95,6.23,0,0,0,0,0,0,420.57,0.07526882,59,31,63,35,4,1,0,16,28,23,6,2,0,0,0,0,0,0,0,0,8,0,47.45762712,38.98305085,10.16949153,3.38983051,0,0,5,6,29,1,4,0,0,2,2,1,0,0,0,1,0,-0.32868719,118.9315,86.86,86.86,3.00233685,3.4195,537.1015282,104.1445879,18.01075068,527.9900332,219.7664071,374.42,-3.94198633,-4.17222001,-4.23233685,0,1,1,1,0.8,0.5,1,1,0.9,0.16666667,0.875,1,0,1,0,0,0,1,1,1,0,0,0,1,0,1,0
1,12.28,0.25,0.44,12.26,0,0,0,0,0,0,543.97,0.06190476,55,36,58,39,4,3,0,18,19,25,1,3,0,1,5,1,0,0,0,2,11,6,34.54545455,45.45454545,1.81818182,5.45454545,10.90909091,0,4,4,24,0,4,0,0,0,4,0,0,0,0,0,0,-0.68917513,125.4211,54.45,62.83,5.54087886,5.8481,575.0617642,147.3827594,0,567.5249169,235.9692283,433.96,-6.09974703,-6.58383491,-6.77087886,1,0.5,0.66666667,0.66666667,0.6,0.5,0.66666667,1,0.65714286,0.16666667,0.75,0,0,0,0,0,0,0,0,0,0,0,0,0,0,0,0
1,9.18,0.17,0.42,4.37,0,0,0,0,0,0,697.03,0.04163265,110,50,111,51,20,4,0,12,60,39,4,7,0,0,0,0,0,0,0,0,11,0,54.54545455,35.45454545,3.63636364,6.36363636,0,0,2,2,12,0,2,0,0,0,2,0,0,0,0,0,0,1.2776603,194.2116,146.3,146.3,3.29047362,6.6921,1105.736082,222.419393,96.71559521,957.9069767,395.9618757,715.87,-4.18690258,-4.44594994,-4.52047362,1,0.5,0.5,0.5,0.8,1,0.33333333,0,0.51904762,0,0.625,0,0,0,0,0,0,0,0,0,0,0,0,0,0,0,0
1,16.5,0.34,1.79,13.24,0,0,0,0,0,0,485.03,0.06854839,59,32,61,34,8,3,0,12,27,24,0,4,0,1,2,1,0,0,0,2,8,3,45.76271186,40.6779661,0,6.77966102,5.08474576,0,3,3,18,0,3,0,0,0,3,0,0,0,0,0,0,-0.74339949,119.827,60.44,68.82,5.66693297,6.5038,610.8463508,110.3779935,0,567.9900332,236.1598497,427.42,-6.20689302,-6.70358632,-6.89693297,0,0.75,0.66666667,0.83333333,0.9,0.5,0.83333333,1,0.78333333,0.16666667,0.75,0,0,0,0,0,0,0,0,0,0,0,0,0,0,0,0
0,15.31,0.32,3.45,6.91,0,0,0,0,0,0,339.83,0.10822511,36,22,39,25,2,2,0,11,14,14,3,3,0,1,0,1,0,0,0,2,8,1,38.88888889,38.88888889,8.33333333,8.33333333,2.77777778,0,4,7,23,3,2,0,0,1,3,0,1,1,0,1,0,-0.17516408,82.9083,75.29,83.67,1.25468446,1.9882,357.8031964,73.49440805,16.66300743,364.3189369,152.6880889,259.41,-2.45648179,-2.51195024,-2.48468446,0,1,1,1,0.8,0.5,1,1,0.9,0.5,1,1,1,1,0,1,0,0,0,1,1,1,0,1,1,1,1
1,13,0.28,4.21,5.41,0,0,0,0,0,0,430.98,0.08547009,46,27,49,30,4,4,0,11,19,16,4,4,0,2,0,1,0,0,0,3,11,1,41.30434783,34.7826087,8.69565217,8.69565217,2.17391304,0,4,7,23,3,2,0,0,1,3,0,1,1,0,1,0,-0.1623916,103.2735,103.44,120.2,0.89868064,2.1814,462.0493016,108.3260329,16.66300743,464.6179402,193.7942378,332.31,-2.15387854,-2.17374661,-2.12868064,0,1,1,1,0.8,0.5,1,1,0.9,0.33333333,1,1,0,1,0,0,0,0,0,1,1,0,0,1,0,1,0
0,12.85,0.25,1.41,9.74,0,0,0,0,0,0,384.89,0.08547009,48,27,51,30,5,2,0,12,21,21,2,3,0,0,0,1,0,0,0,1,6,1,43.75,43.75,4.16666667,6.25,2.08333333,0,4,5,23,1,3,0,0,1,3,0,0,1,0,0,0,-0.34555568,106.3121,54.56,54.56,2.63091711,3.2055,464.5168558,68.27976738,18.01075068,462.9900332,193.1270628,343.08,-3.62627955,-3.81937126,-3.86091711,0,1,1,1,0.8,0.5,1,1,0.9,0.5,1,1,1,1,0,0,0,1,0,1,1,0,0,1,1,1,0
1,14.67,0.29,3.09,8.82,0,0,0,0,0,0,491.52,0.06773619,51,34,55,38,4,1,0,21,17,21,7,1,0,1,4,0,0,0,0,1,13,4,33.33333333,41.17647059,13.7254902,1.96078431,7.84313725,0,5,6,28,1,4,0,0,3,1,1,0,0,0,1,0,-0.61261125,118.8686,81.73,109.97,3.93276329,4.0285,505.0360477,154.8842459,0,512.5747508,213.4486684,368.64,-4.7328488,-5.05612513,-5.16276329,0,1,0.83333333,1,0.6,0.5,1,1,0.84761905,0.16666667,0.75,0,0,0,0,0,0,0,0,1,0,0,0,0,0,0,0
1,10.79,0.2,1.99,6.97,0,0,0,0,0,0,530.62,0.05802969,67,39,71,43,5,4,0,18,28,30,4,3,0,0,2,0,0,0,0,0,9,2,41.79104478,44.7761194,5.97014925,4.47761194,2.98507463,0,5,7,31,2,3,0,0,0,4,1,0,0,1,1,0,-0.38332968,143.3019,82.08,82.08,4.44450538,4.63,645.5722259,146.3999157,18.01075068,638.5548173,265.0798432,481.25,-5.16782957,-5.54228011,-5.67450538,1,0.5,0.83333333,0.83333333,0.7,0.5,0.83333333,1,0.74285714,0.16666667,0.625,0,0,0,0,0,0,0,0,0,0,0,0,0,0,0,0
1,14.65,0.27,2.85,7.16,1,0,0,0,1,2,433.53,0.07056452,56,32,59,35,6,3,0,17,24,24,5,2,0,0,1,0,0,0,0,0,8,1,42.85714286,42.85714286,8.92857143,3.57142857,1.78571429,0,4,4,23,0,4,0,0,1,3,0,0,0,0,0,0,0.20796981,119.9072,88.69,88.69,3.70598844,3.4806,541.714397,120.6974887,49.68271702,534.3521595,222.3738359,391.23,-4.54009017,-4.84068902,-4.93598844,0,1,1,1,0.8,0.5,1,1,0.9,0.16666667,1,1,0,0,0,0,0,1,0,1,0,0,0,1,0,1,0
1,11.06,0.21,2.96,4.66,0,0,0,0,0,0,672.95,0.04336735,101,49,103,51,19,4,0,18,52,39,4,6,0,0,0,0,0,0,0,0,10,0,51.48514851,38.61386139,3.96039604,5.94059406,0,0,3,3,18,0,3,0,0,0,3,0,0,0,0,0,0,2.6989744,189.458,159.85,159.85,2.98834698,5.8342,1012.03864,241.1923787,129.6127827,908.6877076,375.7900441,675.9,-3.93009493,-4.15892963,-4.21834698,1,0.5,0.33333333,0.5,0.8,1,0.33333333,0,0.4952381,0.16666667,0.625,0,0,0,0,0,0,0,0,0,0,0,0,0,0,0,0
1,14.74,0.28,5.2,6.39,0,0,0,0,0,0,534.56,0.05802969,63,39,67,43,7,4,0,18,24,28,4,5,0,0,2,0,0,0,0,0,11,2,38.0952381,44.44444444,6.34920635,7.93650794,3.17460317,0,5,7,30,2,3,0,0,1,3,1,0,1,0,1,0,0.79853837,135.4426,123.32,123.32,2.98016854,3.9767,618.1569221,198.172565,50.90793816,611.2458472,253.8876423,464.23,-3.92314326,-4.15116012,-4.21016854,0,0.75,0.66666667,0.83333333,0.7,0.5,0.83333333,1,0.7547619,0.33333333,0.75,0,0,0,0,0,0,0,0,0,0,0,0,0,0,0,0
1,17.34,0.37,4.45,9.82,0,0,0,0,0,0,529.46,0.06417112,57,34,59,36,11,3,0,17,23,22,4,4,0,1,1,2,0,0,0,3,12,3,40.35087719,38.59649123,7.01754386,7.01754386,5.26315789,0,3,3,17,0,3,0,0,1,2,0,0,0,0,0,0,-0.24613108,128.9731,93.53,101.91,2.9576591,4.6951,617.1036928,131.7327212,18.01075068,590.6146179,245.4322205,429.78,-3.90401023,-4.12977614,-4.1876591,0,0.75,0.66666667,0.66666667,0.7,0.5,0.66666667,0.5,0.63571429,0.33333333,0.75,0,0,0,0,0,0,0,0,0,0,0,0,0,0,0,0
1,11.94,0.23,-1.28,11.23,0,1,1,0,0,2,501.54,0.06218487,62,35,64,37,8,1,0,12,27,25,2,2,0,0,6,0,0,0,0,0,10,6,43.5483871,40.32258065,3.22580645,3.22580645,9.67741935,-1,3,3,18,0,3,0,0,0,3,0,0,0,0,0,0,-0.70867055,117.1248,56.26,56.26,4.87158745,6.1361,605.8479499,161.4379895,0,565.6810631,235.2135505,438.38,-5.53084933,-5.94800808,-6.10158745,1,0.5,0.66666667,0.83333333,0.9,1,0.83333333,1,0.81904762,0.33333333,0.75,0,0,0,0,0,0,0,0,0,0,0,0,0,0,0,0
0,7.74,0.15,-3.52,7.49,0,1,1,0,0,2,515.57,0.06031746,65,36,67,38,8,1,0,12,29,26,2,2,0,0,6,0,0,0,0,0,10,6,44.61538462,40,3.07692308,3.07692308,9.23076923,-1,3,3,18,0,3,0,0,0,3,0,0,0,0,0,0,-0.71674213,121.6734,56.26,56.26,5.06704217,6.3879,635.6808264,161.4379895,0,589.0863787,244.8058929,455.68,-5.69698585,-6.13369006,-6.29704217,1,0.5,0.66666667,0.66666667,0.8,1,0.66666667,1,0.75714286,0.33333333,0.75,0,0,0,0,0,0,0,0,0,0,0,0,0,0,0,0
1,16.68,0.36,4.55,8.51,0,0,0,0,0,0,489.46,0.0688172,57,31,58,32,11,3,0,12,26,21,2,5,0,1,0,2,0,0,0,3,10,2,45.61403509,36.84210526,3.50877193,8.77192982,3.50877193,0,2,2,12,0,2,0,0,0,2,0,0,0,0,0,0,0.28888777,123.2559,95.94,104.32,2.71104659,4.0301,626.2896601,142.6704215,60.69409384,573.2059801,238.2975328,421.74,-3.6943896,-3.89549426,-3.94104659,0,1,0.66666667,0.83333333,1,1,0.83333333,0.5,0.83333333,0.33333333,0.75,0,0,0,0,0,0,0,0,1,0,0,0,0,0,0,0
0,12.32,0.25,1.36,7.23,0,0,0,0,0,0,387.92,0.08923077,44,26,47,29,4,2,0,17,18,19,3,2,0,1,0,1,0,0,0,2,7,1,40.90909091,43.18181818,6.81818182,4.54545455,2.27272727,0,4,5,23,1,3,0,0,1,3,0,0,1,0,0,0,-0.29369258,103.2813,66.06,74.44,2.98956371,4.3136,439.9099952,62.49452016,16.66300743,450.166113,187.8713578,318.3,-3.93112915,-4.16008552,-4.21956371,0,1,1,1,0.8,0.5,1,1,0.9,0.33333333,1,1,0,1,0,0,0,1,0,1,0,0,0,1,0,1,0
1,23.46,0.49,4.76,12.57,0,0,0,0,0,0,353.91,0.09881423,43,23,45,25,4,2,0,11,20,16,3,2,0,1,0,1,0,0,0,2,7,1,46.51162791,37.20930233,6.97674419,4.65116279,2.3255814,0,3,4,17,1,2,0,0,1,2,0,0,1,0,0,0,-0.24064481,92.1287,66.06,74.44,2.51926174,4.1826,430.9646228,62.49452016,16.66300743,419.4186047,175.2699199,297.58,-3.53137248,-3.71329866,-3.74926174,0,1,1,1,0.8,0.5,1,1,0.9,0.33333333,1,1,0,1,0,1,0,1,0,1,0,0,0,1,0,1,0
1,9.99,0.2,-2.26,11.04,0,1,1,0,0,2,589.52,0.05365854,63,41,66,44,6,1,0,18,22,28,2,2,0,0,9,0,0,0,0,0,13,9,34.92063492,44.44444444,3.17460317,3.17460317,14.28571429,-1,4,4,24,0,4,0,0,0,4,0,0,0,0,0,0,-0.67852385,129.2369,56.26,56.26,5.7717227,6.877,627.4796361,206.3183293,0,605.1993356,251.4095638,477.31,-6.2959643,-6.80313657,-7.0017227,1,0.5,0.66666667,0.66666667,0.6,0.5,0.66666667,1,0.65714286,0.33333333,0.625,0,0,0,0,0,0,0,0,0,0,0,0,0,0,0,0
0,0,0,0,0,0,1,1,0,0,2,473.48,0.06628788,56,33,58,35,6,1,0,12,23,23,2,2,0,0,6,0,0,0,0,0,10,6,41.07142857,41.07142857,3.57142857,3.57142857,10.71428571,-1,3,3,18,0,3,0,0,0,3,0,0,0,0,0,0,-0.69106939,107.9228,56.26,56.26,4.47209208,5.2237,553.6944784,161.4379895,0,518.8704319,216.0288655,403.78,-5.19127827,-5.56848748,-5.70209208,0,0.75,0.83333333,1,1,1,1,1,0.94047619,0.33333333,0.75,1,0,0,0,0,0,0,0,0,0,0,0,0,0,0,0
1,22.88,0.47,6.28,10.84,0,0,0,0,0,0,424.99,0.07671958,53,28,54,29,9,3,0,12,25,20,2,4,0,1,0,1,0,0,0,2,8,1,47.16981132,37.73584906,3.77358491,7.54716981,1.88679245,0,2,2,12,0,2,0,0,0,2,0,0,0,0,0,0,0.28233338,110.4369,89.7,98.08,2.76855509,4.3795,557.7336168,114.8735151,32.89718747,519.717608,216.3760688,380.44,-3.74327183,-3.95012734,-3.99855509,0,1,1,0.83333333,1,1,1,1,0.97619048,0.33333333,1,1,0,1,0,0,0,1,0,1,0,0,0,1,0,1,0
1,16.52,0.3,0.95,9.55,0,0,0,0,0,0,376.5,0.08201058,52,28,55,31,6,0,0,21,24,22,4,2,0,0,0,0,0,0,0,0,6,0,46.15384615,42.30769231,7.69230769,3.84615385,0,0,4,5,22,1,3,0,0,2,2,0,0,1,0,0,0,-0.35848085,108.1103,65.11,65.11,3.26934041,4.4773,487.4109414,72.08904395,18.01075068,482.3255814,201.0514678,333.94,-4.16893935,-4.42587339,-4.49934041,0,1,1,1,0.8,0.5,1,1,0.9,0.16666667,1,1,0,1,0,1,0,1,1,1,0,0,0,1,0,1,0
1,12.23,0.22,0.57,8.15,0,0,0,0,0,0,520.69,0.05802969,71,39,75,43,9,1,0,28,32,31,6,2,0,0,0,0,0,0,0,0,8,0,45.07042254,43.66197183,8.45070423,2.81690141,0,0,5,5,28,0,5,0,0,2,3,0,0,0,0,0,0,-0.78941637,153.8654,78.07,78.07,4.17124496,5.2964,686.7531485,89.25815112,0,672.3754153,278.940744,475.18,-4.93555821,-5.28268271,-5.40124496,1,0.5,0.83333333,0.66666667,0.7,0.5,0.83333333,1,0.71904762,0.16666667,0.75,0,0,0,0,0,0,0,0,0,0,0,0,0,0,0,0
0,10.75,0.2,0.25,6.48,0,0,0,0,0,0,470.63,0.06554622,65,35,69,39,7,1,0,22,30,27,6,2,0,0,0,0,0,0,0,0,8,0,46.15384615,41.53846154,9.23076923,3.07692308,0,0,5,5,28,0,5,0,0,2,3,0,0,0,0,0,0,-0.76536419,136.5948,78.07,78.07,3.87263398,4.8093,607.2375549,89.25815112,0,600.1827243,249.3535755,424.8,-4.68173888,-4.99900228,-5.10263398,0,1,0.83333333,1,0.8,0.5,1,1,0.87619048,0.16666667,0.75,0,0,0,0,0,0,0,0,0,0,0,0,0,0,0,0
1,11.87,0.22,0.98,7.92,0,0,0,0,0,0,520.56,0.05974395,61,38,65,42,7,1,0,27,23,27,6,2,0,0,3,0,0,0,0,0,11,3,37.70491803,44.26229508,9.83606557,3.27868852,4.91803279,0,5,6,28,1,4,0,0,2,3,0,0,0,1,0,0,-0.70548852,137.4817,78.07,78.07,4.02779212,4.8668,591.0111662,134.1384909,0,594.6677741,247.09335,426.83,-4.8136233,-5.14640252,-5.25779212,0,0.75,0.83333333,0.83333333,0.5,0.5,0.83333333,1,0.75,0.16666667,0.75,0,0,0,0,0,0,0,0,0,0,0,0,0,0,0,0
0,0,0,0,0,0,0,0,0,0,0,391.77,0.0952381,30,22,30,22,5,2,0,5,8,9,1,3,0,2,6,1,0,0,0,3,13,7,26.66666667,30,3.33333333,10,23.33333333,0,1,1,5,0,1,0,0,1,0,0,0,0,0,0,0,0.66205725,66.7785,66.4,103.02,1.73081681,2.4698,376.1673124,193.1619723,59.08834061,334.3853821,140.4202386,261.74,-2.86119429,-2.96427597,-2.96081681,0,1,1,1,0.8,1,1,1,0.97142857,0.33333333,1,1,0,1,0,0,0,0,0,1,0,0,0,1,0,1,0
1,18.35,0.34,6.03,9.9,0,0,0,0,0,0,490.55,0.06190476,60,36,63,39,6,4,0,18,24,27,4,3,0,0,2,0,0,0,0,0,9,2,40,45,6.66666667,5,3.33333333,0,4,5,25,1,3,0,0,0,3,1,0,0,0,1,0,0.17597383,129.8151,90.87,90.87,3.86605118,3.8733,601.1478848,161.2863525,36.02150137,586.3787375,243.6962039,441.71,-4.6761435,-4.99274862,-5.09605118,0,1,0.83333333,1,0.6,0.5,1,1,0.84761905,0.16666667,0.875,0,0,0,0,0,0,0,0,0,0,0,0,0,0,0,0
1,17.62,0.32,2.15,11.71,0,0,0,0,0,0,439.56,0.07007576,58,33,62,37,6,0,0,27,25,26,5,2,0,0,0,0,0,0,0,0,7,0,43.10344828,44.82758621,8.62068966,3.44827586,0,0,5,6,28,1,4,0,0,2,3,0,0,1,0,0,0,-0.3821292,128.9721,66.13,66.13,3.13055674,5.0085,543.2306285,73.45906344,18.01075068,553.0564784,230.0395403,382.96,-4.05097323,-4.2940289,-4.36055674,0,1,1,1,0.6,0.5,1,1,0.87142857,0.16666667,0.875,1,0,0,0,0,0,1,0,0,0,0,0,0,0,1,0
1,14.87,0.32,5.26,6.49,0,0,0,0,0,0,560.04,0.06349206,56,36,60,40,6,4,0,17,20,22,3,6,0,2,2,1,0,0,0,3,14,3,35.71428571,39.28571429,5.35714286,10.71428571,5.35714286,0,5,8,29,2,3,0,0,1,4,0,0,0,2,0,0,-0.21722449,126.9601,128.31,145.07,3.66722574,3.0759,578.5940153,173.9944434,16.66300743,574.3521595,238.7672785,423.65,-4.50714188,-4.80386445,-4.89722574,0,0.75,0.66666667,0.83333333,0.7,0.5,0.66666667,1,0.73095238,0.16666667,0.625,0,0,0,0,0,0,0,0,0,0,0,0,0,0,0,0
1,15.44,0.33,4.71,9.05,0,0,0,0,0,0,508.55,0.06818182,53,33,56,36,5,4,0,12,20,21,0,6,0,2,4,0,0,0,0,2,12,4,37.73584906,39.62264151,0,11.32075472,7.54716981,0,4,7,24,2,2,0,0,0,4,0,0,0,2,0,0,-0.6309764,110.4437,86.74,103.5,3.41022818,2.9442,534.1690289,170.466133,0,519.0531562,216.1037525,398.82,-4.28869395,-4.55971677,-4.64022818,0,0.75,0.83333333,0.83333333,0.7,0.5,0.83333333,1,0.77857143,0.16666667,0.875,0,0,0,0,0,0,0,0,0,0,0,0,0,0,0,0
1,16.28,0.35,4.63,10,0,0,0,0,0,0,533.05,0.06773619,57,34,61,38,6,4,0,12,23,23,0,6,0,2,2,1,0,0,0,3,11,3,40.35087719,40.35087719,0,10.52631579,5.26315789,0,5,8,27,2,3,1,0,0,4,0,0,0,2,0,0,-0.67095517,122.0261,86.74,103.5,3.82900973,3.6873,571.3242705,140.5459065,0,562.3089701,233.8315451,424.13,-4.64465827,-4.95755925,-5.05900973,0,0.75,0.83333333,0.83333333,0.7,0.5,0.83333333,1,0.77857143,0.16666667,0.75,0,0,0,0,0,0,0,0,0,0,0,0,0,0,0,0
1,0,0,0,0,0,0,0,0,0,0,530.16,0.06554622,63,35,67,39,8,3,0,17,28,26,3,3,0,2,0,1,0,0,0,3,9,1,44.44444444,41.26984127,4.76190476,4.76190476,1.58730159,0,5,8,29,3,3,0,0,2,2,1,1,0,0,1,1,0.81996598,140.7978,87.3,123.92,3.48809886,4.7561,620.1992616,121.8843779,52.42649881,625.730897,259.8241381,451.7,-4.35488403,-4.63369392,-4.71809886,0,0.75,0.83333333,0.83333333,0.7,0.5,0.83333333,1,0.77857143,0.16666667,0.75,0,0,0,0,0,0,0,0,0,0,0,0,0,0,0,0
1,18.86,0.37,4.33,7.81,0,0,0,0,0,0,347.41,0.09782609,38,24,41,27,2,2,0,16,14,15,5,2,0,1,1,0,0,0,0,1,9,1,36.84210526,39.47368421,13.15789474,5.26315789,2.63157895,0,4,7,22,2,2,0,0,2,2,0,0,1,1,0,0,-0.17742472,89.1307,83.88,92.26,1.81589006,2.5209,366.7379622,94.11764087,16.66300743,379.435216,158.8832852,264.6,-2.93350655,-3.04509555,-3.04589006,0,1,1,1,0.6,0,1,1,0.8,0.5,1,1,1,1,0,1,0,0,0,1,1,1,0,1,1,1,1
1,17.58,0.44,4.23,14.51,0,0,0,0,0,0,545.35,0.07816092,45,30,49,34,3,2,0,17,15,20,3,2,0,1,3,0,0,1,0,2,10,4,33.33333333,44.44444444,6.66666667,4.44444444,8.88888889,0,5,8,26,2,3,1,0,1,3,0,0,1,1,0,0,-0.24987445,115.9058,66.06,74.44,4.28820268,5.6574,457.9130691,107.37486,16.66300743,486.8770764,202.9168346,351.52,-5.03497228,-5.39379255,-5.51820268,1,0.5,0.83333333,0.83333333,0.5,0.5,0.83333333,1,0.71428571,0.33333333,0.625,0,0,0,0,0,0,0,0,0,0,0,0,0,0,0,0
1,10.23,0.19,1.89,4.58,0,0,0,0,0,0,654.94,0.04440333,101,47,102,48,19,4,0,12,54,36,4,7,0,0,0,0,0,0,0,0,11,0,53.46534653,35.64356436,3.96039604,6.93069307,0,0,2,2,12,0,2,0,0,0,2,0,0,0,0,0,0,1.32455947,180.4078,146.3,146.3,2.76500683,5.7608,1019.516915,222.419393,96.71559521,887.6910299,367.1848483,663.97,-3.74025581,-3.94675649,-3.99500683,1,0.5,0.5,0.5,0.8,1,0.33333333,0,0.51904762,0.16666667,0.625,0,0,0,0,0,0,0,0,0,0,0,0,0,0,0,0
1,18.94,0.38,3.24,11.72,0,0,0,0,0,0,465.99,0.07258065,52,32,56,36,5,2,0,23,20,24,3,3,0,1,0,1,0,0,0,2,8,1,38.46153846,46.15384615,5.76923077,5.76923077,1.92307692,0,5,8,29,2,3,0,0,1,4,0,0,1,1,0,0,-0.34072476,126.2108,75.29,83.67,3.615343,5.897,520.3094014,73.49440805,16.66300743,537.4750831,223.6537226,382.41,-4.46304155,-4.75457585,-4.845343,0,1,0.83333333,1,0.6,0,1,1,0.77619048,0.16666667,0.75,0,0,0,0,0,0,0,0,0,0,0,0,0,0,0,0
1,25.38,0.49,5.5,14.19,0,0,0,0,0,0,369.45,0.09230769,42,26,46,30,3,2,0,17,16,19,3,2,0,1,1,0,0,0,0,1,7,1,38.0952381,45.23809524,7.14285714,4.76190476,2.38095238,0,5,8,26,2,3,1,0,1,3,0,0,1,1,0,0,-0.29369258,97.7404,66.06,74.44,3.41239632,4.3424,388.9744676,77.45463343,16.66300743,414.717608,173.343282,296.8,-4.29053687,-4.5617765,-4.64239632,0,1,1,1,0.8,0.5,1,1,0.9,0.33333333,0.875,1,0,1,0,1,0,1,0,1,0,0,0,1,0,1,0
0,0,0,0,0,0,0,0,0,0,0,722.96,0.04063861,103,53,106,56,19,4,0,24,50,42,4,7,0,0,0,0,0,0,0,0,11,0,48.54368932,40.77669903,3.88349515,6.7961165,0,0,4,4,24,0,4,0,0,0,4,0,0,0,0,0,0,1.2351709,202.2986,146.3,146.3,3.38239786,6.4092,1038.265314,222.419393,96.71559521,949.1860465,392.387724,705.41,-4.26503818,-4.53327797,-4.61239786,1,0.5,0.5,0.5,0.8,1,0.33333333,0,0.51904762,0,0.625,0,0,0,0,0,0,0,0,0,0,0,0,0,0,0,0
0,9.66,0.18,-4.06,7.12,0,0,0,0,0,0,505.76,0.05855856,80,37,82,39,18,3,0,15,43,32,1,4,0,0,0,0,0,0,0,0,5,0,53.75,40,1.25,5,0,0,3,6,17,2,1,0,0,1,2,0,0,2,0,0,0,-0.47227142,150.4946,68.53,68.53,6.1390023,10.0317,754.7378777,103.9730851,42.68334316,704.1860465,291.9778879,514.78,-6.60815196,-7.15205219,-7.3690023,1,0.5,0.5,0.5,0.8,1,0.5,0.5,0.61428571,0.16666667,0.625,0,0,0,0,0,0,0,0,0,0,0,0,0,0,0,0
0,0,0,0,0,0,0,0,0,0,0,474.57,0.06773619,56,34,60,38,6,3,0,26,22,26,2,5,0,1,0,0,0,0,0,1,8,0,39.28571429,46.42857143,3.57142857,8.92857143,0,0,5,9,29,3,2,0,0,1,4,0,0,2,1,0,0,-0.36281893,130.3649,88.84,97.22,3.11562473,5.4043,549.1766133,126.2654241,42.68334316,559.7342193,232.7763194,394.84,-4.03828102,-4.27984349,-4.34562473,0,1,0.83333333,1,0.6,0,1,1,0.77619048,0.16666667,0.75,0,0,0,0,0,0,0,0,0,0,0,0,0,0,0,0
0,0,0,0,0,0,0,0,0,0,0,805.86,0.03831169,106,56,109,59,23,4,0,24,50,44,2,8,0,0,0,2,0,0,0,2,12,2,47.16981132,41.50943396,1.88679245,7.54716981,1.88679245,0,4,4,24,0,4,0,0,0,4,0,0,0,0,0,0,0.03724047,218.1384,136.24,136.24,6.24119365,12.0524,1116.149165,218.8935675,85.36668632,1013.255814,418.6458254,757.22,-6.69501461,-7.24913397,-7.47119365,1,0.5,0.33333333,0.5,0.8,1,0.5,0.5,0.59047619,0.16666667,0.5,0,0,0,0,0,0,0,0,0,0,0,0,0,0,0,0
1,15.9,0.33,4.65,9.54,0,0,0,0,0,0,542.21,0.06190476,76,36,79,39,8,3,0,6,40,26,3,5,0,1,0,1,0,0,0,2,10,1,52.63157895,34.21052632,3.94736842,6.57894737,1.31578947,0,4,4,21,0,4,1,0,0,3,0,0,0,0,0,0,-0.32749251,140.8498,90.39,98.77,2.49802944,4.6901,741.0524836,130.9082986,42.68334316,671.8272425,278.716083,498.13,-3.51332502,-3.69312796,-3.72802944,0,0.75,0.83333333,0.83333333,0.9,1,0.83333333,1,0.87857143,0.33333333,0.875,0,0,0,0,0,0,0,0,0,0,0,0,0,0,0,0
0,0,0,0,0,0,0,0,0,0,0,427.35,0.08923077,41,26,44,29,5,0,0,22,15,19,4,1,0,1,0,0,1,0,0,2,7,1,36.58536585,46.34146341,9.75609756,2.43902439,2.43902439,0,4,4,22,0,4,0,0,2,2,0,0,0,0,0,0,-0.29369258,107.6495,51.97,80.21,3.63760492,4.7259,438.3423926,62.58169767,18.01075068,451.4451827,188.3955667,308.4,-4.48196418,-4.77572467,-4.86760492,0,1,1,1,0.6,0,1,1,0.8,0.16666667,1,1,0,0,0,0,0,1,0,0,0,0,0,0,0,1,0
0,0,0,0,0,0,0,0,0,0,0,380.27,0.0942029,35,24,37,26,4,2,0,18,11,16,3,2,0,1,0,2,0,0,0,3,8,2,31.42857143,45.71428571,8.57142857,5.71428571,5.71428571,0,3,3,18,0,3,0,0,0,3,0,0,0,0,0,0,-0.21856297,96.1131,71.95,80.33,2.99323062,3.8586,406.8317628,94.28900861,16.40499744,411.179402,171.8931975,291.33,-3.93424603,-4.16356909,-4.22323062,0,1,1,1,0.4,0,1,1,0.77142857,0.33333333,1,1,1,1,0,0,0,0,0,1,0,0,0,1,0,1,0
0,10.81,0.22,0.34,5.25,0,0,0,0,0,0,415.87,0.08201058,42,28,45,31,5,3,0,21,14,20,1,5,0,1,0,1,0,0,0,2,8,1,33.33333333,47.61904762,2.38095238,11.9047619,2.38095238,0,4,7,23,2,2,0,0,1,3,0,0,2,0,0,0,-0.28779665,104.2909,85.6,93.98,2.95693532,4.9981,450.884809,123.1411102,42.68334316,455.3820598,190.0090409,323.79,-3.90339503,-4.12908856,-4.18693532,0,1,1,1,0.4,0,1,1,0.77142857,0.33333333,1,1,0,0,0,0,0,1,0,0,0,0,0,0,0,1,0
0,0,0,0,0,0,0,0,0,0,0,417.41,0.07881773,42,29,45,32,5,3,0,21,13,20,1,5,0,1,2,0,0,0,0,1,9,2,30.95238095,47.61904762,2.38095238,11.9047619,4.76190476,0,4,7,23,2,2,0,0,1,3,0,0,2,0,0,0,-0.2681635,99.9189,85.6,93.98,3.22493532,4.7447,435.1504716,153.0613367,42.68334316,440.89701,184.0725451,320.72,-4.13119503,-4.38368856,-4.45493532,0,1,1,1,0.4,0,1,1,0.77142857,0.16666667,1,1,0,0,0,0,0,1,0,0,0,0,0,0,0,1,0
1,17.59,0.35,3.42,10.47,0,0,0,0,0,0,494.72,0.06238859,70,34,71,35,12,2,0,11,36,25,4,2,0,1,2,0,0,0,0,1,9,2,51.42857143,35.71428571,5.71428571,2.85714286,2.85714286,0,2,2,11,0,2,0,0,1,1,0,0,0,0,0,0,0.84030481,132.4501,83.12,111.36,3.99247116,4.9642,699.8285213,151.0278622,54.03225205,635.9136213,263.9973858,468.29,-4.78360049,-5.1128476,-5.22247116,0,1,0.66666667,0.83333333,1,1,0.83333333,0.5,0.83333333,0.16666667,0.75,0,0,0,0,0,0,0,0,0,0,0,0,0,0,0,0
0,11.41,0.22,0.13,6.15,0,0,0,0,0,0,407.42,0.07389163,49,29,50,30,7,3,0,12,20,21,1,4,0,0,3,0,0,0,0,0,8,3,40.81632653,42.85714286,2.04081633,8.16326531,6.12244898,0,2,2,12,0,2,0,0,0,2,0,0,0,0,0,0,0.26204073,102.5448,75.63,75.63,3.86719585,4.5223,513.4478324,166.8641756,60.69409384,473.538206,197.4500844,365.95,-4.67711647,-4.99383606,-5.09719585,0,1,1,1,1,0.5,1,1,0.92857143,0.16666667,1,1,0,0,0,0,0,1,1,0,0,0,0,1,0,1,0
1,24.74,0.47,7.58,13.22,0,0,0,0,0,0,419.44,0.07356322,50,30,52,32,4,3,0,12,20,21,3,3,0,0,3,0,0,0,0,0,9,3,40,42,6,6,6,0,3,6,19,2,1,0,0,0,2,1,0,0,0,2,0,0.27596899,103.4392,78.51,78.51,2.16723874,2.5888,500.6649756,159.4609362,36.02150137,478.9036545,199.6490387,366.8,-3.23215293,-3.37887681,-3.39723874,0,1,1,1,0.8,0.5,1,1,0.9,0.33333333,1,1,0,1,0,0,0,1,0,1,1,0,0,1,0,1,0
1,6.57,0,0,0,0,0,0,0,0,0,1409.99,0.0219802,213,101,223,111,27,14,0,0,112,73,14,14,0,0,0,0,0,0,0,0,28,0,52.58215962,34.27230047,6.57276995,6.57276995,0,0,11,11,55,0,11,0,0,11,0,0,0,0,0,0,0,9.69873746,365.6388,435.38,435.38,-1.02920438,0.9078,1927.377067,633.9523616,281.9233831,1796.79402,739.768041,1375.6,-0.51517627,-0.34225584,-0.20079562,1,0.25,0.16666667,0.33333333,0.6,1,0.16666667,0,0.35952381,0.16666667,0.375,0,0,0,0,0,0,0,0,0,0,0,0,0,0,0,0
1,16,0.33,1.75,10.22,0,0,0,0,0,0,367.93,0.09057971,46,24,47,25,7,2,0,12,22,18,1,3,0,1,0,1,0,0,0,2,6,1,47.82608696,39.13043478,2.17391304,6.52173913,2.17391304,0,2,2,12,0,2,0,0,0,2,0,0,0,0,0,0,-0.30083946,99.4409,57.61,65.99,3.54729949,5.0184,486.0022249,88.51485589,42.68334316,453.7209302,189.3282501,328.69,-4.40520457,-4.68993452,-4.77729949,0,1,1,1,0.8,0.5,1,1,0.9,0.16666667,1,1,0,0,0,0,0,1,0,0,0,0,0,0,0,1,0
1,13.9,0.3,4.69,6.17,0,0,0,0,0,0,551.02,0.06386555,56,35,59,38,7,5,0,12,21,22,0,8,0,2,2,1,0,0,0,3,13,3,37.5,39.28571429,0,14.28571429,5.35714286,0,4,7,24,2,2,0,0,0,4,0,0,0,2,0,0,-0.23125081,121.0505,124.04,140.8,2.85341266,2.8671,600.5797365,208.3741767,42.68334316,569.3023256,236.6976744,434.13,-3.81540076,-4.03074202,-4.08341266,0,0.75,0.83333333,0.83333333,0.7,0.5,0.66666667,1,0.7547619,0.33333333,0.75,0,0,0,0,0,0,0,0,0,0,0,0,0,0,0,0
1,0,0,0,0,0,0,0,0,0,0,551.07,0.06386555,60,35,63,38,8,4,0,12,25,23,0,7,0,2,2,1,0,0,0,3,12,3,41.66666667,38.33333333,0,11.66666667,5,0,4,7,24,2,2,0,0,0,4,0,0,0,2,0,0,-0.25959763,125.9734,106.97,123.73,3.06987419,2.7206,624.1438747,183.2292496,42.68334316,590.0996678,245.2211753,445.28,-3.99939306,-4.23638048,-4.29987419,0,0.75,0.83333333,0.83333333,0.7,0.5,0.83333333,1,0.77857143,0.16666667,0.875,0,0,0,0,0,0,0,0,0,0,0,0,0,0,0,0
1,12.24,0.25,3.79,4.76,0,0,0,0,0,0,522.59,0.06386555,55,35,58,38,5,4,2,12,20,23,2,6,0,2,2,0,0,0,0,2,12,2,36.36363636,41.81818182,3.63636364,10.90909091,3.63636364,0,4,7,24,2,2,0,0,0,4,0,0,0,2,0,0,-0.6519769,121.4863,134.32,151.08,1.97023375,2.291,587.7001205,202.664618,0,564.6013289,234.7710364,432.72,-3.06469869,-3.19172207,-3.20023375,0,0.75,0.83333333,0.83333333,0.7,0.5,0.66666667,1,0.7547619,0.33333333,0.75,0,0,0,0,0,0,0,0,0,0,0,0,0,0,0,0
1,14.49,0.32,3.72,9.37,0,0,0,0,0,0,560.98,0.06386555,53,35,56,38,5,4,0,12,18,21,0,6,0,2,5,1,0,0,0,3,14,6,33.96226415,39.62264151,0,11.32075472,11.32075472,0,4,7,24,2,2,0,0,0,4,0,0,0,2,0,0,-0.59528326,115.9267,86.74,103.5,3.72561089,5.3339,558.4047119,185.4262463,0,542.3089701,225.6348238,420.1,-4.55676926,-4.85933034,-4.95561089,0,0.75,0.83333333,0.83333333,0.7,0.5,0.83333333,1,0.77857143,0.16666667,0.875,0,0,0,0,0,0,0,0,0,0,0,0,0,0,0,0
1,13.31,0.25,2.29,8.08,0,0,0,0,0,0,491.62,0.06190476,66,36,69,39,10,3,0,17,30,27,5,3,0,0,1,0,0,0,0,0,9,1,45.45454545,40.90909091,7.57575758,4.54545455,1.51515152,0,4,4,22,0,4,0,0,2,2,0,0,0,0,0,0,-0.35505951,137.4179,83.2,83.2,3.56612833,3.4316,637.8067087,116.8109398,18.01075068,614.3189369,255.1471053,451.92,-4.42120908,-4.70782191,-4.79612833,0,1,0.66666667,0.83333333,0.8,0.5,1,1,0.82857143,0.16666667,0.875,0,0,0,0,0,0,0,0,0,0,0,0,0,0,0,0
1,15.89,0.29,0.39,15.3,0,0,0,0,0,0,435.61,0.06818182,62,33,65,36,6,1,0,24,29,29,3,1,0,0,0,0,0,0,0,0,4,0,46.77419355,46.77419355,4.83870968,1.61290323,0,0,4,4,24,0,4,0,0,0,4,0,0,0,0,0,0,-0.47226868,135.5722,45.23,45.23,4.22026237,5.443,597.7171914,63.06552116,18.01075068,591.2624585,245.6977289,424.69,-4.97722301,-5.32924925,-5.45026237,0,0.75,1,1,0.8,0.5,1,1,0.86428571,0.33333333,0.875,0,0,0,0,0,0,0,0,0,0,0,0,0,0,0,0
1,10.04,0.19,1.35,5.14,0,0,0,0,0,0,631.94,0.05151515,102,45,108,51,7,2,0,0,57,36,1,8,0,0,0,0,0,0,0,0,9,0,55.88235294,35.29411765,0.98039216,7.84313725,0,0,7,25,36,5,2,1,1,1,4,1,0,2,2,2,0,0.65990163,165.6511,123.55,123.55,3.27180004,3.7544,947.3228418,197.6668426,103.377437,814.6511628,337.2504766,620.88,-4.17103004,-4.42821004,-4.50180004,0,0.75,0.5,0.83333333,0.9,1,0.83333333,1,0.83095238,0.16666667,0.75,0,0,0,0,0,0,0,0,0,0,0,0,0,0,0,0
1,10.56,0.2,3.4,4.51,0,0,0,0,0,0,662.95,0.04902868,105,47,111,53,6,2,0,0,58,37,0,10,0,0,0,0,0,0,0,0,10,0,55.23809524,35.23809524,0,9.52380952,0,0,7,25,38,5,2,1,0,1,5,1,0,2,2,2,0,2.00262571,171.9363,155.14,155.14,2.31201162,2.3041,1017.879772,282.5611944,213.4167158,840.9800665,348.0410108,644.76,-3.35520987,-3.51641104,-3.54201162,0,0.75,0.5,0.83333333,0.9,1,0.66666667,0.5,0.73571429,0.16666667,0.625,0,0,0,0,0,0,0,0,0,0,0,0,0,0,0,0
1,13.06,0.25,1.56,8.08,0,0,0,0,0,0,485.79,0.0605042,82,35,83,36,13,3,0,6,47,29,3,3,0,0,0,0,0,0,0,0,6,0,57.31707317,35.36585366,3.65853659,3.65853659,0,0,2,2,12,0,2,0,0,0,2,0,0,0,0,0,0,0.10547856,141.9878,78.51,78.51,3.45721674,5.8555,773.8184915,114.5805964,36.02150137,696.8438538,288.9687926,518.17,-4.32863423,-4.6043559,-4.68721674,0,1,0.66666667,0.83333333,1,1,0.83333333,0.5,0.83333333,0.16666667,0.75,0,0,0,0,0,0,0,0,0,0,0,0,0,0,0,0
1,12.91,0.25,0.91,7.55,0,0,0,0,0,0,458.76,0.06439394,79,33,80,34,13,2,0,6,46,28,2,3,0,0,0,0,0,0,0,0,5,0,58.2278481,35.44303797,2.53164557,3.79746835,0,0,2,2,12,0,2,0,0,0,2,0,0,0,0,0,0,0.741508,134.2083,78.43,78.43,3.71023346,6.0875,755.7743311,128.9946986,78.70484453,664.0033223,275.5095583,492.51,-4.54369844,-4.84472178,-4.94023346,0,1,0.66666667,0.83333333,1,1,0.83333333,0.5,0.83333333,0.16666667,0.875,0,0,0,0,0,0,0,0,0,0,0,0,0,0,0,0
0,15.32,0.32,3.87,6.65,0,0,0,0,0,0,338.85,0.10822511,37,22,40,25,2,2,0,11,15,14,4,2,0,1,0,1,0,0,0,2,8,1,40.54054054,37.83783784,10.81081081,5.40540541,2.7027027,0,4,7,23,3,2,0,0,1,3,0,1,1,0,1,0,0.43800656,84.5892,78.09,86.47,1.25468446,1.7219,359.8406981,80.50527084,34.67375812,371.1461794,155.4861391,261.62,-2.45648179,-2.51195024,-2.48468446,0,1,1,1,0.8,0.5,1,1,0.9,0.5,1,1,1,1,0,1,0,0,0,1,1,1,0,1,1,1,1
1,21.07,0.44,5.27,10.69,0,0,0,0,0,0,381.92,0.09333333,45,25,48,28,4,2,0,11,20,17,3,3,0,1,0,1,0,0,0,2,8,1,44.44444444,37.77777778,6.66666667,6.66666667,2.22222222,0,4,7,23,3,2,0,0,1,3,0,1,1,0,1,0,-0.23781226,97.1263,75.29,83.67,1.9848735,2.7198,439.7895444,73.49440805,16.66300743,434.5348837,181.4651163,311.31,-3.07714247,-3.20562982,-3.2148735,0,1,1,1,0.8,0.5,1,1,0.9,0.33333333,1,1,1,1,0,0,0,1,0,1,1,0,0,1,1,1,0
1,14.42,0.27,2.75,9.5,0,0,0,0,0,0,514.53,0.06156156,59,37,63,41,5,1,0,22,22,25,6,2,0,0,4,0,0,0,0,0,12,4,37.28813559,42.37288136,10.16949153,3.38983051,6.77966102,0,5,6,29,1,4,0,0,2,2,1,0,0,0,1,0,-0.67072209,128.6775,78.07,78.07,3.87263398,4.7017,566.4192109,149.0986042,0,565.0664452,234.9616579,414.48,-4.68173888,-4.99900228,-5.10263398,0,0.75,0.83333333,0.83333333,0.7,0.5,0.83333333,1,0.77857143,0.16666667,0.75,0,0,0,0,0,0,0,0,0,0,0,0,0,0,0,0
1,10.91,0.21,0.76,8.14,0,0,0,0,0,0,582.53,0.05487805,62,41,66,45,6,1,0,22,21,26,6,2,0,0,7,0,0,0,0,0,15,7,33.87096774,41.93548387,9.67741935,3.22580645,11.29032258,0,5,6,29,1,4,0,0,2,2,1,0,0,0,1,0,-0.63005787,134.2784,78.07,78.07,4.36307148,5.7309,600.9972923,193.978944,0,597.2425249,248.1485758,449.99,-5.09861076,-5.46491791,-5.59307148,1,0.5,0.83333333,0.83333333,0.7,0.5,0.83333333,1,0.74285714,0.16666667,0.625,0,0,0,0,0,0,0,0,0,0,0,0,0,0,0,0
1,23.84,0.46,4.64,12.68,0,0,0,0,0,0,351.46,0.09666667,42,25,46,29,3,2,0,17,17,19,3,2,0,1,0,0,0,0,0,1,6,0,40.47619048,45.23809524,7.14285714,4.76190476,0,0,5,8,26,2,3,1,0,1,3,0,0,1,1,0,0,-0.31684923,97.524,66.06,74.44,3.03006211,4.1369,386.1406858,62.49452016,16.66300743,411.7940199,172.1450901,290.73,-3.9655528,-4.19855901,-4.26006211,0,1,1,1,0.8,0.5,1,1,0.9,0.33333333,0.875,1,0,1,0,1,0,1,0,1,0,0,0,1,0,1,0
1,20.94,0.42,4.64,12.11,0,0,0,0,0,0,435.46,0.07816092,46,30,50,34,4,2,0,17,16,20,3,3,0,1,3,0,0,0,0,1,10,3,34.7826087,43.47826087,6.52173913,6.52173913,6.52173913,0,5,8,26,2,3,1,0,1,3,0,0,1,1,0,0,-0.24987445,104.2125,75.29,83.67,3.08650264,5.1479,435.8343613,118.3747479,16.66300743,453.7209302,189.3282501,335.03,-4.01352725,-4.25217751,-4.31650264,0,1,1,1,0.6,0.5,1,1,0.87142857,0.16666667,0.875,1,0,0,0,0,0,1,0,0,0,0,0,0,0,0,0
1,15.38,0.32,4.16,9.72,0,0,0,0,0,0,565.63,0.06156156,61,37,65,41,3,4,0,12,24,24,1,5,0,2,5,0,0,0,0,2,13,5,39.3442623,39.3442623,1.63934426,8.19672131,8.19672131,0,5,11,30,3,2,0,0,0,5,0,0,0,3,0,0,-0.25764035,124.6631,89.54,106.3,4.13435163,4.7372,593.0001643,190.8313558,16.40499744,580.9800665,241.4836338,446.64,-4.90419888,-5.24763405,-5.36435163,0,0.75,0.83333333,0.83333333,0.7,0.5,0.83333333,1,0.77857143,0.33333333,0.75,0,0,0,0,0,0,0,0,0,0,0,0,0,0,0,0
1,15.54,0.33,4.51,9.68,0,0,0,0,0,0,540.57,0.06386555,56,35,59,38,5,4,0,12,21,22,0,6,0,2,5,0,0,0,0,2,13,5,37.5,39.28571429,0,10.71428571,8.92857143,0,4,7,24,2,2,0,0,0,4,0,0,0,2,0,0,-0.62363008,115.9846,86.74,103.5,3.72561089,3.4755,563.0795465,185.4262463,0,545.3820598,226.8942868,422.19,-4.55676926,-4.85933034,-4.95561089,0,0.75,0.83333333,0.83333333,0.7,0.5,0.83333333,1,0.77857143,0.16666667,0.875,0,0,0,0,0,0,0,0,0,0,0,0,0,0,0,0
1,17.53,0.38,5.37,10.24,0,0,0,0,0,0,507.01,0.07056452,53,32,56,35,5,4,0,12,21,21,0,6,0,2,2,1,0,0,0,3,11,3,39.62264151,39.62264151,0,11.32075472,5.66037736,0,4,7,24,2,2,0,0,0,4,0,0,0,2,0,0,-0.65047455,114.8157,86.74,103.5,3.41022818,3.1976,549.9033663,140.5459065,0,533.538206,222.0402484,401.89,-4.28869395,-4.55971677,-4.64022818,0,0.75,0.83333333,0.83333333,0.7,0.5,0.83333333,1,0.77857143,0.16666667,0.875,0,0,0,0,0,0,0,0,0,0,0,0,0,0,0,0
1,18.45,0.35,5.04,9.11,0,0,0,0,0,0,487.76,0.0605042,80,35,81,36,13,3,0,6,45,28,3,4,0,0,0,0,0,0,0,0,7,0,56.25,35,3.75,5,0,0,2,2,12,0,2,0,0,0,2,0,0,0,0,0,0,0.76327234,138.3599,98.74,98.74,2.50262647,4.8238,776.1194651,157.2639395,78.70484453,683.1893688,283.3726921,509.66,-3.5172325,-3.69749515,-3.73262647,0,1,0.66666667,0.83333333,1,1,0.83333333,0.5,0.83333333,0.33333333,0.75,0,0,0,0,0,0,0,0,0,0,0,0,0,0,0,0
0,0,0,0,0,0,1,1,0,0,2,485.49,0.06595365,57,34,60,37,6,1,0,12,23,24,2,2,0,0,6,0,0,0,0,0,10,6,40.35087719,42.10526316,3.50877193,3.50877193,10.52631579,-1,4,4,21,0,4,1,0,0,3,0,0,0,0,0,0,-0.70012714,110.5924,56.26,56.26,4.67331976,5.1714,547.4038059,161.4379895,0,524.2358804,218.2278198,408.72,-5.36232179,-5.75965377,-5.90331976,0,0.75,0.66666667,1,1,1,1,1,0.91666667,0.33333333,0.75,0,0,0,0,0,0,0,0,0,0,0,0,0,0,0,0
1,12.76,0.24,-0.91,11.04,0,1,1,0,0,2,461.6,0.06628788,65,33,67,35,8,1,0,12,32,26,2,2,0,0,3,0,0,0,0,0,7,3,49.23076923,40,3.07692308,3.07692308,4.61538462,-1,3,3,18,0,3,0,0,0,3,0,0,0,0,0,0,-0.78120888,120.2912,56.26,56.26,4.50481411,5.7282,627.1794808,116.5576497,0,580.3156146,241.2113175,437.47,-5.219092,-5.59957341,-5.73481411,0,0.75,0.66666667,1,1,1,1,1,0.91666667,0.33333333,0.75,0,0,0,0,0,0,0,0,0,0,0,0,0,0,0,0
0,9.47,0.19,-2.02,7.39,0,1,1,0,0,2,516.56,0.06031746,64,36,66,38,8,1,0,12,28,25,3,2,0,0,6,0,0,0,0,0,11,6,43.75,39.0625,4.6875,3.125,9.375,-1,3,3,18,0,3,0,0,0,3,0,0,0,0,0,0,-0.68917513,117.6546,69.15,69.15,4.89592364,5.8614,630.3613517,178.223519,0,582.2591362,242.0078427,449.38,-5.55153509,-5.97112745,-6.12592364,1,0.5,0.66666667,0.83333333,0.9,1,0.83333333,1,0.81904762,0.16666667,0.75,0,0,0,0,0,0,0,0,0,0,0,0,0,0,0,0
1,11.79,0.23,-0.82,9.2,0,1,1,0,0,2,516.56,0.06031746,64,36,66,38,8,1,0,12,28,25,3,2,0,0,6,0,0,0,0,0,11,6,43.75,39.0625,4.6875,3.125,9.375,-1,3,3,18,0,3,0,0,0,3,0,0,0,0,0,0,-0.68917513,118.0266,69.15,69.15,4.89592364,5.4329,630.3613517,178.223519,0,582.2591362,242.0078427,449.38,-5.55153509,-5.97112745,-6.12592364,1,0.5,0.66666667,0.83333333,0.9,1,0.83333333,1,0.81904762,0.16666667,0.75,0,0,0,0,0,0,0,0,0,0,0,0,0,0,0,0
0,8.7,0.17,-3.07,8.61,0,1,1,0,0,2,527.58,0.06006006,66,37,69,40,6,1,0,12,29,27,2,2,0,0,6,0,0,0,0,0,10,6,43.93939394,40.90909091,3.03030303,3.03030303,9.09090909,-1,4,4,24,0,4,0,0,0,4,0,0,0,0,0,0,-0.72437986,124.3954,56.26,56.26,5.25981884,6.54,625.6340131,161.4379895,0,594.4518272,247.0048472,460.62,-5.86084601,-6.3168279,-6.48981884,1,0.5,0.66666667,0.66666667,0.8,1,0.66666667,1,0.75714286,0.33333333,0.75,0,0,0,0,0,0,0,0,0,0,0,0,0,0,0,0
1,17.35,0.39,3.8,10.26,0,0,0,0,0,0,393.37,0.09057971,46,24,47,25,6,3,0,6,22,16,2,3,0,1,0,2,0,0,0,3,8,2,47.82608696,34.7826087,4.34782609,6.52173913,4.34782609,0,2,2,13,0,2,0,0,0,1,1,0,0,0,0,0,-0.21856297,96.8297,66.48,74.86,2.43062608,3.6616,487.679668,88.98719044,18.01075068,458.1063123,191.1255378,336.48,-3.45603217,-3.62909478,-3.66062608,0,1,1,1,1,1,1,1,1,0.33333333,1,1,0,1,0,0,0,1,0,1,0,0,0,1,0,1,0
1,14.36,0.26,1.62,7.8,0,0,0,0,0,0,372.46,0.08201058,48,28,51,31,6,1,0,22,20,22,4,2,0,0,0,0,0,0,0,0,6,0,41.66666667,45.83333333,8.33333333,4.16666667,0,0,4,5,23,1,3,0,0,1,3,0,0,1,0,0,0,-0.35848085,106.3116,68.52,68.52,2.44889954,3.3441,464.1638584,87.7266247,18.01075068,468.0398671,195.1966669,328.66,-3.47156461,-3.64645457,-3.67889954,0,1,1,1,0.6,0,1,1,0.8,0.33333333,1,1,1,1,0,1,0,1,0,1,1,0,0,1,1,1,0
1,11.11,0.24,0.59,9.28,0,0,0,0,0,0,481.37,0.0688172,43,31,44,32,5,2,0,12,12,17,1,3,0,1,9,0,0,0,0,1,14,9,27.90697674,39.53488372,2.3255814,6.97674419,20.93023256,0,2,2,12,0,2,0,0,0,2,0,0,0,0,0,0,-0.13691185,91.6318,57.61,65.99,3.83969712,5.4462,476.6089699,223.1558753,42.68334316,436.2956811,182.1867545,350.81,-4.65374255,-4.96771227,-5.06969712,0,1,0.83333333,1,0.6,0.5,1,1,0.84761905,0.16666667,0.75,0,0,0,0,0,0,0,0,0,0,0,0,0,0,0,0
1,17.44,0.36,5.07,18.27,0,0,0,0,0,0,551.66,0.06156156,68,37,72,41,4,3,0,6,31,25,3,2,0,1,6,0,0,0,0,1,12,6,45.58823529,36.76470588,4.41176471,2.94117647,8.82352941,0,5,8,29,3,2,0,0,2,2,1,1,0,0,1,1,-0.28446923,130.3994,52.65,61.03,4.84571912,5.4104,612.0161819,155.1215037,16.40499744,598.3388704,248.5978977,463.31,-5.50886125,-5.92343316,-6.07571912,1,0.5,0.66666667,0.83333333,0.9,1,0.83333333,1,0.81904762,0.16666667,0.625,0,0,0,0,0,0,0,0,0,0,0,0,0,0,0,0
1,19.19,0.42,2.85,13.4,0,0,0,0,0,0,402.37,0.08666667,46,25,47,26,7,2,0,12,21,18,1,3,0,1,0,2,0,0,0,3,7,2,45.65217391,39.13043478,2.17391304,6.52173913,4.34782609,0,2,2,12,0,2,0,0,0,2,0,0,0,0,0,0,-0.27733075,103.6227,57.61,65.99,4.04280108,5.5741,511.5890942,88.51485589,42.68334316,474.0531562,197.6611296,343.9,-4.82638092,-5.16066103,-5.27280108,0,1,1,1,0.8,0.5,1,1,0.9,0.16666667,1,1,0,0,0,0,0,0,0,0,0,0,0,0,0,0,0
1,15.08,0.29,4.6,7.39,0,0,0,0,0,0,544.63,0.05668016,70,39,73,42,7,4,0,12,31,28,4,4,0,0,3,0,0,0,0,0,11,3,44.28571429,40,5.71428571,5.71428571,4.28571429,0,4,5,23,1,3,0,1,0,2,1,0,0,0,1,0,0.79853837,137.762,111.1,111.1,4.02955839,4.3896,697.4592427,218.9298089,78.70484453,643.8870432,267.2651816,492.69,-4.81512463,-5.14808047,-5.25955839,0,0.75,0.83333333,0.83333333,0.9,1,0.83333333,1,0.87857143,0.16666667,0.875,0,0,0,0,0,0,0,0,0,0,0,0,0,0,0,0
1,14.61,0.3,2.76,9.68,0,0,0,0,0,0,577.17,0.05937922,73,39,78,44,7,3,0,12,34,29,2,5,0,1,1,1,0,0,0,2,10,2,46.57534247,39.7260274,2.73972603,6.84931507,2.73972603,0,6,6,30,0,6,2,0,0,4,0,0,0,0,0,0,-0.35786463,146.0923,87.15,95.53,3.96332652,5.396,703.0991551,142.744098,42.68334316,670.8803987,278.3280322,501.56,-4.75882754,-5.0851602,-5.19332652,0,0.75,0.66666667,0.83333333,0.9,1,0.83333333,1,0.8547619,0.16666667,0.75,0,0,0,0,0,0,0,0,0,0,0,0,0,0,0,0
1,12.65,0.25,1.74,11.24,0,0,0,0,0,0,623.78,0.05315615,80,43,85,48,7,3,0,12,37,31,3,4,0,1,4,0,0,0,0,1,12,4,46.25,38.75,3.75,5,5,0,6,6,33,0,6,1,0,0,5,0,0,0,0,0,0,-0.71655047,153.9733,70.16,78.54,4.6993601,6.267,728.0121227,148.0654085,0,712.9568106,295.5724634,541.37,-5.38445608,-5.78439209,-5.9293601,1,0.5,0.5,0.83333333,0.9,1,0.83333333,1,0.7952381,0.16666667,0.625,0,0,0,0,0,0,0,0,0,0,0,0,0,0,0,0
1,13,0.26,3.11,8.34,0,0,0,0,0,0,580.18,0.05802969,74,39,78,43,8,3,0,12,35,28,3,5,0,1,1,1,0,0,0,2,11,2,47.2972973,37.83783784,4.05405405,6.75675676,2.7027027,0,5,5,27,0,5,1,0,0,4,0,0,0,0,0,0,-0.33239959,147.2972,90.39,98.77,3.02351235,5.0823,720.893057,145.8684119,42.68334316,682.0930233,282.9233702,507.62,-3.95998549,-4.19233673,-4.25351235,0,0.75,0.83333333,0.83333333,0.9,1,0.83333333,1,0.87857143,0.16666667,0.75,0,0,0,0,0,0,0,0,0,0,0,0,0,0,0,0
1,12.3,0.25,1.94,8.63,0,0,0,0,0,0,554.11,0.06156156,67,37,71,41,6,3,0,12,30,26,3,4,0,1,2,1,0,0,0,2,11,3,44.7761194,38.80597015,4.47761194,5.97014925,4.47761194,0,5,5,27,0,5,1,0,0,4,0,0,0,0,0,0,-0.31129811,135.9266,78.95,87.33,3.74767187,5.2913,646.7398201,133.0316188,18.01075068,628.4551495,260.940635,470.3,-4.57552109,-4.88028828,-4.97767187,0,0.75,0.83333333,0.83333333,0.9,1,0.83333333,1,0.87857143,0.16666667,0.75,0,0,0,0,0,0,0,0,0,0,0,0,0,0,0,0
0,0,0,0,0,0,0,0,0,0,0,241.26,0.13071895,29,18,31,20,3,1,0,15,11,14,1,3,0,0,0,0,0,0,0,0,4,0,37.93103448,48.27586207,3.44827586,10.34482759,0,0,3,6,17,2,1,0,0,1,2,0,0,2,0,0,0,0.37434253,66.1702,62.32,62.32,1.87016819,2.9764,288.0672281,78.82815808,59.46887271,287.4252492,121.1742825,199.87,-2.97964296,-3.09665978,-3.10016819,0,1,1,1,0.6,0,1,1,0.8,0.66666667,1,1,0,1,0,0,0,0,0,1,0,1,1,1,0,1,0
0,11.25,0.22,1.4,3.73,0,0,1,0,0,1,426.43,0.07586207,44,30,47,33,6,4,0,21,14,20,2,7,0,1,0,0,0,0,0,1,10,0,31.81818182,45.45454545,4.54545455,15.90909091,0,0,4,7,23,2,2,0,0,1,3,0,0,2,0,0,0,-0.24987445,104.3637,125.64,134.02,2.04146697,1.3067,469.7465779,175.3507058,42.68334316,463.986711,193.5355373,334.52,-3.12524692,-3.25939362,-3.27146697,0,1,0.83333333,1,0.4,0,1,1,0.74761905,0.33333333,1,1,0,0,0,0,0,0,0,1,1,0,0,1,0,1,0
1,14.11,0.28,2.16,8.84,0,0,0,0,0,0,500.06,0.06595365,60,34,63,37,8,3,0,18,26,25,3,4,0,1,0,1,0,0,0,2,9,1,43.33333333,41.66666667,5,6.66666667,1.66666667,0,4,5,24,1,3,0,0,0,4,0,0,0,1,0,0,-0.7292991,132.4086,79.81,88.19,2.86255674,5.1908,609.3880207,101.8861711,0,595.8139535,247.5630957,434.4,-3.82317323,-4.0394289,-4.09255674,0,0.75,0.83333333,0.83333333,0.7,0.5,0.83333333,1,0.77857143,0.33333333,0.875,0,0,0,0,0,0,0,0,0,0,0,0,0,0,0,0
1,18.35,0.35,2.38,12.32,0,0,0,0,0,0,373.52,0.08831909,46,27,50,31,3,0,0,22,19,21,5,0,0,1,0,0,0,0,0,1,6,0,41.30434783,45.65217391,10.86956522,0,0,0,5,8,29,2,3,0,0,2,2,1,0,0,1,1,0,-0.34555568,108.9382,55.63,83.87,5.10455823,4.3036,432.8647439,68.24481721,18.01075068,457.9734219,191.0710746,313.57,-5.7288745,-6.16933032,-6.33455823,0,0.75,0.83333333,0.83333333,0.5,0.5,0.83333333,1,0.75,0.33333333,0.75,1,0,1,0,1,0,1,0,1,0,0,0,1,0,1,0
1,14.55,0.3,2.31,9.52,0,0,0,0,0,0,435.03,0.07635468,56,29,58,31,8,3,0,12,27,22,2,3,0,1,0,1,0,0,0,2,7,1,48.21428571,39.28571429,3.57142857,5.35714286,1.78571429,0,3,3,19,0,3,0,0,0,2,1,0,0,0,0,0,-0.3364416,116.5464,66.48,74.86,3.31413924,5.1721,557.6383146,88.98719044,18.01075068,538.7375415,224.1711236,393.89,-4.20701836,-4.46843228,-4.54413924,0,1,1,1,1,0.5,1,1,0.92857143,0.16666667,1,1,0,0,0,0,0,1,0,0,0,0,0,0,0,0,0
1,13.99,0.27,1.94,8.66,0,0,0,0,0,0,485.79,0.0605042,82,35,83,36,14,3,0,6,47,29,3,3,0,0,0,0,0,0,0,0,6,0,57.31707317,35.36585366,3.65853659,3.65853659,0,0,2,2,12,0,2,0,0,0,2,0,0,0,0,0,0,0.10547856,141.5476,78.51,78.51,3.45721674,5.8255,773.8184915,114.5805964,36.02150137,696.8438538,288.9687926,518.17,-4.32863423,-4.6043559,-4.68721674,0,1,0.66666667,0.83333333,1,1,0.83333333,0.5,0.83333333,0.16666667,0.75,0,0,0,0,0,0,0,0,0,0,0,0,0,0,0,0
1,0,0,0,0,0,0,0,0,0,0,478.67,0.06238859,73,34,74,35,13,3,0,6,39,26,2,5,0,0,1,0,0,0,0,0,8,1,53.42465753,35.61643836,2.73972603,6.84931507,1.36986301,0,2,2,12,0,2,0,0,0,2,0,0,0,0,0,0,0.81113284,127.1538,104.73,104.73,2.87812464,4.5256,722.0157635,180.0996268,78.70484453,632.4750831,262.5881488,478.92,-3.83640594,-4.0542184,-4.10812464,0,1,0.66666667,0.83333333,1,1,0.83333333,0.5,0.83333333,0.33333333,0.75,0,0,0,0,0,0,0,0,0,0,0,0,0,0,0,0
0,9.37,0.19,0.58,4.79,0,0,0,0,0,0,469.56,0.07526882,49,31,53,35,3,2,0,16,18,19,5,2,0,2,3,0,0,0,0,2,12,3,36.73469388,38.7755102,10.20408163,4.08163265,6.12244898,0,5,8,28,3,3,0,0,2,3,0,1,1,0,1,0,-0.20083697,110.7036,91.84,128.46,1.64446623,2.8545,477.6236344,140.9459191,16.66300743,488.0232558,203.3865803,352.09,-2.78779629,-2.88224292,-2.87446623,0,1,0.83333333,1,0.8,0.5,1,1,0.87619048,0.5,0.75,1,0,0,0,0,0,0,0,1,0,0,0,1,0,0,0
0,8.91,0.18,-1.06,5.99,0,0,0,0,0,0,530.64,0.06507937,57,36,62,41,4,2,0,22,21,25,4,2,0,2,3,0,0,0,0,2,11,3,36.84210526,43.85964912,7.01754386,3.50877193,5.26315789,0,6,9,34,3,4,0,0,2,4,0,1,1,0,1,0,-0.2999255,133.9539,78.95,115.57,3.72268582,5.0449,548.2269212,124.1603895,16.66300743,572.4086379,237.9707532,413.71,-4.55428295,-4.85655153,-4.95268582,0,0.75,0.66666667,0.83333333,0.7,0.5,0.83333333,1,0.7547619,0.16666667,0.75,0,0,0,0,0,0,0,0,0,0,0,0,0,0,0,0
0,11.11,0.22,0.98,6.56,0,0,0,0,0,0,466.5,0.07258065,50,32,54,36,3,2,0,17,18,21,4,2,0,1,4,0,0,0,0,1,11,4,36,42,8,4,8,0,5,8,29,3,3,0,0,1,4,0,1,1,0,1,0,-0.24779983,109.475,78.95,87.33,3.14222818,4.263,474.5715139,139.1205028,16.66300743,486.8770764,202.9168346,360.61,-4.06089395,-4.30511677,-4.37222818,0,1,0.83333333,1,0.8,0.5,1,1,0.87619048,0.33333333,0.75,1,0,0,0,0,0,0,0,1,0,0,0,1,0,0,0
0,10.89,0.23,0.21,6.92,0,0,0,0,0,0,419.99,0.08831909,45,27,49,31,3,2,0,16,18,19,3,2,0,2,0,1,0,0,0,3,8,1,40,42.22222222,6.66666667,4.44444444,2.22222222,0,5,8,28,3,3,0,0,2,3,0,1,1,0,1,0,-0.27229005,108.8297,66.06,102.68,3.06351767,4.0828,449.2861077,62.49452016,16.66300743,466.4285714,194.5362998,327.09,-3.99399002,-4.23034178,-4.29351767,0,1,1,1,0.8,0.5,1,1,0.9,0.33333333,0.875,1,0,1,0,0,0,1,0,1,0,0,0,1,0,1,0
1,14,0.28,2.25,11.54,0,0,0,0,0,0,578.21,0.05802969,76,39,80,43,7,3,0,12,37,29,3,4,0,1,1,1,0,0,0,2,10,2,48.68421053,38.15789474,3.94736842,5.26315789,2.63157895,0,5,5,30,0,5,0,0,0,5,0,0,0,0,0,0,-0.73848628,151.0289,70.16,78.54,3.96332652,5.969,716.8937956,103.1850687,0,695.7475083,288.5194706,516.13,-4.75882754,-5.0851602,-5.19332652,0,0.75,0.83333333,0.83333333,0.9,1,0.83333333,1,0.87857143,0.16666667,0.75,0,0,0,0,0,0,0,0,0,0,0,0,0,0,0,0
1,16.9,0.31,1.99,14.97,0,0,0,0,0,0,419.54,0.07311828,57,31,60,34,5,2,0,17,26,25,3,2,0,0,1,0,0,0,0,0,6,1,45.61403509,43.85964912,5.26315789,3.50877193,1.75438596,0,4,4,23,0,4,0,0,1,3,0,0,0,0,0,0,-0.79906392,119.8326,47.36,47.36,4.02954173,4.3053,542.2860587,71.01477163,0,531.7441861,221.3049943,389.17,-4.81511047,-5.14806464,-5.25954173,0,1,1,1,0.8,0.5,1,1,0.9,0.33333333,1,1,0,0,0,0,0,1,1,1,0,0,0,1,0,1,0
0,0,0,0,0,0,0,0,0,0,0,581.76,0.05342625,80,42,84,46,6,0,0,22,38,31,7,1,0,0,3,0,0,0,0,0,11,3,47.5,38.75,8.75,1.25,3.75,0,5,6,29,1,4,0,0,1,4,0,0,1,0,0,0,-0.36051213,159.4395,71.34,71.34,5.8146369,8.1718,748.1095354,130.4961948,18.01075068,716.5448505,297.0429715,517.06,-6.33244136,-6.84390505,-7.0446369,1,0.5,0.66666667,0.66666667,0.8,1,0.66666667,1,0.75714286,0.16666667,0.625,0,0,0,0,0,0,0,0,0,0,0,0,0,0,0,0
0,10.71,0.2,0.61,6.72,0,0,0,0,0,0,470.69,0.06554622,69,35,73,39,6,0,0,22,34,27,8,0,0,0,0,0,0,0,0,0,8,0,49.27536232,39.13043478,11.5942029,0,0,0,5,6,29,1,4,0,0,1,4,0,0,1,0,0,0,-0.37298492,140.4268,75,75,4.48912088,5.0175,630.467273,91.40149666,18.01075068,620.9800665,257.8770764,431.86,-5.20575275,-5.58466484,-5.71912088,0,0.75,0.83333333,1,0.8,0.5,1,1,0.84047619,0.16666667,0.625,0,0,0,0,0,0,0,0,0,0,0,0,0,0,0,0
1,14.91,0.28,2.83,7.82,0,0,0,0,0,0,457.73,0.06439394,76,33,77,34,12,3,0,6,43,27,3,3,0,0,0,0,0,0,0,0,6,0,56.57894737,35.52631579,3.94736842,3.94736842,0,0,2,2,12,0,2,0,0,0,2,0,0,0,0,0,0,0.7715545,131.9207,87.3,87.3,3.06349432,5.0265,722.6746504,129.4670332,54.03225205,650.0332226,269.7841076,483.57,-3.99397017,-4.23031961,-4.29349432,0,1,0.66666667,0.83333333,1,1,0.83333333,0.5,0.83333333,0.16666667,0.875,0,0,0,0,0,0,0,0,0,0,0,0,0,0,0,0
1,12.28,0.24,-0.74,11.23,0,1,1,0,0,2,487.51,0.06417112,59,34,61,36,6,1,0,12,25,24,2,2,0,0,6,0,0,0,0,0,10,6,42.37288136,40.6779661,3.38983051,3.38983051,10.16949153,-1,3,3,18,0,3,0,0,0,3,0,0,0,0,0,0,-0.70012714,112.3946,56.26,56.26,4.67331976,5.543,583.5273549,161.4379895,0,542.2757475,225.621208,421.08,-5.36232179,-5.75965377,-5.90331976,0,0.75,0.66666667,1,1,1,1,1,0.91666667,0.33333333,0.75,0,0,0,0,0,0,0,0,0,0,0,0,0,0,0,0
1,0,0,0,0,0,0,0,0,0,0,1343.93,0.0212766,209,95,209,95,39,13,0,6,114,67,12,16,0,0,0,0,0,0,0,0,28,0,54.54545455,32.05741627,5.74162679,7.65550239,0,0,1,1,6,0,1,0,0,0,1,0,0,0,0,0,0,6.60728189,353.9395,393.96,393.96,-1.18497143,5.2982,2127.392034,576.0127233,216.1290082,1808.820598,744.6969664,1374.8,-0.38277428,-0.19427714,-0.04502857,1,0.25,0.33333333,0.33333333,0.6,1,0.16666667,0,0.38333333,0.16666667,0.5,0,0,0,0,0,0,0,0,0,0,0,0,0,0,0,0
1,0,0,0,0,0,0,0,0,0,0,367.95,0.1027668,41,23,44,26,3,2,0,11,18,17,1,2,0,2,0,1,0,0,0,3,6,1,43.90243902,41.46341463,2.43902439,4.87804878,2.43902439,0,4,7,23,3,2,0,0,2,1,1,1,0,0,1,1,-0.28354083,94.8185,46.17,82.79,3.54032485,4.3686,412.1006462,60.71794951,16.40499744,418.7873754,175.0112194,299.03,-4.39927612,-4.6833086,-4.77032485,0,1,1,1,0.8,0.5,1,1,0.9,0.5,1,1,0,1,0,1,0,1,0,1,0,0,0,1,0,1,0
1,0,0,0,0,0,0,0,0,0,0,1443.08,0.01980198,225,102,225,102,42,14,0,6,123,72,13,17,0,0,0,0,0,0,0,0,30,0,54.66666667,32,5.77777778,7.55555556,0,0,1,1,6,0,1,0,0,0,1,0,0,0,0,0,0,7.27261891,380.3074,423.06,423.06,-1.46822611,5.7919,2287.071587,619.168401,234.1397589,1945.033223,800.5218125,1478.45,-0.1420078,0.07481481,0.23822611,1,0.25,0.33333333,0.33333333,0.6,1,0.16666667,0,0.38333333,0.16666667,0.5,0,0,0,0,0,0,0,0,0,0,0,0,0,0,0,0
0,0,0,0,0,0,0,0,0,0,0,517.43,0.06386555,48,35,51,38,5,3,0,21,13,22,1,5,0,1,6,0,0,0,0,1,13,6,27.08333333,45.83333333,2.08333333,10.41666667,12.5,0,4,7,23,2,2,0,0,1,3,0,0,2,0,0,0,-0.23125081,111.4335,85.6,93.98,4.07734393,6.2183,498.6390706,212.9017898,42.68334316,499.4019934,208.0499973,379.6,-4.85574234,-5.19347673,-5.30734393,0,0.75,0.83333333,0.83333333,0.3,0,0.83333333,1,0.65,0.16666667,0.875,0,0,0,0,0,0,0,0,0,0,0,0,0,0,0,0
1,12.62,0.26,1.99,9.32,0,0,0,0,0,0,518.13,0.06554622,67,35,71,39,6,3,0,12,32,26,3,4,0,1,0,1,0,0,0,2,9,1,47.76119403,38.80597015,4.47761194,5.97014925,1.49253731,0,5,6,29,1,4,0,0,1,4,0,0,0,1,0,0,-0.73701737,138.1962,70.16,78.54,3.28140418,4.9809,631.6448384,88.22495543,0,622.6079734,258.5442514,458.16,-4.17919355,-4.43733397,-4.51140418,0,0.75,0.83333333,0.83333333,0.9,1,0.83333333,1,0.87857143,0.16666667,0.75,0,0,0,0,0,0,0,0,0,0,0,0,0,0,0,0
1,12.8,0.26,2.24,7.98,0,0,0,0,0,0,492.09,0.06818182,63,33,66,36,8,3,0,12,30,24,3,4,0,1,0,1,0,0,0,2,9,1,47.61904762,38.0952381,4.76190476,6.34920635,1.58730159,0,4,5,23,1,3,0,0,1,3,0,0,0,1,0,0,-0.32203621,130.4031,78.95,87.33,2.87582815,4.894,612.8684056,103.1113922,18.01075068,593.8372093,246.7529546,435.92,-3.83445393,-4.05203674,-4.10582815,0,1,0.83333333,1,1,1,1,1,0.97619048,0.33333333,0.875,0,0,0,0,0,0,0,0,0,0,0,0,0,0,0,0
1,10.72,0.22,0.85,4.65,0,0,1,0,0,1,516.01,0.06386555,57,35,60,38,8,4,0,18,22,24,3,6,0,1,0,1,0,0,0,2,11,1,38.59649123,42.10526316,5.26315789,10.52631579,1.75438596,0,4,5,24,1,3,0,0,0,4,0,0,0,1,0,0,-0.28794445,129.7984,115.75,124.13,2.9928701,2.7597,600.0711836,152.196674,18.01075068,584.7674419,243.0358368,432.04,-3.93393958,-4.16322659,-4.2228701,0,0.75,0.66666667,0.83333333,0.5,0.5,0.83333333,1,0.72619048,0.33333333,0.75,0,0,0,0,0,0,0,0,0,0,0,0,0,0,0,0
1,12.07,0.24,1.26,9.4,0,0,0,0,0,0,546.19,0.06156156,73,37,77,41,6,3,0,12,36,28,3,4,0,1,0,1,0,0,0,2,9,1,49.31506849,38.35616438,4.10958904,5.47945205,1.36986301,0,5,6,31,1,4,0,0,0,4,1,0,0,1,0,0,-0.75120874,147.3982,70.16,78.54,3.67512659,5.8933,683.7983099,88.22495543,0,669.4186047,277.7289363,492.76,-4.5138576,-4.81137026,-4.90512659,0,0.75,0.83333333,0.83333333,0.9,1,0.83333333,1,0.87857143,0.16666667,0.75,0,0,0,0,0,0,0,0,0,0,0,0,0,0,0,0
0,9.39,0.19,-3.17,6.64,0,0,0,0,0,0,540.17,0.06006006,71,37,74,40,7,3,0,21,34,30,1,4,0,1,0,1,0,0,0,2,7,1,47.88732394,42.25352113,1.4084507,5.63380282,1.4084507,0,4,7,23,2,2,0,0,1,3,0,0,2,0,0,0,-0.41861365,150.0474,76.37,84.75,5.49559896,9.0293,711.5611353,112.1412223,42.68334316,679.6843854,281.9362235,488,-6.06125911,-6.54081901,-6.72559896,1,0.5,0.66666667,0.66666667,0.6,0.5,0.66666667,1,0.65714286,0.16666667,0.75,0,0,0,0,0,0,0,0,0,0,0,0,0,0,0,0
0,0,0,0,0,0,0,0,0,0,0,344.45,0.08923077,46,26,49,29,5,0,0,22,20,21,4,1,0,0,0,0,0,0,0,0,5,0,43.47826087,45.65217391,8.69565217,2.17391304,0,0,4,4,22,0,4,0,0,2,2,0,0,0,0,0,0,-0.7984435,103.0747,44.87,44.87,3.21255823,3.5177,437.244575,44.44842487,0,442.0265781,184.5354828,305.21,-4.1206745,-4.37193032,-4.44255823,0,1,1,1,0.6,0.5,1,1,0.87142857,0.33333333,1,1,1,1,0,1,0,1,0,1,0,0,0,1,1,1,0
0,12.63,0.24,0.71,9.04,0,0,0,0,0,0,413.44,0.07586207,48,30,51,33,5,0,0,22,18,21,5,1,0,0,3,0,0,0,0,0,9,3,37.5,43.75,10.41666667,2.08333333,6.25,0,4,4,22,0,4,0,0,2,2,0,0,0,0,0,0,-0.69331597,108.5397,57.76,57.76,4.11528478,4.4211,467.1157922,105.86925,0,467.3754153,194.9243505,334.42,-4.88799207,-5.22952054,-5.34528478,0,1,1,1,0.6,0.5,1,1,0.87142857,0.33333333,1,1,0,1,0,0,0,1,0,1,0,0,0,1,0,1,0
0,0,0,0,0,0,0,0,0,0,0,353.5,0.08615385,53,26,55,28,10,1,0,15,27,22,1,3,0,0,0,0,0,0,0,0,4,0,50.94339623,41.50943396,1.88679245,5.66037736,0,0,3,6,17,2,1,0,0,1,2,0,0,2,0,0,0,-0.40775594,103.3441,51.46,51.46,4.67012044,6.3358,499.4276243,78.82815808,42.68334316,474.6677741,197.9130222,338.27,-5.35960237,-5.75661442,-5.90012044,0,0.75,0.66666667,0.83333333,0.8,0.5,1,1,0.79285714,0.33333333,0.875,0,0,0,0,0,0,0,0,0,0,0,0,0,0,0,0
0,0,0,0,0,0,0,0,0,0,0,401.56,0.07586207,57,30,60,33,6,0,0,22,27,24,5,1,0,0,0,0,0,0,0,0,6,0,47.36842105,42.10526316,8.77192982,1.75438596,0,0,4,4,22,0,4,0,0,2,2,0,0,0,0,0,0,-0.79236111,121.2319,57.76,57.76,4.16536445,4.8792,546.8914671,60.98891019,0,528.820598,220.1068025,368.11,-4.93055978,-5.27709622,-5.39536445,0,0.75,1,1,0.8,0.5,1,1,0.86428571,0.33333333,1,1,0,0,0,0,0,1,0,0,0,0,0,0,0,1,0
0,20.42,0.38,3.21,10.75,0,0,0,0,0,0,245.3,0.12418301,33,18,34,19,3,3,0,6,15,14,1,3,0,0,0,0,0,0,0,0,4,0,45.45454545,42.42424242,3.03030303,9.09090909,0,0,2,2,12,0,2,0,0,0,2,0,0,0,0,0,0,-0.76349584,68.6159,46.61,46.61,1.28996367,2.1789,337.919167,64.41405585,0,312.6079734,131.4950711,236.67,-2.48646912,-2.54546549,-2.51996367,0,1,1,1,0.8,0.5,1,1,0.9,0.83333333,1,1,0,1,0,1,0,0,0,1,0,1,1,1,0,1,1
1,14.45,0.26,2.12,9.62,0,0,0,0,0,0,412.53,0.07526882,55,31,59,35,4,1,0,22,24,25,4,2,0,0,0,0,0,0,0,0,6,0,43.63636364,45.45454545,7.27272727,3.63636364,0,0,5,8,29,2,3,0,0,2,2,1,0,0,1,1,0,-0.79906392,120.0653,61.94,61.94,3.75652283,4.1224,509.0170269,69.71587402,0,520.2159468,216.5803061,368.2,-4.58304441,-4.88869669,-4.98652283,0,1,1,1,0.8,0.5,1,1,0.9,0.16666667,0.875,1,0,0,0,0,0,1,0,1,0,0,0,1,0,1,0
1,22.66,0.43,2.97,14.94,0,0,0,0,0,0,234.32,0.13235294,35,17,36,18,4,1,0,6,18,14,0,3,0,0,0,0,0,0,0,0,3,0,51.42857143,40,0,8.57142857,0,0,2,2,12,0,2,0,0,0,2,0,0,0,0,0,0,-0.80724374,65.2908,35.53,35.53,1.45421589,1.9275,337.8038659,47.14470281,0,310.3156146,130.5555798,230.95,-2.62608351,-2.7015051,-2.68421589,0,1,1,1,1,1,1,1,1,0.83333333,1,1,0,1,0,1,0,0,0,1,0,1,1,1,0,1,0
1,14.38,0.28,2.24,12.02,0,0,0,0,0,0,519.58,0.06306306,63,37,68,42,4,0,0,17,26,25,7,0,0,0,5,0,0,0,0,0,12,5,41.26984127,39.68253968,11.11111111,0,7.93650794,0,6,8,35,3,4,0,0,2,3,2,0,0,1,0,0,-0.28446923,131.2102,62.11,62.11,5.34851814,5.8242,558.407714,149.2940114,18.01075068,568.4551495,236.3504711,420.43,-5.93624042,-6.40109223,-6.57851814,1,0.5,0.5,0.66666667,0.6,0.5,0.66666667,1,0.63333333,0.16666667,0.625,0,0,0,0,0,0,0,0,0,0,0,0,0,0,0,0
1,16.94,0.32,4.37,8.5,0,0,0,0,0,0,442.53,0.07459677,56,32,61,37,4,0,0,16,24,21,8,1,0,0,2,0,0,0,0,0,11,2,42.85714286,37.5,14.28571429,1.78571429,3.57142857,0,6,8,33,3,4,0,0,3,3,1,0,1,0,0,0,-0.24779983,115.3345,88.14,88.14,5.64202662,3.2915,491.2527205,133.7443892,18.01075068,499.5348837,208.1044605,355.45,-6.18572262,-6.67992528,-6.87202662,0,0.75,0.5,0.83333333,0.7,0.5,0.83333333,1,0.73095238,0.16666667,0.75,1,0,1,0,0,0,1,0,1,0,0,0,1,0,1,0
1,20.11,0.43,6.63,12.45,0,0,0,0,0,0,517.06,0.07007576,56,33,60,37,4,4,0,12,23,22,2,4,0,2,2,1,0,0,0,3,11,3,41.07142857,39.28571429,3.57142857,7.14285714,5.35714286,0,5,6,27,1,4,1,0,0,4,0,0,0,1,0,0,-0.26194322,121.1539,83.55,100.31,4.83936445,4.2719,553.7884966,136.4696888,16.40499744,552.5581395,229.8353031,411.25,-5.50345978,-5.91739622,-6.06936445,1,0.5,0.66666667,0.83333333,0.7,0.5,0.83333333,1,0.71904762,0.16666667,0.625,0,0,0,0,0,0,0,0,0,0,0,0,0,0,0,0
1,17.83,0.37,2.43,13.89,0,0,0,0,0,0,398.88,0.08615385,43,26,45,28,4,3,0,12,17,19,0,3,0,1,2,1,0,0,0,2,7,3,39.53488372,44.18604651,0,6.97674419,6.97674419,0,3,3,18,0,3,0,0,0,3,0,0,0,0,0,0,-0.72240126,95.8803,51.21,59.59,4.60600644,4.9361,459.0564054,99.37810564,0,441.2126246,184.2018953,332.13,-5.30510547,-5.69570612,-5.83600644,0,0.75,0.83333333,1,0.8,0.5,1,1,0.84047619,0.5,0.875,1,0,0,0,0,0,1,0,0,0,0,0,0,0,1,0
1,0,0,0,0,0,0,0,0,0,0,485.74,0.06218487,78,35,80,37,10,3,0,6,43,28,3,4,0,0,0,0,0,0,0,0,7,0,55.12820513,35.8974359,3.84615385,5.12820513,0,0,3,3,18,0,3,0,0,0,3,0,0,0,0,0,0,0.13382538,136.976,89.95,89.95,2.50262647,4.3664,738.9862857,142.3775027,60.69409384,665.1495017,275.979304,497.3,-3.5172325,-3.69749515,-3.73262647,0,1,0.66666667,0.83333333,1,1,1,1,0.92857143,0.33333333,0.875,0,0,0,0,0,0,0,0,0,0,0,0,0,0,0,0
1,9.8,0.18,1.26,5.15,0,0,0,0,0,0,857.2,0.03379416,127,63,130,66,25,5,1,24,64,52,4,7,0,0,0,0,0,0,0,0,11,0,50.39370079,40.94488189,3.1496063,5.51181102,0,0,4,4,24,0,4,0,0,0,4,0,0,0,0,0,0,1.76860671,246.467,162.93,162.93,4.57648052,9.8701,1274.792193,251.4508689,114.7263459,1161.810631,479.5289472,870.49,-5.28000844,-5.66765649,-5.80648052,1,0.25,0.33333333,0.5,0.8,1,0.33333333,0,0.45952381,0,0.5,0,0,0,0,0,0,0,0,0,0,0,0,0,0,0,0
0,0,0,0,0,0,0,0,0,0,0,440.02,0.08201058,50,28,53,31,6,3,0,11,22,20,1,4,0,2,0,1,0,0,0,3,8,1,44,40,2,8,2,0,4,7,23,3,2,0,0,2,1,1,1,0,0,1,1,-0.28779665,110.4511,72.47,109.09,3.3621318,4.3603,515.9387888,96.86276443,16.40499744,501.3621263,208.8533304,365.87,-4.24781203,-4.51402521,-4.5921318,0,1,1,1,0.8,0.5,1,1,0.9,0.16666667,1,1,0,1,0,0,0,1,0,1,0,0,0,1,0,1,0
1,13.08,0.24,0.62,9.17,1,0,0,0,1,2,434.53,0.07007576,55,33,59,37,5,3,0,23,22,27,4,2,0,0,0,0,0,0,0,0,6,0,40,49.09090909,7.27272727,3.63636364,0,0,5,6,29,1,4,0,0,1,4,0,0,0,1,0,0,-0.81125537,128.7273,61.94,61.94,4.35798795,4.6798,533.419402,72.84018791,0,545.5980066,226.9827896,394.88,-5.09428976,-5.46008856,-5.58798795,0,0.75,1,1,0.6,0,1,1,0.76428571,0.16666667,0.75,1,0,0,0,0,0,1,0,0,0,0,0,0,0,1,0
0,0,0,0,0,0,0,0,0,0,0,330.42,0.09333333,43,25,46,28,4,1,0,21,18,20,4,1,0,0,0,0,0,0,0,0,5,0,41.86046512,46.51162791,9.30232558,2.3255814,0,0,4,5,22,1,3,0,0,2,2,0,0,1,0,0,0,-0.35636771,98.5843,55.73,55.73,2.98956371,3.6743,406.5834972,44.57094698,16.78552955,418.6212625,174.9431404,287.91,-3.93112915,-4.16008552,-4.21956371,0,1,1,1,0.6,0,1,1,0.8,0.5,1,1,1,1,0,1,0,1,0,1,0,0,0,1,1,1,0
0,14.59,0.26,1.32,6.61,0,0,0,0,0,0,357.45,0.08547009,46,27,49,30,4,1,0,22,19,21,5,1,0,0,0,0,0,0,0,0,6,0,41.30434783,45.65217391,10.86956522,2.17391304,0,0,4,5,23,1,3,0,0,1,3,0,0,0,1,0,0,0.23069234,105.113,78.85,78.85,3.44811423,3.2044,442.2374322,94.253664,32.89718747,451.461794,188.4023746,313.57,-4.32089709,-4.59570851,-4.67811423,0,1,1,1,0.6,0,1,1,0.8,0.16666667,1,1,1,1,0,1,0,1,0,1,1,0,0,1,1,1,0
0,0,0,0,0,0,0,0,0,0,0,493.68,0.06507937,63,36,68,41,7,1,0,27,27,29,5,1,0,1,0,0,0,0,0,1,7,0,42.85714286,46.03174603,7.93650794,1.58730159,0,0,6,9,33,2,4,0,0,3,3,0,1,1,0,0,1,-0.41019352,147.0847,64.86,93.1,4.95864145,5.8545,589.6565256,79.36722722,18.01075068,615.4983389,255.6304668,429.58,-5.60484523,-6.03070937,-6.18864145,0,0.75,0.5,1,0.8,0.5,1,1,0.79285714,0.16666667,0.625,0,0,0,0,0,0,0,0,0,0,0,0,0,0,0,0
1,15.52,0.31,4.09,8.19,0,0,0,0,0,0,504.1,0.06595365,64,34,67,37,7,4,0,12,30,25,3,4,0,1,0,1,0,0,0,2,9,1,46.875,39.0625,4.6875,6.25,1.5625,0,4,4,22,0,4,1,0,0,2,1,0,0,0,0,0,0.20581834,132.3012,95.58,103.96,3.00622254,4.0943,635.3315188,132.1428682,36.02150137,610.0996678,253.4178966,450.58,-3.94528916,-4.17591141,-4.23622254,0,0.75,0.83333333,0.83333333,0.9,1,0.83333333,1,0.87857143,0.16666667,0.875,0,0,0,0,0,0,0,0,0,0,0,0,0,0,0,0
1,0,0,0,0,0,0,0,0,0,0,504.11,0.06628788,67,33,69,35,9,3,0,6,34,22,3,6,0,1,0,1,0,0,0,2,11,1,50.74626866,32.8358209,4.47761194,8.95522388,1.49253731,0,3,3,18,0,3,0,0,0,3,0,0,0,0,0,0,-0.26194322,126.5565,99.62,108,0.93466383,2.3664,667.4622298,141.9081865,42.68334316,605.9966777,251.7363433,450.08,-2.18446426,-2.20793064,-2.16466383,0,0.75,0.66666667,0.66666667,0.9,1,0.83333333,1,0.83095238,0.33333333,0.75,0,0,0,0,0,0,0,0,0,0,0,0,0,0,0,0
1,0,0,0,0,0,0,0,0,0,0,542.21,0.06190476,76,36,79,39,8,3,0,6,40,26,3,5,0,1,0,1,0,0,0,2,10,1,52.63157895,34.21052632,3.94736842,6.57894737,1.31578947,0,4,4,24,0,4,0,0,0,4,0,0,0,0,0,0,-0.71674213,141.8064,79.39,87.77,2.49802944,3.9765,717.743555,99.22484332,0,671.8272425,278.716083,498.13,-3.51332502,-3.69312796,-3.72802944,0,0.75,0.83333333,0.83333333,0.9,1,0.83333333,1,0.87857143,0.33333333,0.875,0,0,0,0,0,0,0,0,0,0,0,0,0,0,0,0
0,0,0,0,0,0,0,0,0,0,0,383.86,0.08547009,45,27,48,30,4,1,0,17,18,20,3,3,0,0,0,1,0,0,0,1,7,1,40,44.44444444,6.66666667,6.66666667,2.22222222,0,4,5,22,1,3,0,0,2,2,0,0,1,0,0,0,-0.30892286,101.8009,65.38,65.38,2.64455509,3.0528,452.4983556,81.94098304,18.01075068,449.0199336,187.4016121,323.24,-3.63787183,-3.83232734,-3.87455509,0,1,1,1,0.8,0.5,1,1,0.9,0.33333333,1,1,1,1,0,0,0,1,0,1,1,0,0,1,1,1,0
1,14.81,0.31,2.27,13.82,0,0,0,0,0,0,507.94,0.06818182,52,33,55,36,4,3,0,12,19,22,1,3,0,1,5,1,0,0,0,2,11,6,36.53846154,42.30769231,1.92307692,5.76923077,11.53846154,0,4,4,21,0,4,1,0,0,3,0,0,0,0,0,0,-0.66102289,112.1074,54.45,62.83,5.1591595,4.8723,535.8546879,147.3827594,0,518.7375415,215.9744023,400.88,-5.77528558,-6.22120153,-6.3891595,1,0.5,0.66666667,0.66666667,0.6,0.5,0.66666667,1,0.65714286,0.16666667,0.75,0,0,0,0,0,0,0,0,0,0,0,0,0,0,0,0
1,17.59,0.33,3.33,9.3,0,0,0,0,0,0,471.99,0.06773619,56,34,60,38,6,2,0,23,22,25,7,1,0,0,0,1,0,0,0,1,9,1,39.28571429,44.64285714,12.5,1.78571429,1.78571429,0,5,6,30,1,4,0,0,1,3,1,0,0,0,1,0,0.20581834,137.6507,89.25,89.25,3.53022647,5.3116,554.3872706,114.1635075,36.02150137,566.2458472,235.4450193,402.34,-4.3906925,-4.67371515,-4.76022647,0,1,0.83333333,1,0.6,0,1,1,0.77619048,0.16666667,0.75,0,0,0,0,0,0,0,0,0,0,0,0,0,0,0,0
1,13.78,0.26,2.08,7.12,0,0,0,0,0,0,448.63,0.07007576,65,33,69,37,5,1,0,16,32,25,6,2,0,0,0,0,0,0,0,0,8,0,49.23076923,38.46153846,9.23076923,3.07692308,0,0,5,5,29,0,5,0,0,2,2,1,0,0,0,0,0,-0.3520827,128.4175,86.86,86.86,3.42111841,4.0712,588.8261723,104.1445879,18.01075068,574.8006645,238.951092,409.02,-4.29795065,-4.57006249,-4.65111841,0,1,1,1,1,0.5,1,1,0.92857143,0.16666667,0.875,1,0,0,0,0,0,0,0,0,0,0,0,0,0,0,0
1,13.01,0.25,1.86,8.74,0,0,0,0,0,0,524.6,0.05974395,65,38,69,42,6,1,0,22,27,27,6,2,0,0,3,0,0,0,0,0,11,3,41.53846154,41.53846154,9.23076923,3.07692308,4.61538462,0,5,5,29,0,5,0,0,2,2,1,0,0,0,0,0,-0.70548852,137.7089,78.07,78.07,3.90097195,4.6117,619.4950413,134.1384909,0,608.9534884,252.948151,443.01,-4.70582616,-5.02592335,-5.13097195,0,0.75,0.83333333,0.83333333,0.7,0.5,0.83333333,1,0.77857143,0.16666667,0.75,0,0,0,0,0,0,0,0,0,0,0,0,0,0,0,0
0,0,0,0,0,0,0,0,0,0,0,933.25,0.0339213,135,67,143,75,9,10,0,0,68,47,10,10,0,0,0,0,0,0,0,0,20,0,50.37037037,34.81481481,7.40740741,7.40740741,0,0,9,9,45,0,9,0,0,9,0,0,0,0,0,0,0,0.08553299,240.0131,225.88,225.88,-0.82886863,-1.1129,1209.802629,312.4652828,32.89718747,1147.591362,473.7013779,881.92,-0.68546167,-0.53257481,-0.40113137,1,0.5,0.5,0.5,0.7,1,0.5,0.5,0.6,0.33333333,0.625,0,0,0,0,0,0,0,0,0,0,0,0,0,0,0,0
0,0,0,0,0,0,0,0,0,0,0,933.25,0.0339213,135,67,143,75,9,10,0,0,68,47,10,10,0,0,0,0,0,0,0,0,20,0,50.37037037,34.81481481,7.40740741,7.40740741,0,0,9,9,45,0,9,0,0,9,0,0,0,0,0,0,0,0.08553299,240.0131,225.88,225.88,-0.82886863,-1.1129,1209.802629,312.4652828,32.89718747,1147.591362,473.7013779,881.92,-0.68546167,-0.53257481,-0.40113137,1,0.5,0.5,0.5,0.7,1,0.5,0.5,0.6,0.33333333,0.625,0,0,0,0,0,0,0,0,0,0,0,0,0,0,0,0
1,21.31,0.47,5.12,11.48,0,0,0,0,0,0,355.9,0.10822511,36,22,39,25,2,2,0,11,14,14,3,2,0,2,0,1,0,0,0,3,8,1,38.88888889,38.88888889,8.33333333,5.55555556,2.77777778,0,4,7,23,3,2,0,0,1,3,0,1,1,0,1,0,-0.17516408,89.0827,66.06,99.74,2.02664157,2.7329,371.6374614,62.49452016,16.66300743,381.7275748,159.8227765,269.13,-3.11264533,-3.24530949,-3.25664157,0,1,1,1,0.8,0.5,1,1,0.9,0.5,1,1,1,1,1,1,0,0,0,1,1,1,0,1,1,1,1
1,19.24,0.42,3.27,12.64,0,0,0,0,0,0,433.89,0.08547009,38,27,41,30,2,2,0,16,11,16,3,2,0,2,3,1,0,0,0,3,11,4,28.94736842,42.10526316,7.89473684,5.26315789,10.52631579,0,4,7,22,2,2,0,0,2,2,0,0,2,0,0,1,-0.1623916,99.3198,66.06,102.68,3.25647183,4.8533,407.4632464,107.37486,16.66300743,423.0232558,176.747236,305.76,-4.15800105,-4.41364823,-4.48647183,0,1,1,1,0.4,0.5,1,1,0.84285714,0.33333333,1,1,0,0,0,0,0,0,0,0,0,0,0,0,0,1,0
1,8.49,0.16,-1.17,4.95,0,0,0,0,0,0,627.95,0.047343,99,46,102,49,14,3,0,17,53,39,3,4,0,0,0,0,0,0,0,0,7,0,53.53535354,39.39393939,3.03030303,4.04040404,0,0,4,5,24,1,3,0,0,0,4,0,0,0,1,0,0,1.25483614,184.284,107.53,107.53,4.4116888,7.0033,948.9265067,172.1503763,96.71559521,868.8538206,359.4646806,640.24,-5.13993548,-5.51110436,-5.6416888,1,0.5,0.66666667,0.66666667,0.9,1,0.66666667,0.5,0.7,0,0.625,0,0,0,0,0,0,0,0,0,0,0,0,0,0,0,0
1,21.89,0.45,4.13,11.46,0,0,0,0,0,0,345.83,0.1027668,35,23,38,26,2,2,0,17,12,16,3,2,0,1,0,1,0,0,0,2,7,1,34.28571429,45.71428571,8.57142857,5.71428571,2.85714286,0,4,7,23,2,2,0,0,1,3,0,0,1,1,0,0,-0.24064481,90.7168,66.06,74.44,2.82814867,3.9524,357.4948198,62.49452016,16.66300743,379.9501661,159.0943304,266.4,-3.79392637,-4.00674124,-4.05814867,0,1,1,1,0.4,0,1,1,0.77142857,0.5,1,1,1,1,1,1,0,0,0,1,0,0,0,1,0,1,0
1,19.75,0.39,5.23,9.27,0,0,1,0,0,1,436.45,0.07816092,45,30,49,34,3,2,0,17,15,19,4,3,0,1,3,0,0,0,0,1,11,3,33.33333333,42.22222222,8.88888889,6.66666667,6.66666667,0,5,8,26,2,3,1,0,1,3,0,0,1,1,0,0,-0.2168594,101.3408,87.01,95.39,2.91851227,3.1345,429.496488,134.2109986,16.66300743,446.8936877,186.5301999,328.73,-3.87073543,-4.09258666,-4.14851227,0,1,1,1,0.6,0.5,1,1,0.87142857,0.5,0.875,1,0,1,0,0,0,1,0,1,0,0,0,1,0,1,0
1,15.08,0.3,2.55,7.97,0,0,0,0,0,0,439.5,0.07816092,50,30,54,34,3,3,0,11,20,20,3,3,0,1,3,0,0,0,0,1,10,3,40,40,6,6,6,0,5,6,25,1,3,1,0,2,2,0,0,1,0,0,0,-0.24987445,104.4664,83.13,91.51,2.9680762,4.4792,464.372394,132.519787,16.66300743,468.0066445,195.183051,351.21,-3.91286477,-4.13967239,-4.1980762,0,1,1,1,0.8,0.5,1,1,0.9,0.5,0.875,1,0,1,0,0,0,1,0,1,0,0,0,1,0,1,0
0,0,0,0,0,0,0,0,0,0,0,505.76,0.05855856,80,37,82,39,18,3,0,15,43,32,1,4,0,0,0,0,0,0,0,0,5,0,53.75,40,1.25,5,0,0,3,6,17,2,1,0,0,1,2,0,0,2,0,0,0,-0.47227142,150.4946,68.53,68.53,6.1390023,10.0317,754.7378777,103.9730851,42.68334316,704.1860465,291.9778879,514.78,-6.60815196,-7.15205219,-7.3690023,1,0.5,0.5,0.5,0.8,1,0.5,0.5,0.61428571,0.16666667,0.625,0,0,0,0,0,0,0,0,0,0,0,0,0,0,0,0
0,9.37,0.18,-3.05,6.52,0,0,0,0,0,0,474.09,0.06439394,69,33,70,34,15,2,0,12,36,27,1,4,0,0,0,1,0,0,0,1,6,1,52.17391304,39.13043478,1.44927536,5.79710145,1.44927536,0,2,2,12,0,2,0,0,0,2,0,0,0,0,0,0,-0.41217569,132.9753,68.12,68.12,6.65838412,8.493,706.5200356,109.4467837,42.68334316,632.6744186,262.6698437,469.39,-7.04962651,-7.64546492,-7.88838412,0,0.75,0.5,0.66666667,0.9,1,0.66666667,0.5,0.71190476,0.16666667,0.625,0,0,0,0,0,0,0,0,0,0,0,0,0,0,0,0
0,0,0,0,0,0,0,0,0,0,0,502.15,0.0605042,75,35,76,36,17,2,0,12,40,29,1,4,0,0,0,1,0,0,0,1,6,1,53.33333333,38.66666667,1.33333333,5.33333333,1.33333333,0,2,2,12,0,2,0,0,0,2,0,0,0,0,0,0,-0.42967856,142.1773,68.12,68.12,7.04661551,9.4054,758.6735071,109.4467837,42.68334316,679.4850498,281.8545286,503.99,-7.37962319,-8.01428474,-8.27661551,1,0.5,0.5,0.5,0.8,1,0.5,0.5,0.61428571,0.16666667,0.625,0,0,0,0,0,0,0,0,0,0,0,0,0,0,0,0
0,0,0,0,0,0,0,0,0,0,0,558.27,0.05398111,87,39,88,40,21,2,0,12,48,33,1,4,0,0,0,1,0,0,0,1,6,1,55.17241379,37.93103448,1.14942529,4.59770115,1.14942529,0,2,2,12,0,2,0,0,0,2,0,0,0,0,0,0,-0.45972481,160.5813,68.12,68.12,7.79328807,11.2302,862.98045,109.4467837,42.68334316,773.1063123,320.2238985,573.19,-8.01429486,-8.72362367,-9.02328807,1,0.5,0.5,0.5,0.8,1,0.5,0.5,0.61428571,0.16666667,0.625,0,0,0,0,0,0,0,0,0,0,0,0,0,0,0,0
0,0,0,0,0,0,0,0,0,0,0,586.86,0.05204873,89,43,93,47,9,1,0,18,46,34,6,3,0,0,0,0,0,0,0,0,9,0,51.68539326,38.20224719,6.74157303,3.37078652,0,0,5,5,29,0,5,0,0,1,4,0,0,0,0,0,0,0.09107931,173.0305,91.85,91.85,4.1332845,6.9012,827.4593909,122.9858911,36.02150137,780.9136213,323.4236153,568.23,-4.90329183,-5.24662028,-5.3632845,0,0.75,0.66666667,0.66666667,0.9,1,0.83333333,1,0.83095238,0.16666667,0.75,0,0,0,0,0,0,0,0,0,0,0,0,0,0,0,0
0,0,0,0,0,0,0,0,0,0,0,489.73,0.06190476,75,36,78,39,7,0,0,18,39,29,5,2,0,0,0,0,0,0,0,0,7,0,52,38.66666667,6.66666667,2.66666667,0,0,4,4,24,0,4,0,0,0,4,0,0,0,0,0,0,-0.41019352,148.448,62.75,62.75,5.16112659,7.4285,710.1462091,79.83021334,18.01075068,662.7408638,274.9921573,476.94,-5.7769576,-6.22307026,-6.39112659,0,0.75,0.66666667,0.83333333,0.9,1,0.83333333,1,0.8547619,0.16666667,0.75,0,0,0,0,0,0,0,0,0,0,0,0,0,0,0,0
0,0,0,0,0,0,0,0,0,0,0,561.85,0.05365854,88,41,91,44,10,0,0,18,47,33,5,3,0,0,0,0,0,0,0,0,8,0,53.40909091,37.5,5.68181818,3.40909091,0,0,4,4,24,0,4,0,0,0,4,0,0,0,0,0,0,0.08849711,168.6615,82.98,82.98,5.16903076,7.534,849.121534,122.5135565,60.69409384,766.1129568,317.3577692,554.93,-5.78367615,-6.23057922,-6.39903076,1,0.5,0.5,0.5,0.8,1,0.66666667,1,0.70952381,0.16666667,0.75,0,0,0,0,0,0,0,0,0,0,0,0,0,0,0,0
0,0,0,0,0,0,0,0,0,0,0,429.46,0.07881773,47,29,50,32,5,3,0,11,18,18,3,4,0,1,3,0,0,0,0,1,11,3,38.29787234,38.29787234,6.38297872,8.5106383,6.38297872,0,4,5,20,1,3,1,0,1,2,0,0,1,0,0,0,-0.1998854,98.8781,92.36,100.74,1.76287723,3.1187,457.1673933,143.5196749,16.66300743,448.986711,187.3879963,337.76,-2.88844565,-2.99473337,-2.99287723,0,1,1,1,0.8,0.5,1,1,0.9,0.33333333,1,1,0,1,0,0,0,1,0,1,1,0,0,1,0,1,0
1,0,0,0,0,0,0,0,0,0,0,385.94,0.09782609,41,24,44,27,3,2,0,11,17,17,1,2,0,2,1,1,0,0,0,3,7,2,41.46341463,41.46341463,2.43902439,4.87804878,4.87804878,0,4,7,23,3,2,0,0,2,1,1,1,0,0,1,1,-0.25970122,95.0349,46.17,82.79,3.92512518,4.5741,414.9344281,75.67806279,16.40499744,421.7109635,176.2094113,305.1,-4.72635641,-5.04886892,-5.15512518,0,1,1,1,0.8,0.5,1,1,0.9,0.5,1,1,0,0,0,0,0,1,0,0,0,0,0,1,0,1,0
1,16.07,0.34,4.65,7.9,0,0,0,0,0,0,513.5,0.06628788,59,33,61,35,10,2,0,17,26,21,6,3,0,1,0,2,0,0,0,3,12,2,44.06779661,35.59322034,10.16949153,5.08474576,3.38983051,0,3,3,17,0,3,0,0,1,2,0,0,0,0,0,0,-0.23189672,136.0764,104.45,112.83,4.00575527,5.2749,637.0618134,141.50567,42.68334316,594.833887,247.1614291,422.26,-4.79489198,-5.12546751,-5.23575527,0,0.75,0.5,0.66666667,0.7,0.5,0.83333333,1,0.70714286,0.16666667,0.875,0,0,0,0,0,0,0,0,0,0,0,0,0,0,0,0
1,0,0,0,0,0,0,0,0,0,0,402.39,0.09782609,41,24,44,27,3,2,0,11,17,17,1,2,0,2,0,2,0,0,0,4,7,2,41.46341463,41.46341463,2.43902439,4.87804878,4.87804878,0,4,7,23,3,2,0,0,2,1,1,1,0,0,1,1,-0.25970122,99.6233,46.17,82.79,4.04066943,5.033,433.5025474,60.71794951,16.40499744,439.1196013,183.3440989,314.24,-4.82456902,-5.15863596,-5.27066943,0,1,1,1,0.8,0.5,1,1,0.9,0.5,1,1,0,0,0,0,0,1,0,0,0,0,0,0,0,1,0
0,0,0,0,0,0,0,0,0,0,0,342.5,0.09782609,46,24,49,27,3,2,0,12,22,19,2,2,0,1,0,0,0,0,0,1,5,0,47.82608696,41.30434783,4.34782609,4.34782609,0,0,4,7,24,3,2,0,0,1,2,1,1,0,0,1,1,0.95662024,96.503,72.19,80.57,2.88729949,3.3765,419.7002495,93.61513699,49.30218492,427.5415282,178.598987,308.27,-3.84420457,-4.06293452,-4.11729949,0,1,1,1,0.8,0.5,1,1,0.9,0.5,1,1,1,1,0,1,0,1,0,1,1,0,0,1,1,1,0
1,16.21,0.31,1.86,15.03,0,0,0,0,0,0,481.01,0.06773619,60,34,64,38,4,2,0,17,26,26,4,2,0,0,1,1,0,0,0,1,8,2,43.33333333,43.33333333,6.66666667,3.33333333,3.33333333,0,5,6,30,1,4,0,0,1,3,1,0,0,0,1,0,-0.75847107,131.4878,51.88,51.88,5.14608012,5.3193,576.857743,76.48847026,0,574.0199336,238.6311203,420.32,-5.7641681,-6.20877612,-6.37608012,0,0.75,0.66666667,0.83333333,0.7,0.5,0.83333333,1,0.7547619,0.33333333,0.625,0,0,0,0,0,0,0,0,0,0,0,0,0,0,0,0
1,15.08,0.28,1.72,14.02,0,0,0,0,0,0,482.55,0.06554622,60,35,64,39,4,2,0,17,25,26,4,2,0,0,3,0,0,0,0,0,9,3,41.66666667,43.33333333,6.66666667,3.33333333,5,0,5,6,30,1,4,0,0,1,3,1,0,0,0,1,0,-0.73701737,127.1158,51.88,51.88,5.14608012,5.0659,558.6367251,106.4086968,0,559.5348837,232.6946245,417.25,-5.7641681,-6.20877612,-6.37608012,0,0.75,0.66666667,0.83333333,0.7,0.5,0.83333333,1,0.7547619,0.33333333,0.625,0,0,0,0,0,0,0,0,0,0,0,0,0,0,0,0
1,17.34,0.38,4.18,8.34,0,0,0,0,0,0,461.4,0.07389163,51,29,52,30,9,3,0,12,22,19,2,5,0,1,0,2,0,0,0,3,10,2,43.1372549,37.25490196,3.92156863,9.80392157,3.92156863,0,2,2,12,0,2,0,0,0,2,0,0,0,0,0,0,0.33031883,113.5147,95.94,104.32,2.68341954,4.4298,574.1361887,142.6704215,60.69409384,526.3953488,219.1128479,387.14,-3.67090661,-3.86924857,-3.91341954,0,1,0.83333333,0.83333333,1,1,1,1,0.95238095,0.33333333,0.875,1,0,0,0,0,0,1,0,1,0,0,0,1,0,0,0
1,18.07,0.35,4.97,9.99,0,0,0,0,0,0,485.45,0.06417112,54,34,56,36,6,3,0,12,20,22,3,4,0,0,5,0,0,0,0,0,12,5,37.03703704,40.74074074,5.55555556,7.40740741,9.25925926,0,3,6,19,2,1,0,0,0,2,1,0,0,0,2,0,0.29333423,109.4652,87.74,87.74,2.2364293,3.523,545.4670161,200.3810506,36.02150137,517.9069767,215.6340069,405.03,-3.29096491,-3.44460784,-3.4664293,0,1,0.83333333,1,1,0.5,1,1,0.9047619,0.33333333,0.875,0,0,0,0,0,0,0,0,1,0,0,0,0,0,0,0
1,0,0,0,0,0,0,0,0,0,0,502.6,0.06818182,57,33,60,36,6,4,0,12,24,22,0,7,0,2,2,0,0,0,0,2,11,2,42.10526316,38.59649123,0,12.28070175,3.50877193,0,4,7,24,2,2,0,0,0,4,0,0,0,2,0,0,-0.66102289,116.4741,95.97,112.73,2.65109263,2.5168,569.6937951,151.5457944,0,546.3621263,227.2959534,412.77,-3.64342874,-3.838538,-3.88109263,0,0.75,0.83333333,0.83333333,0.7,0.5,0.83333333,1,0.77857143,0.33333333,0.875,0,0,0,0,0,0,0,0,1,0,0,0,0,0,0,0
1,14.38,0.27,2.77,9.62,1,0,0,0,1,2,402.41,0.07881773,46,29,49,32,3,4,0,11,17,20,4,2,0,0,3,0,0,0,0,0,9,3,36.95652174,43.47826087,8.69565217,4.34782609,6.52173913,0,4,5,23,1,3,0,0,1,3,0,0,0,1,0,0,-0.68278101,102.6873,60.13,60.13,3.1604566,1.5271,441.6882013,118.2043512,0,444.2857143,185.4613583,339.35,-4.07638811,-4.32243377,-4.3904566,0,1,1,1,0.8,0.5,1,1,0.9,0.33333333,1,1,0,1,0,0,0,0,0,1,1,0,0,1,0,1,0
1,14.36,0.29,-0.84,17.07,0,0,0,0,0,0,482.03,0.06628788,64,33,66,35,8,1,0,12,31,26,1,2,0,0,3,1,0,0,0,1,7,4,48.4375,40.625,1.5625,3.125,6.25,0,3,3,18,0,3,0,0,0,3,0,0,0,0,0,0,-0.3821292,125.3112,40.54,40.54,5.77748816,7.5099,638.0801011,115.8329239,42.68334316,587.641196,244.2136049,443,-6.30086494,-6.80861376,-7.00748816,0,0.75,0.66666667,0.83333333,0.9,1,0.83333333,1,0.8547619,0.5,0.75,0,0,0,0,0,0,0,0,0,0,0,0,0,0,0,0
1,17.8,0.34,4.49,9.11,0,0,0,0,0,0,432.51,0.0688172,57,31,58,32,9,3,0,12,26,23,2,4,0,0,2,0,0,0,0,0,8,2,45.61403509,40.35087719,3.50877193,7.01754386,3.50877193,0,2,2,12,0,2,0,0,0,2,0,0,0,0,0,0,0.22496265,110.9797,84.5,84.5,3.55131841,3.5986,589.7419898,152.3763969,36.02150137,534.0033223,222.2308698,405.48,-4.40862064,-4.69375249,-4.78131841,0,1,1,0.83333333,1,1,1,1,0.97619048,0.16666667,1,1,0,1,0,0,0,1,0,1,0,0,0,1,0,1,0
1,22.43,0.46,5.55,15.72,0,0,0,0,0,0,346.41,0.1027668,40,23,43,26,0,2,0,6,17,15,2,2,0,1,3,0,0,0,0,1,8,3,42.5,37.5,5,5,7.5,0,4,7,23,3,1,0,0,2,1,1,1,0,0,1,1,-0.1977488,79.6513,49.41,57.79,3.21835808,4.4731,364.8740535,107.11685,16.40499744,364.1196013,152.606394,276.1,-4.12560437,-4.37744018,-4.44835808,0,1,0.83333333,1,0.8,0.5,1,1,0.87619048,0.5,1,1,0,1,0,1,0,0,0,1,0,0,0,1,0,1,0
1,17.3,0.32,4.71,9.7,1,0,0,0,1,2,515.55,0.05974395,61,38,65,42,5,5,0,18,23,29,3,4,0,0,2,0,0,0,0,0,9,2,37.70491803,47.54098361,4.91803279,6.55737705,3.27868852,0,5,7,31,2,3,0,0,0,4,1,0,0,1,1,0,-0.37436726,136.9239,91.98,91.98,3.77935149,4.6994,605.0527056,154.2754897,18.01075068,601.179402,249.76205,459.1,-4.60244877,-4.91038391,-5.00935149,0,0.75,0.83333333,0.83333333,0.5,0.5,0.83333333,1,0.75,0.16666667,0.75,0,0,0,0,0,0,0,0,0,0,0,0,0,0,0,0
1,15.35,0.29,1.85,14.28,0,0,0,0,0,0,482.55,0.06554622,60,35,64,39,4,2,0,17,25,26,4,2,0,0,3,0,0,0,0,0,9,3,41.66666667,43.33333333,6.66666667,3.33333333,5,0,5,6,30,1,4,0,0,1,3,1,0,0,0,1,0,-0.73701737,127.1158,51.88,51.88,5.14608012,5.0659,561.1234056,106.4086968,0,559.5348837,232.6946245,417.25,-5.7641681,-6.20877612,-6.37608012,0,0.75,0.66666667,0.83333333,0.7,0.5,0.83333333,1,0.7547619,0.33333333,0.625,0,0,0,0,0,0,0,0,0,0,0,0,0,0,0,0
1,14.62,0.28,1.5,13.6,0,0,0,0,0,0,482.55,0.06554622,60,35,64,39,4,2,0,17,25,26,4,2,0,0,3,0,0,0,0,0,9,3,41.66666667,43.33333333,6.66666667,3.33333333,5,0,5,6,30,1,4,0,0,1,3,1,0,0,0,1,0,-0.73701737,126.8514,51.88,51.88,5.14608012,5.4597,561.1234056,106.4086968,0,559.5348837,232.6946245,417.25,-5.7641681,-6.20877612,-6.37608012,0,0.75,0.66666667,0.83333333,0.7,0.5,0.83333333,1,0.7547619,0.33333333,0.625,0,0,0,0,0,0,0,0,0,0,0,0,0,0,0,0
1,17.49,0.36,2.49,11.11,0,0,0,0,0,0,365.91,0.09057971,44,24,45,25,6,3,0,12,20,18,1,3,0,1,0,1,0,0,0,2,6,1,45.45454545,40.90909091,2.27272727,6.81818182,2.27272727,0,2,2,12,0,2,0,0,0,2,0,0,0,0,0,0,-0.30083946,99.0124,57.61,65.99,3.47167989,4.7529,476.3434524,88.51485589,42.68334316,446.5780731,186.4008496,326.05,-4.34092791,-4.61809589,-4.70167989,0,1,1,1,0.8,0.5,1,1,0.9,0.16666667,1,1,0,0,0,1,0,1,0,0,0,0,0,0,0,1,0
1,18.24,0.34,3.46,9.21,0,0,0,0,0,0,337.4,0.09,44,25,46,27,5,3,0,12,19,20,1,4,0,0,0,0,0,0,0,0,5,0,43.18181818,45.45454545,2.27272727,9.09090909,0,0,3,3,18,0,3,0,0,0,3,0,0,0,0,0,0,-0.35636771,94.2584,66.84,66.84,2.12151767,3.4227,458.0862516,107.097399,42.68334316,423.3222591,176.8697783,318.08,-3.19329002,-3.33544178,-3.35151767,0,1,1,1,0.8,0.5,1,1,0.9,0.33333333,1,1,1,1,0,1,0,1,0,1,0,1,0,1,1,1,0
1,7.82,0,0,0,0,0,0,0,0,0,1023.77,0.03146998,131,70,137,76,26,6,0,24,61,51,6,8,0,2,2,1,0,0,0,3,19,3,46.5648855,38.93129771,4.58015267,6.10687023,2.29007634,0,7,8,39,1,6,0,0,3,4,0,1,0,0,0,0,1.16632299,268.8817,175.48,209.16,3.14597827,8.6523,1273.990249,273.4985398,72.04300273,1229.119601,507.1145907,919.19,-4.06408153,-4.30867936,-4.37597827,1,0.5,0.33333333,0.5,0.8,1,0.33333333,0,0.4952381,0,0.5,0,0,0,0,0,0,0,0,0,0,0,0,0,0,0,0
1,7.22,0,0,0,0,0,0,0,0,0,1065.86,0.03006088,140,73,146,79,29,6,0,24,67,54,6,8,0,2,2,1,0,0,0,3,19,3,47.85714286,38.57142857,4.28571429,5.71428571,2.14285714,0,7,8,39,1,6,0,0,3,4,0,1,0,0,0,0,1.13669642,282.6847,175.48,209.16,3.59842245,10.0209,1352.220456,273.4985398,72.04300273,1299.335548,535.8916181,971.09,-4.44865908,-4.73850132,-4.82842245,1,0.5,0.33333333,0.5,0.8,1,0.33333333,0,0.4952381,0,0.5,0,0,0,0,0,0,0,0,0,0,0,0,0,0,0,0
1,11.86,0.24,0.11,10.62,0,0,0,0,0,0,529.15,0.06190476,69,36,72,39,11,2,0,18,33,28,2,4,0,1,0,1,0,0,0,2,8,1,47.82608696,40.57971014,2.89855072,5.79710145,1.44927536,0,4,4,23,0,4,0,0,1,3,0,0,0,0,0,0,-0.77187614,146.0925,59.08,67.46,3.74382128,6.3983,677.7748925,70.95560239,0,656.5946844,272.4732313,477.94,-4.57224808,-4.87663021,-4.97382128,0,0.75,0.66666667,0.66666667,0.9,0.5,0.66666667,0.5,0.66428571,0.16666667,0.75,0,0,0,0,0,0,0,0,0,0,0,0,0,0,0,0
1,13.38,0.26,0.81,12.95,0,0,0,0,0,0,482.67,0.06595365,65,34,68,37,10,2,0,18,31,27,2,3,0,1,1,0,0,0,0,1,7,1,47.69230769,41.53846154,3.07692308,4.61538462,1.53846154,0,4,4,23,0,4,0,0,1,3,0,0,0,0,0,0,-0.78764303,135.0409,49.85,58.23,4.22155032,5.9558,618.0144433,74.91582778,0,606.0299003,251.7499592,442.71,-4.97831777,-5.33047281,-5.45155032,0,0.75,0.66666667,0.83333333,0.8,0.5,1,1,0.79285714,0.33333333,0.75,0,0,0,0,0,0,0,0,0,0,0,0,0,0,0,0
1,12.78,0.24,3.55,5.85,0,0,0,0,0,0,724,0.0413643,106,53,110,57,15,5,0,18,53,42,5,6,0,0,0,0,0,0,0,0,11,0,50,39.62264151,4.71698113,5.66037736,0,0,5,6,31,1,4,0,0,0,4,1,0,0,0,1,0,1.91365308,202.7485,158.22,158.22,3.66140199,6.5967,1032.295576,243.0914715,114.7263459,952.2591362,393.647187,711.44,-4.50219169,-4.79833189,-4.89140199,1,0.5,0.5,0.5,0.8,1,0.33333333,0,0.51904762,0,0.5,0,0,0,0,0,0,0,0,0,0,0,0,0,0,0,0
0,11.43,0.23,1.07,6.49,0,0,0,0,0,0,448.51,0.07526882,50,31,54,35,3,2,0,17,19,21,4,2,0,1,3,0,0,0,0,1,10,3,38,42,8,4,6,0,5,8,29,3,3,0,0,1,4,0,1,1,0,1,0,-0.26476208,109.2586,78.95,87.33,2.76728478,4.0575,471.737732,124.1603895,16.66300743,483.9534884,201.7186428,354.54,-3.74219207,-3.94892054,-3.99728478,0,1,1,1,0.8,0.5,1,1,0.9,0.5,0.875,1,0,0,0,0,0,1,0,1,0,0,0,1,0,1,0
1,25.75,0.54,5.8,13.17,0,0,0,0,0,0,337.86,0.10822511,38,22,41,25,2,2,0,11,16,15,3,2,0,1,0,1,0,0,0,2,7,1,42.10526316,39.47368421,7.89473684,5.26315789,2.63157895,0,4,7,23,3,2,0,0,1,3,0,1,1,0,1,0,-0.21997422,85.975,66.06,74.44,2.27603278,3.2177,368.764338,62.49452016,16.66300743,377.9734219,158.2841893,267.92,-3.32462786,-3.48223114,-3.50603278,0,1,1,1,0.8,0.5,1,1,0.9,0.5,1,1,1,1,1,1,0,0,0,1,1,1,0,1,1,1,1
1,0,0,0,0,0,0,0,0,0,0,1343.93,0.0212766,209,95,209,95,39,13,0,6,114,67,12,16,0,0,0,0,0,0,0,0,28,0,54.54545455,32.05741627,5.74162679,7.65550239,0,0,1,1,6,0,1,0,0,0,1,0,0,0,0,0,0,6.60728189,353.9395,393.96,393.96,-1.18497143,5.2982,2127.392034,576.0127233,216.1290082,1808.820598,744.6969664,1374.8,-0.38277428,-0.19427714,-0.04502857,1,0.25,0.33333333,0.33333333,0.6,1,0.16666667,0,0.38333333,0.16666667,0.5,0,0,0,0,0,0,0,0,0,0,0,0,0,0,0,0
1,20.66,0.42,4.45,8.04,0,0,0,0,0,0,355.56,0.08695652,53,24,53,24,8,2,0,5,29,17,3,3,0,1,0,0,0,0,0,1,7,0,54.71698113,32.0754717,5.66037736,5.66037736,0,0,1,1,5,0,1,0,0,1,0,0,0,0,0,0,0,1.03889673,95.9706,91.32,119.56,1.72752191,2.8887,561.4427245,145.7802281,78.70484453,475.4651163,198.2398018,346.72,-2.85839362,-2.96114582,-2.95752191,0,1,1,1,1,1,1,1,1,0.33333333,1,1,1,1,0,1,0,1,0,1,1,0,0,1,1,1,0
1,19.02,0.38,3.51,10.58,0,0,0,0,0,0,395.52,0.07977208,50,27,51,28,8,2,0,11,23,19,3,2,0,1,2,0,0,0,0,1,8,2,46,38,6,4,4,0,2,2,11,0,2,0,0,1,1,0,0,0,0,0,0,0.30395797,101.4604,71.09,99.33,3.48467678,3.9632,515.7393703,133.0171115,36.02150137,478.9036545,199.6490387,353.49,-4.35197526,-4.63044294,-4.71467678,0,1,1,1,1,1,1,1,1,0.16666667,1,1,0,1,0,0,0,1,1,1,0,0,0,1,0,1,0
1,17.76,0.35,3.96,10.76,0,0,0,0,0,0,450.61,0.07096774,59,31,61,33,9,2,0,11,28,22,4,2,0,1,2,0,0,0,0,1,9,2,47.45762712,37.28813559,6.77966102,3.38983051,3.38983051,0,3,3,16,0,3,0,0,2,1,0,0,0,0,0,0,0.25692521,117.7966,74.33,102.57,3.36934125,3.8918,578.1744621,136.1414254,36.02150137,547.6578073,227.8269702,404.03,-4.25394006,-4.52087419,-4.59934125,0,1,0.83333333,0.83333333,1,1,1,1,0.95238095,0.16666667,1,1,0,0,0,0,0,1,0,1,0,0,0,1,0,1,0
1,17.83,0.35,3.6,10.31,0,0,0,0,0,0,480.69,0.06439394,67,33,68,34,12,2,0,11,34,24,4,2,0,1,2,0,0,0,0,1,9,2,50.74626866,35.82089552,5.97014925,2.98507463,2.98507463,0,2,2,11,0,2,0,0,1,1,0,0,0,0,0,0,0.86169398,127.8586,83.12,111.36,3.78812281,4.6816,673.7517856,151.0278622,54.03225205,612.5083057,254.4050433,450.99,-4.60990439,-4.91871667,-5.01812281,0,1,0.66666667,0.83333333,1,1,0.83333333,0.5,0.83333333,0.16666667,0.75,0,0,0,0,0,0,0,0,0,0,0,0,0,0,0,0
1,16.24,0.33,3.59,9.62,0,0,0,0,0,0,492.57,0.06439394,58,33,59,34,10,2,0,11,25,21,4,2,0,1,5,0,0,0,0,1,12,5,43.10344828,36.20689655,6.89655172,3.44827586,8.62068966,0,2,2,11,0,2,0,0,1,1,0,0,0,0,0,0,0.95183347,115.0033,83.12,111.36,3.47535865,4.1849,593.9761107,195.908202,54.03225205,551.0631229,229.2225914,417.3,-4.34405485,-4.62159072,-4.70535865,0,1,0.66666667,0.83333333,1,1,1,1,0.92857143,0.16666667,0.875,0,0,0,0,0,0,0,0,1,0,0,0,0,0,0,0
1,17.38,0.32,4.34,10.26,0,0,0,0,0,0,463.52,0.06595365,57,34,60,37,5,3,0,18,23,26,3,3,0,0,2,0,0,0,0,0,8,2,40.35087719,45.61403509,5.26315789,5.26315789,3.50877193,0,4,7,25,2,2,0,0,0,3,1,0,0,0,2,0,0.17664638,123.0345,78.51,78.51,3.41691996,3.5759,563.1150058,144.5008229,36.02150137,553.538206,230.2369697,416.05,-4.29438197,-4.56607396,-4.64691996,0,1,0.83333333,1,0.8,0.5,1,1,0.87619048,0.16666667,0.875,1,0,0,0,0,0,1,0,1,0,0,0,1,0,0,0
1,15.93,0.34,4.22,9.83,0,0,0,0,0,0,535.07,0.06595365,59,34,62,37,6,4,0,12,25,23,0,6,0,2,2,1,0,0,0,3,11,3,42.37288136,38.98305085,0,10.16949153,5.08474576,0,4,7,24,2,2,0,0,0,4,0,0,0,2,0,0,-0.67095517,123.9819,86.74,103.5,3.82900973,3.9239,607.4478196,140.5459065,0,580.3488372,241.2249333,436.49,-4.64465827,-4.95755925,-5.05900973,0,0.75,0.83333333,0.83333333,0.7,0.5,0.83333333,1,0.77857143,0.16666667,0.875,0,0,0,0,0,0,0,0,0,0,0,0,0,0,0,0
1,15.98,0.3,2.19,9.31,0,0,0,0,0,0,406.51,0.07586207,53,30,56,33,6,0,0,22,23,22,6,1,0,0,1,0,0,0,0,0,8,1,43.39622642,41.50943396,11.32075472,1.88679245,1.88679245,0,4,4,22,0,4,0,0,2,2,0,0,0,0,0,0,-0.31590454,113.7105,69.79,69.79,4.57414924,3.8687,508.2504177,94.20481837,18.01075068,501.5116279,208.9146016,350.58,-5.27802685,-5.66544177,-5.80414924,0,0.75,0.83333333,1,0.8,0.5,1,1,0.84047619,0.16666667,0.875,1,0,1,0,0,0,1,1,1,0,0,0,1,0,1,0
1,17.67,0.33,2.82,10.84,0,0,0,0,0,0,428.46,0.07311828,50,31,53,34,5,0,0,22,19,21,6,1,0,0,3,0,0,0,0,0,10,3,38,42,12,2,6,0,4,4,22,0,4,0,0,2,2,0,0,0,0,0,0,-0.26476208,108.7294,69.79,69.79,4.57414924,4.3859,483.6562775,124.1250449,18.01075068,483.9534884,201.7186428,345.42,-5.27802685,-5.66544177,-5.80414924,0,0.75,0.83333333,1,0.6,0.5,1,1,0.81190476,0.16666667,0.875,1,0,1,0,0,0,1,0,1,0,0,0,1,0,1,0
1,0,0,0,0,0,0,0,0,0,0,688.95,0.04244898,102,50,104,52,19,4,0,18,52,39,4,7,0,0,0,0,0,0,0,0,11,0,50.98039216,38.23529412,3.92156863,6.8627451,0,0,3,3,18,0,3,0,0,0,3,0,0,0,0,0,0,1.2776603,191.3532,146.3,146.3,3.07680689,6.085,1028.891114,222.419393,96.71559521,918.4385382,379.7862862,684.69,-4.00528585,-4.24296654,-4.30680689,1,0.5,0.5,0.5,0.8,1,0.33333333,0,0.51904762,0,0.625,0,0,0,0,0,0,0,0,0,0,0,0,0,0,0,0
0,0,0,0,0,0,0,0,0,0,0,462.55,0.06722689,57,35,62,40,6,0,0,32,22,27,6,2,0,0,0,0,0,0,0,0,8,0,38.59649123,47.36842105,10.52631579,3.50877193,0,0,6,7,33,1,5,0,0,3,3,0,0,1,0,0,0,-0.76536419,133.8445,83.79,83.79,4.06852307,4.9295,537.7585509,87.28178603,0,560.7142857,233.177986,382.72,-4.84824461,-5.18509691,-5.29852307,0,1,0.66666667,1,0.6,0,1,1,0.75238095,0.16666667,0.75,0,0,0,0,0,0,0,0,0,0,0,0,0,0,0,0
1,18.62,0.36,5.46,7.36,0,0,0,0,0,0,380.44,0.07977208,49,27,50,28,9,2,0,11,22,18,4,3,0,0,2,0,0,0,0,0,9,2,44.89795918,36.73469388,8.16326531,6.12244898,4.08163265,0,2,2,11,0,2,0,0,1,1,0,0,0,0,0,0,1.01807025,95.2493,96.25,96.25,2.53808254,1.7839,499.0445755,175.7004547,78.70484453,454.6677741,189.7163009,337.47,-3.54737015,-3.73117841,-3.76808254,0,1,1,0.83333333,1,1,1,1,0.97619048,0.33333333,1,1,1,1,0,0,0,0,0,1,1,0,0,1,1,1,0
1,16.2,0.3,4,10.13,0,0,0,0,0,0,495.63,0.06190476,67,36,70,39,9,2,0,17,31,27,5,2,0,0,2,0,0,0,0,0,9,2,46.26865672,40.29850746,7.46268657,2.98507463,2.98507463,0,4,4,22,0,4,0,0,2,2,0,0,0,0,0,0,0.17597383,134.3115,79.26,79.26,4.21771791,3.7603,640.7999914,136.1414254,36.02150137,614.6345515,255.2764555,451.84,-4.97506023,-5.32683202,-5.44771791,0,0.75,0.83333333,0.83333333,1,0.5,1,1,0.8452381,0.16666667,0.75,0,0,0,0,0,0,0,0,0,0,0,0,0,0,0,0
1,16.72,0.32,4.47,8,0,0,0,0,0,0,421.55,0.07126437,59,30,60,31,10,2,0,11,29,21,5,2,0,0,2,0,0,0,0,0,9,2,49.15254237,35.59322034,8.47457627,3.38983051,3.38983051,0,2,2,11,0,2,0,0,1,1,0,0,0,0,0,0,0.93313049,110.7372,88.05,88.05,3.20736397,2.5086,582.8164824,151.0278622,54.03225205,531.7109635,221.2913785,391.58,-4.11625938,-4.36699577,-4.43736397,0,1,0.83333333,0.83333333,1,1,1,1,0.95238095,0.16666667,1,1,0,1,0,0,0,1,0,1,0,0,0,1,0,1,0
1,14.95,0.27,2.1,5.75,0,0,0,0,0,0,399.5,0.07586207,51,30,54,33,6,1,0,23,21,22,7,1,0,0,0,0,0,0,0,0,8,0,41.17647059,43.1372549,13.7254902,1.96078431,0,0,4,4,23,0,4,0,0,1,3,0,0,0,0,0,0,0.90011544,116.8988,103.77,103.77,3.98025576,3.8149,497.7909735,129.0499442,50.90793816,500.8803987,208.6559011,350.23,-4.77321739,-5.10124297,-5.21025576,0,1,1,1,0.6,0,1,1,0.8,0.16666667,1,1,0,1,0,0,0,1,1,1,0,0,0,1,0,1,0
0,0,0,0,0,1,0,0,0,1,2,376.42,0.08201058,45,28,48,31,4,3,0,17,17,21,4,2,0,0,1,0,0,0,0,0,7,1,37.77777778,46.66666667,8.88888889,4.44444444,2.22222222,0,4,5,23,1,3,0,0,1,3,0,0,0,1,0,0,-0.32313875,104.2694,72.8,72.8,3.42001574,3.1028,442.1461257,102.686738,18.01075068,447.5581395,186.8025162,328.33,-4.29701338,-4.56901495,-4.65001574,0,1,1,1,0.6,0,1,1,0.8,0.16666667,1,1,1,1,0,1,0,1,0,1,1,0,0,1,1,1,0
1,15.44,0.28,1.02,12.08,0,0,0,0,0,0,445.51,0.07007576,54,33,58,37,5,0,0,27,21,25,5,1,0,0,2,0,0,0,0,0,8,2,38.88888889,46.2962963,9.25925926,1.85185185,3.7037037,0,5,6,28,1,4,0,0,2,3,0,0,1,0,0,0,-0.3520827,122.9417,56.9,56.9,3.88969228,5.4359,507.7058623,92.3794021,18.01075068,525.7475083,218.8473395,369.01,-4.69623844,-5.01520767,-5.11969228,0,1,1,1,0.6,0,1,1,0.8,0.33333333,0.875,1,0,0,0,0,0,0,0,0,0,0,0,0,0,0,0
1,16.69,0.31,0.93,13.36,0,0,0,0,0,0,455.58,0.06773619,60,34,64,38,6,0,0,27,26,27,5,1,0,0,1,0,0,0,0,0,7,1,43.33333333,45,8.33333333,1.66666667,1.66666667,0,5,6,28,1,4,0,0,2,3,0,0,1,0,0,0,-0.3919909,131.0312,56.9,56.9,4.19041432,5.8943,560.5979095,77.54181094,18.01075068,569.6345515,236.8338326,397.54,-4.95185217,-5.3008936,-5.42041432,0,0.75,0.83333333,1,0.8,0.5,1,1,0.84047619,0.33333333,0.875,0,0,0,0,0,0,0,0,0,0,0,0,0,0,0,0
1,17.08,0.31,2.42,10.75,0,0,0,0,0,0,363.43,0.08547009,45,27,48,30,4,0,0,22,18,20,5,1,0,0,1,0,0,0,0,0,7,1,40,44.44444444,11.11111111,2.22222222,2.22222222,0,4,4,22,0,4,0,0,2,2,0,0,0,0,0,0,-0.7326563,99.626,57.76,57.76,4.48964782,3.4824,434.7588821,76.19406769,0,438.1229236,182.9356244,304.98,-5.20620064,-5.58516543,-5.71964782,0,0.75,1,1,0.6,0,1,1,0.76428571,0.33333333,0.875,1,1,1,0,1,0,1,0,1,0,0,0,1,1,1,0
1,12.71,0.24,0.02,9.84,0,0,0,0,0,0,530.59,0.05802969,64,39,68,43,7,1,0,28,25,30,4,2,0,0,3,0,0,0,0,0,9,3,39.0625,46.875,6.25,3.125,4.6875,0,5,6,29,1,4,0,0,1,4,0,0,1,0,0,0,-0.38332968,142.013,68.52,68.52,4.41689972,6.0874,616.1792233,132.6069645,18.01075068,624.5847176,259.3543925,454.09,-5.14436476,-5.51605473,-5.64689972,1,0.5,0.83333333,0.83333333,0.5,0.5,0.83333333,1,0.71428571,0.16666667,0.625,0,0,0,0,0,0,0,0,0,0,0,0,0,0,0,0
1,0,0,0,0,0,0,0,0,0,0,712,0.04078431,108,51,109,52,20,5,0,12,57,38,5,8,0,0,0,0,0,0,0,0,13,0,52.77777778,35.18518519,4.62962963,7.40740741,0,0,2,2,12,0,2,0,0,0,2,0,0,0,0,0,0,1.98705837,193.1019,175.4,175.4,2.02268012,5.0228,1097.210119,265.5750707,114.7263459,953.6877076,394.2326671,715.72,-3.1092781,-3.24154611,-3.25268012,1,0.5,0.5,0.5,0.8,1,0.33333333,0,0.51904762,0.16666667,0.625,0,0,0,0,0,0,0,0,0,0,0,0,0,0,0,0
1,15.82,0.32,3.17,10.15,0,0,0,0,0,0,426.5,0.07635468,50,29,52,31,5,3,0,12,21,20,2,3,0,1,3,0,0,0,0,1,9,3,42,40,4,6,6,0,3,3,19,0,3,0,0,0,2,1,0,0,0,0,0,-0.2681635,103.7587,66.48,74.86,2.99041371,4.2164,492.5842876,133.8675303,18.01075068,480.3654485,200.2481346,362.29,-3.93185165,-4.16089302,-4.22041371,0,1,1,1,0.8,0.5,1,1,0.9,0.33333333,1,1,0,1,0,0,0,1,0,1,0,0,0,1,0,1,0
1,12.58,0.26,2.56,6.47,0,0,0,0,0,0,436.95,0.07881773,50,29,53,32,5,3,0,12,21,20,2,5,0,1,0,1,0,0,0,2,9,1,42,40,4,10,2,0,4,5,24,1,3,0,0,1,2,1,0,1,0,0,0,-0.2681635,108.3567,84.94,93.32,2.29141954,3.7066,499.5924825,110.9869662,18.01075068,493.3887043,205.5855346,364.51,-3.33770661,-3.49684857,-3.52141954,0,1,1,1,0.8,0.5,1,1,0.9,0.33333333,1,1,0,1,0,0,0,1,0,1,0,0,0,1,0,1,0
1,13.45,0.27,2.27,10.81,0,0,0,0,0,0,564.18,0.05974395,73,38,77,42,8,3,0,12,35,28,3,4,0,1,1,1,0,0,0,2,10,2,47.94520548,38.35616438,4.10958904,5.47945205,2.73972603,0,5,5,27,0,5,1,0,0,4,0,0,0,0,0,0,-0.73161773,145.8467,70.16,78.54,3.77184168,6.096,694.5732007,103.1850687,0,672.3421927,278.9271282,498.83,-4.59606543,-4.9032496,-5.00184168,0,0.75,0.83333333,0.83333333,0.9,1,0.83333333,1,0.87857143,0.16666667,0.75,0,0,0,0,0,0,0,0,0,0,0,0,0,0,0,0
1,21.99,0.44,4.66,8.82,0,0,0,0,0,0,353.54,0.08695652,51,24,51,24,8,3,0,5,27,17,3,3,0,1,0,0,0,0,0,1,7,0,52.94117647,33.33333333,5.88235294,5.88235294,0,0,1,1,5,0,1,0,0,1,0,0,0,0,0,0,0,0.33724802,95.3541,88.16,116.4,1.64161446,3.1356,537.2666837,128.241812,36.02150137,468.3222591,195.3124013,344.08,-2.78537229,-2.87953374,-2.87161446,0,1,1,1,1,1,1,1,1,0.33333333,1,1,1,1,0,1,0,1,0,1,1,0,0,1,1,1,0
1,13.54,0.26,-1.12,12.47,0,0,0,0,0,0,428.48,0.07096774,54,31,56,33,8,1,0,18,23,25,0,3,0,0,3,0,0,0,0,0,6,3,42.59259259,46.2962963,0,5.55555556,5.55555556,0,3,3,18,0,3,0,0,0,3,0,0,0,0,0,0,-0.39261231,113.3278,46.53,46.53,5.54580298,6.8719,544.7150575,123.7084979,42.68334316,515.6478405,214.7081314,389.46,-6.10393253,-6.58851283,-6.77580298,0,0.75,0.83333333,0.83333333,0.7,0.5,0.83333333,1,0.77857143,0.5,0.875,0,0,0,0,0,0,0,0,0,0,0,0,0,0,0,0
1,22.3,0.45,4.87,11.82,0,0,0,0,0,0,308.49,0.10952381,45,21,47,23,5,2,0,6,24,16,2,2,0,1,0,0,0,0,0,1,5,0,53.33333333,35.55555556,4.44444444,4.44444444,0,0,3,6,18,3,1,0,0,1,1,1,1,0,0,1,1,0.33091738,84.5972,58.2,66.58,3.09600642,2.9986,409.5358098,77.12294696,32.80999489,396.7940199,165.9975492,287.55,-4.02160545,-4.2612061,-4.32600642,0,1,1,1,1,1,1,1,1,0.16666667,1,1,1,1,0,1,1,0,0,1,1,1,0,1,1,1,0
1,12.48,0.25,-0.53,15.81,0,0,0,0,0,0,513.52,0.0605042,62,35,63,36,6,1,1,6,27,24,1,2,0,0,8,0,0,0,0,0,11,8,43.5483871,38.70967742,1.61290323,3.22580645,12.90322581,0,2,2,12,0,2,0,0,0,2,0,0,0,0,0,0,-0.28794445,113.7692,40.54,40.54,5.5737277,6.8699,631.9918531,190.6334903,42.68334316,560.2990033,233.0077883,449.44,-6.12766855,-6.61504132,-6.8037277,1,0.5,0.66666667,0.66666667,0.8,1,0.66666667,1,0.75714286,0.5,0.625,0,0,0,0,0,0,0,0,0,0,0,0,0,0,0,0
0,0,0,0,0,0,0,0,0,0,0,477.62,0.06439394,69,33,70,34,10,1,0,6,36,25,1,2,0,0,5,0,0,0,0,0,8,5,52.17391304,36.23188406,1.44927536,2.89855072,7.24637681,0,2,2,12,0,2,0,0,0,2,0,0,0,0,0,0,-0.3520827,118.4526,40.54,40.54,5.56086182,7.3032,665.1250354,145.7531504,42.68334316,589.2192691,244.8603562,453.81,-6.11673254,-6.60281873,-6.79086182,0,0.75,0.5,0.66666667,0.9,1,0.83333333,1,0.80714286,0.5,0.75,0,0,0,0,0,0,0,0,0,0,0,0,0,0,0,0
1,17.72,0.34,5.44,7.07,0,0,0,0,0,0,408.45,0.07389163,51,29,52,30,10,3,0,11,22,19,4,4,0,0,2,0,0,0,0,0,10,2,43.1372549,37.25490196,7.84313725,7.84313725,3.92156863,0,2,2,11,0,2,0,0,1,1,0,0,0,0,0,0,0.33031883,99.9609,102.32,102.32,2.75171528,2.2438,522.3515371,169.1619264,36.02150137,480.6810631,200.3774849,360.92,-3.72895799,-3.93412951,-3.98171528,0,1,0.83333333,0.83333333,1,1,1,1,0.95238095,0.33333333,1,1,0,1,0,0,0,0,0,1,1,0,0,1,0,1,0
1,21.06,0.41,6.25,8.94,0,0,0,0,0,0,408.5,0.07389163,55,29,56,30,9,2,0,11,26,20,4,3,0,0,2,0,0,0,0,0,9,2,47.27272727,36.36363636,7.27272727,5.45454545,3.63636364,0,2,2,11,0,2,0,0,1,1,0,0,0,0,0,0,0.95975121,104.3051,96.25,96.25,2.98857866,2.3664,561.6736877,175.7004547,78.70484453,501.4784053,208.9009858,372.07,-3.93029186,-4.15914972,-4.21857866,0,1,1,0.83333333,1,1,1,1,0.97619048,0.33333333,1,1,0,1,0,0,0,1,0,1,1,0,0,1,0,1,0
1,15.91,0.31,2.89,12.07,0,0,0,0,0,0,472.14,0.06818182,71,33,74,36,9,1,0,11,38,26,5,1,0,0,0,1,0,0,0,1,7,1,53.52112676,36.61971831,7.04225352,1.4084507,1.4084507,0,4,5,22,1,3,0,0,2,2,0,0,0,1,0,0,0.16184321,135.5006,62.19,62.19,4.41149432,4.9345,659.4172102,81.07627184,36.02150137,624.5348837,259.3339687,450.28,-5.13977017,-5.51091961,-5.64149432,0,0.75,0.83333333,0.83333333,1,1,1,1,0.91666667,0.16666667,0.75,0,0,0,0,0,0,0,0,0,0,0,0,0,0,0,0
1,19.92,0.42,2.14,21.64,0,0,0,0,0,0,370.87,0.0942029,41,24,43,26,3,2,0,12,17,18,0,2,0,1,2,1,0,0,0,2,6,3,41.46341463,43.90243902,0,4.87804878,7.31707317,0,3,3,18,0,3,0,0,0,3,0,0,0,0,0,0,-0.74048845,90.5658,34.14,42.52,5.29441167,5.7294,425.0218603,74.23317861,0,415.1993356,173.5407113,308.68,-5.89024992,-6.34969109,-6.52441167,0,0.75,0.83333333,0.83333333,0.7,0.5,0.83333333,1,0.77857143,0.66666667,0.875,0,0,0,0,0,0,0,0,0,0,0,0,0,0,0,0
1,16.32,0.35,2.97,11.03,0,0,0,0,0,0,532.96,0.06773619,58,34,62,38,2,3,0,12,24,23,0,6,1,1,2,1,0,0,0,3,11,3,41.37931034,39.65517241,0,10.34482759,5.17241379,0,5,8,31,2,2,0,0,0,4,1,0,0,2,0,0,-0.67095517,122.9265,78.9,97.09,4.30896369,3.9793,580.1998906,119.3395448,0,569.1362126,236.6295953,425.45,-5.05261914,-5.41351551,-5.53896369,1,0.5,0.83333333,0.83333333,0.7,0.5,0.83333333,1,0.74285714,0.33333333,0.625,0,0,0,0,0,0,0,0,0,0,0,0,0,0,0,0
1,15.87,0.33,2.67,12.81,0,0,0,0,0,0,499.01,0.07007576,58,33,62,37,2,2,0,12,25,24,0,5,0,1,2,1,0,0,0,2,9,3,43.10344828,41.37931034,0,8.62068966,5.17241379,0,5,8,30,2,2,0,0,0,5,0,0,0,2,0,0,-0.72111588,119.8497,61.83,70.21,4.54888875,4.1818,574.3160202,107.2328423,0,548.8039867,228.2967159,414.13,-5.25655544,-5.64144432,-5.77888875,0,0.75,0.66666667,1,1,0.5,1,1,0.8452381,0.33333333,0.625,0,0,0,0,0,0,0,0,1,0,0,0,0,0,0,0
1,0,0,0,0,0,0,0,0,0,0,518.93,0.07007576,55,33,59,37,2,3,0,12,22,22,0,6,1,1,2,1,0,0,0,3,11,3,40,40,0,10.90909091,5.45454545,0,5,8,30,2,2,0,0,0,5,0,0,0,2,0,0,-0.66102289,118.1719,78.9,97.09,4.10131841,3.6581,554.1231549,119.3395448,0,545.730897,227.0372529,408.15,-4.87612064,-5.21625249,-5.33131841,0,0.75,0.83333333,0.83333333,0.7,0.5,0.83333333,1,0.77857143,0.33333333,0.75,0,0,0,0,0,0,0,0,0,0,0,0,0,0,0,0
1,15.44,0.31,3.27,11.6,1,0,0,0,1,2,520.98,0.06349206,60,36,64,40,4,4,0,11,24,25,4,3,0,0,3,1,0,0,0,1,11,4,40,41.66666667,6.66666667,5,6.66666667,0,5,6,28,1,4,0,0,2,3,0,0,0,1,0,0,-0.68917513,129.8344,69.36,69.36,3.64889853,2.9565,580.0473697,129.2042391,0,573.3554817,238.358804,437.49,-4.49156375,-4.78645361,-4.87889853,0,0.75,0.83333333,0.83333333,0.7,0.5,0.83333333,1,0.77857143,0.16666667,0.75,0,0,0,0,0,0,0,0,0,0,0,0,0,0,0,0
1,15.29,0.29,3.29,9.05,0,0,0,0,0,0,502.55,0.06349206,61,36,65,40,6,0,0,18,25,24,6,3,0,0,3,0,0,0,0,0,12,3,40.98360656,39.3442623,9.83606557,4.91803279,4.91803279,0,5,6,30,1,4,0,0,0,5,0,0,0,1,0,0,-0.2723585,129.1963,84.87,84.87,2.97706568,5.7532,571.6756964,152.4959706,18.01075068,562.7740864,234.0221666,416.08,-3.92050583,-4.1482124,-4.20706568,0,0.75,0.66666667,0.83333333,0.9,0.5,0.83333333,1,0.78333333,0.33333333,0.75,0,0,0,0,0,0,0,0,0,0,0,0,0,0,0,0
1,10.65,0.2,0.69,5.98,0,0,0,0,0,0,574.88,0.05609756,95,41,100,46,6,2,0,0,54,34,0,7,0,0,0,0,0,0,0,0,7,0,56.84210526,35.78947368,0,7.36842105,0,0,6,24,32,5,1,1,0,1,4,1,0,2,2,2,0,0.06426412,153.333,102.29,102.29,4.39905035,4.0421,894.8392611,168.6562041,85.36668632,759.551495,314.6686455,578.85,-5.12919279,-5.49909783,-5.62905035,1,0.5,0.66666667,0.83333333,0.9,1,0.83333333,1,0.81904762,0.16666667,0.625,0,0,0,0,0,0,0,0,0,0,0,0,0,0,0,0
1,15.14,0.29,2.59,12.01,0,0,0,0,0,0,484.52,0.06554622,58,35,62,39,4,2,0,17,23,25,4,3,0,0,3,0,0,0,0,0,10,3,39.65517241,43.10344828,6.89655172,5.17241379,5.17241379,0,5,6,29,1,4,0,0,1,4,0,0,0,1,0,0,-0.70867055,124.1921,61.11,61.11,4.18721608,4.2099,551.8605517,117.4085847,0,545.8803987,227.0985241,408.74,-4.94913367,-5.29785528,-5.41721608,0,0.75,0.83333333,1,0.8,0.5,1,1,0.84047619,0.16666667,0.75,0,0,0,0,0,0,0,0,1,0,0,0,0,0,0,0
1,15,0.32,2,8.09,0,0,0,0,0,0,454.06,0.07635468,53,29,55,31,9,2,0,16,24,20,3,3,0,2,0,1,0,0,0,3,9,1,45.28301887,37.73584906,5.66037736,5.66037736,1.88679245,0,3,3,16,0,3,0,0,2,1,0,0,0,0,0,0,0.29617978,118.1256,84.22,120.84,2.78255509,5.1549,564.860967,120.0643001,59.08834061,535.6644518,222.9116606,377.9,-3.75517183,-3.96342734,-4.01255509,0,1,0.83333333,0.83333333,0.8,0.5,1,1,0.85238095,0.33333333,1,1,0,0,0,0,0,1,0,0,0,0,0,0,0,0,0
1,13.31,0.24,-0.07,7.63,0,0,0,0,0,0,426.51,0.07258065,54,32,58,36,6,0,0,27,22,25,4,3,0,0,0,0,0,0,0,0,7,0,40.74074074,46.2962963,7.40740741,5.55555556,0,0,5,6,28,1,4,0,0,2,3,0,0,1,0,0,0,-0.37169974,120.9697,74.34,74.34,2.92620838,4.7503,511.9007353,83.08893184,18.01075068,522.8239203,217.6491477,363.45,-3.87727712,-4.09989796,-4.15620838,0,1,1,1,0.6,0,1,1,0.8,0.33333333,0.875,1,0,0,0,0,0,1,0,0,0,0,0,0,0,1,0
1,16.94,0.31,1.83,9.93,0,0,0,0,0,0,333.43,0.09333333,44,25,47,28,4,0,0,21,19,19,5,1,0,0,0,0,0,0,0,0,6,0,43.18181818,43.18181818,11.36363636,2.27272727,0,0,4,5,22,1,3,0,0,2,2,0,0,1,0,0,0,-0.31684923,97.8903,56.9,56.9,2.60005897,3.3028,410.6777508,62.45917555,18.01075068,418.9368771,175.0724906,284.25,-3.60005012,-3.79005602,-3.83005897,0,1,1,1,0.6,0,1,1,0.8,0.5,1,1,1,1,0,1,0,1,0,1,1,0,0,1,1,1,0
1,16.3,0.3,1.35,11.95,0,0,0,0,0,0,413.49,0.07526882,51,31,55,35,5,0,0,27,20,24,5,1,0,0,1,0,0,0,0,0,7,1,39.21568627,47.05882353,9.80392157,1.96078431,1.96078431,0,5,6,28,1,4,0,0,2,3,0,0,1,0,0,0,-0.36064975,116.6763,56.38,56.38,3.58194508,4.7708,478.1827341,77.54181094,18.01075068,499.4186047,208.0568052,345.64,-4.43465332,-4.72284783,-4.81194508,0,1,1,1,0.6,0,1,1,0.8,0.33333333,0.875,1,0,0,0,0,0,1,1,0,0,0,0,0,0,1,0
1,13,0.26,1.15,11.12,0,0,0,0,0,0,477.54,0.06818182,55,33,58,36,7,2,0,18,22,24,1,4,0,1,3,0,0,0,0,1,9,3,40,43.63636364,1.81818182,7.27272727,5.45454545,0,4,4,24,0,4,0,0,0,4,0,0,0,0,0,0,-0.72111588,119.1063,55.84,64.22,3.81905482,5.1684,538.1811072,112.7116283,0,534.833887,222.5712652,400.74,-4.6361966,-4.94810208,-5.04905482,0,1,0.83333333,1,0.8,0.5,1,1,0.87619048,0.16666667,0.875,1,0,0,0,0,0,0,0,0,0,0,0,0,0,0,0
1,15.62,0.31,2.32,9.37,0,0,0,0,0,0,481.67,0.06439394,66,33,67,34,12,2,0,11,33,24,3,3,0,1,2,0,0,0,0,1,9,2,50,36.36363636,4.54545455,4.54545455,3.03030303,0,2,2,11,0,2,0,0,1,1,0,0,0,0,0,0,0.2219362,126.4745,80.32,108.56,3.78812281,4.5734,669.2276033,144.0169994,36.02150137,605.6810631,251.6069931,448.78,-4.60990439,-4.91871667,-5.01812281,0,1,0.66666667,0.83333333,1,1,0.83333333,0.5,0.83333333,0.16666667,0.75,0,0,0,0,0,0,0,0,0,0,0,0,0,0,0,0
1,14.2,0.26,0.42,10.57,0,0,0,0,0,0,463.62,0.06386555,64,35,67,38,6,2,0,24,29,30,3,2,0,0,0,0,0,0,0,0,5,0,45.3125,46.875,4.6875,3.125,0,0,4,4,24,0,4,0,0,0,4,0,0,0,0,0,0,-0.45802538,139.5176,62.3,62.3,3.96244414,4.6948,627.9955957,88.21044819,18.01075068,617.2757475,256.3589129,448.14,-4.75807752,-5.08432193,-5.19244414,0,1,0.83333333,1,0.6,0.5,1,1,0.84761905,0.16666667,0.875,0,0,0,0,0,0,0,0,0,0,0,0,0,0,0,0
1,13.25,0.24,0.68,9.77,0,0,0,0,0,0,401.55,0.07586207,57,30,60,33,5,1,0,18,27,25,3,2,0,0,0,0,0,0,0,0,5,0,47.36842105,43.85964912,5.26315789,3.50877193,0,0,4,4,24,0,4,0,0,0,4,0,0,0,0,0,0,-0.41494968,119.5105,54.46,54.46,2.84696684,3.6123,537.5021602,74.06540905,18.01075068,528.820598,220.1068025,383.1,-3.80992181,-4.0246185,-4.07696684,0,1,1,1,0.8,0.5,1,1,0.9,0.5,1,1,0,0,0,0,0,1,1,1,0,0,0,1,0,1,0
1,12.31,0.24,-1.77,14.49,0,0,0,0,0,0,494.52,0.06218487,59,35,61,37,6,1,0,18,24,26,2,1,0,0,6,0,0,0,0,0,9,6,40.6779661,44.06779661,3.38983051,1.69491525,10.16949153,0,3,3,18,0,3,0,0,0,3,0,0,0,0,0,0,-0.34463809,121.7054,41.99,41.99,5.50975953,6.8112,585.4460765,149.7018869,18.01075068,561.4784053,233.4911497,429.39,-6.0732956,-6.55427155,-6.73975953,0,0.75,0.66666667,0.83333333,0.7,0.5,0.83333333,1,0.7547619,0.5,0.75,0,0,0,0,0,0,0,0,0,0,0,0,0,0,0,0
1,16.17,0.31,0.99,13.51,0,0,0,0,0,0,350.87,0.09,44,25,46,27,5,1,0,18,19,21,2,1,0,0,0,1,0,0,0,1,4,1,43.18181818,47.72727273,4.54545455,2.27272727,2.27272727,0,3,3,18,0,3,0,0,0,3,0,0,0,0,0,0,-0.3958862,101.2781,41.99,41.99,3.8088378,4.2576,451.9493262,59.94120726,18.01075068,447.2425249,186.673166,321.68,-4.62751213,-4.93839591,-5.0388378,0,1,1,1,0.6,0.5,1,1,0.87142857,0.5,1,1,0,1,0,1,0,1,0,1,0,0,0,1,0,1,0
1,16.87,0.36,3.78,8.97,0,0,0,0,0,0,469.43,0.07356322,52,30,54,32,9,2,0,17,22,20,4,3,0,1,0,2,0,0,0,3,10,2,42.30769231,38.46153846,7.69230769,5.76923077,3.84615385,0,3,3,17,0,3,0,0,1,2,0,0,0,0,0,0,-0.24987445,120.8604,88.32,96.7,3.2482509,4.5366,569.7155999,121.8408708,42.68334316,538.2724253,223.9805022,382.96,-4.15101327,-4.40583836,-4.4782509,0,1,0.83333333,0.83333333,0.8,0.5,1,1,0.85238095,0.16666667,0.875,1,0,0,0,0,0,0,0,0,0,0,0,1,0,0,0
1,15.26,0.33,2.51,9.45,0,0,0,0,0,0,431.42,0.07977208,51,27,52,28,9,2,0,12,24,19,2,3,0,1,0,2,0,0,0,3,8,2,47.05882353,37.25490196,3.92156863,5.88235294,3.92156863,0,2,2,12,0,2,0,0,0,2,0,0,0,0,0,0,0.30395797,111.9831,69.64,78.02,3.4781318,4.4906,554.8189259,106.5256066,60.69409384,514.0365449,214.0477643,372.2,-4.34641203,-4.62422521,-4.7081318,0,1,1,0.83333333,1,1,1,1,0.97619048,0.16666667,1,1,0,1,0,0,0,1,0,1,0,0,0,1,0,1,0
1,18.95,0.35,3.37,12.32,0,0,0,0,0,0,390.51,0.08128079,52,29,56,33,4,0,0,21,23,22,6,0,0,0,1,0,0,0,0,0,7,1,44.23076923,42.30769231,11.53846154,0,1.92307692,0,5,7,28,2,3,0,0,2,3,0,0,2,0,0,0,-0.3364416,115.0714,60.04,60.04,4.87123874,4.878,466.0574364,83.08240837,18.01075068,480.8637874,200.4523719,332.07,-5.53055293,-5.94767681,-6.10123874,0,0.75,0.83333333,1,0.8,0.5,1,1,0.84047619,0.16666667,0.75,1,0,0,0,0,0,1,1,0,0,0,0,0,0,1,0
1,14.96,0.28,2.44,8.03,0,0,0,0,0,0,391.5,0.08128079,51,29,55,33,4,0,0,21,22,21,7,0,0,0,1,0,0,0,0,0,8,1,43.1372549,41.17647059,13.7254902,0,1.96078431,0,5,7,28,2,3,0,0,2,3,0,0,2,0,0,0,-0.30230255,113.3069,72.93,72.93,5.51932106,3.9772,460.7379617,99.74541581,18.01075068,474.0365449,197.6543217,325.77,-6.0814229,-6.563355,-6.74932106,0,0.75,0.83333333,0.83333333,0.7,0.5,0.83333333,1,0.77857143,0.16666667,0.75,1,0,1,0,0,0,1,1,1,0,0,0,1,0,1,0
1,13.55,0.25,3.02,7.7,0,0,0,0,0,0,516.59,0.05974395,64,38,68,42,5,4,0,18,26,29,4,3,0,0,2,0,0,0,0,0,9,2,40.625,45.3125,6.25,4.6875,3.125,0,5,7,31,2,3,0,0,0,4,1,0,0,1,1,0,0.1489208,137.9658,90.87,90.87,4.25428257,4.587,616.7489798,161.2863525,36.02150137,615.1495017,255.4875007,463.95,-5.00614018,-5.36156844,-5.48428257,1,0.5,0.83333333,0.83333333,0.7,0.5,0.83333333,1,0.74285714,0.16666667,0.625,0,0,0,0,0,0,0,0,0,0,0,0,0,0,0,0
1,0,0,0,0,0,0,0,0,0,0,472.74,0.06238859,78,34,79,35,13,3,0,6,44,28,2,4,0,0,0,0,0,0,0,0,6,0,56.41025641,35.8974359,2.56410256,5.12820513,0,0,2,2,12,0,2,0,0,0,2,0,0,0,0,0,0,0.75278891,134.893,95.5,95.5,3.12376202,5.6521,759.9759997,154.1396256,78.70484453,666.6112957,276.5783999,498.66,-4.04519771,-4.28757391,-4.35376202,0,1,0.66666667,0.83333333,1,1,0.83333333,0.5,0.83333333,0.16666667,0.75,0,0,0,0,0,0,0,0,0,0,0,0,0,0,0,0
1,16.28,0.3,2.5,10.62,0,0,0,0,0,0,338.45,0.09333333,47,25,50,28,3,2,0,11,22,19,4,2,0,0,0,0,0,0,0,0,6,0,46.80851064,40.42553191,8.5106383,4.25531915,0,0,4,5,23,1,3,0,0,1,3,0,0,0,1,0,0,-0.75085118,97.3184,51.88,51.88,3.02921808,2.7748,430.9998083,61.52835699,0,426.3953488,178.1292413,309.12,-3.96483537,-4.19775718,-4.25921808,0,1,1,1,0.8,0.5,1,1,0.9,0.5,1,1,1,1,0,1,0,1,0,1,1,0,0,1,1,1,0
1,16.91,0.32,4.19,10.15,0,0,0,0,0,0,475.65,0.06417112,69,34,71,36,11,2,0,11,35,25,5,2,0,0,2,0,0,0,0,0,9,2,50.72463768,36.23188406,7.24637681,2.89855072,2.89855072,0,3,3,16,0,3,0,0,2,1,0,0,0,0,0,0,0.20581834,128.4375,79.26,79.26,4.04533561,3.5679,653.7463866,136.1414254,36.02150137,607.2923588,252.2673602,448.42,-4.82853527,-5.16306883,-5.27533561,0,1,0.66666667,0.83333333,1,1,0.83333333,0.5,0.83333333,0.16666667,0.75,1,0,0,0,0,0,0,0,0,0,0,0,0,0,0,0
1,0,0,0,0,0,0,0,0,0,0,345.47,0.09782609,44,24,47,27,3,2,0,12,20,19,1,2,0,1,1,0,0,0,0,1,5,1,45.45454545,43.18181818,2.27272727,4.54545455,2.27272727,0,4,7,24,3,2,0,0,1,2,1,1,0,0,1,1,-0.34197771,92.019,46.17,54.55,3.80946413,4.3286,408.1274459,75.67806279,16.40499744,413.8870432,173.0028866,303.34,-4.62804451,-4.93899092,-5.03946413,0,1,1,1,0.8,0.5,1,1,0.9,0.66666667,1,1,0,1,0,1,0,1,0,1,0,0,0,1,0,1,0
1,13.67,0.25,0.32,9.1,0,0,0,0,0,0,431.56,0.07056452,58,32,61,35,6,0,0,23,26,25,5,1,0,0,1,0,0,0,0,0,7,1,44.82758621,43.10344828,8.62068966,1.72413793,1.72413793,0,4,4,23,0,4,0,0,1,3,0,0,0,0,0,0,-0.37169974,127.0493,64.86,64.86,4.67109772,5.5815,558.1474672,94.08229626,18.01075068,548.0066445,227.9699363,388.84,-5.36043306,-5.75754283,-5.90109772,0,0.75,0.83333333,1,0.8,0.5,1,1,0.84047619,0.16666667,0.875,1,0,0,0,0,0,0,0,0,0,0,0,0,0,0,0
1,12.48,0.25,1.45,10.61,0,0,0,0,0,0,596.2,0.05641026,76,40,80,44,7,3,0,12,36,29,3,4,0,1,2,1,0,0,0,2,11,3,47.36842105,38.15789474,3.94736842,5.26315789,3.94736842,0,5,5,30,0,5,0,0,0,5,0,0,0,0,0,0,-0.72017927,150.7165,70.16,78.54,4.32612607,6.9621,719.7275775,118.145182,0,698.6710964,289.7176624,522.2,-5.06720716,-5.42981977,-5.55612607,1,0.5,0.83333333,0.83333333,0.9,1,0.83333333,1,0.84285714,0.16666667,0.625,0,0,0,0,0,0,0,0,0,0,0,0,0,0,0,0
1,14.72,0.3,2.97,12.21,0,0,0,0,0,0,582.17,0.05802969,73,39,77,43,7,3,0,12,34,28,3,4,0,1,2,1,0,0,0,2,11,3,46.57534247,38.35616438,4.10958904,5.47945205,4.10958904,0,5,5,27,0,5,1,0,0,4,0,0,0,0,0,0,-0.71302124,145.9693,70.16,78.54,4.13590326,6.176,701.6398019,118.145182,0,675.2657807,280.12532,504.9,-4.90551777,-5.2491081,-5.36590326,0,0.75,0.83333333,0.83333333,0.9,1,0.83333333,1,0.87857143,0.16666667,0.75,0,0,0,0,0,0,0,0,0,0,0,0,0,0,0,0
1,14.41,0.29,2.29,9.58,0,0,0,0,0,0,579.19,0.05802969,75,39,79,43,8,3,0,12,36,29,2,5,0,1,1,1,0,0,0,2,10,2,48,38.66666667,2.66666667,6.66666667,2.66666667,0,5,5,27,0,5,1,0,0,4,0,0,0,0,0,0,-0.35786463,148.0237,87.15,95.53,3.96332652,5.9045,735.4665633,142.744098,42.68334316,688.9202658,285.7214204,513.92,-4.75882754,-5.0851602,-5.19332652,0,0.75,0.83333333,0.83333333,0.9,1,0.83333333,1,0.87857143,0.16666667,0.75,0,0,0,0,0,0,0,0,0,0,0,0,0,0,0,0
1,15.8,0.3,2.68,9.54,0,0,0,0,0,0,486.02,0.06554622,59,35,63,39,6,2,0,23,24,26,7,1,0,0,0,1,0,0,0,1,9,1,40.6779661,44.06779661,11.86440678,1.69491525,1.69491525,0,5,6,30,1,4,0,0,1,3,1,0,0,0,1,0,-0.34463809,141.8855,80.46,80.46,3.73145415,5.6651,583.2105166,99.27707066,18.01075068,589.6511628,245.0373618,419.64,-4.56173602,-4.86488144,-4.96145415,0,1,0.83333333,1,0.6,0,1,1,0.77619048,0.16666667,0.75,0,0,0,0,0,0,0,0,0,0,0,0,0,0,0,0
1,16.52,0.31,1.95,8.33,0,0,0,0,0,0,393.46,0.07881773,49,29,52,32,6,0,0,22,20,21,5,2,0,0,1,0,0,0,0,0,8,1,40.81632653,42.85714286,10.20408163,4.08163265,2.04081633,0,4,4,22,0,4,0,0,2,2,0,0,0,0,0,0,-0.30230255,106.5684,78,78,4.3573671,3.6729,478.1239478,106.8725286,18.01075068,471.2790698,196.5242089,331.07,-5.09376203,-5.45949874,-5.5873671,0,0.75,1,1,0.6,0.5,1,1,0.83571429,0.16666667,0.875,1,0,1,0,0,0,1,1,1,0,0,0,1,0,1,0
1,20.02,0.38,2.39,17.44,0,0,0,0,0,0,372.53,0.08831909,47,27,51,31,3,0,0,22,20,22,4,0,0,1,0,0,0,0,0,1,5,0,42.55319149,46.80851064,8.5106383,0,0,0,5,8,29,2,3,0,0,2,2,1,0,0,1,1,0,-0.38218849,111.4995,42.74,70.98,4.48700737,4.7577,437.571608,51.58180978,18.01075068,464.8006645,193.8691248,319.87,-5.20395626,-5.582657,-5.71700737,0,0.75,1,1,0.6,0.5,1,1,0.83571429,0.33333333,0.75,1,0,0,0,1,0,1,0,0,0,0,0,0,0,1,0
1,18.65,0.35,1.47,12.16,0,0,0,0,0,0,317.44,0.1027668,38,23,41,26,2,0,1,17,15,19,3,0,0,1,0,0,0,0,0,1,4,0,39.47368421,50,7.89473684,0,0,0,4,7,24,2,2,0,0,1,2,1,0,0,1,1,0,-0.36933285,95.0166,48.71,76.95,3.88751032,4.6843,378.8734407,65.855636,18.01075068,396.0465116,165.6911933,280.23,-4.69438377,-5.0131348,-5.11751032,0,1,1,1,0.6,0.5,1,1,0.87142857,0.5,1,1,0,0,0,1,0,0,0,0,0,0,0,1,0,1,0
1,17.18,0.32,2.54,14.32,0,0,0,0,0,0,432.54,0.07258065,57,32,61,36,4,2,0,17,25,25,4,2,0,0,1,0,0,0,0,0,7,1,43.85964912,43.85964912,7.01754386,3.50877193,1.75438596,0,5,6,29,1,4,0,0,1,4,0,0,0,1,0,0,-0.77437447,121.8176,51.88,51.88,4.47558462,4.5925,529.3791061,76.48847026,0,530.282392,220.7058984,387.81,-5.19424693,-5.57180539,-5.70558462,0,0.75,1,1,0.8,0.5,1,1,0.86428571,0.33333333,0.75,1,0,0,0,0,0,1,0,0,0,0,0,1,0,1,0
0,11.72,0.24,0.69,7.8,0,0,0,0,0,0,439.87,0.08128079,42,29,46,33,2,2,0,17,13,19,3,2,0,1,3,1,0,0,0,2,10,4,30.95238095,45.23809524,7.14285714,4.76190476,9.52380952,0,5,11,28,4,2,0,0,2,3,1,0,2,1,1,0,-0.23402445,102.7252,66.06,74.44,3.59045975,4.7169,416.4727599,107.37486,16.66300743,440.89701,184.0725451,324.15,-4.44189079,-4.73093676,-4.82045975,0,1,1,1,0.6,0.5,1,1,0.87142857,0.33333333,0.875,1,0,0,0,0,0,1,0,0,0,0,0,0,0,1,0
0,10.67,0.21,0.56,6.84,0,0,0,0,0,0,423.42,0.08128079,42,29,46,33,2,2,0,17,13,19,3,2,0,1,4,0,0,0,0,1,10,4,30.95238095,45.23809524,7.14285714,4.76190476,9.52380952,0,5,11,28,4,2,0,0,2,3,1,0,2,1,1,0,-0.23402445,98.1368,66.06,74.44,3.48055823,4.258,397.9046406,122.3349732,16.66300743,423.4883721,176.9378574,315.01,-4.3484745,-4.62653032,-4.71055823,0,1,1,1,0.6,0.5,1,1,0.87142857,0.33333333,0.875,1,0,1,0,0,0,1,0,1,0,0,0,1,0,1,0
1,20.3,0.41,4.86,13.56,0,0,0,0,0,0,441.41,0.07816092,42,30,46,34,2,2,0,17,12,19,3,2,0,1,5,0,0,0,0,1,11,5,28.57142857,45.23809524,7.14285714,4.76190476,11.9047619,0,5,11,28,4,2,0,0,2,3,1,0,2,1,1,0,-0.2168594,98.3532,66.06,74.44,3.85845975,4.4635,400.7384225,137.2950865,16.66300743,426.4119601,178.1360492,321.08,-4.66969079,-4.98553676,-5.08845975,0,1,1,1,0.6,0.5,1,1,0.87142857,0.33333333,0.875,1,0,1,0,0,0,1,0,1,0,0,0,1,0,1,0
1,0,0,0,0,0,0,0,0,0,0,396.91,0.08923077,45,26,48,29,3,2,0,12,19,20,0,2,0,1,2,1,0,0,0,2,6,3,42.22222222,44.44444444,0,4.44444444,6.66666667,0,4,5,23,2,3,0,0,1,3,1,0,0,0,0,0,-0.76042238,97.8608,34.14,42.52,5.73619151,5.8614,448.5640642,74.23317861,0,443.9700997,185.3320081,330.92,-6.26576279,-6.76938194,-6.96619151,0,0.75,0.83333333,0.83333333,0.7,0.5,0.83333333,1,0.77857143,0.66666667,0.875,0,0,0,0,0,0,0,0,0,0,0,0,0,0,0,0
1,22.53,0.45,4.96,14.92,0,0,0,0,0,0,437.45,0.07816092,45,30,49,34,3,2,0,17,15,20,3,2,0,1,4,0,0,0,0,1,10,4,33.33333333,44.44444444,6.66666667,4.44444444,8.88888889,0,5,8,26,2,3,1,0,1,3,0,0,1,1,0,0,-0.24987445,103.7141,66.06,74.44,3.96734355,5.2847,423.552549,122.3349732,16.66300743,446.8936877,186.5301999,332.31,-4.76224202,-5.08897637,-5.19734355,0,1,1,1,0.6,0.5,1,1,0.87142857,0.33333333,0.875,1,0,0,0,0,0,0,0,0,0,0,0,0,0,0,0
1,16.65,0.34,5.31,7.68,0,0,0,0,0,0,522.64,0.06554622,59,35,63,39,3,4,1,12,24,24,2,5,0,2,2,0,0,0,0,2,11,2,40.6779661,40.6779661,3.38983051,8.47457627,3.38983051,0,5,11,30,3,2,0,0,0,5,0,0,0,3,0,0,-0.28794445,124.4271,113.33,130.09,2.99738728,3.6738,588.0214106,177.0103718,16.40499744,574.5016611,238.8285496,434.15,-3.93777919,-4.16751792,-4.22738728,0,0.75,0.83333333,0.83333333,0.7,0.5,0.83333333,1,0.77857143,0.5,0.75,0,0,0,0,0,0,0,0,0,0,0,0,0,0,0,0
0,0,0,0,0,0,0,0,0,0,0,460.32,0.08201058,42,28,45,31,5,3,0,21,14,20,1,5,0,1,0,0,1,0,0,2,8,1,33.33333333,47.61904762,2.38095238,11.9047619,2.38095238,0,4,7,23,2,2,0,0,1,3,0,0,2,0,0,0,-0.28779665,107.1089,85.6,93.98,3.06683684,5.0821,457.2447565,123.1411102,42.68334316,464.1196013,193.5900005,327.86,-3.99681131,-4.233495,-4.29683684,0,1,0.83333333,1,0.4,0,1,1,0.74761905,0.16666667,0.875,1,0,0,0,0,0,1,0,0,0,0,0,0,0,0,0
0,10.51,0.2,-0.79,6.83,0,0,0,0,0,0,419.88,0.07586207,48,30,51,33,6,3,0,18,18,24,1,4,0,0,0,1,0,0,0,1,6,1,37.5,50,2.08333333,8.33333333,2.08333333,0,4,5,23,1,3,0,0,1,3,0,0,1,0,0,0,-0.38193463,115.3586,68.39,68.39,4.44330103,4.818,498.0728078,90.30038052,18.01075068,497.807309,207.3964381,371.31,-5.16680588,-5.54113598,-5.67330103,0,0.75,1,1,0.6,0,1,1,0.76428571,0.16666667,0.875,1,0,0,0,0,0,1,0,0,0,0,0,0,0,1,0
0,14.93,0.29,1.35,12.31,0,0,0,0,0,0,342.85,0.0942029,43,24,45,26,5,2,0,12,19,19,2,2,0,0,0,1,0,0,0,1,5,1,44.18604651,44.18604651,4.65116279,4.65116279,2.3255814,0,3,4,17,1,2,0,0,1,2,0,0,1,0,0,0,-0.34197771,97.2376,45.33,45.33,3.36880108,3.5178,433.3713392,57.2798795,18.01075068,424.4684385,177.339524,312.05,-4.25348092,-4.52036103,-4.59880108,0,1,1,1,0.8,0.5,1,1,0.9,0.33333333,1,1,1,1,0,1,0,1,0,1,0,0,0,1,1,1,0
1,17.57,0.36,4.33,8.72,0,0,0,0,0,0,393.93,0.08615385,46,26,48,28,5,3,0,12,20,18,3,3,0,1,0,1,0,0,0,2,8,1,43.47826087,39.13043478,6.52173913,6.52173913,2.17391304,0,3,3,19,0,3,0,0,0,2,1,0,0,0,0,0,-0.25567146,100.4329,79.37,87.75,1.65805897,2.7879,474.0886327,105.77272,18.01075068,461.6943522,192.596046,335.69,-2.79935012,-2.89515602,-2.88805897,0,1,1,1,0.8,0.5,1,1,0.9,0.33333333,1,1,0,1,0,0,0,1,0,1,1,0,0,1,0,1,0
1,0,0,0,0,0,0,0,0,0,0,1201.75,0.02380952,189,85,189,85,35,11,0,6,104,61,10,14,0,0,0,0,0,0,0,0,24,0,55.02645503,32.27513228,5.29100529,7.40740741,0,0,1,1,6,0,1,0,0,0,1,0,0,0,0,0,0,5.21162321,318.9763,335.76,335.76,-0.06717609,6.1693,1917.74645,489.7013679,180.1075068,1630.016611,671.416644,1236.7,-1.33290032,-1.25618272,-1.16282391,1,0.25,0.33333333,0.33333333,0.7,1,0.16666667,0,0.39761905,0.16666667,0.5,0,0,0,0,0,0,0,0,0,0,0,0,0,0,0,0
0,0,0,0,0,0,0,0,0,0,0,310.42,0.09881423,45,23,47,25,6,1,0,12,22,20,0,3,0,0,0,0,0,0,0,0,3,0,48.88888889,44.44444444,0,6.66666667,0,0,3,3,18,0,3,0,0,0,3,0,0,0,0,0,0,-0.85792024,89.9034,35.53,35.53,2.65217102,3.511,429.1644137,47.14470281,0,411.2790698,171.934045,303.57,-3.64434537,-3.83956247,-3.88217102,0,1,1,1,0.8,0.5,1,1,0.9,0.66666667,1,1,1,1,0,1,1,1,0,1,0,1,0,1,1,1,0
1,17.2,0.36,2.28,10.67,0,0,0,0,0,0,442.94,0.07635468,50,29,52,31,6,3,0,12,21,21,0,4,0,1,2,1,0,0,0,2,8,3,42,42,0,8,6,0,3,3,18,0,3,0,0,0,3,0,0,0,0,0,0,-0.30230255,105.9818,71.44,79.82,5.04380306,5.5904,531.6078427,142.0614488,42.68334316,497.7740864,207.3828223,375.52,-5.6772326,-6.1116129,-6.27380306,0,0.75,0.83333333,0.83333333,0.7,0.5,0.83333333,1,0.77857143,0.16666667,0.875,1,0,0,0,0,0,0,0,0,0,0,0,0,0,0,0
0,0,0,0,0,0,0,0,0,0,0,247.32,0.12418301,35,18,36,19,3,2,0,6,17,14,1,3,0,0,0,0,0,0,0,0,4,0,48.57142857,40,2.85714286,8.57142857,0,0,2,2,12,0,2,0,0,0,2,0,0,0,0,0,0,-0.76349584,67.6011,46.61,46.61,1.37247801,2.0671,347.5779395,64.41405585,0,319.7508306,134.4224715,239.31,-2.55660631,-2.62385411,-2.60247801,0,1,1,1,1,1,1,1,1,0.83333333,1,1,0,1,0,1,0,0,0,1,0,1,1,1,0,1,0
0,21.49,0.4,2.87,14.05,0,0,0,0,0,0,232.3,0.13235294,33,17,34,18,4,2,0,6,16,14,0,3,0,0,0,0,0,0,0,0,3,0,48.48484848,42.42424242,0,9.09090909,0,0,2,2,12,0,2,0,0,0,2,0,0,0,0,0,0,-0.80724374,66.4592,35.53,35.53,1.36830844,1.9043,328.1450934,47.14470281,0,303.1727575,127.6281793,228.31,-2.55306217,-2.61989302,-2.59830844,0,1,1,1,1,0.5,1,1,0.92857143,0.83333333,1,1,0,1,0,1,0,0,0,1,0,1,1,1,0,1,0
1,19.32,0.35,2.27,16.77,0,0,0,0,0,0,308.4,0.09881423,43,23,45,25,6,2,0,12,20,20,0,3,0,0,0,0,0,0,0,0,3,0,46.51162791,46.51162791,0,6.97674419,0,0,3,3,18,0,3,0,0,0,3,0,0,0,0,0,0,-0.85792024,91.0718,35.53,35.53,2.57463151,3.4878,419.5056412,47.14470281,0,404.1362126,169.0066445,300.93,-3.57843679,-3.76589994,-3.80463151,0,1,1,1,0.8,0.5,1,1,0.9,0.66666667,1,1,1,1,0,1,1,1,0,1,0,1,0,1,1,1,0
0,19.24,0.36,2.35,12.58,0,0,0,0,0,0,232.3,0.13235294,33,17,34,18,4,2,0,6,16,14,0,3,0,0,0,0,0,0,0,0,3,0,48.48484848,42.42424242,0,9.09090909,0,0,2,2,12,0,2,0,0,0,2,0,0,0,0,0,0,-0.80724374,66.4592,35.53,35.53,1.36830844,1.9043,328.1450934,47.14470281,0,303.1727575,127.6281793,228.31,-2.55306217,-2.61989302,-2.59830844,0,1,1,1,1,0.5,1,1,0.92857143,0.83333333,1,1,0,1,0,1,0,0,0,1,0,1,1,1,0,1,0
1,15.89,0.29,1.55,10,0,0,0,0,0,0,410.5,0.07526882,53,31,57,35,4,1,0,23,22,26,2,3,0,0,0,0,0,0,0,0,5,0,41.50943396,49.05660377,3.77358491,5.66037736,0,0,5,8,30,2,3,0,0,1,3,1,0,0,1,1,0,-0.83102648,118.2734,65.22,65.22,3.58164939,4.6247,502.1200582,79.2232203,0,513.0730897,213.6529056,369.65,-4.43440198,-4.72256692,-4.81164939,0,1,1,1,0.8,0.5,1,1,0.9,0.16666667,0.875,1,0,0,0,0,0,1,1,0,0,0,0,1,0,1,0
1,18.78,0.34,3.79,8.4,0,0,0,0,0,0,401.52,0.07586207,53,30,56,33,7,0,0,23,23,22,7,1,0,0,0,0,0,0,0,0,8,0,43.39622642,41.50943396,13.20754717,1.88679245,0,0,4,4,23,0,4,0,0,1,3,0,0,0,0,0,0,0.24295394,116.6228,89.78,89.78,4.05143466,3.9372,510.1962563,114.1635075,36.02150137,508.0232558,211.5833016,352.87,-4.83371946,-5.16886292,-5.28143466,0,1,1,1,0.6,0,1,1,0.8,0.16666667,1,1,0,1,0,0,0,1,1,1,0,0,0,1,0,1,0
1,16.53,0.3,2.2,10.17,0,0,0,0,0,0,403.53,0.07816092,55,30,59,34,5,0,0,21,25,23,5,2,0,0,0,0,0,0,0,0,7,0,45.45454545,41.81818182,9.09090909,3.63636364,0,0,5,6,28,1,4,0,0,2,3,0,0,1,0,0,0,-0.34891959,115.0371,65.61,65.61,2.72504659,3.2579,497.1202691,73.58158555,18.01075068,504.269103,210.0447143,349.88,-3.7062896,-3.90879426,-3.95504659,0,1,1,1,0.8,0.5,1,1,0.9,0.33333333,0.875,1,0,1,0,0,0,1,0,1,1,0,0,1,0,1,0
1,19.06,0.35,2.46,11.27,0,0,0,0,0,0,333.43,0.09333333,44,25,47,28,4,0,0,21,19,19,5,1,0,0,0,0,0,0,0,0,6,0,43.18181818,43.18181818,11.36363636,2.27272727,0,0,4,5,22,1,3,0,0,2,2,0,0,1,0,0,0,-0.31684923,96.2872,56.38,56.38,2.60005897,2.901,410.0651402,62.58169767,18.01075068,418.9368771,175.0724906,284.25,-3.60005012,-3.79005602,-3.83005897,0,1,1,1,0.6,0,1,1,0.8,0.5,1,1,1,1,0,1,0,1,0,1,1,1,0,1,1,1,0
1,20.78,0.41,4.98,11.28,0,0,0,0,0,0,495.7,0.06238859,69,34,70,35,13,2,0,11,35,25,3,3,0,1,2,0,0,0,0,1,9,2,50.72463768,36.23188406,4.34782609,4.34782609,2.89855072,0,2,2,11,0,2,0,0,1,1,0,0,0,0,0,0,0.84030481,130.8485,91.32,119.56,3.99247116,5.1448,706.8681667,175.7004547,78.70484453,629.0863787,261.1993356,466.08,-4.78360049,-5.1128476,-5.22247116,0,1,0.66666667,0.83333333,1,1,0.83333333,0.5,0.83333333,0.16666667,0.75,0,0,0,0,0,0,0,0,0,0,0,0,0,0,0,0
1,19.84,0.37,6.54,9.05,0,0,0,0,0,0,414.45,0.07356322,50,30,52,32,5,4,0,12,20,21,4,3,0,0,2,0,0,0,0,0,9,2,40,42,8,6,4,0,3,4,19,1,2,0,0,0,2,1,0,0,0,1,0,0.27596899,106.1738,90.87,90.87,2.5742509,2.0412,509.9711202,161.0413082,36.02150137,485.4152824,202.3177387,369.09,-3.57811327,-3.76553836,-3.8042509,0,1,1,1,0.8,0.5,1,1,0.9,0.33333333,1,1,0,1,0,0,0,0,0,1,1,0,0,1,0,1,0
0,11.67,0.21,1.68,5.33,0,0,0,0,0,0,453.55,0.06773619,57,34,61,38,7,1,0,27,23,25,7,2,0,0,0,0,0,0,0,0,9,0,40.35087719,43.85964912,12.28070175,3.50877193,0,0,5,6,28,1,4,0,0,2,3,0,0,1,0,0,0,-0.33364697,128.4709,99.23,99.23,3.3988701,3.1692,547.7544892,121.1751617,18.01075068,555.6644518,231.1083819,385.02,-4.27903958,-4.54892659,-4.6288701,0,1,0.66666667,1,0.6,0,1,1,0.75238095,0.16666667,0.875,1,0,0,0,0,0,1,0,0,0,0,0,0,0,1,0
1,15.3,0.32,0.49,13.9,0,0,0,0,0,0,348.24,0.09881423,38,23,40,25,4,2,0,12,15,18,1,2,0,0,0,2,0,0,0,2,5,2,39.47368421,47.36842105,2.63157895,5.26315789,5.26315789,0,3,4,17,1,2,0,0,1,2,0,0,1,0,0,0,-0.32643684,93.4272,42.09,42.09,4.17663151,4.1057,408.7968984,54.1555656,18.01075068,404.8172758,169.2857688,298.96,-4.94013679,-5.28779994,-5.40663151,0,0.75,1,1,0.6,0.5,1,1,0.83571429,0.5,1,1,0,1,1,1,0,0,0,1,0,0,0,1,0,1,0
1,13.72,0.31,0.24,11.65,0,0,0,0,0,0,441.38,0.08547009,44,27,47,30,5,0,0,22,17,20,4,1,0,1,0,0,1,0,0,2,7,1,38.63636364,45.45454545,9.09090909,2.27272727,2.27272727,0,4,4,22,0,4,0,0,2,2,0,0,0,0,0,0,-0.30892286,112.241,51.97,80.21,3.85845975,5.0085,464.4191284,62.58169767,18.01075068,474.8504983,197.9879092,325.7,-4.66969079,-4.98553676,-5.08845975,0,1,1,1,0.6,0,1,1,0.8,0.16666667,1,1,0,0,0,0,0,1,0,0,0,0,0,0,0,1,0
1,10.16,0.19,2.15,5.13,0,0,0,0,0,0,886.14,0.03356643,121,66,127,72,18,6,1,30,55,54,5,7,0,0,0,0,0,0,0,0,12,0,45.45454545,44.62809917,4.1322314,5.78512397,0,0,7,8,43,1,6,0,0,0,6,1,0,0,0,1,0,1.74712918,252.1127,175.29,175.29,4.45953349,9.2665,1193.137056,268.2363985,114.7263459,1142.508306,471.6181581,857.55,-5.18060346,-5.55655681,-5.68953349,1,0.25,0.33333333,0.5,0.6,0.5,0.33333333,0,0.35952381,0,0.375,0,0,0,0,0,0,0,0,0,0,0,0,0,0,0,0
1,13.65,0.26,2.34,9.85,1,0,0,0,1,2,469.51,0.06773619,56,34,60,38,3,4,0,15,22,24,5,2,0,0,3,0,0,0,0,0,10,3,39.28571429,42.85714286,8.92857143,3.57142857,5.35714286,0,5,7,28,2,3,0,0,2,3,0,0,1,1,0,0,-0.70012714,123.0887,65.06,65.06,3.17244908,2.404,521.8469548,118.2043512,0,529.3023256,220.3042318,393.65,-4.08658172,-4.33382662,-4.40244908,0,1,0.83333333,1,0.8,0.5,1,1,0.87619048,0.33333333,0.75,1,0,0,0,0,0,0,0,1,0,0,0,1,0,0,0
1,17.36,0.32,3.68,8.55,0,0,0,0,0,0,443.56,0.07007576,58,33,62,37,6,1,0,22,25,24,7,2,0,0,0,0,0,0,0,0,9,0,43.10344828,41.37931034,12.06896552,3.44827586,0,0,5,6,28,1,4,0,0,2,3,0,0,1,0,0,0,-0.32203621,125.5555,90.1,90.1,4.14440464,3.5661,545.5478331,107.513946,18.01075068,546.5448505,227.3708404,383.9,-4.91274394,-5.25718441,-5.37440464,0,1,0.83333333,1,0.8,0.5,1,1,0.87619048,0.16666667,0.875,1,0,0,0,0,0,1,0,1,0,0,0,1,0,1,0
1,16.15,0.3,3.1,11.36,0,0,0,0,0,0,437.7,0.07056452,71,32,74,35,9,1,0,11,39,26,5,1,0,0,0,0,0,0,0,0,6,0,54.92957746,36.61971831,7.04225352,1.4084507,0,0,4,5,22,1,3,0,0,2,2,0,0,0,1,0,0,0.14601985,130.6958,62.19,62.19,3.94226665,4.2701,638.0153091,81.07627184,36.02150137,604.2026578,251.0010893,435.07,-4.74092665,-5.06515331,-5.17226665,0,1,1,0.83333333,1,1,1,1,0.97619048,0.16666667,1,0,0,0,0,0,0,0,0,0,0,0,0,0,0,0,0
1,15.19,0.29,2.1,9.63,0,0,0,0,0,0,442.49,0.07056452,53,32,56,35,6,0,0,22,21,22,6,1,0,0,3,0,0,0,0,0,10,3,39.62264151,41.50943396,11.32075472,1.88679245,5.66037736,0,4,4,22,0,4,0,0,2,2,0,0,0,0,0,0,-0.27877481,115.0535,69.79,69.79,4.38111003,4.093,509.7330132,124.1250449,18.01075068,507.358804,211.3109852,362.72,-5.11394353,-5.48205453,-5.61111003,0,0.75,1,1,0.8,0.5,1,1,0.86428571,0.16666667,0.875,1,0,1,0,0,0,1,0,1,0,0,0,1,0,1,0
1,20.14,0.4,3.53,12.8,0,0,0,0,0,0,451.64,0.0688172,62,31,63,32,12,2,0,11,31,23,3,2,0,1,2,0,0,0,0,1,8,2,50,37.09677419,4.83870968,3.22580645,3.22580645,0,2,2,11,0,2,0,0,1,1,0,0,0,0,0,0,0.22496265,119.8644,71.09,99.33,4.35243462,5.788,620.0463133,133.0171115,36.02150137,572.5249169,238.0184086,422.69,-5.08956943,-5.45481289,-5.58243462,0,0.75,0.66666667,0.83333333,1,1,0.83333333,0.5,0.79761905,0.16666667,0.75,0,0,0,0,0,0,0,0,0,0,0,0,0,0,0,0
1,17.93,0.36,5.41,8.37,0,0,0,0,0,0,510.67,0.0605042,67,35,68,36,13,3,0,11,32,24,4,4,0,1,2,0,0,0,0,1,11,2,47.76119403,35.82089552,5.97014925,5.97014925,2.98507463,0,2,2,11,0,2,0,0,1,1,0,0,0,0,0,0,0.87665963,129.3798,109.42,137.66,3.01511841,4.0359,690.963344,187.1726771,54.03225205,624.8671096,259.4701269,465.93,-3.95285065,-4.18436249,-4.24511841,0,0.75,0.66666667,0.66666667,0.9,1,0.66666667,0.5,0.73571429,0.16666667,0.75,0,0,0,0,0,0,0,0,0,0,0,0,0,0,0,0
1,13.77,0.28,2.11,11.34,0,0,0,0,0,0,578.21,0.05802969,76,39,80,43,7,3,0,12,37,29,3,4,0,1,1,1,0,0,0,2,10,2,48.68421053,38.15789474,3.94736842,5.26315789,2.63157895,0,5,5,30,0,5,0,0,0,5,0,0,0,0,0,0,-0.73848628,151.0289,70.16,78.54,3.96332652,5.969,716.8937956,103.1850687,0,695.7475083,288.5194706,516.13,-4.75882754,-5.0851602,-5.19332652,0,0.75,0.83333333,0.83333333,0.9,1,0.83333333,1,0.87857143,0.16666667,0.75,0,0,0,0,0,0,0,0,0,0,0,0,0,0,0,0
1,12.81,0.26,1.46,10.23,0,0,0,0,0,0,560.22,0.05974395,76,38,80,42,7,3,0,12,38,29,3,4,0,1,0,1,0,0,0,2,9,1,50,38.15789474,3.94736842,5.26315789,1.31578947,0,5,5,30,0,5,0,0,0,5,0,0,0,0,0,0,-0.75774693,150.2837,70.16,78.54,3.59990326,6.5511,714.0600138,88.22495543,0,692.8239203,287.3212788,510.06,-4.44991777,-4.7399081,-4.82990326,0,0.75,0.83333333,0.83333333,0.9,1,0.83333333,1,0.87857143,0.16666667,0.75,0,0,0,0,0,0,0,0,0,0,0,0,0,0,0,0
1,12.45,0.25,1.05,10.19,0,0,0,0,0,0,574.25,0.05802969,79,39,83,43,7,3,0,12,40,30,3,4,0,1,0,1,0,0,0,2,9,1,50.63291139,37.97468354,3.79746835,5.06329114,1.26582278,0,5,5,30,0,5,0,0,0,5,0,0,0,0,0,0,-0.76395132,154.7019,70.16,78.54,3.79012607,6.9286,744.3217177,88.22495543,0,716.2292359,296.9136213,527.36,-4.61160716,-4.92061977,-5.02012607,0,0.75,0.83333333,0.83333333,0.9,1,0.83333333,1,0.87857143,0.16666667,0.75,0,0,0,0,0,0,0,0,0,0,0,0,0,0,0,0
0,7.95,0.16,-0.21,6.69,0,0,0,0,0,0,617.33,0.05342625,87,42,91,46,9,3,0,12,45,32,4,4,0,1,0,1,0,0,0,2,10,1,51.72413793,36.7816092,4.59770115,4.59770115,1.14942529,0,5,5,30,0,5,0,0,0,5,0,0,0,0,0,0,-0.7571382,168.877,73.4,81.78,3.41503076,5.2783,816.3747954,91.34926933,0,779.6179402,322.8925984,572.96,-4.29277615,-4.56427922,-4.64503076,0,0.75,0.83333333,0.66666667,0.9,1,0.83333333,1,0.8547619,0.16666667,0.75,0,0,0,0,0,0,0,0,0,0,0,0,0,0,0,0
0,0,0,0,0,1,0,0,0,1,2,392.52,0.08201058,48,28,51,31,4,3,0,16,20,21,4,2,0,1,0,0,0,0,0,1,7,0,41.66666667,43.75,8.33333333,4.16666667,0,0,4,5,22,1,3,0,0,2,2,0,0,1,0,0,0,-0.32313875,112.1452,72.8,101.04,3.11460113,3.3155,476.5944567,87.7266247,18.01075068,478.9368771,199.6626545,343.41,-4.03741096,-4.27887107,-4.34460113,0,1,1,1,0.6,0.5,1,1,0.87142857,0.16666667,1,1,0,1,0,0,0,1,0,1,1,0,0,1,0,1,0
0,0,0,0,0,0,0,0,0,0,0,641.86,0.04927536,93,46,98,51,6,7,0,0,47,32,7,7,0,0,0,0,0,0,0,0,14,0,50.53763441,34.40860215,7.52688172,7.52688172,0,0,6,6,30,0,6,0,0,6,0,0,0,0,0,0,0,0.16979716,164.8307,164.95,164.95,-0.26221314,-1.0193,842.1635106,227.6575601,32.89718747,793.0730897,328.407004,608.05,-1.16711883,-1.07089752,-0.96778686,1,0.5,0.5,0.66666667,0.8,1,0.5,0.5,0.63809524,0.33333333,0.625,0,0,0,0,0,0,0,0,0,0,0,0,0,0,0,0
1,15.24,0.28,-0.14,13.39,0,0,0,0,0,0,413.53,0.07311828,55,31,58,34,6,0,0,24,24,26,3,1,0,0,1,0,0,0,0,0,5,1,43.63636364,47.27272727,5.45454545,1.81818182,1.81818182,0,4,4,24,0,4,0,0,0,4,0,0,0,0,0,0,-0.42457486,122.8258,47.04,47.04,4.47030674,5.3461,534.5211738,77.54181094,18.01075068,531.1129568,221.0462938,381.5,-5.18976073,-5.5667914,-5.70030674,0,0.75,1,1,0.6,0.5,1,1,0.83571429,0.33333333,0.875,1,0,0,0,0,0,0,0,0,0,0,0,0,0,0,0
0,12.73,0.23,-0.65,10.2,0,0,0,0,0,0,416.54,0.07311828,56,31,59,34,7,0,0,23,25,25,4,1,0,0,1,0,0,0,0,0,6,1,44.64285714,44.64285714,7.14285714,1.78571429,1.78571429,0,4,4,23,0,4,0,0,1,3,0,0,0,0,0,0,-0.39261231,122.2236,51.97,51.97,4.63105482,4.9968,536.7775957,77.54181094,18.01075068,531.4285714,221.175644,377.84,-5.3263966,-5.71950208,-5.86105482,0,0.75,0.83333333,1,0.8,0.5,1,1,0.84047619,0.33333333,0.875,1,0,0,0,0,0,1,0,0,0,0,0,0,0,1,0
0,0,0,0,0,0,0,0,0,0,0,446.65,0.06653226,70,32,71,33,12,3,0,6,38,25,2,5,0,0,0,0,0,0,0,0,7,0,54.28571429,35.71428571,2.85714286,7.14285714,0,0,2,2,12,0,2,0,0,0,2,0,0,0,0,0,0,0.82227449,122.2596,104.73,104.73,2.30478274,3.9314,693.1052459,165.1395135,78.70484453,606.1461794,251.7976145,455.55,-3.34906533,-3.50954361,-3.53478274,0,1,0.83333333,0.83333333,1,1,0.83333333,0.5,0.85714286,0.33333333,0.875,1,0,0,0,0,0,0,0,0,0,0,0,0,0,0,0
1,0,0,0,0,0,0,0,0,0,0,460.63,0.06439394,69,33,70,34,12,4,0,6,36,25,2,6,0,0,0,0,0,0,0,0,8,0,52.17391304,36.23188406,2.89855072,8.69565217,0,0,2,2,12,0,2,0,0,0,2,0,0,0,0,0,0,0.83164749,123.1497,121.8,121.8,1.74465792,3.7824,697.3069145,190.2844405,78.70484453,608.7541528,252.8664561,461.7,-2.87295923,-2.97742502,-2.97465792,0,1,0.66666667,0.83333333,1,1,0.83333333,0.5,0.83333333,0.33333333,0.75,1,0,0,0,0,0,0,0,0,0,0,0,0,0,0,0
0,14.14,0.27,0.83,9.21,0,0,0,0,0,0,365.84,0.08923077,42,26,45,29,3,2,0,17,16,20,3,2,0,0,0,1,0,0,0,1,6,1,38.0952381,47.61904762,7.14285714,4.76190476,2.38095238,0,4,5,22,1,3,0,0,2,2,0,0,1,0,0,0,-0.3317137,101.4391,59.91,59.91,3.34255823,3.3314,423.5390207,70.94109515,18.01075068,432.1262459,180.4779696,311.81,-4.2311745,-4.49543032,-4.57255823,0,1,1,1,0.6,0,1,1,0.8,0.5,1,1,1,1,0,1,0,1,0,1,1,0,0,1,1,1,1
0,10.54,0.2,0.84,6.76,0,0,0,0,0,0,462.57,0.06773619,61,34,65,38,5,2,0,17,27,26,4,3,0,0,1,0,0,0,0,0,8,1,44.26229508,42.62295082,6.55737705,4.91803279,1.63934426,0,5,6,29,1,4,0,0,1,4,0,0,0,1,0,0,-0.36281893,127.9995,72.11,72.11,3.91921608,3.9093,583.8335513,119.1718134,42.68334316,563.4385382,234.2944829,413.9,-4.72133367,-5.04325528,-5.14921608,0,1,0.83333333,1,0.8,0.5,1,1,0.87619048,0.16666667,0.75,1,0,0,0,0,0,1,0,1,0,0,0,1,0,0,0
1,16.43,0.31,3.21,13.02,0,0,0,0,0,0,484.52,0.06554622,58,35,62,39,4,2,0,17,23,25,4,3,0,0,3,0,0,0,0,0,10,3,39.65517241,43.10344828,6.89655172,5.17241379,5.17241379,0,5,6,29,1,4,0,0,1,4,0,0,0,1,0,0,-0.70867055,124.1921,61.11,61.11,4.18721608,4.2099,551.8605517,117.4085847,0,545.8803987,227.0985241,408.74,-4.94913367,-5.29785528,-5.41721608,0,0.75,0.83333333,1,0.8,0.5,1,1,0.84047619,0.16666667,0.75,0,0,0,0,0,0,0,0,1,0,0,0,0,0,0,0
0,10.97,0.21,2.29,5.49,0,0,0,0,0,0,430.58,0.07586207,56,30,59,33,5,4,0,11,26,21,4,4,0,1,0,0,0,0,0,1,9,0,46.42857143,37.5,7.14285714,7.14285714,0,0,4,5,23,1,3,0,0,1,3,0,0,0,1,0,0,-0.69331597,115.0546,86.02,94.4,2.6310902,2.4015,534.4274791,105.8413091,0,519.8671096,216.43734,379.81,-3.62642667,-3.81953569,-3.8610902,0,1,1,1,0.8,0.5,1,1,0.9,0.33333333,1,1,0,1,0,0,0,1,0,1,1,0,0,1,0,1,0
1,16.56,0.3,2.48,13.68,0,0,0,0,0,0,428.58,0.07258065,60,32,64,36,5,2,0,17,28,26,4,2,0,0,0,0,0,0,0,0,6,0,46.66666667,43.33333333,6.66666667,3.33333333,0,0,5,6,29,1,4,0,0,1,4,0,0,0,1,0,0,-0.80534944,126.3558,51.88,51.88,4.30935809,4.7082,552.62206,61.52835699,0,550.7641196,229.100049,399.04,-5.05295438,-5.41389018,-5.53935809,0,0.75,1,1,0.8,0.5,1,1,0.86428571,0.33333333,0.75,1,0,0,0,0,0,1,0,0,0,0,0,0,0,1,0
0,12.45,0.24,1.39,5.12,0,0,0,0,0,0,381.85,0.08547009,43,27,46,30,6,2,0,17,16,19,5,2,0,0,0,1,0,0,0,1,8,1,37.20930233,44.18604651,11.62790698,4.65116279,2.3255814,0,4,5,22,1,3,0,0,2,2,0,0,1,0,0,0,0.30395797,106.379,96.55,96.55,3.75647106,3.1786,438.0681284,103.8995437,34.67375812,441.8770764,184.4742116,316.51,-4.5830004,-4.8886475,-4.98647106,0,1,1,1,0.6,0,1,1,0.8,0.16666667,1,1,1,1,0,0,0,1,0,1,1,0,0,1,1,1,0
0,14.05,0.25,-0.26,13.4,0,0,0,0,0,0,324.4,0.09666667,41,25,45,29,1,2,0,21,16,22,2,1,0,0,0,0,0,0,0,0,3,0,39.02439024,53.65853659,4.87804878,2.43902439,0,0,5,9,28,3,2,0,0,2,3,0,0,3,0,0,0,-0.43540468,100.2614,37.79,37.79,3.86035089,4.4303,370.1849721,43.15567772,18.01075068,407.0930233,170.2184522,285.51,-4.67129826,-4.98733335,-5.09035089,0,1,1,1,0.6,0,1,1,0.8,0.66666667,0.875,1,0,1,0,1,0,1,0,1,0,0,0,1,0,1,0
0,0,0,0,0,0,0,0,0,0,0,386.85,0.08201058,43,28,46,31,4,2,1,18,15,23,2,2,0,0,0,1,0,0,0,1,5,1,34.88372093,53.48837209,4.65116279,4.65116279,2.3255814,0,4,5,23,1,3,0,0,1,3,0,0,1,0,0,0,-0.39382295,109.5688,65.88,65.88,4.21131956,4.8415,456.2014012,85.21492137,18.01075068,464.3355482,193.6785034,344.79,-4.96962163,-5.32075358,-5.44131956,0,0.75,1,1,0.4,0,1,1,0.73571429,0.16666667,0.875,1,0,0,0,0,0,1,0,0,0,0,0,0,0,1,0
0,0,0,0,0,0,0,0,0,0,0,513.76,0.05974395,77,38,81,42,6,0,0,22,39,30,7,1,0,0,0,0,0,0,0,0,8,0,50.64935065,38.96103896,9.09090909,1.2987013,0,0,5,6,29,1,4,0,0,1,4,0,0,1,0,0,0,-0.40049646,153.9886,71.34,71.34,5.34361996,6.8228,713.5314541,85.615855,18.01075068,684.3687708,283.8560536,481.55,-5.93207697,-6.39643896,-6.57361996,1,0.5,0.66666667,0.66666667,0.8,0.5,0.66666667,1,0.68571429,0.16666667,0.625,0,0,0,0,0,0,0,0,0,0,0,0,0,0,0,0
1,5.19,0,0,0,0,0,0,0,0,0,1281.84,0.02436694,196,92,206,102,22,12,0,0,104,68,12,12,0,0,0,0,0,0,0,0,24,0,53.06122449,34.69387755,6.12244898,6.12244898,0,0,11,11,55,0,11,0,0,11,0,0,0,0,0,0,0,7.41997524,335.8595,363.19,363.19,0.26086527,2.469,1752.845402,532.7545694,231.015445,1641.395349,676.080061,1254.8,-1.61173548,-1.56782201,-1.49086527,1,0.25,0.16666667,0.33333333,0.7,1,0.16666667,0,0.37380952,0.16666667,0.375,0,0,0,0,0,0,0,0,0,0,0,0,0,0,0,0
0,0,0,0,0,0,0,0,0,0,0,588.88,0.05204873,91,43,95,47,10,0,0,18,48,34,6,3,0,0,0,0,0,0,0,0,9,0,52.74725275,37.36263736,6.59340659,3.2967033,0,0,5,5,30,0,5,0,0,0,5,0,0,0,0,0,0,-0.41529582,175.5416,75.22,75.22,4.61323846,7.2549,839.4215392,93.95441512,18.01075068,788.0564784,326.3510157,570.87,-5.31125269,-5.70257654,-5.84323846,1,0.5,0.33333333,0.66666667,0.9,1,0.83333333,1,0.74761905,0.16666667,0.625,0,0,0,0,0,0,0,0,0,0,0,0,0,0,0,0
1,14.64,0.3,3.47,7.53,0,0,0,0,0,0,436.95,0.07881773,50,29,53,32,5,3,0,12,21,20,2,5,0,1,0,1,0,0,0,2,9,1,42,40,4,10,2,0,4,5,24,1,3,0,0,1,2,1,0,1,0,0,0,-0.2681635,108.3567,84.94,93.32,2.29141954,3.7066,499.5924825,110.9869662,18.01075068,493.3887043,205.5855346,364.51,-3.33770661,-3.49684857,-3.52141954,0,1,1,1,0.8,0.5,1,1,0.9,0.33333333,1,1,0,1,0,0,0,1,0,1,0,0,0,1,0,1,0
0,0,0,0,0,0,0,0,0,0,0,1127.51,0.02808642,163,81,173,91,11,12,0,0,82,57,12,12,0,0,0,0,0,0,0,0,24,0,50.30674847,34.96932515,7.36196319,7.36196319,0,0,11,11,55,0,11,0,0,11,0,0,0,0,0,0,0,0.04891364,290.1347,266.5,266.5,-1.31068069,-1.1753,1454.895374,369.0037647,32.89718747,1383.936877,570.5642939,1064.5,-0.27592141,-0.07485334,0.08068069,1,0.5,0.33333333,0.5,0.7,1,0.33333333,0,0.48095238,0.33333333,0.5,0,0,0,0,0,0,0,0,0,0,0,0,0,0,0,0
0,0,0,0,0,0,0,0,0,0,0,641.86,0.04927536,93,46,98,51,6,7,0,0,47,32,7,7,0,0,0,0,0,0,0,0,14,0,50.53763441,34.40860215,7.52688172,7.52688172,0,0,6,6,30,0,6,0,0,6,0,0,0,0,0,0,0,0.16979716,164.8307,164.95,164.95,-0.26221314,-1.0193,842.1635106,227.6575601,32.89718747,793.0730897,328.407004,608.05,-1.16711883,-1.07089752,-0.96778686,1,0.5,0.5,0.66666667,0.8,1,0.5,0.5,0.63809524,0.33333333,0.625,0,0,0,0,0,0,0,0,0,0,0,0,0,0,0,0
1,0,0,0,0,0,0,0,0,0,0,674.92,0.04336735,99,49,101,51,18,4,0,18,50,38,4,7,0,0,0,0,0,0,0,0,11,0,50.50505051,38.38383838,4.04040404,7.07070707,0,0,3,3,18,0,3,0,0,0,3,0,0,0,0,0,0,1.29276718,186.6754,146.3,146.3,2.90350864,5.6963,1002.814379,222.419393,96.71559521,895.0332226,370.1939437,667.39,-3.85798234,-4.07833321,-4.13350864,1,0.5,0.5,0.5,0.8,1,0.33333333,0,0.51904762,0.16666667,0.625,0,0,0,0,0,0,0,0,0,0,0,0,0,0,0,0
1,14.92,0.31,-0.16,15.42,0,0,0,0,0,0,480.86,0.06854839,51,32,53,34,7,1,0,12,19,22,0,3,0,0,6,1,0,0,0,1,10,7,37.25490196,43.1372549,0,5.88235294,13.7254902,0,3,3,16,0,3,0,1,0,2,0,0,0,0,0,0,-0.27877481,106.3175,46.53,46.53,5.54792251,7.2966,529.1205554,168.5888377,42.68334316,495.9634552,206.6407603,389.8,-6.10573413,-6.59052639,-6.77792251,0,0.75,0.66666667,0.83333333,0.9,1,0.83333333,1,0.8547619,0.5,0.75,0,0,0,0,0,0,0,0,0,0,0,0,0,0,0,0
0,8.66,0.16,-0.21,5.71,0,0,0,0,0,0,514.53,0.06156156,59,37,63,41,5,1,0,22,22,25,6,2,0,0,4,0,0,0,0,0,12,4,37.28813559,42.37288136,10.16949153,3.38983051,6.77966102,0,5,6,29,1,4,0,0,2,2,1,0,0,0,1,0,-0.67072209,128.8283,78.07,78.07,3.87263398,4.7235,566.4192109,149.0986042,0,565.0664452,234.9616579,414.48,-4.68173888,-4.99900228,-5.10263398,0,0.75,0.83333333,0.83333333,0.7,0.5,0.83333333,1,0.77857143,0.16666667,0.75,0,0,0,0,0,0,0,0,0,0,0,0,0,0,0,0
1,13.54,0.25,1.91,9.36,0,0,0,0,0,0,422.58,0.07526882,61,31,65,35,4,2,0,11,30,24,4,3,0,0,0,0,0,0,0,0,7,0,49.18032787,39.3442623,6.55737705,4.91803279,0,0,5,6,29,1,4,0,0,1,4,0,0,0,1,0,0,-0.76710136,120.2811,61.11,61.11,3.36534197,3.2228,548.3166411,72.52824488,0,535.1328904,222.6938075,392.05,-4.25054068,-4.51707487,-4.59534197,0,1,1,1,1,1,1,1,1,0.16666667,0.875,1,0,0,0,0,0,1,0,1,0,0,0,1,0,1,0
1,13.48,0.25,1.57,10.47,0,0,0,0,0,0,474.58,0.06722689,62,35,67,40,3,2,0,17,27,27,4,3,0,0,1,0,0,0,0,0,8,1,43.5483871,43.5483871,6.4516129,4.83870968,1.61290323,0,6,8,35,2,3,0,0,1,5,0,0,0,2,0,0,-0.76536419,131.0668,61.11,61.11,4.38694457,4.3133,566.8152953,87.48835815,0,568.8039867,236.4934372,418.84,-5.11890289,-5.48759735,-5.61694457,0,0.75,0.66666667,1,0.8,0.5,1,1,0.81666667,0.33333333,0.625,0,0,0,0,0,0,0,0,0,0,0,0,0,0,0,0
1,0,0,0,0,0,0,0,0,0,0,861.18,0.03373016,124,64,128,68,24,5,1,30,60,54,4,6,0,0,0,0,0,0,0,0,10,0,48.38709677,43.5483871,3.22580645,4.83870968,0,0,5,5,30,0,5,0,0,0,5,0,0,0,0,0,0,1.74054689,251.2123,153.7,153.7,5.27485928,9.9599,1238.741244,240.4509811,114.7263459,1159.401993,478.5418006,865.12,-5.87363039,-6.33111631,-6.50485928,1,0.5,0.33333333,0.5,0.8,1,0.33333333,0,0.4952381,0,0.375,0,0,0,0,0,0,0,0,0,0,0,0,0,0,0,0
1,12.77,0.25,0.43,10.4,0,0,0,0,0,0,457.41,0.06854839,49,32,51,34,5,1,0,17,17,21,3,2,0,0,6,0,0,0,0,0,11,6,34.69387755,42.85714286,6.12244898,4.08163265,12.24489796,0,3,3,17,0,3,0,0,1,2,0,0,0,0,0,0,-0.24779983,104.4933,56.15,56.15,4.06127551,4.47,490.9988681,160.7017748,18.01075068,477.923588,199.2473722,365.32,-4.84208418,-5.17821173,-5.29127551,0,1,0.83333333,1,0.8,0.5,1,1,0.87619048,0.33333333,1,1,0,0,0,0,0,1,0,1,0,0,0,1,0,0,0
1,11.04,0.22,-1.15,9.13,0,0,0,0,0,0,488.49,0.06628788,51,33,53,35,6,2,0,18,18,22,2,2,0,1,6,0,0,0,0,1,11,6,35.29411765,43.1372549,3.92156863,3.92156863,11.76470588,0,3,3,18,0,3,0,0,0,3,0,0,0,0,0,0,-0.26194322,113.4171,59.06,67.44,4.50414375,6.4482,516.7338051,167.2641587,16.40499744,511.910299,213.1763521,390.13,-5.21852219,-5.59893656,-5.73414375,0,0.75,0.66666667,1,0.8,0.5,1,1,0.81666667,0.16666667,0.75,0,0,0,0,0,0,0,0,0,0,0,0,0,0,0,0
1,14.66,0.32,0.7,9.42,0,0,0,0,0,0,379.28,0.0942029,36,24,38,26,4,2,0,18,12,17,2,2,0,1,0,2,0,0,0,3,7,2,33.33333333,47.22222222,5.55555556,5.55555556,5.55555556,0,3,3,18,0,3,0,0,0,3,0,0,0,0,0,0,-0.25970122,97.2599,59.06,67.44,3.20123902,4.4867,412.1512375,77.50347906,16.40499744,418.0066445,174.6912478,297.63,-4.11105317,-4.36117707,-4.43123902,0,1,1,1,0.4,0,1,1,0.77142857,0.16666667,1,1,0,1,0,1,0,0,0,1,0,0,0,1,0,1,0
1,14.97,0.28,0.05,13.6,0,0,0,0,0,0,417.63,0.07586207,57,30,60,33,7,0,0,22,27,24,5,0,0,1,0,0,0,0,0,1,6,0,47.36842105,42.10526316,8.77192982,0,0,0,4,4,22,0,4,0,0,2,2,0,0,0,0,0,0,-0.38193463,127.1208,45.98,74.22,4.39332155,5.6225,545.7482348,54.70612367,18.01075068,546.2292359,227.2414901,377.83,-5.12432332,-5.49365547,-5.62332155,0,0.75,1,1,0.8,0.5,1,1,0.86428571,0.16666667,0.875,0,0,0,0,0,0,0,0,0,0,0,0,0,0,0,0
1,15.76,0.29,1.28,10.48,0,0,0,0,0,0,431.56,0.07056452,58,32,61,35,7,0,0,23,26,25,5,1,0,0,1,0,0,0,0,0,7,1,44.82758621,43.10344828,8.62068966,1.72413793,1.72413793,0,4,4,23,0,4,0,0,1,3,0,0,0,0,0,0,-0.37169974,126.6091,64.86,64.86,4.67109772,5.5515,558.1474672,94.08229626,18.01075068,548.0066445,227.9699363,388.84,-5.36043306,-5.75754283,-5.90109772,0,0.75,0.83333333,1,0.8,0.5,1,1,0.84047619,0.16666667,0.875,1,0,0,0,0,0,0,0,0,0,0,0,0,0,0,0
1,14.49,0.27,2.31,9.48,0,0,0,0,0,0,510.57,0.06156156,62,37,66,41,5,1,0,22,25,26,6,2,0,0,3,0,0,0,0,0,11,3,40.32258065,41.93548387,9.67741935,3.22580645,4.83870968,0,5,6,29,1,4,0,0,2,2,1,0,0,0,1,0,-0.69755098,133.1605,78.07,78.07,3.97212833,4.7698,593.4183056,134.1384909,0,585.5481728,243.3558085,425.71,-4.76630908,-5.09352191,-5.20212833,0,0.75,0.83333333,0.83333333,0.7,0.5,0.83333333,1,0.77857143,0.16666667,0.75,0,0,0,0,0,0,0,0,0,0,0,0,0,0,0,0
0,9.67,0.19,0.22,4.63,0,0,0,0,0,0,453.99,0.07741935,51,31,56,36,3,2,0,21,20,22,5,2,0,1,0,1,0,0,0,2,9,1,39.21568627,43.1372549,9.80392157,3.92156863,1.96078431,0,6,10,34,4,3,0,0,2,4,0,1,2,0,1,0,0.25692521,118.9804,94.74,103.12,2.85460573,4.2132,479.6353554,79.28004971,33.44853698,510.3156146,212.5227929,353.94,-3.81641487,-4.03187544,-4.08460573,0,1,0.66666667,1,0.8,0.5,1,1,0.85238095,0.5,0.875,1,0,0,0,0,0,1,0,1,0,0,0,1,0,1,0
1,16.66,0.36,3.72,8.26,0,0,0,0,0,0,475.43,0.07126437,54,30,55,31,9,3,0,12,24,20,2,5,0,1,0,2,0,0,0,3,10,2,44.44444444,37.03703704,3.7037037,9.25925926,3.7037037,0,2,2,12,0,2,0,0,0,2,0,0,0,0,0,0,0.30898403,117.9329,95.94,104.32,2.90220486,4.8073,604.3978926,142.6704215,60.69409384,549.8006645,228.7051904,404.44,-3.85687413,-4.07709462,-4.13220486,0,1,0.83333333,0.83333333,1,1,1,1,0.95238095,0.33333333,0.875,1,0,0,0,0,0,0,0,0,0,0,0,0,0,0,0
1,12.71,0.26,2.68,6.71,0,0,0,0,0,0,504.1,0.06595365,64,34,67,37,7,4,0,12,30,25,3,4,0,1,0,1,0,0,0,2,9,1,46.875,39.0625,4.6875,6.25,1.5625,0,4,4,22,0,4,1,0,0,2,1,0,0,0,0,0,0.20581834,132.1476,95.58,103.96,3.00622254,4.2293,635.3315188,132.1428682,36.02150137,610.0996678,253.4178966,450.58,-3.94528916,-4.17591141,-4.23622254,0,0.75,0.83333333,0.83333333,0.9,1,0.83333333,1,0.87857143,0.16666667,0.875,0,0,0,0,0,0,0,0,0,0,0,0,0,0,0,0
1,14.88,0.31,3.07,8.03,0,0,0,0,0,0,408.59,0.08262108,51,27,53,29,7,3,0,11,24,19,2,4,0,2,0,0,0,0,0,2,8,0,47.05882353,37.25490196,3.92156863,7.84313725,0,0,3,3,18,0,3,0,0,1,1,1,0,0,0,0,0,-0.27229005,107.2062,75.71,112.33,1.73367857,3.393,510.6803531,99.98707833,18.01075068,492.2425249,205.1157889,356.72,-2.86362679,-2.96699464,-2.96367857,0,1,1,1,1,0.5,1,1,0.92857143,0.33333333,1,1,0,1,0,0,0,1,1,1,1,0,0,1,0,1,0
0,11.59,0.24,1.43,6.37,0,0,0,0,0,0,434.43,0.08128079,44,29,48,33,3,2,0,11,15,17,4,2,0,1,5,0,0,0,0,1,12,5,34.09090909,38.63636364,9.09090909,4.54545455,11.36363636,0,5,6,23,1,3,2,0,1,2,0,0,1,0,0,0,-0.16574635,91.9642,78.95,87.33,2.59955229,3.4505,408.3653429,154.0806161,16.66300743,417.6079734,174.527858,316.3,-3.59961944,-3.78957467,-3.82955229,0,1,1,1,0.8,0.5,1,1,0.9,0.5,0.875,1,0,1,0,0,0,1,0,1,0,0,0,1,0,1,0
0,0,0,0,0,0,0,0,0,0,0,503.63,0.06156156,67,37,71,41,6,3,0,17,30,28,5,3,0,0,1,0,0,0,0,0,9,1,44.7761194,41.79104478,7.46268657,4.47761194,1.49253731,0,5,6,28,1,4,0,0,2,3,0,0,1,0,0,0,-0.75120874,139.2829,72.19,72.19,4.57497195,4.1403,635.9434076,104.7577112,0,619.6843854,257.3460596,456.86,-5.27872616,-5.66622335,-5.80497195,1,0.5,0.66666667,0.83333333,0.7,0.5,0.83333333,1,0.71904762,0.16666667,0.625,0,0,0,0,0,0,0,0,0,0,0,0,0,0,0,0
1,16.46,0.31,3.54,10.65,0,0,0,0,0,0,466.53,0.06773619,58,34,62,38,5,2,0,17,24,25,4,3,0,0,2,0,0,0,0,0,9,2,41.37931034,43.10344828,6.89655172,5.17241379,3.44827586,0,5,6,28,1,4,0,0,2,3,0,0,1,0,0,0,-0.33364697,123.5013,72.11,72.11,4.49222254,4.4081,558.5327443,134.1319267,42.68334316,542.9568106,225.9003322,402.67,-5.20838916,-5.58761141,-5.72222254,0,0.75,0.83333333,1,0.8,0.5,1,1,0.84047619,0.16666667,0.625,1,0,0,0,0,0,0,0,1,0,0,0,1,0,0,0
1,13.68,0.28,2.95,5.87,0,0,0,0,0,0,412.43,0.08465608,43,28,47,32,3,3,0,11,15,17,4,3,0,1,3,0,0,0,0,1,11,3,34.88372093,39.53488372,9.30232558,6.97674419,6.97674419,0,5,6,23,1,3,2,0,1,2,0,0,1,0,0,0,-0.18177035,93.421,96.02,104.4,1.53299878,2.9553,406.8994478,149.3053166,16.66300743,414.3687708,173.2003159,310.31,-2.69304896,-2.77634884,-2.76299878,0,1,1,1,0.8,0.5,1,1,0.9,0.5,0.875,1,0,1,0,0,0,1,0,1,1,0,0,1,0,1,0
1,14.53,0.3,2.67,8.25,0,0,0,0,0,0,448.46,0.07816092,47,30,51,34,4,2,0,11,17,18,4,2,0,1,5,0,0,0,0,1,12,5,36.17021277,38.29787234,8.5106383,4.25531915,10.63829787,0,5,6,23,1,4,2,0,1,2,0,0,1,0,0,0,-0.18384435,96.4762,78.95,87.33,2.82476089,3.9535,431.9075469,154.0806161,16.66300743,441.013289,184.1202004,333.6,-3.79104676,-4.00352284,-4.05476089,0,1,1,1,1,0.5,1,1,0.92857143,0.33333333,0.875,1,0,0,0,0,0,1,0,1,0,0,0,1,0,1,0
1,15.4,0.32,4.11,7.04,0,0,0,0,0,0,394.92,0.08923077,45,26,48,29,3,3,0,11,19,17,4,3,0,1,0,1,0,0,0,2,9,1,42.22222222,37.77777778,8.88888889,6.66666667,2.22222222,0,4,7,23,3,2,0,0,1,3,0,1,1,0,1,0,-0.21765034,98.782,86.37,94.75,1.55419844,2.1843,445.0190843,90.76376109,16.66300743,443.9700997,185.3320081,319.67,-2.71106867,-2.79648852,-2.78419844,0,1,1,1,0.8,0.5,1,1,0.9,0.5,1,1,0,1,0,0,0,0,0,1,1,0,0,1,0,1,0
0,0,0,0,0,0,0,0,0,0,0,432.5,0.07007576,53,33,57,37,6,1,1,27,20,28,2,3,0,0,0,0,0,0,0,0,5,0,37.73584906,52.83018868,3.77358491,5.66037736,0,0,5,8,29,2,3,0,0,1,4,0,0,2,0,0,0,-0.44222219,126.5534,75.25,75.25,3.96621275,6.1631,529.2108974,109.8875139,42.68334316,538.4551495,224.0553891,385.43,-4.76128084,-5.08790211,-5.19621275,0,1,1,1,0.6,0,1,1,0.8,0.16666667,0.875,0,0,0,0,0,0,0,0,0,0,0,0,0,0,0,0
1,0,0,0,0,0,0,0,0,0,0,1641.38,0.0173913,257,116,257,116,48,16,0,6,141,82,15,19,0,0,0,0,0,0,0,0,34,0,54.86381323,31.90661479,5.83657588,7.39299611,0,0,1,1,6,0,1,0,0,0,1,0,0,0,0,0,0,8.61460884,433.3626,481.26,481.26,-2.06158177,6.53,2608.965223,705.4797564,270.1612603,2217.458472,912.1715048,1685.75,0.3623445,0.63850268,0.83158177,1,0.25,0.16666667,0.33333333,0.6,1,0.16666667,0,0.35952381,0.16666667,0.5,0,0,0,0,0,0,0,0,0,0,0,0,0,0,0,0
1,8.47,0,0,0,0,0,0,0,0,0,1088.56,0.02763903,159,78,164,83,32,7,0,24,81,61,7,9,0,1,0,0,0,0,0,1,17,0,50.94339623,38.36477987,4.40251572,5.66037736,0,0,6,7,34,1,5,0,0,2,4,0,1,0,0,0,0,3.75172947,303.7574,233.16,258.46,3.14635421,8.6099,1557.901443,355.7729751,168.7585979,1432.774086,590.5795436,1070.56,-4.06440108,-4.3090365,-4.37635421,1,0.25,0.16666667,0.33333333,0.7,1,0.16666667,0,0.37380952,0,0.375,0,0,0,0,0,0,0,0,0,0,0,0,0,0,0,0
1,14.92,0.27,1.28,8.54,0,0,0,0,0,0,396.49,0.07816092,50,30,54,34,5,0,0,27,20,23,6,1,0,0,0,0,0,0,0,0,7,0,40,46,12,2,0,0,5,6,28,1,4,0,0,2,3,0,0,1,0,0,0,-0.34891959,114.303,69.27,69.27,2.50742683,3.4147,470.0294775,79.36722722,18.01075068,489.6677741,204.0605632,333.27,-3.5213128,-3.70205549,-3.73742683,0,1,1,1,0.6,0,1,1,0.8,0.33333333,0.875,1,0,1,0,0,0,1,1,1,0,0,0,1,0,1,0
0,12.73,0.23,-0.6,8.1,0,0,0,0,0,0,414.47,0.07526882,50,31,54,35,5,0,0,27,19,24,4,2,0,0,1,0,0,0,0,0,7,1,38,48,8,4,2,0,5,6,28,1,4,0,0,2,3,0,0,1,0,0,0,-0.36064975,114.7229,65.11,65.11,3.58194508,4.9722,473.5421873,87.04915722,18.01075068,492.5913621,205.258755,343.43,-4.43465332,-4.72284783,-4.81194508,0,1,1,1,0.6,0,1,1,0.8,0.16666667,0.875,1,0,0,0,0,0,1,1,0,0,0,0,0,0,1,0
1,16.64,0.3,1.65,10.16,0,0,0,0,0,0,347.46,0.08923077,47,26,50,29,4,0,0,21,21,20,5,1,0,0,0,0,0,0,0,0,6,0,44.68085106,42.55319149,10.63829787,2.12765957,0,0,4,5,22,1,3,0,0,2,2,0,0,1,0,0,0,-0.3317137,101.4759,56.9,56.9,2.82756056,3.2982,436.1418759,62.58169767,18.01075068,442.3421927,184.6648331,301.55,-3.79342648,-4.00618253,-4.05756056,0,1,1,1,0.8,0.5,1,1,0.9,0.5,1,1,1,1,0,1,0,1,0,1,1,0,0,1,1,1,0
1,16.36,0.29,1.22,11.48,0,0,0,0,0,0,395.5,0.07816092,51,30,55,34,5,0,0,27,21,24,5,1,0,0,0,0,0,0,0,0,6,0,41.17647059,47.05882353,9.80392157,1.96078431,0,0,5,6,28,1,4,0,0,2,3,0,0,1,0,0,0,-0.38193463,116.4599,56.38,56.38,3.47769864,4.5653,475.3489523,62.58169767,18.01075068,496.4950166,206.8586134,339.57,-4.34604384,-4.62381371,-4.70769864,0,1,1,1,0.6,0,1,1,0.8,0.33333333,0.875,1,0,0,0,0,0,1,1,0,0,0,0,1,0,1,0
1,16.18,0.29,1.6,10.41,0,0,0,0,0,0,425.53,0.07258065,55,32,59,36,6,0,0,27,23,25,5,2,0,0,0,0,0,0,0,0,7,0,41.81818182,45.45454545,9.09090909,3.63636364,0,0,5,6,28,1,4,0,0,2,3,0,0,1,0,0,0,-0.37169974,124.1311,66.13,66.13,2.92620838,4.863,517.1538927,73.45906344,18.01075068,529.6511628,220.4471979,365.66,-3.87727712,-4.09989796,-4.15620838,0,1,1,1,0.6,0,1,1,0.8,0.33333333,0.875,1,0,0,0,0,0,1,0,0,0,0,0,0,0,1,0
0,0,0,0,0,0,0,0,0,0,0,611.71,0.05121951,76,41,77,42,15,3,0,12,35,28,1,5,0,1,6,0,0,0,0,1,13,6,46.05263158,36.84210526,1.31578947,6.57894737,7.89473684,0,2,2,12,0,2,0,0,0,2,0,0,0,0,0,0,-0.67852385,144.4013,72.91,81.29,6.38926162,9.0171,762.7051526,182.7368952,0,697.3421927,289.1730298,537.84,-6.82087237,-7.38979854,-7.61926162,1,0.5,0.5,0.5,0.8,1,0.5,0.5,0.61428571,0.16666667,0.625,0,0,0,0,0,0,0,0,0,0,0,0,0,0,0,0
1,9.22,0.18,2.12,3.78,0,0,0,0,0,0,598.82,0.04872647,89,43,90,44,16,4,0,12,46,32,4,7,0,0,0,0,0,0,0,0,11,0,51.68539326,35.95505618,4.49438202,7.86516854,0,0,2,2,12,0,2,0,0,0,2,0,0,0,0,0,0,1.39538364,162.0562,146.3,146.3,2.03625361,4.1404,911.4538309,222.419393,96.71559521,794.0697674,328.8154785,594.77,-3.12081557,-3.25444093,-3.26625361,1,0.5,0.5,0.5,0.8,1,0.33333333,0,0.51904762,0.16666667,0.625,0,0,0,0,0,0,0,0,0,0,0,0,0,0,0,0
1,13.91,0.25,0.9,6.01,0,0,0,0,0,0,397.47,0.07816092,49,30,53,34,4,1,0,26,19,23,5,2,0,0,0,0,0,0,0,0,7,0,38.7755102,46.93877551,10.20408163,4.08163265,0,0,5,8,28,2,3,0,0,2,3,0,0,2,0,0,0,0.20993889,114.1562,91.99,91.99,3.86342683,3.4303,461.4171992,103.7610103,32.89718747,482.8405316,201.2625129,331.06,-4.6739128,-4.99025549,-5.09342683,0,1,1,1,0.6,0,1,1,0.8,0.16666667,0.875,1,0,1,0,0,0,1,1,1,0,0,0,1,0,1,0
1,19.72,0.38,2.49,18.01,0,0,0,0,0,0,390.52,0.08465608,47,28,51,32,3,0,0,22,19,22,4,0,0,1,1,0,0,0,0,1,6,1,40.42553191,46.80851064,8.5106383,0,2.12765957,0,5,8,29,2,3,0,0,2,2,1,0,0,1,1,0,-0.35848085,111.7159,42.74,70.98,4.8629057,4.9632,440.4053899,66.54192305,18.01075068,467.7242525,195.0673166,325.94,-5.52346985,-5.93976042,-6.0929057,0,0.75,0.83333333,1,0.6,0.5,1,1,0.81190476,0.33333333,0.75,1,0,0,0,0,0,1,0,0,0,0,0,0,0,1,0
0,14.59,0.31,1.62,7.82,0,0,0,0,0,0,353.91,0.09881423,43,23,45,25,4,2,0,11,20,16,3,2,0,1,0,1,0,0,0,2,7,1,46.51162791,37.20930233,6.97674419,4.65116279,2.3255814,0,3,4,17,1,2,0,0,1,2,0,0,1,0,0,0,-0.24064481,92.1287,66.06,74.44,2.51926174,4.1826,430.9646228,62.49452016,16.66300743,419.4186047,175.2699199,297.58,-3.53137248,-3.71329866,-3.74926174,0,1,1,1,0.8,0.5,1,1,0.9,0.33333333,1,1,0,1,0,1,0,1,0,1,0,0,0,1,0,1,0
0,10.1,0.19,-0.54,5.4,0,0,0,0,0,0,457.53,0.07007576,52,33,56,37,6,3,0,27,19,26,1,5,0,1,0,0,0,0,0,1,7,0,36.53846154,50,1.92307692,9.61538462,0,0,5,8,29,2,3,0,0,1,4,0,0,2,0,0,0,-0.3821292,124.6223,85.6,93.98,3.53880784,5.8521,520.8434557,123.1411102,42.68334316,536.013289,223.0546267,381.2,-4.39798666,-4.68186745,-4.76880784,0,1,0.83333333,1,0.4,0,1,1,0.74761905,0.16666667,0.875,0,0,0,0,0,0,0,0,0,0,0,0,0,0,0,0
1,12.11,0.24,1.75,5.89,0,0,0,0,0,0,515.08,0.06386555,62,35,65,38,8,3,0,18,27,25,4,4,0,1,0,1,0,0,0,2,10,1,43.5483871,40.32258065,6.4516129,6.4516129,1.61290323,0,4,5,24,1,3,0,0,0,4,0,0,0,1,0,0,0.21886585,137.4225,105.83,114.21,3.1942274,4.9833,623.7946063,134.7833586,32.89718747,612.3920266,254.3573879,445.4,-4.10509329,-4.35451603,-4.4242274,0,0.75,0.83333333,0.83333333,0.7,0.5,0.83333333,1,0.77857143,0.16666667,0.875,0,0,0,0,0,0,0,0,0,0,0,0,0,0,0,0
1,12.68,0.26,1.81,9.4,0,0,0,0,0,0,520.15,0.06386555,69,35,72,38,9,3,0,12,34,26,3,4,0,1,0,1,0,0,0,2,9,1,49.27536232,37.68115942,4.34782609,5.79710145,1.44927536,0,4,5,23,1,3,0,0,1,3,0,0,0,1,0,0,-0.73701737,140.0478,70.16,78.54,3.28140418,5.4487,667.7683874,88.22495543,0,640.6478405,265.9376396,470.52,-4.17919355,-4.43733397,-4.51140418,0,0.75,0.83333333,0.66666667,0.9,1,0.83333333,1,0.8547619,0.16666667,0.875,0,0,0,0,0,0,0,0,0,0,0,0,0,0,0,0
1,18.77,0.37,5.52,14.53,0,0,0,0,0,0,520.6,0.06507937,60,36,65,41,3,2,0,17,24,25,4,2,0,1,4,0,0,0,0,1,11,4,40,41.66666667,6.66666667,3.33333333,6.66666667,0,6,9,34,3,3,0,0,3,2,1,1,0,0,1,1,-0.2999255,126.6001,67.23,75.61,5.18458577,5.1663,547.3658781,138.8624928,16.40499744,562.4584718,233.8928163,417.45,-5.7968979,-6.24535648,-6.41458577,1,0.5,0.5,0.66666667,0.6,0.5,0.66666667,1,0.63333333,0.33333333,0.625,0,0,0,0,0,0,0,0,0,0,0,0,0,0,0,0
1,18.83,0.36,3.16,12.32,0,0,0,0,0,0,392.93,0.08465608,49,28,53,32,4,0,0,21,21,21,6,0,0,0,0,1,0,0,0,1,7,1,42.85714286,42.85714286,12.24489796,0,2.04081633,0,5,7,28,2,3,0,0,2,3,0,0,2,0,0,0,-0.32313875,114.6186,60.04,60.04,4.76334041,4.8507,458.5488199,68.1222951,18.01075068,474.8671096,197.9947171,323.91,-5.43883935,-5.84517339,-5.99334041,0,0.75,0.83333333,1,0.8,0.5,1,1,0.84047619,0.16666667,0.75,1,0,0,0,0,0,1,1,0,0,0,0,0,0,1,0
1,18.24,0.33,2.91,11.32,0,0,0,0,0,0,372.52,0.08465608,52,28,56,32,4,0,0,21,24,22,6,0,0,0,0,0,0,0,0,0,6,0,46.15384615,42.30769231,11.53846154,0,0,0,5,7,28,2,3,0,0,2,3,0,0,2,0,0,0,-0.35848085,114.855,60.04,60.04,4.49534041,4.6725,463.2236545,68.1222951,18.01075068,477.9401993,199.2541801,326,-5.21103935,-5.59057339,-5.72534041,0,0.75,1,1,0.8,0.5,1,1,0.86428571,0.16666667,0.75,1,0,0,0,0,0,1,1,0,0,0,0,1,0,1,0
1,8.02,0.15,1.1,3.45,0,0,0,0,0,0,754.09,0.03843466,117,54,118,55,22,5,0,12,63,41,5,8,0,0,0,0,0,0,0,0,13,0,53.84615385,35.04273504,4.27350427,6.83760684,0,0,2,2,12,0,2,0,0,0,2,0,0,0,0,0,0,1.93410073,206.7757,175.4,175.4,2.53733077,6.2545,1179.196467,265.5750707,114.7263459,1023.903654,423.0096945,767.62,-3.54673116,-3.73046423,-3.76733077,1,0.5,0.5,0.5,0.8,1,0.33333333,0,0.51904762,0.16666667,0.625,0,0,0,0,0,0,0,0,0,0,0,0,0,0,0,0
0,0,0,0,0,0,0,0,0,0,0,399.43,0.08547009,43,27,46,30,3,3,0,11,16,17,3,3,0,1,3,0,0,0,0,1,10,3,37.20930233,39.53488372,6.97674419,6.97674419,6.97674419,0,4,5,20,1,3,1,0,1,2,0,0,1,0,0,0,-0.19902442,92.5826,83.13,91.51,2.29213432,3.5984,415.9750633,132.519787,16.66300743,415.8305648,173.7994118,311.67,-3.33831417,-3.49752761,-3.52213432,0,1,1,1,0.8,0.5,1,1,0.9,0.5,1,1,0,1,0,0,0,1,0,1,0,0,0,1,0,1,0
1,10.83,0.22,1.22,5.62,0,0,0,0,0,0,498.47,0.06773619,49,34,53,38,4,3,0,17,15,21,4,3,0,1,5,0,0,0,0,1,13,5,30.6122449,42.85714286,8.16326531,6.12244898,10.20408163,0,5,6,26,1,4,1,0,1,3,0,0,1,0,0,0,-0.21695911,110.3511,96.02,104.4,2.68462313,4.522,481.6069644,179.2255431,16.66300743,492.4086379,205.183868,372.83,-3.67192966,-3.87039197,-3.91462313,0,1,0.83333333,1,0.6,0.5,1,1,0.84761905,0.33333333,0.75,0,0,0,0,0,0,0,0,0,0,0,0,0,0,0,0
1,17.59,0.36,4.04,9.99,0,0,0,0,0,0,448.46,0.07816092,47,30,51,34,4,2,0,11,17,18,4,2,0,1,5,0,0,0,0,1,12,5,36.17021277,38.29787234,8.5106383,4.25531915,10.63829787,0,5,6,23,1,4,2,0,1,2,0,0,1,0,0,0,-0.18384435,96.4762,78.95,87.33,2.82476089,3.9535,431.9075469,154.0806161,16.66300743,441.013289,184.1202004,333.6,-3.79104676,-4.00352284,-4.05476089,0,1,1,1,1,0.5,1,1,0.92857143,0.33333333,0.875,1,0,0,0,0,0,1,0,1,0,0,0,1,0,1,0
1,18.8,0.4,5.95,11.64,0,0,0,0,0,0,517.06,0.07007576,56,33,60,37,4,4,0,12,23,22,2,4,0,2,2,1,0,0,0,3,11,3,41.07142857,39.28571429,3.57142857,7.14285714,5.35714286,0,5,6,27,1,4,1,0,0,4,0,0,0,1,0,0,-0.26194322,121.1539,83.55,100.31,4.83936445,4.2719,553.7884966,136.4696888,16.40499744,552.5581395,229.8353031,411.25,-5.50345978,-5.91739622,-6.06936445,1,0.5,0.66666667,0.83333333,0.7,0.5,0.83333333,1,0.71904762,0.16666667,0.625,0,0,0,0,0,0,0,0,0,0,0,0,0,0,0,0
1,14.84,0.3,5.56,7.46,0,0,0,0,0,0,556.19,0.06156156,75,37,79,41,8,3,0,6,38,26,3,6,0,1,0,1,0,0,0,2,11,1,50.66666667,34.66666667,4,8,1.33333333,0,5,5,24,0,5,2,0,0,3,0,0,0,0,0,0,0.21578281,140.6307,110.62,119,1.75902142,2.834,733.3066439,173.5916418,85.36668632,663.538206,275.3189369,494.56,-2.8851682,-2.99107035,-2.98902142,0,0.75,0.66666667,0.83333333,0.9,1,0.83333333,1,0.8547619,0.33333333,0.625,0,0,0,0,0,0,0,0,0,0,0,0,0,0,0,0
1,14.69,0.3,4.22,8.78,0,0,0,0,0,0,540.19,0.06349206,74,36,78,40,8,3,0,6,38,26,3,5,0,1,0,1,0,0,0,2,10,1,51.35135135,35.13513514,4.05405405,6.75675676,1.35135135,0,5,5,24,0,5,2,0,0,3,0,0,0,0,0,0,-0.32749251,139.0476,90.39,98.77,2.49802944,4.3185,704.9289345,130.9082986,42.68334316,653.7873754,271.3226948,485.77,-3.51332502,-3.69312796,-3.72802944,0,0.75,0.83333333,0.83333333,0.9,1,0.83333333,1,0.87857143,0.33333333,0.75,0,0,0,0,0,0,0,0,0,0,0,0,0,0,0,0
0,0,0,0,0,0,0,0,0,0,0,409.44,0.07389163,51,29,52,30,8,2,0,12,22,21,1,4,0,0,3,0,0,0,0,0,8,3,43.1372549,41.17647059,1.96078431,7.84313725,5.88235294,0,2,2,12,0,2,0,0,0,2,0,0,0,0,0,0,0.26204073,101.6689,75.63,75.63,3.94281545,4.5616,526.8627457,166.8641756,60.69409384,480.6810631,200.3774849,368.59,-4.74139313,-5.06567468,-5.17281545,0,1,1,1,1,1,1,1,1,0.16666667,1,1,0,0,0,0,0,1,1,0,0,0,0,1,0,1,0
1,0,0,0,0,0,0,0,0,0,0,460.68,0.06439394,73,33,74,34,13,3,0,6,40,26,2,5,0,0,0,0,0,0,0,0,7,0,54.79452055,35.61643836,2.73972603,6.84931507,0,0,2,2,12,0,2,0,0,0,2,0,0,0,0,0,0,0.80160099,126.9374,104.73,104.73,2.5091311,4.3201,719.1819816,165.1395135,78.70484453,629.551495,261.389957,472.85,-3.52276143,-3.70367454,-3.7391311,0,1,0.66666667,0.83333333,1,1,0.83333333,0.5,0.83333333,0.33333333,0.75,0,0,0,0,0,0,0,0,0,0,0,0,0,0,0,0
1,14.21,0.29,4.12,9.18,0,0,0,0,0,0,584.14,0.05802969,71,39,75,43,8,3,0,12,32,27,3,5,0,1,2,1,0,0,0,2,12,3,45.07042254,38.02816901,4.22535211,7.04225352,4.22535211,0,5,5,27,0,5,1,0,0,4,0,0,0,0,0,0,-0.30693455,143.0954,90.39,98.77,3.19479725,4.9103,693.4651349,160.8285251,42.68334316,661.6112957,274.5292195,496.39,-4.10557767,-4.35505739,-4.42479725,0,0.75,0.83333333,0.83333333,0.9,1,0.83333333,1,0.87857143,0.16666667,0.75,0,0,0,0,0,0,0,0,0,0,0,0,0,0,0,0
1,16.03,0.3,4.05,9.82,0,0,0,0,0,0,491.53,0.06349206,59,36,63,40,5,3,0,18,23,27,3,4,0,0,2,0,0,0,0,0,9,2,38.98305085,45.76271186,5.08474576,6.77966102,3.38983051,0,5,7,30,2,3,0,0,1,3,1,0,1,0,1,0,-0.35505951,127.3856,80.23,80.23,3.93605211,4.9094,573.4719322,140.1304505,18.01075068,568.6544851,236.432166,429.78,-4.73564429,-5.0592495,-5.16605211,0,1,0.83333333,1,0.8,0.5,1,1,0.87619048,0.16666667,0.75,0,0,0,0,0,0,0,0,0,0,0,0,0,0,0,0
1,16.39,0.31,3.55,8.8,1,0,0,0,1,2,407.89,0.08128079,47,29,51,33,3,4,0,15,18,21,5,2,0,0,0,1,0,0,0,1,8,1,38.29787234,44.68085106,10.63829787,4.25531915,2.12765957,0,5,7,28,2,3,0,0,2,3,0,0,1,1,0,0,-0.30230255,112.4824,75.92,75.92,2.4362509,1.8341,449.5858246,73.3240114,16.78552955,470.6478405,196.2655084,338.75,-3.46081327,-3.63443836,-3.6662509,0,1,1,1,0.6,0.5,1,1,0.87142857,0.5,0.875,1,0,1,0,0,0,0,0,1,1,0,0,1,0,1,0
1,17.25,0.31,3.48,11.03,1,0,0,0,1,2,384.47,0.08128079,49,29,53,33,3,4,0,16,20,23,4,2,0,0,0,0,0,0,0,0,6,0,40.81632653,46.93877551,8.16326531,4.08163265,0,0,5,7,29,2,3,0,0,1,4,0,0,0,2,0,0,-0.78519816,113.1638,60.13,60.13,3.06974128,1.4932,454.7507476,73.3240114,0,473.4053156,197.3956212,344.5,-3.99928008,-4.23625421,-4.29974128,0,1,1,1,0.6,0.5,1,1,0.87142857,0.33333333,0.875,1,0,1,0,0,0,0,0,1,1,0,0,1,0,1,0
1,18.4,0.37,4.05,8.08,0,0,0,0,0,0,441.71,0.06896552,69,30,69,30,13,2,0,5,39,22,3,4,0,1,0,0,0,0,0,1,8,0,56.52173913,31.88405797,4.34782609,5.79710145,0,0,1,1,5,0,1,0,0,1,0,0,0,0,0,0,0,0.90011544,121.1106,100.55,128.79,2.10758125,3.7489,708.6402849,156.780116,78.70484453,602.2425249,250.1977561,442.01,-3.18144406,-3.32220218,-3.33758125,0,1,0.83333333,0.83333333,1,1,0.83333333,0.5,0.85714286,0.33333333,0.875,1,0,0,0,0,0,0,0,0,0,0,0,0,0,0,0
1,16.1,0.3,1.46,11.25,0,0,0,0,0,0,453.51,0.06818182,55,33,58,36,6,0,0,23,22,24,5,1,0,0,3,0,0,0,0,0,9,3,40,43.63636364,9.09090909,1.81818182,5.45454545,0,4,4,23,0,4,0,0,1,3,0,0,0,0,0,0,-0.32203621,122.7242,64.86,64.86,4.67109772,5.3459,537.7382952,124.0025228,18.01075068,530.448505,220.7739775,383.68,-5.36043306,-5.75754283,-5.90109772,0,0.75,0.66666667,1,0.8,0.5,1,1,0.81666667,0.16666667,0.875,1,0,0,0,0,0,0,0,0,0,0,0,0,0,0,0
1,12.61,0.24,0.82,9.39,0,0,0,0,0,0,457.78,0.06439394,80,33,81,34,14,2,0,6,47,28,3,2,0,0,0,0,0,0,0,0,5,0,58.75,35,3.75,2.5,0,0,2,2,12,0,2,0,0,0,2,0,0,0,0,0,0,0.10175022,137.1153,61.44,61.44,3.71023346,6.0289,743.5400871,89.43566932,36.02150137,670.8305648,278.3076085,494.72,-4.54369844,-4.84472178,-4.94023346,0,1,0.66666667,0.83333333,1,1,0.83333333,0.5,0.83333333,0.16666667,0.875,0,0,0,0,0,0,0,0,0,0,0,0,0,0,0,0
1,0,0,0,0,0,0,0,0,0,0,511.16,0.07007576,64,33,68,37,7,2,0,11,31,24,2,4,0,2,0,1,0,0,0,3,9,1,48.4375,37.5,3.125,6.25,1.5625,0,5,8,29,3,3,0,0,2,2,1,1,0,0,1,1,0.2219362,133.0251,78.87,115.49,2.97612281,3.9236,621.9071571,117.5254945,59.08834061,600.6644518,249.5510049,436.35,-3.91970439,-4.14731667,-4.20612281,0,0.75,0.83333333,0.83333333,0.9,1,0.83333333,1,0.87857143,0.33333333,0.75,0,0,0,0,0,0,0,0,0,0,0,0,0,0,0,0
1,0,0,0,0,0,0,0,0,0,0,491.17,0.07258065,63,32,67,36,6,3,0,11,31,25,2,2,0,2,0,1,0,0,0,3,7,1,49.20634921,39.68253968,3.17460317,3.17460317,1.58730159,0,5,8,29,3,3,0,0,2,2,1,1,0,0,1,1,-0.37169974,135.821,49.41,86.03,4.39455257,5.8272,594.8318167,63.84226341,16.40499744,597.4252492,248.2234628,433.43,-5.12536968,-5.49482494,-5.62455257,0,0.75,0.83333333,1,0.8,0.5,1,1,0.84047619,0.16666667,0.625,0,0,0,0,0,0,0,0,0,0,0,0,0,0,0,0
0,0,0,0,0,0,0,0,0,0,0,388,0.09782609,46,24,49,27,4,3,0,5,22,16,3,2,0,2,0,1,0,0,0,3,8,1,47.82608696,34.7826087,6.52173913,4.34782609,2.17391304,0,4,5,22,2,3,0,0,3,0,1,1,0,0,0,0,0.37838627,96.7035,70.56,107.18,2.68157156,3.0318,449.542485,95.51422975,34.41574813,442.8239203,184.8622624,319.91,-3.66933583,-3.86749299,-3.91157156,0,1,1,1,1,0.5,1,1,0.92857143,0.33333333,1,1,1,1,0,0,0,1,0,1,1,0,0,1,1,1,0
0,4.51,0,0,0,0,0,0,0,0,0,1170.68,0.02667814,179,84,188,93,20,11,0,0,95,62,11,11,0,0,0,0,0,0,0,0,22,0,53.0726257,34.63687151,6.1452514,6.1452514,0,0,10,10,50,0,10,0,0,10,0,0,0,0,0,0,0,6.77581022,306.6419,334.09,334.09,0.42056128,2.1689,1603.212663,489.5988917,213.0046943,1499.817276,618.0562606,1146.21,-1.74747709,-1.71953322,-1.65056128,1,0.25,0.16666667,0.33333333,0.7,1,0.16666667,0,0.37380952,0.16666667,0.375,0,0,0,0,0,0,0,0,0,0,0,0,0,0,0,0
1,0,0,0,0,0,0,0,0,0,0,440.7,0.06666667,75,31,75,31,14,3,0,0,44,24,2,5,0,0,0,0,0,0,0,0,7,0,58.66666667,32,2.66666667,6.66666667,0,0,1,1,6,0,1,0,0,0,1,0,0,0,0,0,0,0.84407316,120.593,104.73,104.73,2.35592447,4.4521,735.8845176,165.1395135,78.70484453,622.2093023,258.3808616,469.43,-3.3925358,-3.55812825,-3.58592447,0,1,0.83333333,0.83333333,1,1,0.83333333,0.5,0.85714286,0.33333333,0.875,0,0,0,0,0,0,0,0,0,0,0,0,0,0,0,0
1,0,0,0,0,0,0,0,0,0,0,438.73,0.06666667,77,31,77,31,13,3,0,0,46,25,2,4,0,0,0,0,0,0,0,0,6,0,59.74025974,32.46753247,2.5974026,5.19480519,0,0,1,1,6,0,1,0,0,0,1,0,0,0,0,0,0,0.8121106,123.8284,95.5,95.5,2.5107053,4.9676,750.6017999,154.1396256,78.70484453,635.8637874,263.976962,477.94,-3.52409951,-3.70517004,-3.7407053,0,1,0.83333333,0.83333333,1,1,0.83333333,0.5,0.85714286,0.33333333,0.875,0,0,0,0,0,0,0,0,0,0,0,0,0,0,0,0
0,11.8,0.22,-0.72,7.35,0,0,0,0,0,0,386.85,0.08201058,43,28,46,31,4,2,1,18,15,23,2,2,0,0,0,1,0,0,0,1,5,1,34.88372093,53.48837209,4.65116279,4.65116279,2.3255814,0,4,5,23,1,3,0,0,1,3,0,0,1,0,0,0,-0.39382295,109.5688,65.88,65.88,4.21131956,4.8415,456.2014012,85.21492137,18.01075068,464.3355482,193.6785034,344.79,-4.96962163,-5.32075358,-5.44131956,0,0.75,1,1,0.4,0,1,1,0.73571429,0.16666667,0.875,1,0,0,0,0,0,1,0,0,0,0,0,0,0,1,0
1,0,0,0,0,0,0,0,0,0,0,506.75,0.05855856,79,37,81,39,13,3,0,12,42,31,2,4,0,0,0,0,0,0,0,0,6,0,53.16455696,39.24050633,2.53164557,5.06329114,0,0,3,3,18,0,3,0,0,0,3,0,0,0,0,0,0,0.70163603,145.6933,95.5,95.5,3.20126162,5.4053,769.3501995,154.1396256,78.70484453,697.358804,289.1798377,519.38,-4.11107237,-4.36119854,-4.43126162,0,0.75,0.66666667,0.66666667,0.9,1,0.66666667,0.5,0.73571429,0.16666667,0.75,0,0,0,0,0,0,0,0,0,0,0,0,0,0,0,0
1,18.44,0.34,6.13,10.48,0,0,0,0,0,0,516.59,0.05974395,64,38,68,42,5,4,0,18,26,29,4,3,0,0,2,0,0,0,0,0,9,2,40.625,45.3125,6.25,4.6875,3.125,0,5,7,31,2,3,0,0,0,4,1,0,0,1,1,0,0.1489208,138.4052,90.87,90.87,4.25428257,4.4241,616.7489798,161.2863525,36.02150137,615.1495017,255.4875007,463.95,-5.00614018,-5.36156844,-5.48428257,1,0.5,0.83333333,0.83333333,0.7,0.5,0.83333333,1,0.74285714,0.16666667,0.625,0,0,0,0,0,0,0,0,0,0,0,0,0,0,0,0
0,0,0,0,0,0,0,0,0,0,0,791.83,0.03905724,103,55,106,58,22,4,0,24,48,43,2,8,0,0,0,2,0,0,0,2,12,2,46.60194175,41.74757282,1.94174757,7.76699029,1.94174757,0,4,4,24,0,4,0,0,0,4,0,0,0,0,0,0,0.04487901,213.5374,136.24,136.24,6.07909778,11.5962,1090.072429,218.8935675,85.36668632,989.8504983,409.0534829,739.92,-6.55723311,-7.09514289,-7.30909778,1,0.5,0.33333333,0.5,0.8,1,0.5,0.5,0.59047619,0.16666667,0.5,0,0,0,0,0,0,0,0,0,0,0,0,0,0,0,0
1,16.39,0.3,3.72,9.94,1,0,0,0,1,2,420.56,0.07311828,59,31,62,34,6,4,0,11,28,24,4,3,0,0,0,0,0,0,0,0,7,0,47.45762712,40.6779661,6.77966102,5.08474576,0,0,4,5,23,1,3,0,0,1,3,0,0,0,1,0,0,-0.76710136,121.3191,69.36,69.36,2.93618286,2.0339,562.6562061,84.32389929,0,538.8870432,224.2323948,399.13,-3.88575543,-4.10937372,-4.16618286,0,1,1,1,0.8,0.5,1,1,0.9,0.33333333,1,1,0,0,0,0,0,0,0,1,0,0,0,1,0,1,0
1,14.84,0.28,3.67,7.49,1,0,0,0,1,2,481.5,0.06554622,56,35,60,39,6,4,0,16,21,24,5,4,0,0,2,0,0,0,0,0,11,2,37.5,42.85714286,8.92857143,7.14285714,3.57142857,0,5,6,28,1,4,0,0,2,3,0,0,0,1,0,0,-0.68032373,123.8209,95.39,95.39,2.32204993,1.7739,538.8303849,143.5748435,0,538.7375415,224.1711236,402.52,-3.36374244,-3.52594743,-3.55204993,0,1,0.66666667,1,0.8,0.5,1,1,0.85238095,0.33333333,0.75,0,0,0,0,0,0,0,0,1,0,0,0,0,0,0,0
1,12.44,0,0,0,0,0,0,1,0,1,533.64,0.0605042,66,35,67,36,9,1,0,6,31,23,1,2,0,0,8,0,0,0,0,1,12,8,46.96969697,34.84848485,1.51515152,3.03030303,12.12121212,0,2,2,12,0,2,0,0,0,2,0,0,0,0,0,0,-0.25959763,113.2563,40.54,40.54,5.46136746,6.592,0,190.6334903,42.68334316,591.9933555,245.9972768,472.93,-6.03216234,-6.50829909,-6.69136746,1,0.5,0.66666667,0.5,0.8,1,0.66666667,1,0.73333333,0.5,0.625,0,0,0,0,0,0,0,0,0,0,0,0,0,0,0,0
0,0,0,0,0,0,0,0,0,0,0,517.56,0.0605042,66,35,67,36,9,1,0,6,31,24,1,2,0,0,8,0,0,0,0,0,11,8,46.96969697,36.36363636,1.51515152,3.03030303,12.12121212,0,2,2,12,0,2,0,0,0,2,0,0,0,0,0,0,-0.28794445,114.5614,40.54,40.54,5.65963515,7.0569,650.084177,190.6334903,42.68334316,574.5847176,238.8625892,454.72,-6.20068988,-6.6966534,-6.88963515,1,0.5,0.66666667,0.5,0.8,1,0.66666667,1,0.73333333,0.5,0.625,0,0,0,0,0,0,0,0,0,0,0,0,0,0,0,0
1,16.79,0.31,4.04,10.98,0,0,0,0,0,0,515.6,0.05974395,65,38,69,42,5,4,0,18,27,30,3,3,0,0,2,0,0,0,0,0,8,2,41.53846154,46.15384615,4.61538462,4.61538462,3.07692308,0,5,7,31,2,3,0,0,0,4,1,0,0,1,1,0,-0.40049646,139.8874,78.84,78.84,4.79764092,5.6627,625.6726197,143.2756018,18.01075068,621.9767442,258.2855509,470.25,-5.46799478,-5.87775888,-6.02764092,1,0.5,0.66666667,0.83333333,0.7,0.5,0.83333333,1,0.71904762,0.16666667,0.625,0,0,0,0,0,0,0,0,0,0,0,0,0,0,0,0
1,14.23,0.27,4.95,5.51,0,0,0,0,0,0,430.45,0.07096774,51,31,53,33,5,4,0,12,20,21,4,4,0,0,2,0,0,0,0,0,10,2,39.21568627,41.17647059,7.84313725,7.84313725,3.92156863,0,3,4,19,1,2,0,0,0,2,1,0,0,0,1,0,0.93996083,107.5871,111.1,111.1,1.82592156,1.4957,538.3488296,203.7246514,78.70484453,495.166113,206.3139807,377.88,-2.94203333,-3.05462548,-3.05592156,0,1,1,1,0.8,0.5,1,1,0.9,0.33333333,1,1,0,1,0,0,0,0,0,1,1,0,0,1,0,1,0
0,14.88,0.27,1.32,7.81,0,0,0,0,0,0,346.42,0.08923077,44,26,47,29,5,0,0,22,18,20,4,2,0,0,0,0,0,0,0,0,6,0,40.90909091,45.45454545,9.09090909,4.54545455,0,0,4,4,22,0,4,0,0,2,2,0,0,0,0,0,0,-0.76042238,96.8167,65.97,65.97,4.1096066,3.1159,427.8753661,73.90166464,0,428.372093,178.9393824,296.7,-4.88316561,-5.22412627,-5.3396066,0,1,1,1,0.6,0,1,1,0.8,0.16666667,1,1,1,1,0,1,0,1,0,1,1,1,0,1,1,1,0
0,0,0,0,0,0,0,0,0,0,0,363.43,0.08547009,45,27,48,30,5,0,0,22,18,20,5,1,0,0,1,0,0,0,0,0,7,1,40,44.44444444,11.11111111,2.22222222,2.22222222,0,4,4,22,0,4,0,0,2,2,0,0,0,0,0,0,-0.7326563,102.7824,57.76,57.76,3.67764782,3.6843,435.3714927,75.94902346,0,438.1229236,182.9356244,304.98,-4.51600064,-4.81376543,-4.90764782,0,1,1,1,0.6,0,1,1,0.8,0.33333333,1,1,1,1,0,1,0,1,0,1,0,0,0,1,1,1,0
1,14.04,0.26,2.15,6.21,0,0,0,0,0,0,427.51,0.07258065,53,32,57,36,6,0,0,27,21,23,7,2,0,0,0,0,0,0,0,0,9,0,39.62264151,43.39622642,13.20754717,3.77358491,0,0,5,5,27,0,5,0,0,3,2,0,0,0,0,0,0,-0.71242451,119.919,96.68,96.68,4.26808947,3.1297,512.0786075,107.1051574,0,515.9966777,214.8510974,353.06,-5.01787605,-5.374685,-5.49808947,0,0.75,0.83333333,1,0.6,0,1,1,0.74047619,0.16666667,0.75,1,0,0,0,0,0,1,0,1,0,0,0,1,0,1,0
0,12.42,0.23,-1.06,11.23,0,0,0,0,0,0,386.51,0.07881773,52,29,55,32,5,0,0,23,23,24,4,0,0,0,1,0,0,0,0,0,5,1,44.23076923,46.15384615,7.69230769,0,1.92307692,0,4,4,23,0,4,0,0,1,3,0,0,0,0,0,0,-0.4047197,116.0536,42.74,42.74,4.9447449,5.1506,495.5852657,66.54192305,18.01075068,498.2724253,207.5870595,351.75,-5.59303317,-6.01750766,-6.1747449,0,0.75,0.83333333,1,0.6,0.5,1,1,0.81190476,0.33333333,0.875,1,0,0,0,0,0,1,0,0,0,0,0,0,0,0,0
1,0,0,0,0,0,0,0,0,0,0,341.51,0.09782609,47,24,50,27,3,2,0,12,23,20,1,2,0,1,0,0,0,0,0,1,4,0,48.93617021,42.55319149,2.12765957,4.25531915,0,0,4,7,24,3,2,0,0,1,2,1,1,0,0,1,1,-0.38311596,96.8438,46.17,54.55,3.65463151,4.6093,431.3703997,60.71794951,16.40499744,434.3687708,181.3970372,314.57,-4.49643679,-4.79189994,-4.88463151,0,1,1,1,0.8,0.5,1,1,0.9,0.66666667,1,1,0,0,0,1,0,1,0,0,0,0,0,1,0,1,0
1,19.33,0.38,3.87,12.27,0,0,0,0,0,0,509.73,0.0605042,72,35,73,36,14,2,0,11,37,26,3,3,0,1,2,0,0,0,0,1,9,2,51.38888889,36.11111111,4.16666667,4.16666667,2.77777778,0,2,2,11,0,2,0,0,1,1,0,0,0,0,0,0,0.19051903,135.5997,80.32,108.56,4.19369884,5.5533,721.3810748,144.0169994,36.02150137,652.4916944,270.791678,483.38,-4.95464401,-5.3040139,-5.42369884,1,0.5,0.66666667,0.66666667,0.9,1,0.66666667,0.5,0.7,0.16666667,0.75,0,0,0,0,0,0,0,0,0,0,0,0,0,0,0,0
1,17.41,0.37,5.38,6.63,0,0,0,0,0,0,454.9,0.07389163,47,29,48,30,10,3,0,11,18,16,4,4,0,1,3,1,0,0,0,2,13,4,38.29787234,34.04255319,8.5106383,8.5106383,8.5106383,0,2,2,11,0,2,0,0,1,1,0,0,0,0,0,0,0.43273598,97.2883,119.39,127.77,2.54666944,2.6273,509.4668406,194.8702143,32.89718747,475.166113,198.1172594,354.09,-3.55466902,-3.73933596,-3.77666944,0,1,0.66666667,0.83333333,1,0.5,1,1,0.85714286,0.33333333,1,1,0,0,0,0,0,1,0,1,0,0,0,1,0,1,0
1,18.37,0.39,4.7,8.21,0,0,0,0,0,0,465.97,0.07126437,53,30,54,31,8,3,1,6,23,19,3,3,0,1,3,1,0,0,0,2,11,4,43.39622642,35.8490566,5.66037736,5.66037736,7.54716981,0,2,2,12,0,2,0,0,0,2,0,0,0,0,0,0,0.34199908,106.5598,104.26,112.64,2.37161572,4.4387,561.2976828,179.8133228,32.89718747,519.0531562,216.1037525,397.1,-3.40587336,-3.57303493,-3.60161572,0,1,0.83333333,1,1,1,1,1,0.97619048,0.33333333,0.875,1,0,0,0,0,0,0,0,1,0,0,0,1,0,0,0
1,11.36,0.26,1.76,7.22,0,0,0,0,0,0,481.45,0.07635468,54,29,56,31,7,3,0,12,25,21,2,4,0,1,0,0,1,0,0,2,8,1,46.2962963,38.88888889,3.7037037,7.40740741,1.85185185,0,3,3,19,0,3,0,0,0,2,1,0,0,0,0,0,-0.30230255,116.619,75.71,84.09,2.70323874,4.3549,553.0371205,99.98707833,18.01075068,533.820598,222.1559828,389.45,-3.68775293,-3.88807681,-3.93323874,0,1,0.83333333,1,1,0.5,1,1,0.9047619,0.33333333,0.875,0,0,0,0,0,0,0,0,1,0,0,0,0,0,0,0
1,12.58,0.26,1.45,8.04,0,0,0,0,0,0,424.96,0.07936508,50,28,52,30,5,3,0,12,22,20,2,3,0,1,1,1,0,0,0,2,8,2,44,40,4,6,4,0,3,3,19,0,3,0,0,0,2,1,0,0,0,0,0,-0.28779665,107.2244,66.48,74.86,3.25841371,4.5215,512.5035932,103.9473037,18.01075068,494.8504983,206.1846305,365.36,-4.15965165,-4.41549302,-4.48841371,0,1,1,1,0.8,0.5,1,1,0.9,0.16666667,1,1,0,0,0,0,0,1,0,0,0,0,0,1,0,1,0
1,15.89,0.29,3.12,9.88,0,0,0,0,0,0,448.54,0.07007576,58,33,62,37,5,2,0,17,25,25,4,3,0,0,1,0,0,0,0,0,8,1,43.10344828,43.10344828,6.89655172,5.17241379,1.72413793,0,5,6,28,1,4,0,0,2,3,0,0,1,0,0,0,-0.3520827,123.2849,72.11,72.11,4.39044908,4.2026,555.6989624,119.1718134,42.68334316,540.0332226,224.7021404,396.6,-5.12188172,-5.49092662,-5.62044908,0,0.75,1,1,0.8,0.5,1,1,0.86428571,0.16666667,0.75,1,0,0,0,0,0,1,0,1,0,0,0,1,0,1,0
0,11.6,0.21,-0.88,7.17,0,0,0,0,0,0,392.54,0.07881773,57,29,60,32,9,2,0,15,28,24,2,3,0,0,0,0,0,0,0,0,5,0,49.12280702,42.10526316,3.50877193,5.26315789,0,0,4,7,22,2,2,0,0,2,2,0,0,2,0,0,0,0.15962358,115.6181,63.49,63.49,3.43289511,5.2951,523.989898,96.83890876,60.69409384,512.8737542,213.5712107,368.87,-4.30796084,-4.58125036,-4.66289511,0,1,1,0.83333333,0.8,0.5,1,1,0.87619048,0.16666667,1,1,0,0,0,0,0,0,0,0,0,0,0,0,0,0,0
0,7.31,0.13,-4.18,6.16,0,0,0,0,0,0,616.81,0.05024155,86,46,92,52,13,2,0,27,40,39,2,5,0,0,0,0,0,0,0,0,7,0,46.51162791,45.34883721,2.3255814,5.81395349,0,0,7,11,39,3,4,0,0,3,4,0,0,3,0,0,0,-0.47911391,179.9317,73.16,73.16,5.24357789,8.786,785.9803186,103.9522478,42.68334316,786.4784053,325.7042645,571.23,-5.84704121,-6.30139899,-6.47357789,1,0.5,0.33333333,0.5,0.6,0.5,0.5,0.5,0.49047619,0.16666667,0.5,0,0,0,0,0,0,0,0,0,0,0,0,0,0,0,0
0,0,0,0,0,0,0,0,0,0,0,338.54,0.09,55,25,57,27,10,0,0,15,30,22,2,1,0,0,0,0,0,0,0,0,3,0,54.54545455,40,3.63636364,1.81818182,0,0,3,6,17,2,1,0,0,1,2,0,0,2,0,0,0,0.15421166,105.0591,40.18,40.18,4.74574635,5.8373,489.2345754,43.89707536,32.89718747,478.8870432,199.6422308,334.33,-5.4238844,-5.82845904,-5.97574635,0,0.75,0.66666667,0.83333333,1,0.5,1,1,0.82142857,0.5,0.875,0,0,0,0,0,0,0,0,0,0,0,0,0,0,0,0
1,14.91,0.29,-0.43,14.19,0,0,0,0,0,0,447.67,0.07526882,56,31,60,35,5,0,0,22,25,25,3,1,0,2,0,0,0,0,0,2,6,0,44.64285714,44.64285714,5.35714286,1.78571429,0,0,5,6,28,1,4,0,0,2,3,0,0,1,0,0,0,-0.39261231,130.3856,47.04,103.52,4.57663065,6.0546,543.6225054,62.58169767,18.01075068,555.3488372,230.9790316,388.07,-5.28013606,-5.66779912,-5.80663065,0,0.75,0.83333333,1,0.8,0.5,1,1,0.84047619,0.16666667,0.75,0,0,0,0,0,0,0,0,0,0,0,0,0,0,0,0
1,14.98,0.3,3.96,9.24,1,0,0,0,1,2,507.51,0.06554622,52,35,56,39,5,4,0,15,17,22,5,3,0,1,4,0,0,0,0,1,13,4,32.69230769,42.30769231,9.61538462,5.76923077,7.69230769,0,5,7,28,2,3,0,0,2,3,0,0,1,1,0,0,-0.62363008,121.4289,82.25,110.49,2.11389956,2.2718,513.1641074,160.9498819,0,522.3255814,217.4449104,392.42,-3.18681463,-3.32820458,-3.34389956,0,0.75,0.83333333,0.83333333,0.5,0.5,0.83333333,1,0.75,0.33333333,0.75,0,0,0,0,0,0,0,0,0,0,0,0,0,0,0,0
1,9.51,0.18,1.68,4.17,0,0,0,0,0,0,640.91,0.04541063,98,46,99,47,18,4,0,12,52,35,4,7,0,0,0,0,0,0,0,0,11,0,53.06122449,35.71428571,4.08163265,7.14285714,0,0,2,2,12,0,2,0,0,0,2,0,0,0,0,0,0,1.34130694,175.73,146.3,146.3,2.58599228,5.3721,993.4401789,222.419393,96.71559521,864.2857143,357.5925059,646.67,-3.58809344,-3.77669267,-3.81599228,1,0.5,0.5,0.5,0.8,1,0.33333333,0,0.51904762,0.16666667,0.625,0,0,0,0,0,0,0,0,0,0,0,0,0,0,0,0
1,9.98,0.19,1.98,4.37,0,0,0,0,0,0,640.91,0.04541063,98,46,99,47,18,4,0,12,52,35,4,7,0,0,0,0,0,0,0,0,11,0,53.06122449,35.71428571,4.08163265,7.14285714,0,0,2,2,12,0,2,0,0,0,2,0,0,0,0,0,0,1.34130694,175.73,146.3,146.3,2.58599228,5.3721,993.4401789,222.419393,96.71559521,864.2857143,357.5925059,646.67,-3.58809344,-3.77669267,-3.81599228,1,0.5,0.5,0.5,0.8,1,0.33333333,0,0.51904762,0.16666667,0.625,0,0,0,0,0,0,0,0,0,0,0,0,0,0,0,0
0,0,0,0,0,0,0,0,0,0,0,458.66,0.06439394,71,33,72,34,12,4,0,6,38,26,2,5,0,0,0,0,0,0,0,0,7,0,53.52112676,36.61971831,2.81690141,7.04225352,0,0,2,2,12,0,2,0,0,0,2,0,0,0,0,0,0,0.80160099,128.029,104.73,104.73,2.42933561,4.3644,709.5232091,165.1395135,78.70484453,622.4086379,258.4625565,470.21,-3.45493527,-3.62786883,-3.65933561,0,1,0.66666667,0.83333333,1,1,0.83333333,0.5,0.83333333,0.33333333,0.875,0,0,0,0,0,0,0,0,0,0,0,0,0,0,0,0
0,7.48,0.14,0.43,3.45,0,0,0,0,0,0,674.92,0.04336735,99,49,101,51,18,4,0,18,50,38,4,7,0,0,0,0,0,0,0,0,11,0,50.50505051,38.38383838,4.04040404,7.07070707,0,0,3,3,18,0,3,0,0,0,3,0,0,0,0,0,0,1.29276718,186.6754,146.3,146.3,2.90350864,5.6963,1002.814379,222.419393,96.71559521,895.0332226,370.1939437,667.39,-3.85798234,-4.07833321,-4.13350864,1,0.5,0.5,0.5,0.8,1,0.33333333,0,0.51904762,0.16666667,0.625,0,0,0,0,0,0,0,0,0,0,0,0,0,0,0,0
0,7.91,0.16,-2.62,7.13,0,0,0,0,0,0,603.23,0.05342625,77,42,81,46,12,3,0,24,35,34,2,4,0,1,0,1,0,0,0,2,8,1,45.45454545,44.15584416,2.5974026,5.19480519,1.2987013,0,5,5,29,0,5,0,0,1,4,0,0,0,0,0,0,-0.80445934,170.2048,66.92,75.3,4.58627966,7.8189,758.2215147,85.10064154,0,750.4152824,310.9242961,547.92,-5.28833771,-5.67696568,-5.81627966,1,0.5,0.5,0.66666667,0.7,0.5,0.66666667,0.5,0.57619048,0.16666667,0.5,0,0,0,0,0,0,0,0,0,0,0,0,0,0,0,0
1,15.13,0.29,3.67,8.49,1,0,0,0,1,2,461.59,0.07007576,56,33,60,37,6,4,0,16,23,24,5,3,0,1,0,0,0,0,0,1,9,0,41.07142857,42.85714286,8.92857143,5.35714286,0,0,5,6,28,1,4,0,0,2,3,0,0,0,1,0,0,-0.72111588,130.1437,82.25,110.49,2.04141266,1.7382,545.769667,99.29992115,0,550.2990033,228.9094276,400.1,-3.12520076,-3.25934202,-3.27141266,0,1,0.83333333,1,0.8,0.5,1,1,0.87619048,0.33333333,0.75,0,0,0,0,0,0,0,0,0,0,0,0,0,0,0,0
1,13.23,0.28,2.52,7.36,0,0,0,0,0,0,583.59,0.056899,70,38,72,40,13,3,0,17,32,26,4,5,0,1,0,2,0,0,0,3,12,2,45.71428571,37.14285714,5.71428571,7.14285714,2.85714286,0,3,3,17,0,3,0,0,1,2,0,0,0,0,0,0,-0.29597964,149.6355,104.97,113.35,2.92589365,4.8173,747.5953693,144.5695143,42.68334316,691.0631229,286.5996405,501.7,-3.8770096,-4.09959897,-4.15589365,0,0.75,0.5,0.66666667,0.9,1,0.66666667,0.5,0.71190476,0.33333333,0.75,0,0,0,0,0,0,0,0,0,0,0,0,0,0,0,0
0,15.97,0.31,2.8,9.6,0,0,0,0,0,0,327.43,0.09881423,40,23,42,25,4,4,0,12,17,18,1,3,0,1,0,0,0,0,0,1,5,0,42.5,45,2.5,7.5,0,0,3,3,18,0,3,0,0,0,3,0,0,0,0,0,0,-0.77212822,91.1403,54.45,62.83,2.23738134,3.4275,405.1176022,70.97643976,0,401.0631229,167.7471815,295.84,-3.29177414,-3.44551228,-3.46738134,0,1,1,1,0.6,0.5,1,1,0.87142857,0.33333333,1,1,1,1,1,1,1,1,0,1,0,1,0,1,1,1,1
0,0,0,0,0,0,0,0,0,0,0,249.34,0.12418301,37,18,38,19,3,1,0,6,19,14,1,3,0,0,0,0,0,0,0,0,4,0,51.35135135,37.83783784,2.7027027,8.10810811,0,0,2,2,12,0,2,0,0,0,2,0,0,0,0,0,0,-0.27959974,68.423,49.77,49.77,1.45838546,2.1066,371.7539803,81.95247197,42.68334316,326.8936877,137.349872,241.95,-2.62962764,-2.70546619,-2.68838546,0,1,1,1,1,1,1,1,1,0.83333333,1,1,0,1,0,1,0,0,0,1,0,1,1,1,0,1,1
1,14.62,0.28,3.48,8.29,0,0,0,0,0,0,515.52,0.06156156,58,37,62,41,5,1,0,22,21,24,7,2,0,0,4,0,0,0,0,0,13,4,36.20689655,41.37931034,12.06896552,3.44827586,6.89655172,0,5,6,29,1,4,0,0,2,2,1,0,0,0,1,0,-0.64389321,126.9849,90.96,90.96,3.74439828,4.112,561.0997362,165.8841338,0,558.2392027,232.1636077,408.18,-4.57273854,-4.87717837,-4.97439828,0,0.75,0.66666667,0.83333333,0.7,0.5,0.83333333,1,0.7547619,0.16666667,0.75,0,0,0,0,0,0,0,0,0,0,0,0,0,0,0,0
1,14.29,0.27,2.57,9.67,0,0,0,0,0,0,528.56,0.05974395,62,38,66,42,5,1,0,22,24,26,6,2,0,0,4,0,0,0,0,0,12,4,38.70967742,41.93548387,9.67741935,3.22580645,6.4516129,0,5,6,29,1,4,0,0,2,2,1,0,0,0,1,0,-0.67935932,133.269,78.07,78.07,4.07090167,4.9843,592.4959467,149.0986042,0,588.4717608,244.5540003,431.78,-4.85026642,-5.18735659,-5.30090167,0,0.75,0.83333333,0.83333333,0.7,0.5,0.83333333,1,0.77857143,0.16666667,0.75,0,0,0,0,0,0,0,0,0,0,0,0,0,0,0,0
1,14.37,0.27,4.53,7.41,0,0,0,0,0,0,549.57,0.05641026,65,40,69,44,8,4,0,18,25,29,3,6,0,0,2,0,0,0,0,0,11,2,38.46153846,44.61538462,4.61538462,9.23076923,3.07692308,0,5,7,30,2,3,0,0,1,3,1,0,1,0,1,0,-0.34220813,138.3895,106.53,106.53,3.57894521,4.8299,644.9426665,176.2752654,18.01075068,627.8239203,260.6819345,479.32,-4.43210343,-4.71999795,-4.80894521,0,0.75,0.66666667,0.83333333,0.7,0.5,0.83333333,1,0.7547619,0.16666667,0.75,0,0,0,0,0,0,0,0,0,0,0,0,0,0,0,0
1,0,0,0,0,0,0,0,0,0,0,402.39,0.09782609,41,24,44,27,3,2,0,11,17,17,1,2,0,2,0,2,0,0,0,4,7,2,41.46341463,41.46341463,2.43902439,4.87804878,4.87804878,0,4,7,23,3,2,0,0,2,1,1,1,0,0,1,1,-0.25970122,99.6233,46.17,82.79,4.04066943,5.033,433.5025474,60.71794951,16.40499744,439.1196013,183.3440989,314.24,-4.82456902,-5.15863596,-5.27066943,0,1,1,1,0.8,0.5,1,1,0.9,0.5,1,1,0,0,0,0,0,1,0,0,0,0,0,0,0,1,0
0,14.32,0.26,1.56,9.01,0,0,0,0,0,0,363.43,0.08547009,45,27,48,30,5,0,0,22,18,20,5,1,0,0,1,0,0,0,0,0,7,1,40,44.44444444,11.11111111,2.22222222,2.22222222,0,4,4,22,0,4,0,0,2,2,0,0,0,0,0,0,-0.7326563,102.7824,57.76,57.76,3.67764782,3.6843,435.3714927,75.94902346,0,438.1229236,182.9356244,304.98,-4.51600064,-4.81376543,-4.90764782,0,1,1,1,0.6,0,1,1,0.8,0.33333333,1,1,1,1,0,1,0,1,0,1,0,0,0,1,1,1,0
0,12.12,0.22,1.33,5.36,0,0,0,0,0,0,427.51,0.07258065,53,32,57,36,6,0,0,27,21,23,7,2,0,0,0,0,0,0,0,0,9,0,39.62264151,43.39622642,13.20754717,3.77358491,0,0,5,5,27,0,5,0,0,3,2,0,0,0,0,0,0,-0.71242451,119.919,96.68,96.68,4.26808947,3.1297,512.0786075,107.1051574,0,515.9966777,214.8510974,353.06,-5.01787605,-5.374685,-5.49808947,0,0.75,0.83333333,1,0.6,0,1,1,0.74047619,0.16666667,0.75,1,0,0,0,0,0,1,0,1,0,0,0,1,0,1,0
1,21.05,0.44,4.08,11.59,0,0,0,0,0,0,363.82,0.09782609,35,24,38,27,2,2,0,17,11,16,3,2,0,1,1,1,0,0,0,2,8,2,31.42857143,45.71428571,8.57142857,5.71428571,5.71428571,0,4,7,23,2,2,0,0,1,3,0,0,1,1,0,0,-0.21856297,90.9332,66.06,74.44,2.94761197,4.1579,360.3286016,77.45463343,16.66300743,382.8737542,160.2925222,272.47,-3.89547018,-4.12023137,-4.17761197,0,1,1,1,0.4,0,1,1,0.77142857,0.5,1,1,0,1,1,1,0,0,0,1,0,0,0,1,0,1,0
1,19.9,0.43,4.65,11.5,0,0,0,0,0,0,383.95,0.09782609,42,24,45,27,3,2,0,11,18,17,1,3,0,2,0,1,0,0,0,3,7,1,42.85714286,40.47619048,2.38095238,7.14285714,2.38095238,0,4,7,23,3,2,0,0,2,1,1,1,0,0,1,1,0.33724802,96.269,66.4,103.02,2.73249442,3.3549,443.0128874,103.4012927,59.08834061,428.538206,179.0074615,307.82,-3.71262025,-3.91586969,-3.96249442,0,1,1,1,0.8,0.5,1,1,0.9,0.5,1,1,1,1,0,0,0,1,0,1,1,0,0,1,1,1,1
1,13.44,0.27,1.92,11.07,0,0,0,0,0,0,578.21,0.05802969,76,39,80,43,7,3,0,12,37,29,3,4,0,1,1,1,0,0,0,2,10,2,48.68421053,38.15789474,3.94736842,5.26315789,2.63157895,0,5,5,30,0,5,0,0,0,5,0,0,0,0,0,0,-0.73848628,150.5001,70.16,78.54,3.96332652,6.7566,716.8937956,103.1850687,0,695.7475083,288.5194706,516.13,-4.75882754,-5.0851602,-5.19332652,0,0.75,0.83333333,0.83333333,0.9,1,0.83333333,1,0.87857143,0.16666667,0.75,0,0,0,0,0,0,0,0,0,0,0,0,0,0,0,0
1,14.8,0.28,1.97,9.49,0,0,0,0,0,0,429.44,0.07311828,49,31,52,34,6,0,0,22,18,21,5,2,0,0,3,0,0,0,0,0,10,3,36.73469388,42.85714286,10.20408163,4.08163265,6.12244898,0,4,4,22,0,4,0,0,2,2,0,0,0,0,0,0,-0.67121369,110.1402,66.99,66.99,3.35614924,5.5987,482.2313863,116.8691379,0,477.1262459,198.9205926,343.21,-4.24272685,-4.50834177,-4.58614924,0,1,1,1,0.6,0.5,1,1,0.87142857,0.16666667,1,1,0,0,0,0,0,0,0,0,0,0,0,0,0,0,0
1,18.51,0.37,4.19,10.08,0,0,0,0,0,0,452.63,0.0688172,61,31,62,32,11,2,0,11,30,22,4,2,0,1,2,0,0,0,0,1,9,2,49.18032787,36.06557377,6.55737705,3.27868852,3.27868852,0,2,2,11,0,2,0,0,1,1,0,0,0,0,0,0,0.90799827,118.7057,83.12,111.36,3.36934125,4.0867,615.3076416,151.0278622,54.03225205,565.6976744,235.2203584,416.39,-4.25394006,-4.52087419,-4.59934125,0,1,0.66666667,0.83333333,1,1,0.83333333,0.5,0.83333333,0.16666667,0.875,1,0,0,0,0,0,1,0,1,0,0,0,1,0,1,0
1,20.21,0.4,6.27,15.65,0,0,0,0,0,0,520.6,0.06507937,60,36,65,41,3,2,0,17,24,25,4,2,0,1,4,0,0,0,0,1,11,4,40,41.66666667,6.66666667,3.33333333,6.66666667,0,6,9,34,3,3,0,0,3,2,1,1,0,0,1,1,-0.2999255,126.6001,67.23,75.61,5.18458577,5.1663,547.3658781,138.8624928,16.40499744,562.4584718,233.8928163,417.45,-5.7968979,-6.24535648,-6.41458577,1,0.5,0.5,0.66666667,0.6,0.5,0.66666667,1,0.63333333,0.33333333,0.625,0,0,0,0,0,0,0,0,0,0,0,0,0,0,0,0
0,11.09,0.22,0.3,7.51,0,0,0,0,0,0,447.52,0.07526882,51,31,55,35,3,2,0,17,20,22,3,2,0,1,3,0,0,0,0,1,9,3,39.21568627,43.1372549,5.88235294,3.92156863,5.88235294,0,5,8,29,3,3,0,0,1,4,0,1,1,0,1,0,-0.29672464,111.7875,66.06,74.44,3.75220268,4.7796,477.0572068,107.37486,16.66300743,490.7807309,204.516693,360.84,-4.57937228,-4.88459255,-4.98220268,0,1,1,1,0.8,0.5,1,1,0.9,0.33333333,0.875,1,0,0,0,0,0,1,0,0,0,0,0,0,0,1,0
1,13.95,0.28,3.34,5.68,0,0,0,0,0,0,438.48,0.07816092,47,30,51,34,3,2,0,16,17,18,6,2,0,1,3,0,0,0,0,1,12,3,36.17021277,38.29787234,12.76595745,4.25531915,6.38297872,0,5,8,28,3,3,0,0,2,3,0,1,1,0,1,0,0.37501413,101.7831,107.63,116.01,3.10692829,2.4305,440.4640437,140.823397,33.32601487,454.0365449,189.4576004,327.28,-4.03088905,-4.27158187,-4.33692829,0,1,1,1,0.8,0.5,1,1,0.9,0.33333333,0.875,1,0,1,0,0,0,1,0,1,0,0,0,1,0,1,0
1,15.14,0.29,1.18,9.56,0,0,0,0,0,0,409.53,0.07881773,49,29,52,32,6,0,0,22,20,21,5,1,0,1,1,0,0,0,0,1,8,1,40.81632653,42.85714286,10.20408163,2.04081633,2.04081633,0,4,4,22,0,4,0,0,2,2,0,0,0,0,0,0,-0.30230255,115.6384,64.86,93.1,3.89850264,4.1401,491.1226371,94.08229626,18.01075068,488.6877076,203.6588966,340.79,-4.70372725,-5.02357751,-5.12850264,0,1,1,1,0.6,0.5,1,1,0.87142857,0.16666667,1,1,0,1,0,0,0,1,1,1,0,0,0,1,0,1,0
0,10.59,0.19,-1.22,9.57,0,0,0,0,0,0,415.56,0.07311828,57,31,60,34,6,0,0,23,26,25,5,0,0,0,1,0,0,0,0,0,6,1,45.61403509,43.85964912,8.77192982,0,1.75438596,0,4,4,23,0,4,0,0,1,3,0,0,0,0,0,0,-0.39261231,125.441,45.98,45.98,4.63105482,4.8266,541.5616077,69.66623694,18.01075068,538.255814,223.9736942,380.05,-5.3263966,-5.71950208,-5.86105482,0,0.75,0.83333333,1,0.8,0.5,1,1,0.84047619,0.33333333,0.875,1,0,0,0,0,0,1,0,0,0,0,0,0,0,1,0
0,12.22,0.23,-1.51,11.27,0,0,0,0,0,0,433.59,0.07311828,55,31,58,34,6,0,0,23,24,25,3,1,0,1,1,0,0,0,0,1,6,1,43.63636364,45.45454545,5.45454545,1.81818182,1.81818182,0,4,4,23,0,4,0,0,1,3,0,0,0,0,0,0,-0.39261231,126.4536,47.04,75.28,4.60671864,5.5044,545.7265509,77.54181094,18.01075068,542.0099668,225.5122815,385.35,-5.30571084,-5.69638271,-5.83671864,0,0.75,0.83333333,1,0.8,0.5,1,1,0.84047619,0.16666667,0.875,1,0,0,0,0,0,0,0,0,0,0,0,0,0,0,0
1,13.72,0.28,2.96,6.68,0,0,0,0,0,0,455.03,0.07356322,57,30,59,32,9,3,0,11,27,20,4,4,0,1,0,1,0,0,0,2,10,1,47.36842105,35.0877193,7.01754386,7.01754386,1.75438596,0,3,3,17,0,3,0,0,1,2,0,0,0,0,0,0,-0.24987445,115.2648,93.53,101.91,1.8947098,3.099,573.8758241,116.7726079,18.01075068,541.9767442,225.4986657,392.72,-3.00050333,-3.11997431,-3.1247098,0,1,0.83333333,0.83333333,1,1,1,1,0.95238095,0.33333333,1,1,0,0,0,0,0,1,0,1,0,0,0,1,0,0,0
1,14.85,0.28,1.02,10.79,0,0,0,0,0,0,471.5,0.06595365,55,34,58,37,6,0,0,23,21,24,5,1,0,0,4,0,0,0,0,0,10,4,38.18181818,43.63636364,9.09090909,1.81818182,7.27272727,0,4,4,23,0,4,0,0,1,3,0,0,0,0,0,0,-0.30447501,122.9406,64.86,64.86,4.77287118,5.5514,540.5720771,138.9626361,18.01075068,533.372093,221.9721693,389.75,-5.44694051,-5.85422763,-6.00287118,0,0.75,0.66666667,1,0.8,0.5,1,1,0.81666667,0.16666667,0.75,1,0,0,0,0,0,0,0,0,0,0,0,0,0,0,0
1,14.87,0.27,1.04,9.25,0,0,0,0,0,0,403.5,0.07586207,52,30,55,33,6,0,0,23,22,23,5,1,0,0,1,0,0,0,0,0,7,1,42.30769231,44.23076923,9.61538462,1.92307692,1.92307692,0,4,4,23,0,4,0,0,1,3,0,0,0,0,0,0,-0.34891959,116.9669,64.86,64.86,4.25575867,4.6091,505.9939958,94.08229626,18.01075068,501.1960133,208.7852514,354.24,-5.00739487,-5.36297074,-5.48575867,0,0.75,1,1,0.6,0.5,1,1,0.83571429,0.16666667,0.875,1,0,0,0,0,0,1,1,0,0,0,0,1,0,1,0
1,0,0,0,0,0,0,0,0,0,0,483.77,0.0605042,80,35,81,36,13,4,0,6,45,29,3,3,0,0,0,0,0,0,0,0,6,0,56.25,36.25,3.75,3.75,0,0,2,2,12,0,2,0,0,0,2,0,0,0,0,0,0,0.10547856,142.716,78.51,78.51,3.37742125,5.8023,764.1597189,114.5805964,36.02150137,689.7009967,286.0413921,515.53,-4.26080806,-4.52855019,-4.60742125,0,1,0.66666667,0.83333333,1,1,0.83333333,0.5,0.83333333,0.16666667,0.75,0,0,0,0,0,0,0,0,0,0,0,0,0,0,0,0
0,0,0,0,0,0,0,0,0,0,0,144.19,0.22222222,22,10,22,10,1,1,0,0,12,7,0,3,0,0,0,0,0,0,0,0,3,0,54.54545455,31.81818182,0,13.63636364,0,0,1,1,6,0,1,0,0,0,1,0,0,0,0,0,0,-0.06514066,35.927,46.53,46.53,-0.31323402,-0.0645,231.93041,78.82815808,42.68334316,185.9468439,79.58477207,141.03,-1.12375108,-1.02242768,-0.91676598,0,1,0.83333333,0.83333333,1,1,1,1,0.95238095,1,1,0,0,0,0,0,0,0,0,0,0,0,0,0,0,0,0
1,17.52,0.34,3.78,10.25,0,0,0,0,0,0,486.64,0.06417112,62,34,64,36,11,2,0,17,28,25,4,2,0,1,2,0,0,0,0,1,9,2,45.16129032,40.32258065,6.4516129,3.22580645,3.22580645,0,3,3,17,0,3,0,0,1,2,0,0,0,0,0,0,0.84030481,129.5743,83.12,111.36,3.76535809,4.4784,624.6818414,151.0278622,54.03225205,596.4451827,247.8217962,437.11,-4.59055438,-4.89709018,-4.99535809,0,1,0.66666667,0.83333333,1,0.5,0.83333333,0.5,0.76190476,0.16666667,0.75,0,0,0,0,0,0,0,0,0,0,0,0,0,0,0,0
1,16.52,0.31,3.94,9.75,0,0,0,0,0,0,463.52,0.06595365,57,34,60,37,5,3,0,18,23,26,3,3,0,0,2,0,0,0,0,0,8,2,40.35087719,45.61403509,5.26315789,5.26315789,3.50877193,0,4,7,25,2,2,0,0,0,3,1,0,0,0,2,0,0.17664638,123.0345,78.51,78.51,3.41691996,3.5759,563.1150058,144.5008229,36.02150137,553.538206,230.2369697,416.05,-4.29438197,-4.56607396,-4.64691996,0,1,0.83333333,1,0.8,0.5,1,1,0.87619048,0.16666667,0.875,1,0,0,0,0,0,1,0,1,0,0,0,1,0,0,0
1,17.12,0.36,5.34,7.94,0,0,0,0,0,0,527.47,0.06417112,58,34,60,36,11,3,0,17,24,22,4,5,0,1,0,2,0,0,0,3,12,2,41.37931034,37.93103448,6.89655172,8.62068966,3.44827586,0,3,3,17,0,3,0,0,1,2,0,0,0,0,0,0,0.29333423,130.7072,113.76,122.14,2.11440464,3.8227,636.3569479,159.455951,60.69409384,597.4418605,248.2302707,432.5,-3.18724394,-3.32868441,-3.34440464,0,0.75,0.5,0.66666667,0.7,0.5,0.66666667,0.5,0.61190476,0.33333333,0.75,0,0,0,0,0,0,0,0,0,0,0,0,0,0,0,0
1,15.82,0.34,3.19,8.89,0,0,0,0,0,0,489.46,0.0688172,57,31,58,32,10,3,0,12,26,21,2,5,0,1,0,2,0,0,0,3,10,2,45.61403509,36.84210526,3.50877193,8.77192982,3.50877193,0,2,2,12,0,2,0,0,0,2,0,0,0,0,0,0,-0.26476208,123.1594,87.15,95.53,3.11704659,4.9845,629.0361705,127.7839847,42.68334316,573.2059801,238.2975328,421.74,-4.0394896,-4.28119426,-4.34704659,0,1,0.66666667,0.83333333,1,1,1,1,0.92857143,0.16666667,0.875,0,0,0,0,0,0,0,0,0,0,0,0,0,0,0,0
1,13.88,0.25,1.56,6.84,0,0,0,0,0,0,403.45,0.07586207,48,30,51,33,5,1,0,23,18,22,5,2,0,0,1,0,0,0,0,0,8,1,37.5,45.83333333,10.41666667,4.16666667,2.08333333,0,4,4,23,0,4,0,0,1,3,0,0,0,0,0,0,-0.31590454,110.9972,81.93,81.93,3.61848343,3.6241,479.9339605,119.2272233,18.01075068,480.3986711,200.2617505,343.09,-4.46571092,-4.75755926,-4.84848343,0,1,1,1,0.6,0,1,1,0.8,0.16666667,1,1,0,1,0,0,0,1,0,1,0,0,0,1,0,1,0
1,17.25,0.32,1.93,11.1,0,0,0,0,0,0,417.53,0.07311828,55,31,58,34,6,0,0,23,24,24,5,1,0,0,1,0,0,0,0,0,7,1,43.63636364,43.63636364,9.09090909,1.81818182,1.81818182,0,4,4,23,0,4,0,0,1,3,0,0,0,0,0,0,-0.36064975,122.0081,64.86,64.86,4.46512399,5.0953,532.0707315,94.08229626,18.01075068,524.6013289,218.3775938,371.54,-5.18535539,-5.56186779,-5.69512399,0,0.75,1,1,0.8,0.5,1,1,0.86428571,0.16666667,0.875,1,0,0,0,0,0,1,0,0,0,0,0,0,0,1,0
1,16.61,0.31,1.74,10.33,0,0,0,0,0,0,403.5,0.07586207,52,30,55,33,6,0,0,23,22,23,5,1,0,0,1,0,0,0,0,0,7,1,42.30769231,44.23076923,9.61538462,1.92307692,1.92307692,0,4,4,23,0,4,0,0,1,3,0,0,0,0,0,0,-0.34891959,116.9669,64.86,64.86,4.25575867,4.6091,505.9939958,94.08229626,18.01075068,501.1960133,208.7852514,354.24,-5.00739487,-5.36297074,-5.48575867,0,0.75,1,1,0.6,0.5,1,1,0.83571429,0.16666667,0.875,1,0,0,0,0,0,1,1,0,0,0,0,1,0,1,0
1,16.37,0.3,1.97,9.18,0,0,0,0,0,0,415.54,0.07311828,56,31,59,34,7,0,0,23,25,24,5,2,0,0,0,0,0,0,0,0,7,0,44.64285714,42.85714286,8.92857143,3.57142857,0,0,4,4,23,0,4,0,0,1,3,0,0,0,0,0,0,-0.36064975,123.2137,74.09,74.09,3.60174199,4.3872,544.3525438,90.12207088,18.01075068,531.4285714,221.175644,374.26,-4.4514807,-4.7416549,-4.83174199,0,1,1,1,0.8,0.5,1,1,0.9,0.16666667,1,1,0,0,0,0,0,1,0,1,0,0,0,1,0,1,0
1,0,0,0,0,0,0,0,0,0,0,457.57,0.06595365,61,34,64,37,6,3,0,18,27,27,3,4,0,0,0,0,0,0,0,0,7,0,44.26229508,44.26229508,4.91803279,6.55737705,0,0,4,7,25,2,2,0,0,0,3,1,0,0,0,2,0,0.78196088,128.5642,98.74,98.74,2.12178441,2.6542,609.7961829,157.2639395,78.70484453,580.8471761,241.4291705,430,-3.19351675,-3.33569519,-3.35178441,0,1,0.83333333,1,0.8,0.5,1,1,0.87619048,0.33333333,1,1,0,0,0,0,0,1,0,0,0,0,0,0,0,0,0
1,23.68,0.43,6.68,12.9,0,0,0,0,0,0,427.54,0.07056452,57,32,60,35,5,3,0,18,25,26,3,3,0,0,0,0,0,0,0,0,6,0,43.85964912,45.61403509,5.26315789,5.26315789,0,0,4,7,25,2,2,0,0,0,3,1,0,0,0,2,0,0.14601985,122.6017,78.51,78.51,2.67969228,3.1649,557.4474421,114.5805964,36.02150137,547.6910299,227.840586,403.91,-3.66773844,-3.86570767,-3.90969228,0,1,1,1,0.8,0.5,1,1,0.9,0.33333333,1,1,0,0,0,0,0,1,0,1,0,0,0,1,0,1,0
1,24.07,0.46,7.24,13.29,0,0,0,0,0,0,433.47,0.07096774,53,31,55,33,5,3,0,12,22,22,3,3,0,0,3,0,0,0,0,0,9,3,41.50943396,41.50943396,5.66037736,5.66037736,5.66037736,0,3,6,19,2,1,0,0,0,2,1,0,0,0,2,0,0.25692521,106.3508,78.51,78.51,2.38019954,2.3008,526.7417114,159.4609362,36.02150137,502.3089701,209.2413812,384.1,-3.41316961,-3.58118956,-3.61019954,0,1,1,1,1,0.5,1,1,0.92857143,0.33333333,1,1,0,1,0,0,0,1,0,1,0,0,0,1,0,1,0
1,20.81,0.39,6.24,9.71,0,0,0,0,0,0,409.53,0.07356322,57,30,59,32,7,3,0,12,27,23,3,4,0,0,0,0,0,0,0,0,7,0,47.36842105,40.35087719,5.26315789,7.01754386,0,0,3,6,19,2,1,0,0,0,2,1,0,0,0,2,0,0.20993889,113.7806,87.74,87.74,1.51504659,1.7993,559.4326957,125.5804842,36.02150137,526.6943522,219.2353902,391.98,-2.6777896,-2.75929426,-2.74504659,0,1,1,1,1,1,1,1,1,0.33333333,1,1,0,1,0,0,0,0,0,1,1,0,0,1,0,1,0
1,13.86,0.29,3.19,9.03,0,0,0,0,0,0,514.04,0.06595365,60,34,63,37,6,3,0,12,26,23,3,4,0,1,2,1,0,0,0,2,11,3,43.33333333,38.33333333,5,6.66666667,5,0,4,4,24,0,4,0,0,0,4,0,0,0,0,0,0,-0.27530304,124.4084,78.95,87.33,3.14382815,4.5679,592.4592336,133.0316188,18.01075068,576.2790698,239.5569958,430.76,-4.06225393,-4.30663674,-4.37382815,0,0.75,0.83333333,0.83333333,0.9,0.5,0.83333333,1,0.80714286,0.16666667,0.875,0,0,0,0,0,0,0,0,0,0,0,0,0,0,0,0
1,14.71,0.3,1.08,10.41,0,0,0,0,0,0,408,0.08262108,53,27,55,29,6,2,0,12,26,21,1,3,0,1,0,1,0,0,0,2,6,1,49.05660377,39.62264151,1.88679245,5.66037736,1.88679245,0,3,3,18,0,3,0,0,0,3,0,0,0,0,0,0,-0.34555568,111.3125,57.61,65.99,3.82458093,5.8785,531.8650239,88.51485589,42.68334316,505.89701,210.7118893,368.23,-4.64089379,-4.95335188,-5.05458093,0,1,1,1,1,0.5,1,1,0.92857143,0.16666667,1,0,0,0,0,0,0,0,0,0,0,0,0,0,0,0,0
1,16.73,0.35,2.16,10.68,0,0,0,0,0,0,367.93,0.09057971,46,24,47,25,6,2,0,12,22,18,1,3,0,1,0,1,0,0,0,2,6,1,47.82608696,39.13043478,2.17391304,6.52173913,2.17391304,0,2,2,12,0,2,0,0,0,2,0,0,0,0,0,0,-0.30083946,99.3117,57.61,65.99,3.54729949,4.8815,489.7583657,88.51485589,42.68334316,453.7209302,189.3282501,328.69,-4.40520457,-4.68993452,-4.77729949,0,1,1,1,0.8,0.5,1,1,0.9,0.16666667,1,1,0,0,0,1,0,1,0,0,0,0,0,0,0,1,0
1,13.15,0.24,1.87,6.6,0,0,0,0,0,0,425.54,0.07258065,55,32,59,36,5,0,1,22,23,24,7,1,0,0,0,0,0,0,0,0,8,0,41.81818182,43.63636364,12.72727273,1.81818182,0,0,5,6,28,1,4,0,0,2,3,0,0,1,0,0,0,-0.74339949,124.5715,84.79,84.79,4.07141266,3.3081,523.5306923,95.29510197,0,529.6511628,220.4471979,372.47,-4.85070076,-5.18784202,-5.30141266,0,1,1,1,0.8,0.5,1,1,0.9,0.16666667,0.875,1,0,0,0,0,0,1,0,1,0,0,0,1,0,1,0
1,13.71,0.25,2.18,8.09,0,0,0,0,0,0,460.56,0.06773619,59,34,63,38,5,1,0,22,25,25,6,2,0,0,1,0,0,0,0,0,9,1,42.37288136,42.37288136,10.16949153,3.38983051,1.69491525,0,5,6,28,1,4,0,0,2,3,0,0,1,0,0,0,-0.7292991,127.2843,78.07,78.07,4.78763283,3.3769,556.8764274,104.3407865,0,556.2956811,231.3670824,396.27,-5.45948791,-5.86825119,-6.01763283,0,0.75,0.66666667,1,0.8,0.5,1,1,0.81666667,0.16666667,0.625,1,0,0,0,0,0,1,0,1,0,0,0,1,0,0,0
1,15.41,0.28,1.51,11.45,0,0,0,0,0,0,418.51,0.07526882,54,31,58,35,5,0,0,22,23,24,4,2,0,0,1,0,0,0,0,0,7,1,42.59259259,44.44444444,7.40740741,3.7037037,1.85185185,0,5,6,28,1,4,0,0,2,3,0,0,1,0,0,0,-0.76710136,118.6788,56.32,56.32,4.53761089,5.051,498.0348871,75.20056226,0,506.8770764,211.1135559,359.61,-5.24696926,-5.63073034,-5.76761089,0,0.75,0.83333333,1,0.8,0.5,1,1,0.84047619,0.33333333,0.75,1,0,0,0,0,0,1,0,0,0,0,0,0,0,1,0
0,0,0,0,0,0,0,0,0,0,0,493.8,0.06031746,83,36,85,38,20,1,0,15,47,32,1,3,0,0,0,0,0,0,0,0,4,0,56.62650602,38.55421687,1.20481928,3.61445783,0,0,3,6,17,2,1,0,0,1,2,0,0,2,0,0,0,-0.49289454,149.3541,51.46,51.46,6.67382523,10.8978,760.1949816,78.82815808,42.68334316,708.7209302,293.8364468,511.27,-7.06275145,-7.66013397,-7.90382523,0,0.75,0.5,0.66666667,0.9,1,0.66666667,0.5,0.71190476,0.33333333,0.625,0,0,0,0,0,0,0,0,0,0,0,0,0,0,0,0
1,0,0,0,0,0,0,0,0,0,0,568.26,0.06116643,72,38,77,43,7,3,0,17,34,30,3,2,0,2,0,1,0,0,0,3,8,1,47.22222222,41.66666667,4.16666667,2.77777778,1.38888889,0,6,9,35,3,4,0,0,2,3,1,1,0,0,1,1,-0.40049646,160.2284,52.65,89.27,4.63077786,6.5394,680.015235,66.9665773,16.40499744,691.5614618,286.8038778,499.75,-5.32616118,-5.71923896,-5.86077786,1,0.5,0.5,0.83333333,0.7,0.5,0.83333333,1,0.6952381,0.16666667,0.625,0,0,0,0,0,0,0,0,0,0,0,0,0,0,0,0
1,0,0,0,0,0,0,0,0,0,0,1286.87,0.02222222,202,91,202,91,37,12,0,6,111,65,11,15,0,0,0,0,0,0,0,0,26,0,54.95049505,32.17821782,5.44554455,7.42574257,0,0,1,1,6,0,1,0,0,0,1,0,0,0,0,0,0,5.88751543,340.9858,364.86,364.86,-0.48665556,6.025,2053.883799,532.8570456,198.1182575,1742.82392,717.6491477,1323.05,-0.97634277,-0.85767721,-0.74334444,1,0.25,0.33333333,0.33333333,0.7,1,0.16666667,0,0.39761905,0.16666667,0.5,0,0,0,0,0,0,0,0,0,0,0,0,0,0,0,0
1,0,0,0,0,0,0,0,0,0,0,333.51,0.10822511,41,22,44,25,3,2,0,11,19,17,1,2,0,2,0,0,0,0,0,2,5,0,46.34146341,41.46341463,2.43902439,4.87804878,0,0,4,7,23,3,2,0,0,2,1,1,1,0,0,1,1,-0.3095945,90.0126,46.17,82.79,3.03475599,3.9096,390.6987451,60.71794951,16.40499744,398.4551495,166.67834,283.82,-3.96954259,-4.20301819,-4.26475599,0,1,1,1,0.8,0.5,1,1,0.9,0.5,1,1,1,1,0,1,0,1,0,1,0,0,0,1,0,1,0
1,17.72,0.33,2.58,12.81,0,0,0,0,0,0,417.53,0.07526882,55,31,59,35,4,0,0,22,24,24,5,1,0,0,1,0,0,0,0,0,7,1,43.63636364,43.63636364,9.09090909,1.81818182,1.81818182,0,5,6,28,1,4,0,0,2,3,0,0,1,0,0,0,-0.76710136,116.6599,57.76,57.76,5.34961089,4.5106,506.6984168,76.19406769,0,513.7043189,213.9116061,361.82,-5.93716926,-6.40213034,-6.57961089,0,0.75,0.83333333,0.83333333,0.7,0.5,0.83333333,1,0.77857143,0.33333333,0.75,1,0,0,0,0,0,1,1,0,0,0,0,1,0,1,0
1,17.68,0.33,1.01,18.77,0,0,0,0,0,0,401.54,0.08128079,49,29,53,33,3,0,0,23,20,24,3,0,0,1,1,0,0,0,0,1,5,1,40.81632653,48.97959184,6.12244898,0,2.04081633,0,5,8,30,2,3,0,0,1,3,1,0,0,1,1,0,-0.4047197,117.0661,37.81,66.05,4.94057533,5.6613,464.2257038,66.54192305,18.01075068,490.8139535,204.5303088,346.9,-5.58948903,-6.01354657,-6.17057533,0,0.75,0.83333333,1,0.6,0.5,1,1,0.81190476,0.5,0.75,0,0,0,0,0,0,0,0,0,0,0,0,0,0,0,0
1,0,0,0,0,0,0,0,0,0,0,345.47,0.09782609,44,24,47,27,3,2,0,12,20,19,1,2,0,1,1,0,0,0,0,1,5,1,45.45454545,43.18181818,2.27272727,4.54545455,2.27272727,0,4,7,24,3,2,0,0,1,2,1,1,0,0,1,1,-0.34197771,92.019,46.17,54.55,3.80946413,4.3286,408.1274459,75.67806279,16.40499744,413.8870432,173.0028866,303.34,-4.62804451,-4.93899092,-5.03946413,0,1,1,1,0.8,0.5,1,1,0.9,0.66666667,1,1,0,1,0,1,0,1,0,1,0,0,0,1,0,1,0
1,14.59,0.28,2.05,8.86,0,0,0,0,0,0,377.65,0.07977208,66,27,67,28,11,1,0,5,39,21,5,1,0,0,0,0,0,0,0,0,6,0,59.09090909,31.81818182,7.57575758,1.51515152,0,0,2,2,10,0,2,0,0,2,0,0,0,0,0,0,0,0.23069234,112.17,62.19,62.19,3.1442967,3.3863,608.4262187,81.07627184,36.02150137,544.6843854,226.6083547,392.11,-4.0626522,-4.30708187,-4.3742967,0,1,0.83333333,0.83333333,1,1,0.83333333,0.5,0.85714286,0.16666667,0.875,1,0,0,0,0,0,0,0,1,0,0,0,0,0,0,0
0,10.47,0.19,1.32,5.54,0,0,0,0,0,0,449.53,0.07007576,57,33,61,37,5,2,0,17,24,24,5,3,0,0,1,0,0,0,0,0,9,1,42.10526316,42.10526316,8.77192982,5.26315789,1.75438596,0,5,6,28,1,4,0,0,2,3,0,0,1,0,0,0,-0.32203621,120.756,85,85,3.436146,3.4805,550.3794877,135.957343,42.68334316,533.2059801,221.9040902,390.3,-4.3107241,-4.5843387,-4.666146,0,1,1,1,0.8,0.5,1,1,0.9,0.16666667,0.875,1,0,0,0,0,0,1,0,1,0,0,0,1,0,1,0
0,0,0,0,0,0,0,0,0,0,0,334.5,0.09,51,25,53,27,9,0,1,15,26,22,2,1,0,0,0,0,0,0,0,0,3,0,50.98039216,43.1372549,3.92156863,1.96078431,0,0,3,6,17,2,1,0,0,1,2,0,0,2,0,0,0,-0.86940663,102.3234,37.95,37.95,4.66595087,6.6103,478.3505818,42.05924366,0,464.6013289,193.7874299,329.05,-5.35605824,-5.75265333,-5.89595087,0,0.75,0.83333333,0.83333333,0.8,0.5,1,1,0.81666667,0.5,0.875,0,0,0,0,0,0,0,0,0,0,0,0,0,0,0,0
0,0,0,0,0,0,0,0,0,0,0,352.52,0.08615385,54,26,56,28,10,1,0,15,28,22,2,2,0,0,0,0,0,0,0,0,4,0,51.85185185,40.74074074,3.7037037,3.7037037,0,0,3,6,17,2,1,0,0,1,2,0,0,2,0,0,0,0.17497474,105.1663,57.25,57.25,4.26412044,5.7336,493.4362441,69.04200239,32.89718747,481.4950166,200.7110724,340.48,-5.01450237,-5.37091442,-5.49412044,0,0.75,0.83333333,0.83333333,0.8,0.5,1,1,0.81666667,0.33333333,0.875,0,0,0,0,0,0,0,0,0,0,0,0,0,0,0,0
1,13.11,0.25,2.7,6.6,1,0,0,0,1,2,468.55,0.06417112,60,34,62,36,8,5,0,12,26,25,4,3,0,0,2,0,0,0,0,0,9,2,43.33333333,41.66666667,6.66666667,5,3.33333333,0,3,3,18,0,3,0,0,0,3,0,0,0,0,0,0,0.20581834,123.6882,93.09,93.09,3.60773564,2.9404,603.5778526,161.2863525,36.02150137,571.8936877,237.7597081,435.65,-4.45657529,-4.74734886,-4.83773564,0,1,0.83333333,1,0.8,0.5,1,1,0.87619048,0.16666667,0.875,1,0,0,0,0,0,0,0,1,0,0,0,1,0,0,0
1,20.74,0.44,4.27,12.82,0,0,0,0,0,0,408.33,0.08923077,41,26,44,29,3,2,0,17,15,18,3,2,0,1,0,2,0,0,0,3,8,2,36.58536585,43.90243902,7.31707317,4.87804878,4.87804878,0,4,5,23,1,3,0,0,1,3,0,0,1,0,0,0,-0.25567146,103.3315,66.06,74.44,3.25756371,4.6568,435.2351606,62.49452016,16.66300743,447.0930233,186.6118948,316.21,-4.15892915,-4.41468552,-4.48756371,0,1,1,1,0.6,0.5,1,1,0.87142857,0.33333333,1,1,0,0,0,0,0,1,0,0,0,0,0,1,0,1,0
1,17.21,0.36,4.63,6.89,0,0,0,0,0,0,369.86,0.0942029,40,24,42,26,5,3,0,11,16,15,3,4,0,1,0,1,0,0,0,2,9,1,40,37.5,7.5,10,2.5,0,3,4,17,1,2,0,0,1,2,0,0,1,0,0,0,-0.17742472,89.666,92.36,100.74,1.47940062,2.6782,420.0201817,98.63933508,16.66300743,408.372093,170.7426611,295.22,-2.64749053,-2.72543059,-2.70940062,0,1,1,1,0.8,0.5,1,1,0.9,0.33333333,1,1,1,1,1,1,0,1,0,1,1,0,0,1,1,1,1
1,16.32,0.35,2.29,10.78,0,0,0,0,0,0,436.39,0.08201058,47,28,50,31,4,2,0,17,19,20,3,2,0,1,0,2,0,0,0,3,8,2,40.42553191,42.55319149,6.38297872,4.25531915,4.25531915,0,4,5,23,1,3,0,0,1,3,0,0,1,0,0,0,-0.28779665,112.2739,66.06,74.44,3.69934355,5.558,491.5736002,62.49452016,16.66300743,493.9036545,205.7965797,350.81,-4.53444202,-4.83437637,-4.92934355,0,1,1,1,0.8,0.5,1,1,0.9,0.16666667,1,1,0,0,0,0,0,0,0,0,0,0,0,0,0,0,0
1,15.82,0.34,1.74,10.45,0,0,0,0,0,0,436.39,0.08201058,47,28,50,31,4,2,0,17,19,20,3,2,0,1,0,2,0,0,0,3,8,2,40.42553191,42.55319149,6.38297872,4.25531915,4.25531915,0,4,5,23,1,3,0,0,1,3,0,0,1,0,0,0,-0.28779665,112.2739,66.06,74.44,3.69934355,5.558,491.5736002,62.49452016,16.66300743,493.9036545,205.7965797,350.81,-4.53444202,-4.83437637,-4.92934355,0,1,1,1,0.8,0.5,1,1,0.9,0.16666667,1,1,0,0,0,0,0,0,0,0,0,0,0,0,0,0,0
1,13.29,0.27,2.76,6.64,0,0,0,0,0,0,464.03,0.07311828,57,31,60,34,5,3,0,12,26,22,3,4,0,1,0,1,0,0,0,2,9,1,45.61403509,38.59649123,5.26315789,7.01754386,1.75438596,0,4,5,24,1,3,0,0,0,4,0,0,0,1,0,0,0.25692521,120.5867,92.94,101.32,2.45704659,3.5522,557.9684238,117.997829,32.89718747,547.0265781,227.5682697,401.32,-3.4784896,-3.65419426,-3.68704659,0,1,0.83333333,1,1,0.5,1,1,0.9047619,0.33333333,0.875,1,0,0,0,0,0,0,0,1,0,0,0,1,0,0,0
1,16.71,0.31,3.33,9.78,0,0,0,0,0,0,459.64,0.06773619,67,34,71,38,6,3,0,12,33,28,3,3,0,0,0,0,0,0,0,0,6,0,49.25373134,41.79104478,4.47761194,4.47761194,0,0,5,8,28,2,3,0,1,1,2,1,0,0,0,2,0,0.11830245,131.1105,78.51,78.51,3.29680742,4.2042,612.5004954,114.5805964,36.02150137,597.8903655,248.4140842,444.97,-4.19228631,-4.45196705,-4.52680742,0,1,0.83333333,1,1,1,1,1,0.97619048,0.16666667,0.875,0,0,0,0,0,0,0,0,0,0,0,0,0,0,0,0
1,13.46,0.25,2.52,7.94,0,0,0,0,0,0,463.52,0.06595365,57,34,60,37,5,3,0,18,23,26,3,3,0,0,2,0,0,0,0,0,8,2,40.35087719,45.61403509,5.26315789,5.26315789,3.50877193,0,4,7,25,2,2,0,0,0,3,1,0,0,0,2,0,0.17664638,123.0345,78.51,78.51,3.41691996,3.5759,563.1150058,144.5008229,36.02150137,553.538206,230.2369697,416.05,-4.29438197,-4.56607396,-4.64691996,0,1,0.83333333,1,0.8,0.5,1,1,0.87619048,0.16666667,0.875,1,0,0,0,0,0,1,0,1,0,0,0,1,0,0,0
1,16.9,0.31,3.53,9.81,0,0,0,0,0,0,455.6,0.06595365,63,34,66,37,5,3,0,18,29,28,3,3,0,0,0,0,0,0,0,0,6,0,46.03174603,44.44444444,4.76190476,4.76190476,0,0,4,7,25,2,2,0,0,0,3,1,0,0,0,2,0,0.11830245,131.6575,78.51,78.51,3.07918765,3.7474,620.0765542,114.5805964,36.02150137,594.5016611,247.025271,438.51,-4.00730951,-4.24522827,-4.30918765,0,1,0.83333333,1,0.8,0.5,1,1,0.87619048,0.16666667,1,0,0,0,0,0,0,0,0,0,0,0,0,0,0,0,0
0,11.41,0.21,1.12,7.1,0,0,0,0,0,0,448.54,0.07007576,58,33,62,37,5,2,0,17,25,25,4,3,0,0,1,0,0,0,0,0,8,1,43.10344828,43.10344828,6.89655172,5.17241379,1.72413793,0,5,6,28,1,4,0,0,2,3,0,0,1,0,0,0,-0.3520827,123.2849,72.11,72.11,4.39044908,4.2026,555.6989624,119.1718134,42.68334316,540.0332226,224.7021404,396.6,-5.12188172,-5.49092662,-5.62044908,0,0.75,1,1,0.8,0.5,1,1,0.86428571,0.16666667,0.75,1,0,0,0,0,0,1,0,1,0,0,0,1,0,1,0
0,0,0,0,0,0,0,0,0,0,0,373.39,0.09,39,25,41,27,3,3,0,11,14,15,3,3,0,1,3,0,0,0,0,1,10,3,35.8974359,38.46153846,7.69230769,7.69230769,7.69230769,0,3,4,17,1,2,0,0,1,2,0,0,1,0,0,0,-0.1587753,85.4948,83.13,91.51,1.81688783,3.2732,392.004032,132.519787,16.66300743,387.0598007,162.008115,289.43,-2.93435466,-3.04604344,-3.04688783,0,1,1,1,0.8,0.5,1,1,0.9,0.5,1,1,1,1,1,1,0,0,0,1,1,0,0,1,1,1,1
1,23.15,0.44,5.42,12.38,0,0,0,0,0,0,406.53,0.07389163,57,29,58,30,10,2,0,11,28,21,4,2,0,0,2,0,0,0,0,0,8,2,49.12280702,36.84210526,7.01754386,3.50877193,3.50877193,0,2,2,11,0,2,0,0,1,1,0,0,0,0,0,0,0.26204073,107.1716,76.02,76.02,3.96649952,4.097,559.372714,133.0171115,36.02150137,515.1328904,214.4970862,380.58,-4.76152459,-5.08817454,-5.19649952,0,1,0.83333333,0.83333333,1,1,1,1,0.95238095,0.16666667,1,1,0,1,0,0,0,1,1,1,0,0,0,1,0,1,0
1,18.7,0.36,5.43,10.23,0,0,0,0,0,0,433.56,0.07096774,60,31,62,33,8,2,0,11,29,22,5,2,0,0,2,0,0,0,0,0,9,2,48.33333333,36.66666667,8.33333333,3.33333333,3.33333333,0,3,3,16,0,3,0,0,2,1,0,0,0,0,0,0,0.25692521,114.4469,79.26,79.26,3.4222057,2.5256,575.5161794,136.1414254,36.02150137,537.076412,223.4903328,396.52,-4.29887485,-4.57109542,-4.6522057,0,1,1,1,1,1,1,1,1,0.16666667,1,1,0,0,0,0,0,1,0,1,0,0,0,1,0,1,0
1,0,0,0,0,0,0,0,0,0,0,361.82,0.09486166,37,23,38,24,5,2,0,12,14,15,1,3,0,1,2,1,0,0,0,2,8,3,37.83783784,40.54054054,2.7027027,8.10810811,8.10810811,0,2,2,12,0,2,0,0,0,2,0,0,0,0,0,0,-0.1977488,84.8539,57.61,65.99,3.34538605,4.0571,417.6245497,118.4350824,42.68334316,389.3521595,162.9476063,288.93,-4.23357814,-4.49811674,-4.57538605,0,1,1,1,0.8,0.5,1,1,0.9,0.16666667,1,1,1,1,1,1,0,0,0,1,0,0,0,1,0,1,0
1,13.66,0.25,2.66,8.05,0,0,0,0,0,0,477.59,0.06386555,63,35,66,38,9,3,0,17,28,26,5,3,0,0,1,0,0,0,0,0,9,1,44.44444444,41.26984127,7.93650794,4.76190476,1.58730159,0,4,4,22,0,4,0,0,2,2,0,0,0,0,0,0,-0.34463809,132.5525,83.2,83.2,3.36639984,3.3692,611.7299729,116.8109398,18.01075068,590.9136213,245.5547628,434.62,-4.25143986,-4.51807985,-4.59639984,0,1,0.83333333,0.83333333,0.8,0.5,1,1,0.85238095,0.16666667,0.875,0,0,0,0,0,0,0,0,0,0,0,0,0,0,0,0
1,14.21,0.26,3.19,7.38,0,0,0,0,0,0,477.59,0.06386555,63,35,66,38,9,3,0,17,28,26,5,3,0,0,1,0,0,0,0,0,9,1,44.44444444,41.26984127,7.93650794,4.76190476,1.58730159,0,4,4,22,0,4,0,0,2,2,0,0,0,0,0,0,0.19051903,132.6667,94.2,94.2,3.36639984,3.0231,618.7014157,148.494395,60.69409384,590.9136213,245.5547628,434.62,-4.25143986,-4.51807985,-4.59639984,0,1,0.83333333,0.83333333,0.8,0.5,1,1,0.85238095,0.16666667,0.875,0,0,0,0,0,0,0,0,0,0,0,0,0,0,0,0
1,12.28,0.25,2.8,6.57,0,0,0,0,0,0,464.03,0.07096774,57,31,59,33,6,4,0,12,26,22,3,4,0,1,0,1,0,0,0,2,9,1,45.61403509,38.59649123,5.26315789,7.01754386,1.75438596,0,3,3,19,0,3,0,0,0,2,1,0,0,0,0,0,-0.29672464,120.9638,86.79,95.17,2.38309263,3.3525,581.7395895,117.2564314,18.01075068,557.923588,232.0342574,411.04,-3.41562874,-3.583938,-3.61309263,0,1,0.83333333,1,1,0.5,1,1,0.9047619,0.33333333,0.875,1,0,0,0,0,0,0,0,1,0,0,0,1,0,0,0
0,10.82,0.22,1.42,6.3,0,0,0,0,0,0,440.96,0.07635468,51,29,53,31,6,3,0,12,22,20,2,4,0,1,1,1,0,0,0,2,9,2,43.1372549,39.21568627,3.92156863,7.84313725,3.92156863,0,3,3,19,0,3,0,0,0,2,1,0,0,0,0,0,-0.2681635,109.2694,75.71,84.09,2.7544566,4.1276,523.4342192,114.9471916,18.01075068,504.6013289,210.1808725,374.15,-3.73128811,-3.93673377,-3.9844566,0,1,1,1,0.8,0.5,1,1,0.9,0.33333333,1,1,0,1,0,0,0,1,0,1,0,0,0,1,0,1,0
0,0,0,0,0,0,0,0,0,0,0,363.43,0.08547009,45,27,48,30,5,0,0,22,18,20,5,1,0,0,1,0,0,0,0,0,7,1,40,44.44444444,11.11111111,2.22222222,2.22222222,0,4,4,22,0,4,0,0,2,2,0,0,0,0,0,0,-0.7326563,102.7824,57.76,57.76,3.67764782,3.6843,435.3714927,75.94902346,0,438.1229236,182.9356244,304.98,-4.51600064,-4.81376543,-4.90764782,0,1,1,1,0.6,0,1,1,0.8,0.33333333,1,1,1,1,0,1,0,1,0,1,0,0,0,1,1,1,0
1,13.23,0.25,2.92,7.72,0,0,0,0,0,0,530.62,0.05802969,67,39,71,43,6,4,0,18,28,30,4,3,0,0,2,0,0,0,0,0,9,2,41.79104478,44.7761194,5.97014925,4.47761194,2.98507463,0,5,6,30,1,4,0,0,1,3,1,0,0,0,1,0,0.13631439,141.8722,90.87,90.87,4.44450538,4.916,649.1163881,161.2863525,36.02150137,638.5548173,265.0798432,481.25,-5.16782957,-5.54228011,-5.67450538,1,0.5,0.83333333,0.83333333,0.7,0.5,0.83333333,1,0.74285714,0.16666667,0.625,0,0,0,0,0,0,0,0,0,0,0,0,0,0,0,0
1,19.67,0.42,5.15,9.04,0,0,0,0,0,0,421.97,0.08831909,43,27,47,31,3,2,0,16,16,17,5,2,0,2,0,1,0,0,0,3,10,1,37.20930233,39.53488372,11.62790698,4.65116279,2.3255814,0,5,8,28,3,3,0,0,2,3,0,1,1,0,1,0,-0.19902442,107.9693,91.84,128.46,1.88457884,3.2644,439.2040961,94.01102734,16.66300743,452.7740864,188.9401993,314.49,-2.99189201,-3.1103499,-3.11457884,0,1,1,1,0.8,0.5,1,1,0.9,0.5,0.875,1,0,1,0,0,0,1,0,1,1,0,0,1,0,1,0
0,0,0,0,0,0,0,0,0,0,0,323.42,0.0942029,45,24,47,26,5,2,0,12,21,20,1,3,0,0,0,0,0,0,0,0,4,0,46.66666667,44.44444444,2.22222222,6.66666667,0,0,3,3,18,0,3,0,0,0,3,0,0,0,0,0,0,-0.82276495,92.2137,46.61,46.61,2.57880108,3.6506,438.9384873,64.41405585,0,420.7142857,175.8009368,311.93,-3.58198092,-3.76986103,-3.80880108,0,1,1,1,0.8,0.5,1,1,0.9,0.5,1,1,1,1,0,1,1,1,0,1,0,1,0,1,1,1,0
1,14.74,0.3,3.63,6.6,0,0,0,0,0,0,465.01,0.07096774,56,31,58,33,8,4,0,12,25,22,2,5,0,1,0,1,0,0,0,2,9,1,44.64285714,39.28571429,3.57142857,8.92857143,1.78571429,0,3,3,19,0,3,0,0,0,2,1,0,0,0,0,0,0.25692521,118.4984,103.78,112.16,2.52109263,4.0339,582.237949,156.8154606,60.69409384,551.0963455,229.2362072,408.83,-3.53292874,-3.715038,-3.75109263,0,1,0.83333333,1,1,0.5,1,1,0.9047619,0.33333333,0.875,1,0,0,0,0,0,0,0,1,0,0,0,1,0,0,0
1,0,0,0,0,0,0,0,0,0,0,712,0.04078431,108,51,109,52,20,5,0,12,57,38,5,8,0,0,0,0,0,0,0,0,13,0,52.77777778,35.18518519,4.62962963,7.40740741,0,0,2,2,12,0,2,0,0,0,2,0,0,0,0,0,0,1.98705837,193.1019,175.4,175.4,2.02268012,5.0228,1097.210119,265.5750707,114.7263459,953.6877076,394.2326671,715.72,-3.1092781,-3.24154611,-3.25268012,1,0.5,0.5,0.5,0.8,1,0.33333333,0,0.51904762,0.16666667,0.625,0,0,0,0,0,0,0,0,0,0,0,0,0,0,0,0
1,0,0,0,0,0,0,0,0,0,0,355.54,0.09333333,50,25,53,28,4,2,0,12,25,21,1,2,0,1,0,0,0,0,0,1,4,0,50,42,2,4,0,0,4,7,24,3,2,0,0,1,2,1,1,0,0,1,1,-0.3958862,101.4448,46.17,54.55,3.87762604,5.0655,457.4471354,60.71794951,16.40499744,457.7740864,190.9893797,331.87,-4.68598213,-5.00374474,-5.10762604,0,1,1,1,0.8,0.5,1,1,0.9,0.5,1,1,0,0,0,0,0,1,0,0,0,0,0,0,0,1,0
1,9.96,0.19,3.53,3.84,0,0,0,0,0,0,809.13,0.03569268,122,58,123,59,26,7,0,12,64,43,6,9,0,0,0,0,0,0,0,0,15,0,52.45901639,35.24590164,4.91803279,7.37704918,0,0,2,2,12,0,2,0,0,0,2,0,0,0,0,0,0,2.6094956,218.7574,210.13,210.13,1.32478764,6.2854,1221.549332,306.0787691,108.0645041,1082.757475,447.1301127,816.73,-2.51606949,-2.57854826,-2.55478764,1,0.25,0.33333333,0.33333333,0.7,1,0.16666667,0,0.39761905,0.16666667,0.5,0,0,0,0,0,0,0,0,0,0,0,0,0,0,0,0
1,17.96,0.33,5.07,7.92,0,0,0,0,0,0,435.57,0.07056452,61,32,64,35,5,3,0,12,29,25,3,4,0,0,0,0,0,0,0,0,7,0,47.54098361,40.98360656,4.91803279,6.55737705,0,0,4,7,23,2,2,0,1,0,2,1,0,0,0,2,0,0.82227449,120.1182,98.74,98.74,2.33982815,2.8056,599.200374,157.2639395,78.70484453,555.4651163,231.026687,414.22,-3.37885393,-3.54283674,-3.56982815,0,1,1,1,1,1,1,1,1,0.33333333,1,1,0,0,0,0,0,1,0,1,0,0,0,1,0,1,0
1,15.42,0.29,3.84,8.5,0,0,0,0,0,0,500.67,0.06349206,64,36,68,40,6,4,0,17,28,28,4,3,0,1,0,0,0,0,0,1,8,0,43.75,43.75,6.25,4.6875,0,0,5,6,29,1,4,0,0,2,2,1,0,0,0,1,0,0.14840682,140.2736,90.87,119.11,3.66805211,4.4584,628.5774657,131.3661259,36.02150137,620.1993356,257.5571047,455.66,-4.50784429,-4.8046495,-4.89805211,0,0.75,0.83333333,0.83333333,0.7,0.5,0.83333333,1,0.77857143,0.16666667,0.75,0,0,0,0,0,0,0,0,0,0,0,0,0,0,0,0
1,18.71,0.42,3.17,13.2,0,0,0,0,0,0,406.33,0.08666667,43,25,44,26,6,2,0,12,18,17,1,3,0,1,1,2,0,0,0,3,8,3,41.86046512,39.53488372,2.3255814,6.97674419,6.97674419,0,2,2,12,0,2,0,0,0,2,0,0,0,0,0,0,-0.23781226,99.2151,57.61,65.99,3.9296337,4.7084,488.3461404,103.4749692,42.68334316,453.5714286,189.2669789,332.67,-4.73018864,-5.05315201,-5.1596337,0,1,1,1,0.8,0.5,1,1,0.9,0.16666667,1,1,0,0,0,0,0,1,0,0,0,0,0,0,0,1,0
1,9.39,0.18,1.82,3.9,0,0,0,0,0,0,606.9,0.04761905,97,43,97,43,18,4,0,6,54,32,4,7,0,0,0,0,0,0,0,0,11,0,55.67010309,32.98969072,4.12371134,7.21649485,0,0,1,1,6,0,1,0,0,0,1,0,0,0,0,0,0,1.39538364,164.8614,146.3,146.3,2.26336669,4.9804,984.0659791,222.419393,96.71559521,833.538206,344.991068,625.95,-3.31386168,-3.47019835,-3.49336669,1,0.5,0.5,0.5,0.8,1,0.33333333,0,0.51904762,0.16666667,0.625,0,0,0,0,0,0,0,0,0,0,0,0,0,0,0,0
0,0,0,0,0,0,0,0,0,0,0,439.42,0.07258065,48,32,52,36,6,2,0,21,16,23,3,3,0,0,3,0,0,0,0,0,9,3,33.33333333,47.91666667,6.25,6.25,6.25,0,5,8,26,2,3,1,0,1,3,0,0,2,0,0,0,-0.30974979,113.3822,76.18,76.18,3.92912399,6.5697,476.1551182,157.0345128,42.68334316,475.3488372,198.1921464,349.6,-4.72975539,-5.05266779,-5.15912399,0,1,1,1,0.4,0.5,1,1,0.84285714,0.16666667,0.875,0,0,0,0,0,0,0,0,0,0,0,0,0,0,0,0
1,16.33,0.32,3.74,6.14,0,0,0,0,0,0,419.6,0.07389163,58,29,59,30,10,2,0,11,29,21,3,4,0,1,0,0,0,0,0,1,8,0,50,36.20689655,5.17241379,6.89655172,0,0,2,2,11,0,2,0,0,1,1,0,0,0,0,0,0,1.663122,113.1961,111.55,139.79,1.64057866,3.0486,621.5152286,188.4635713,121.3881877,539.3687708,224.4298241,393.53,-2.78449186,-2.87854972,-2.87057866,0,1,0.83333333,0.83333333,1,1,1,1,0.95238095,0.16666667,1,1,0,1,0,0,0,1,0,1,1,0,0,1,0,1,0
1,19.76,0.42,5.75,9.18,0,0,0,0,0,0,470.42,0.07356322,51,30,53,32,9,2,0,17,21,19,5,3,0,1,0,2,0,0,0,3,11,2,41.17647059,37.25490196,9.80392157,5.88235294,3.92156863,0,3,3,17,0,3,0,0,1,2,0,0,0,0,0,0,-0.2168594,122.0113,101.21,109.59,3.90513624,4.1956,565.0087357,138.258834,42.68334316,531.4451827,221.1824519,376.66,-4.70936581,-5.02987943,-5.13513624,0,1,0.83333333,0.83333333,0.8,0.5,1,1,0.85238095,0.16666667,0.875,1,0,0,0,0,0,0,0,1,0,0,0,1,0,0,0
1,16.43,0.3,2.85,8.41,0,0,0,0,0,0,373.51,0.08465608,51,28,55,32,4,0,0,21,23,21,7,0,0,0,0,0,0,0,0,0,7,0,45.09803922,41.17647059,13.7254902,0,0,0,5,7,28,2,3,0,0,2,3,0,0,2,0,0,0,-0.32313875,112.6981,72.93,72.93,3.51741954,3.5219,457.9041798,84.90782465,18.01075068,471.1129568,196.4561298,319.7,-4.37980661,-4.66154857,-4.74741954,0,1,1,1,0.8,0.5,1,1,0.9,0.16666667,0.875,1,0,1,0,1,0,1,1,1,0,0,0,1,0,1,0
1,19.58,0.38,3.68,13.4,0,0,0,0,0,0,410.92,0.08128079,49,29,53,33,4,0,0,21,20,21,6,0,0,0,1,1,0,0,0,1,8,2,40.81632653,42.85714286,12.24489796,0,4.08163265,0,5,7,28,2,3,0,0,2,3,0,0,2,0,0,0,-0.30230255,114.835,60.04,60.04,5.13923874,5.0562,461.3826018,83.08240837,18.01075068,477.7906977,199.1929089,329.98,-5.75835293,-6.20227681,-6.36923874,0,0.75,0.83333333,0.83333333,0.7,0.5,0.83333333,1,0.77857143,0.16666667,0.75,1,0,0,0,0,0,1,0,0,0,0,0,0,0,1,0
1,12.37,0.24,-0.52,9.65,0,1,1,0,0,2,516.56,0.06031746,64,36,66,38,8,1,0,12,28,25,3,2,0,0,6,0,0,0,0,0,11,6,43.75,39.0625,4.6875,3.125,9.375,-1,3,3,18,0,3,0,0,0,3,0,0,0,0,0,0,-0.68917513,119.1445,69.15,69.15,4.08392364,5.6658,630.3613517,178.223519,0,582.2591362,242.0078427,449.38,-4.86133509,-5.19972745,-5.31392364,0,0.75,0.83333333,0.83333333,0.9,1,0.83333333,1,0.87857143,0.16666667,0.875,0,0,0,0,0,0,0,0,0,0,0,0,0,0,0,0
1,14.75,0.27,0.88,10.11,0,0,0,0,0,0,446.57,0.07007576,60,33,64,37,6,0,0,22,27,26,4,2,0,0,1,0,0,0,0,0,7,1,45,43.33333333,6.66666667,3.33333333,1.66666667,0,5,6,28,1,4,0,0,2,3,0,0,1,0,0,0,-0.3821292,125.5021,65.11,65.11,4.13435163,5.1783,555.8117845,90.08699905,18.01075068,553.6877076,230.2982408,394.21,-4.90419888,-5.24763405,-5.36435163,0,1,1,1,0.8,0.5,1,1,0.9,0.16666667,0.875,1,0,0,0,0,0,1,0,0,0,0,0,0,0,0,0
0,9.4,0.17,-1.06,5.61,0,0,0,0,0,0,474.72,0.06386555,73,35,76,38,6,0,0,18,38,28,6,1,0,0,0,0,0,0,0,0,7,0,52.05479452,38.35616438,8.21917808,1.36986301,0,0,4,4,24,0,4,0,0,0,4,0,0,0,0,0,0,0.76327234,146.6852,79.54,79.54,4.96567187,6.6983,683.3604648,101.7275129,50.90793816,646.1627907,268.197865,461.85,-5.61082109,-6.03738828,-6.19567187,0,0.75,0.66666667,1,1,1,1,1,0.91666667,0.16666667,0.75,0,0,0,0,0,0,0,0,0,0,0,0,0,0,0,0
0,0,0,0,0,0,0,0,0,0,0,555.59,0.05705706,64,37,65,38,13,3,0,12,27,24,1,5,0,1,6,0,0,0,0,1,13,6,42.1875,37.5,1.5625,7.8125,9.375,0,2,2,12,0,2,0,0,0,2,0,0,0,0,0,0,-0.25764035,125.8284,83.91,92.29,5.61253973,7.8348,655.6916211,214.4203504,42.68334316,603.7209302,250.8036599,468.64,-6.16065877,-6.65191274,-6.84253973,1,0.5,0.5,0.5,0.8,1,0.5,0.5,0.61428571,0.16666667,0.625,0,0,0,0,0,0,0,0,0,0,0,0,0,0,0,0
0,0,0,0,0,0,0,0,0,0,0,381.56,0.07936508,59,28,61,30,12,1,0,15,31,24,1,3,0,0,0,0,0,0,0,0,4,0,52.54237288,40.6779661,1.69491525,5.08474576,0,0,3,6,17,2,1,0,0,1,2,0,0,2,0,0,0,-0.42916505,112.5461,51.46,51.46,5.09609844,7.2482,551.5810958,78.82815808,42.68334316,521.4784053,217.0977071,372.87,-5.72168367,-6.16129352,-6.32609844,0,0.75,0.66666667,0.66666667,0.9,1,0.66666667,0.5,0.73571429,0.33333333,0.75,0,0,0,0,0,0,0,0,0,0,0,0,0,0,0,0
1,18.97,0.41,5.38,8.81,0,0,0,0,0,0,470.42,0.07356322,51,30,53,32,9,2,0,17,21,19,5,3,0,1,0,2,0,0,0,3,11,2,41.17647059,37.25490196,9.80392157,5.88235294,3.92156863,0,3,3,17,0,3,0,0,1,2,0,0,0,0,0,0,-0.2168594,121.7338,101.21,109.59,3.90513624,4.5917,565.0087357,138.3813561,42.68334316,531.4451827,221.1824519,376.66,-4.70936581,-5.02987943,-5.13513624,0,1,0.83333333,0.83333333,0.8,0.5,1,1,0.85238095,0.16666667,0.875,1,0,0,0,0,0,0,0,0,0,0,0,1,0,0,0
1,13.6,0.29,4.45,7.29,0,0,0,0,0,0,556.57,0.06190476,57,36,60,39,5,7,0,6,21,22,0,7,0,2,5,0,0,0,0,2,14,5,36.84210526,38.59649123,0,12.28070175,8.77192982,0,4,7,24,2,2,0,0,0,4,0,0,0,2,0,0,-0.60647411,119.5661,103.81,120.57,2.43047534,1.8759,576.9399877,210.5711733,0,555.1328904,230.8905288,441.88,-3.45590404,-3.62895158,-3.66047534,0,0.75,0.83333333,0.83333333,0.7,0.5,0.83333333,1,0.77857143,0.33333333,0.875,0,0,0,0,0,0,0,0,0,0,0,0,0,0,0,0
1,16.06,0.31,1.51,11.21,0,0,0,0,0,0,422.58,0.07816092,53,30,57,34,5,0,0,21,23,22,6,0,0,1,1,0,0,0,0,1,8,1,43.39622642,41.50943396,11.32075472,0,1.88679245,0,5,6,27,1,4,0,0,3,2,0,0,1,0,0,0,-0.31590454,118.0152,60.56,88.8,4.59523874,5.1255,490.1084191,83.20493048,18.01075068,508.0232558,211.5833016,350.58,-5.29595293,-5.68547681,-5.82523874,0,0.75,0.83333333,1,0.8,0.5,1,1,0.84047619,0.16666667,0.75,1,0,0,0,0,0,1,0,0,0,0,0,0,0,0,0
1,20.21,0.41,4.04,13.14,0,0,0,0,0,0,429.4,0.07881773,41,29,44,32,2,2,0,17,12,18,3,2,0,1,5,0,0,0,0,1,11,5,29.26829268,43.90243902,7.31707317,4.87804878,12.19512195,0,4,7,23,2,2,0,0,1,3,0,0,1,1,0,0,-0.1998854,96.7367,66.06,74.44,3.63760492,5.0188,406.6002676,137.2950865,16.66300743,421.0465116,175.9370949,316.14,-4.48196418,-4.77572467,-4.86760492,0,1,1,1,0.4,0.5,1,1,0.84285714,0.33333333,1,1,0,0,0,0,0,1,0,0,0,0,0,0,0,1,0
1,17.85,0.33,2.24,11.1,0,0,0,0,0,0,403.5,0.07586207,52,30,55,33,6,0,0,23,22,23,5,1,0,0,1,0,0,0,0,0,7,1,42.30769231,44.23076923,9.61538462,1.92307692,1.92307692,0,4,4,23,0,4,0,0,1,3,0,0,0,0,0,0,-0.34891959,116.9669,64.86,64.86,4.25575867,4.6091,505.9939958,94.08229626,18.01075068,501.1960133,208.7852514,354.24,-5.00739487,-5.36297074,-5.48575867,0,0.75,1,1,0.6,0.5,1,1,0.83571429,0.16666667,0.875,1,0,0,0,0,0,1,1,0,0,0,0,1,0,1,0
0,20.05,0.41,2.48,6.91,1,0,0,0,1,2,225.64,0.15238095,23,15,24,16,1,2,0,6,8,10,1,3,0,0,0,1,0,0,0,1,5,1,34.7826087,43.47826087,4.34782609,13.04347826,4.34782609,0,2,3,12,1,1,0,0,0,2,0,0,0,1,0,0,0.56114367,56.5197,65.46,65.46,2.42605425,1.4747,256.2500619,80.04189028,32.89718747,246.461794,104.3859812,185.32,-3.45214612,-3.62475154,-3.65605425,0,1,1,1,0.4,0,1,1,0.77142857,0.66666667,1,1,0,0,0,0,0,0,0,0,0,1,0,1,0,1,0
1,15.42,0.28,1.95,13.27,0,0,0,0,0,0,446.57,0.07007576,60,33,64,37,4,2,0,17,27,26,4,2,0,0,1,0,0,0,0,0,7,1,45,43.33333333,6.66666667,3.33333333,1.66666667,0,5,6,30,1,4,0,0,1,3,1,0,0,0,1,0,-0.78120888,126.9116,51.88,51.88,4.67835163,4.5236,555.0270145,76.48847026,0,553.6877076,230.2982408,405.11,-5.36659888,-5.76443405,-5.90835163,0,0.75,0.83333333,1,0.8,0.5,1,1,0.84047619,0.33333333,0.75,1,0,0,0,0,0,1,0,0,0,0,0,1,0,1,0
1,0,0,0,0,0,0,0,0,0,0,361.92,0.09782609,44,24,47,27,3,2,0,12,20,19,1,2,0,1,0,1,0,0,0,2,5,1,45.45454545,43.18181818,2.27272727,4.54545455,2.27272727,0,4,7,24,3,2,0,0,1,2,1,1,0,0,1,1,-0.34197771,96.6074,46.17,54.55,3.92263151,4.7875,426.6955651,60.71794951,16.40499744,431.2956811,180.1375742,312.48,-4.72423679,-5.04649994,-5.15263151,0,1,1,1,0.8,0.5,1,1,0.9,0.66666667,1,1,0,0,0,1,0,1,0,0,0,0,0,0,0,1,0
1,5.52,0,0,0,0,0,0,0,0,0,1354.8,0.02143888,194,99,199,104,44,9,1,36,95,78,7,14,0,0,0,0,0,0,0,0,21,0,48.96907216,40.20618557,3.60824742,7.21649485,0,0,6,6,36,0,6,0,0,0,6,0,0,0,0,0,0,3.51223218,378.4051,294.99,294.99,2.4281397,11.018,1936.200334,439.0624928,168.7585979,1780.830565,733.2256413,1341.9,-3.45391875,-3.62673272,-3.6581397,1,0.25,0.16666667,0.33333333,0.7,1,0.16666667,0,0.37380952,0.16666667,0.375,0,0,0,0,0,0,0,0,0,0,0,0,0,0,0,0
1,16.94,0.32,0.08,17.18,0,0,0,0,0,0,383.55,0.08465608,49,28,53,32,4,0,0,23,21,24,3,0,0,1,0,0,0,0,0,1,4,0,42.85714286,48.97959184,6.12244898,0,0,0,5,6,29,1,4,0,0,1,4,0,0,1,0,0,0,-0.42916505,115.7031,37.81,66.05,4.56832889,5.6301,465.1480627,51.58180978,18.01075068,487.8903655,203.332117,340.83,-5.27307956,-5.65991245,-5.79832889,0,0.75,0.83333333,1,0.6,0.5,1,1,0.81190476,0.33333333,0.75,0,0,0,0,0,0,0,0,0,0,0,0,0,0,0,0
1,0,0,0,0,0,0,0,0,0,0,454.56,0.07258065,53,32,57,36,4,0,0,22,21,24,4,0,0,1,3,0,0,0,0,1,8,3,39.62264151,45.28301887,7.54716981,0,5.66037736,0,5,6,28,1,4,0,0,2,3,0,0,1,0,0,0,-0.34072476,120.9181,42.74,70.98,5.49120554,6.1569,501.9825659,96.46214959,18.01075068,520.3820598,216.6483852,372.68,-6.05752471,-6.53664527,-6.72120554,0,0.75,0.66666667,0.83333333,0.7,0.5,0.83333333,1,0.7547619,0.16666667,0.75,0,0,0,0,0,0,0,0,0,0,0,0,0,0,0,0
1,17.66,0.33,1.5,14.16,0,0,0,0,0,0,416.59,0.07816092,54,30,58,34,5,0,0,22,24,24,4,1,0,1,0,0,0,0,0,1,6,0,44.44444444,44.44444444,7.40740741,1.85185185,0,0,5,6,28,1,4,0,0,2,3,0,0,1,0,0,0,-0.38193463,121.4076,51.97,80.21,4.39332155,5.1982,508.5968145,62.58169767,18.01075068,521.3621263,217.0500517,363.26,-5.12432332,-5.49365547,-5.62332155,0,0.75,1,1,0.8,0.5,1,1,0.86428571,0.16666667,0.75,1,0,0,0,0,0,1,0,0,0,0,0,0,0,0,0
1,14.08,0.26,2.33,10.47,0,0,0,0,0,0,454.52,0.07007576,57,33,61,37,5,1,0,17,24,24,4,3,0,0,2,0,0,0,0,0,9,2,42.10526316,42.10526316,7.01754386,5.26315789,3.50877193,0,5,6,29,1,4,0,0,1,4,0,0,0,1,0,0,-0.72111588,117.7144,61.11,61.11,3.95582815,4.3775,532.6088066,102.4484714,0,526.6943522,219.2353902,388.01,-4.75245393,-5.07803674,-5.18582815,0,1,0.83333333,1,0.8,0.5,1,1,0.87619048,0.16666667,0.875,1,0,0,0,0,0,1,0,1,0,0,0,1,0,1,0
1,12.48,0.23,2.97,7.18,1,0,0,0,1,2,550.66,0.05487805,71,41,75,45,11,5,1,17,30,32,4,5,0,0,0,0,0,0,0,0,9,0,42.25352113,45.07042254,5.63380282,7.04225352,0,0,5,6,29,1,4,0,0,1,4,0,0,0,1,0,0,-0.77545583,156.6277,95.66,95.66,2.67002052,3.9909,697.3483509,120.4687142,0,684.7342193,284.0058276,516.01,-3.65951745,-3.8565195,-3.90002052,0,0.75,0.5,0.66666667,0.7,0.5,0.66666667,0.5,0.61190476,0.33333333,0.625,0,0,0,0,0,0,0,0,0,0,0,0,0,0,0,0
1,13.59,0.25,1.98,8.33,0,0,0,0,0,0,430.56,0.07258065,58,32,62,36,6,0,0,22,26,24,6,2,0,0,0,0,0,0,0,0,8,0,44.82758621,41.37931034,10.34482759,3.44827586,0,0,5,6,28,1,4,0,0,2,3,0,0,1,0,0,0,-0.74339949,125.297,70.23,70.23,4.14389956,3.4128,535.1236945,75.23563409,0,537.1096346,223.5039486,375.54,-4.91231463,-5.25670458,-5.37389956,0,1,1,1,0.8,0.5,1,1,0.9,0.16666667,0.875,1,0,0,0,0,0,1,0,1,0,0,0,1,0,1,0
1,14.64,0.27,0.83,11.24,0,0,0,0,0,0,432.54,0.07258065,57,32,61,36,5,0,0,22,25,25,4,2,0,0,1,0,0,0,0,0,7,1,43.85964912,43.85964912,7.01754386,3.50877193,1.75438596,0,5,6,28,1,4,0,0,2,3,0,0,1,0,0,0,-0.77437447,123.097,56.32,56.32,4.74358462,5.4285,528.296591,75.20056226,0,530.282392,220.7058984,376.91,-5.42204693,-5.82640539,-5.97358462,0,0.75,0.83333333,1,0.8,0.5,1,1,0.84047619,0.33333333,0.75,1,0,0,0,0,0,0,0,0,0,0,0,0,0,0,0
1,15.72,0.29,1.56,11.51,0,0,0,0,0,0,431.56,0.07258065,58,32,62,36,5,0,0,22,26,25,5,1,0,0,1,0,0,0,0,0,7,1,44.82758621,43.10344828,8.62068966,1.72413793,1.72413793,0,5,6,28,1,4,0,0,2,3,0,0,1,0,0,0,-0.37169974,124.0327,58.97,58.97,4.33758462,5.1409,529.5998148,62.53285204,16.66300743,537.1096346,223.5039486,379.12,-5.07694693,-5.44070539,-5.56758462,0,0.75,1,1,0.8,0.5,1,1,0.86428571,0.33333333,0.75,1,0,0,0,0,0,1,0,0,0,0,0,0,0,0,0
0,0,0,0,0,0,0,0,0,0,0,303.73,0.11695906,27,19,28,20,3,2,0,12,8,12,1,2,0,1,2,1,0,0,0,2,7,3,29.62962963,44.44444444,3.7037037,7.40740741,11.11111111,0,2,2,12,0,2,0,0,0,2,0,0,0,0,0,0,-0.14583075,69.9086,46.17,54.55,3.40445911,3.8655,310.375827,90.63817606,16.40499744,309.3853821,130.1743369,228.24,-4.28379024,-4.55423615,-4.63445911,0,1,1,1,0.4,0,1,1,0.77142857,0.66666667,1,1,0,1,0,0,0,0,0,0,0,1,0,1,0,1,0
1,15.99,0.29,1.73,8.78,0,0,0,0,0,0,416.49,0.07526882,52,31,56,35,4,0,1,21,21,24,4,2,0,0,1,0,0,0,0,0,7,1,40.38461538,46.15384615,7.69230769,3.84615385,1.92307692,0,5,7,28,2,3,0,0,2,3,0,0,2,0,0,0,-0.36064975,114.6395,75.86,75.86,2.91361089,4.8049,490.594799,84.80477436,16.78552955,499.7342193,208.1861554,356.97,-3.86656926,-4.08793034,-4.14361089,0,1,1,1,0.8,0.5,1,1,0.9,0.33333333,0.875,1,0,0,0,0,0,1,1,0,0,0,0,0,0,1,0
1,11.36,0.22,1.08,6.5,0,0,0,0,0,0,501.79,0.05873016,83,36,84,37,14,3,0,6,47,29,3,4,0,0,0,0,0,0,0,0,7,0,56.62650602,34.93975904,3.61445783,4.81927711,0,0,2,2,12,0,2,0,0,0,2,0,0,0,0,0,0,0.12083982,143.1111,87.74,87.74,2.69808119,5.2323,790.6323733,125.5804842,36.02150137,706.5946844,292.9650346,526.96,-3.68336901,-3.88317713,-3.92808119,0,0.75,0.66666667,0.66666667,0.9,1,0.66666667,0.5,0.73571429,0.33333333,0.75,0,0,0,0,0,0,0,0,0,0,0,0,0,0,0,0
1,15.92,0.29,1.8,9.56,0,0,0,0,0,0,389.47,0.07881773,49,29,52,32,6,0,0,23,20,22,5,1,0,0,1,0,0,0,0,0,7,1,40.81632653,44.89795918,10.20408163,2.04081633,2.04081633,0,4,4,23,0,4,0,0,1,3,0,0,0,0,0,0,-0.3364416,112.5487,64.86,64.86,4.04279788,4.2316,475.7322919,94.08229626,18.01075068,477.7906977,199.1929089,336.94,-4.8263782,-5.16065799,-5.27279788,0,1,1,1,0.6,0,1,1,0.8,0.16666667,1,1,0,1,0,0,0,1,1,1,0,0,0,1,0,1,0
1,15.32,0.32,4.73,7.7,0,0,0,0,0,0,445.46,0.07389163,49,29,50,30,7,3,0,6,20,16,3,4,0,1,5,0,0,0,0,1,13,5,40.81632653,32.65306122,6.12244898,8.16326531,10.20408163,0,2,2,13,0,2,0,0,0,1,1,0,0,0,0,0,-0.1316073,90.4503,88.6,96.98,1.56033377,1.6932,494.9176302,191.5731742,18.01075068,458.3887043,191.2412723,356.2,-2.7162837,-2.80231708,-2.79033377,0,1,1,1,1,1,1,1,1,0.33333333,1,1,0,1,0,0,0,0,0,1,0,0,0,1,0,1,0
1,17.58,0.37,4.97,11.49,0,0,0,0,0,0,494.93,0.06854839,51,32,53,34,6,3,0,12,19,20,2,4,0,1,4,1,0,0,0,2,12,5,37.25490196,39.21568627,3.92156863,7.84313725,9.80392157,0,3,3,19,0,3,0,0,0,2,1,0,0,0,0,0,-0.21682485,108.9472,75.71,84.09,3.07818214,4.2373,531.9355648,159.8275314,18.01075068,513.372093,213.775448,392.36,-4.00645482,-4.24427303,-4.30818214,0,1,0.83333333,1,0.8,0.5,1,1,0.87619048,0.16666667,0.875,0,0,0,0,0,0,0,0,1,0,0,0,0,0,0,0
1,0,0,0,0,0,0,0,0,0,0,508.16,0.07007576,63,33,67,37,6,3,0,11,30,24,3,3,0,2,0,1,0,0,0,3,9,1,47.61904762,38.0952381,4.76190476,4.76190476,1.58730159,0,5,8,29,3,3,0,0,2,2,1,1,0,0,1,1,0.2219362,133.6211,78.51,115.13,3.3045833,4.6257,599.7686181,106.9979411,34.41574813,600.3488372,249.4216546,435.92,-4.1988958,-4.45935413,-4.5345833,0,0.75,0.83333333,0.83333333,0.9,0.5,0.83333333,1,0.80714286,0.16666667,0.75,0,0,0,0,0,0,0,0,0,0,0,0,0,0,0,0
1,16.31,0.34,2.1,10.46,0,0,0,0,0,0,385.89,0.09,43,25,45,27,3,2,0,12,18,18,1,2,0,1,2,1,0,0,0,2,7,3,41.86046512,41.86046512,2.3255814,4.65116279,6.97674419,0,3,3,18,0,3,0,0,0,3,0,0,0,0,0,0,0.31228559,93.892,60.16,68.54,4.45863151,4.2029,443.613414,107.1303661,32.89718747,431.7774086,180.3350035,319.68,-5.17983679,-5.55569994,-5.68863151,0,0.75,1,1,0.8,0.5,1,1,0.86428571,0.5,0.875,1,0,1,0,0,0,1,0,1,0,0,0,1,0,1,0
1,13.9,0.29,5.43,6.16,0,0,0,0,0,0,490.08,0.06854839,64,32,66,34,8,3,0,6,32,21,3,6,0,1,0,1,0,0,0,2,11,1,50,32.8125,4.6875,9.375,1.5625,0,3,3,18,0,3,0,0,0,3,0,0,0,0,0,0,0.30089474,121.8053,110.62,119,0.7198221,1.9579,652.9493217,173.5916418,85.36668632,582.5913621,242.1440009,432.78,-2.00184878,-2.00383099,-1.9498221,0,1,0.66666667,1,1,1,1,1,0.95238095,0.33333333,0.75,0,0,0,0,0,0,0,0,1,0,0,0,0,0,0,0
1,16.65,0.35,3.16,9.34,0,0,0,0,0,0,372.96,0.09057971,49,24,50,25,6,3,0,6,25,17,2,3,0,1,0,1,0,0,0,2,7,1,51.02040816,34.69387755,4.08163265,6.12244898,2.04081633,0,2,2,13,0,2,0,0,0,1,1,0,0,0,0,0,-0.25970122,96.399,66.48,74.86,2.43062608,3.9355,496.1106434,88.98719044,18.01075068,461.179402,192.3850008,338.57,-3.45603217,-3.62909478,-3.66062608,0,1,1,1,1,1,1,1,1,0.33333333,1,1,1,1,0,1,0,1,1,1,0,0,0,1,0,1,0
1,16.09,0.33,3.75,7.98,0,0,0,0,0,0,393.93,0.08615385,46,26,48,28,5,3,0,12,20,18,3,3,0,1,0,1,0,0,0,2,8,1,43.47826087,39.13043478,6.52173913,6.52173913,2.17391304,0,3,3,19,0,3,0,0,0,2,1,0,0,0,0,0,-0.25567146,100.0609,79.37,87.75,1.65805897,3.2164,474.0886327,105.77272,18.01075068,461.6943522,192.596046,335.69,-2.79935012,-2.89515602,-2.88805897,0,1,1,1,0.8,0.5,1,1,0.9,0.33333333,1,1,0,1,0,0,0,1,0,1,1,0,0,1,0,1,0
1,13.01,0.26,2.56,7.24,0,0,0,0,0,0,532.16,0.06190476,70,36,73,39,8,4,0,12,34,27,3,4,0,1,0,1,0,0,0,2,9,1,48.57142857,38.57142857,4.28571429,5.71428571,1.42857143,0,4,4,22,0,4,1,0,0,2,1,0,0,0,0,0,0.17597383,141.4508,95.58,103.96,3.40571791,4.8023,691.241131,132.1428682,36.02150137,656.910299,272.6025816,485.18,-4.28486023,-4.55543202,-4.63571791,0,0.75,0.83333333,0.83333333,0.9,1,0.83333333,1,0.87857143,0.16666667,0.875,0,0,0,0,0,0,0,0,0,0,0,0,0,0,0,0
1,18.12,0.33,2.21,11.93,0,0,0,0,0,0,398.48,0.07816092,49,30,53,34,4,0,0,27,19,23,6,0,0,0,1,0,0,0,0,0,7,1,38.7755102,46.93877551,12.24489796,0,2.04081633,0,5,6,28,1,4,0,0,2,3,0,0,1,0,0,0,-0.34891959,113.5584,60.56,60.56,4.18457977,4.5729,457.7476652,83.3274526,18.01075068,482.8405316,201.2625129,330.55,-4.94689281,-5.29535078,-5.41457977,0,0.75,1,1,0.6,0,1,1,0.76428571,0.16666667,0.875,1,0,0,0,0,0,1,1,0,0,0,0,1,0,1,0
1,0,0,0,0,0,0,0,0,0,0,1145.63,0.025,177,81,177,81,33,11,0,6,96,57,10,14,0,0,0,0,0,0,0,0,24,0,54.23728814,32.20338983,5.64971751,7.90960452,0,0,1,1,6,0,1,0,0,0,1,0,0,0,0,0,0,5.28999406,300.9611,335.76,335.76,-0.6516127,4.4926,1805.498398,489.7013679,180.1075068,1536.395349,633.0472741,1167.5,-0.8361292,-0.70096793,-0.5783873,1,0.25,0.33333333,0.33333333,0.6,1,0.16666667,0,0.38333333,0.16666667,0.5,0,0,0,0,0,0,0,0,0,0,0,0,0,0,0,0
1,23.41,0.46,7.54,9.9,0,0,0,0,0,0,384.5,0.08262108,47,27,49,29,5,4,0,11,20,19,4,3,0,1,0,0,0,0,0,1,8,0,42.55319149,40.42553191,8.5106383,6.38297872,0,0,3,4,18,1,2,0,0,1,1,1,0,0,0,1,0,0.30395797,104.6977,90.87,119.11,1.44292342,1.2922,489.4321978,131.1210817,36.02150137,467.0598007,194.7950003,343.5,-2.61648491,-2.69077725,-2.67292342,0,1,1,1,0.8,0.5,1,1,0.9,0.33333333,1,1,0,0,0,0,0,0,0,1,1,0,0,1,1,1,0
1,16.12,0.35,4.05,7.96,0,0,0,0,0,0,442.93,0.07671958,50,28,51,29,8,3,0,6,22,17,2,4,0,1,3,1,0,0,0,2,11,4,44,34,4,8,8,0,2,2,10,0,2,0,1,0,1,0,0,0,0,0,0,0.38835968,98.2617,89.7,98.08,2.00534777,3.1774,522.9121798,159.7538549,32.89718747,479.7009967,199.9758183,365.57,-3.09454561,-3.22508038,-3.23534777,0,1,1,1,1,1,1,1,1,0.33333333,1,1,0,1,0,0,0,1,0,1,0,0,0,1,0,1,0
1,16.87,0.36,4.52,8.33,0,0,0,0,0,0,442.93,0.07671958,50,28,51,29,8,3,0,6,22,17,2,4,0,1,3,1,0,0,0,2,11,4,44,34,4,8,8,0,2,2,12,0,2,0,0,0,2,0,0,0,0,0,0,0.38835968,98.7901,89.7,98.08,2.00534777,3.241,516.9810728,159.7538549,32.89718747,479.7009967,199.9758183,365.57,-3.09454561,-3.22508038,-3.23534777,0,1,1,1,1,1,1,1,1,0.33333333,1,1,0,1,0,0,0,1,0,1,0,0,0,1,0,1,0
1,14.1,0.26,2.14,12.17,0,0,0,0,0,0,475.62,0.06554622,65,35,69,39,6,2,0,17,30,27,5,2,0,0,1,0,0,0,0,0,8,1,46.15384615,41.53846154,7.69230769,3.07692308,1.53846154,0,5,6,28,1,4,0,0,2,3,0,0,1,0,0,0,-0.76536419,135.0117,55.12,55.12,4.79294457,4.8807,605.6650032,79.61278416,0,593.6710964,246.6848756,433.41,-5.46400289,-5.87329735,-6.02294457,0,0.75,0.66666667,1,0.8,0.5,1,1,0.81666667,0.33333333,0.625,0,0,0,0,0,0,0,0,0,0,0,0,0,0,0,0
0,0,0,0,0,0,0,0,0,0,0,368.47,0.08201058,48,28,51,31,4,3,0,18,20,23,4,1,0,0,0,0,0,0,0,0,5,0,41.66666667,47.91666667,8.33333333,2.08333333,0,0,4,5,23,1,3,0,0,1,3,0,0,1,0,0,0,-0.39382295,116.6981,60.82,60.82,4.02451948,5.2627,468.5292803,79.60600648,18.01075068,474.551495,197.8653668,345.43,-4.81084156,-5.1432935,-5.25451948,0,1,1,1,0.6,0,1,1,0.8,0.16666667,1,1,0,0,0,0,0,0,0,0,0,0,0,0,0,0,0
0,12.13,0.24,2.23,5.39,0,0,0,0,0,0,426.46,0.08128079,46,29,50,33,4,3,0,11,17,18,4,3,0,1,3,0,0,0,0,1,11,3,36.95652174,39.13043478,8.69565217,6.52173913,6.52173913,0,5,6,23,1,4,2,0,1,2,0,0,1,0,0,0,-0.1998854,97.2475,96.02,104.4,1.76287723,3.3477,430.4416518,149.3053166,16.66300743,437.7740864,182.7926584,327.61,-2.88844565,-2.99473337,-2.99287723,0,1,1,1,0.8,0.5,1,1,0.9,0.33333333,0.875,1,0,1,0,0,0,1,0,1,1,0,0,1,0,1,0
1,21.95,0.45,4.97,11.26,0,0,0,0,0,0,404.88,0.08831909,41,27,45,31,3,2,0,17,14,18,4,2,0,1,1,1,0,0,0,2,9,2,34.14634146,43.90243902,9.75609756,4.87804878,4.87804878,0,5,8,26,2,3,1,0,1,3,0,0,1,1,0,0,-0.23565723,100.7018,78.95,87.33,2.64043922,4.3953,405.0568941,94.24016298,16.66300743,428.2225914,178.8781112,305.71,-3.63437333,-3.82841725,-3.87043922,0,1,1,1,0.6,0.5,1,1,0.87142857,0.5,0.875,1,0,1,0,0,0,1,0,1,0,0,0,1,0,1,0
1,24.44,0.5,5.48,10.65,0,0,0,0,0,0,375.86,0.09333333,39,25,42,28,2,2,0,17,14,17,3,3,0,1,0,1,0,0,0,2,8,1,35.8974359,43.58974359,7.69230769,7.69230769,2.56410256,0,4,7,23,2,2,0,0,1,3,0,0,1,1,0,0,0.35180407,96.8291,86.29,94.67,2.29376042,4.0625,409.1925174,105.1778633,59.3463506,413.1063123,172.6829149,292.49,-3.33969636,-3.4990724,-3.52376042,0,1,1,1,0.4,0,1,1,0.77142857,0.5,1,1,1,1,1,1,0,0,0,1,0,0,0,1,0,1,0
0,9.64,0.18,0.94,4.46,0,0,0,0,0,0,541.76,0.05398111,82,39,83,40,15,3,0,12,43,30,3,6,0,0,0,0,0,0,0,0,9,0,52.43902439,36.58536585,3.65853659,7.31707317,0,0,2,2,12,0,2,0,0,0,2,0,0,0,0,0,0,0.74760829,149.3621,117.2,117.2,2.7805659,4.8784,833.7606268,179.2637153,78.70484453,728.0730897,301.7676597,543.02,-3.75348102,-3.96153761,-4.0105659,0,0.75,0.5,0.66666667,0.9,1,0.66666667,0.5,0.71190476,0.33333333,0.75,0,0,0,0,0,0,0,0,0,0,0,0,0,0,0,0
1,7.46,0.14,0.96,3.15,0,0,0,0,0,0,740.06,0.03918723,114,53,115,54,21,5,0,12,61,40,5,8,0,0,0,0,0,0,0,0,13,0,53.50877193,35.0877193,4.38596491,7.01754386,0,0,2,2,12,0,2,0,0,0,2,0,0,0,0,0,0,1.9512121,202.0979,175.4,175.4,2.36750805,5.8658,1153.119731,265.5750707,114.7263459,1000.498339,413.417352,750.32,-3.40238184,-3.56913265,-3.59750805,1,0.5,0.5,0.5,0.8,1,0.33333333,0,0.51904762,0.16666667,0.625,0,0,0,0,0,0,0,0,0,0,0,0,0,0,0,0
0,8.71,0.17,2.07,3.36,0,0,0,0,0,0,564.81,0.05128205,88,40,88,40,16,4,0,6,48,29,4,7,0,0,0,0,0,0,0,0,11,0,54.54545455,32.95454545,4.54545455,7.95454545,0,0,1,1,6,0,1,0,0,0,1,0,0,0,0,0,0,1.45612074,151.1174,146.3,146.3,1.69258362,3.7886,902.0796311,222.419393,96.71559521,763.3222591,316.2140406,574.05,-2.82869608,-2.92795444,-2.92258362,1,0.5,0.5,0.5,0.8,1,0.33333333,0,0.51904762,0.16666667,0.625,0,0,0,0,0,0,0,0,0,0,0,0,0,0,0,0
1,9.72,0.2,-0.32,9.07,0,0,0,0,0,0,551.1,0.06006006,66,37,69,40,10,2,0,18,29,27,2,4,0,1,2,1,0,0,0,2,10,3,43.93939394,40.90909091,3.03030303,6.06060606,4.54545455,0,4,4,24,0,4,0,0,0,4,0,0,0,0,0,0,-0.72437986,141.5964,59.08,67.46,3.74382128,6.0524,657.3657205,100.8758289,0,639.0365449,265.2772725,472.78,-4.57224808,-4.87663021,-4.97382128,0,0.75,0.66666667,0.66666667,0.7,0.5,0.83333333,1,0.73095238,0.16666667,0.875,0,0,0,0,0,0,0,0,0,0,0,0,0,0,0,0
1,17.45,0.35,5.18,9.45,0,0,0,0,0,0,452.58,0.07096774,57,31,59,33,9,2,0,11,26,21,4,3,0,1,2,0,0,0,0,1,10,2,45.61403509,36.84210526,7.01754386,5.26315789,3.50877193,0,3,3,17,0,3,0,0,1,2,0,0,0,0,0,0,0.28888777,114.9127,83.56,111.8,2.39536397,2.741,563.0283524,147.1413133,36.02150137,534.0033223,222.2308698,395.52,-3.42605938,-3.59559577,-3.62536397,0,1,0.83333333,0.83333333,1,1,1,1,0.95238095,0.33333333,1,1,0,0,0,0,0,1,0,1,0,0,0,1,0,1,0
1,13.96,0.26,2.14,8.35,0,0,0,0,0,0,469.58,0.06595365,63,34,66,37,6,3,0,12,29,26,3,3,0,0,2,0,0,0,0,0,8,2,46.03174603,41.26984127,4.76190476,4.76190476,3.17460317,0,4,7,23,2,2,0,1,0,2,1,0,0,0,2,0,0.17664638,123.973,78.51,78.51,3.09853973,4.5814,602.1381367,144.5008229,36.02150137,574.9667774,239.0191711,434.87,-4.02375877,-4.26361274,-4.32853973,0,1,0.83333333,1,1,1,1,1,0.97619048,0.16666667,0.875,1,0,0,0,0,0,0,0,0,0,0,0,1,0,0,0
1,17.17,0.35,2.65,8.29,0,0,0,0,0,0,392.94,0.08307692,47,26,48,27,7,2,1,12,21,19,2,3,0,1,0,1,0,0,0,2,7,1,44.68085106,40.42553191,4.25531915,6.38297872,2.12765957,0,2,2,12,0,2,0,0,0,2,0,0,0,0,0,0,-0.29369258,104.5556,81.4,89.78,3.17951767,4.7886,519.7865207,119.5742117,42.68334316,479.4186047,199.8600839,351.71,-4.09259002,-4.34054178,-4.40951767,0,1,1,1,0.8,0.5,1,1,0.9,0.16666667,1,1,0,0,0,0,0,1,0,0,0,0,0,0,0,1,0
1,18.08,0.38,2.7,14.58,0,0,0,0,0,0,464.44,0.07356322,53,30,55,32,8,2,0,18,23,23,1,3,0,1,0,2,0,0,0,3,7,2,43.39622642,43.39622642,1.88679245,5.66037736,3.77358491,0,3,3,18,0,3,0,0,0,3,0,0,0,0,0,0,-0.34891959,123.7177,57.61,65.99,4.89614375,6.6063,576.8729063,88.51485589,42.68334316,551.6112957,229.4472523,399.22,-5.55172219,-5.97133656,-6.12614375,0,0.75,0.66666667,1,0.8,0.5,1,1,0.81666667,0.16666667,0.75,0,0,0,0,0,0,0,0,0,0,0,0,0,0,0,0
1,18.41,0.37,4.31,7.29,0,0,0,0,0,0,441.71,0.06896552,69,30,69,30,12,2,0,5,39,22,3,4,0,1,0,0,0,0,0,1,8,0,56.52173913,31.88405797,4.34782609,5.79710145,0,0,1,1,5,0,1,0,0,1,0,0,0,0,0,0,0,1.63052092,120.7577,111.55,139.79,2.10758125,3.6141,726.4947851,188.4635713,121.3881877,602.2425249,250.1977561,442.01,-3.18144406,-3.32220218,-3.33758125,0,1,0.83333333,0.83333333,1,1,0.83333333,0.5,0.85714286,0.16666667,0.875,1,0,0,0,0,0,0,0,0,0,0,0,0,0,0,0
1,20,0.4,4.48,11.11,0,0,0,0,0,0,438.44,0.07816092,44,30,48,34,3,2,0,17,14,19,4,2,0,1,4,0,0,0,0,1,11,4,31.81818182,43.18181818,9.09090909,4.54545455,9.09090909,0,5,8,26,2,3,1,0,1,3,0,0,1,1,0,0,-0.2168594,101.1852,78.95,87.33,2.97660113,4.5626,418.2330743,139.1205028,16.66300743,440.0664452,183.7321497,326.01,-3.92011096,-4.14777107,-4.20660113,0,1,1,1,0.6,0.5,1,1,0.87142857,0.5,0.875,1,0,0,0,0,0,1,0,0,0,0,0,1,0,1,0
1,20.79,0.43,3.71,11.89,0,0,0,0,0,0,377.85,0.09333333,38,25,41,28,2,2,0,17,13,17,3,2,0,1,1,1,0,0,0,2,8,2,34.21052632,44.73684211,7.89473684,5.26315789,5.26315789,0,4,7,23,2,2,0,0,1,3,0,0,1,1,0,0,-0.23781226,95.3514,66.06,74.44,3.18251787,4.5354,390.5903056,77.45463343,16.66300743,406.2790698,169.8848647,289.77,-4.09514019,-4.34339197,-4.41251787,0,1,1,1,0.4,0,1,1,0.77142857,0.33333333,1,1,0,0,0,1,0,0,0,0,0,0,0,1,0,1,0
1,19.36,0.39,3.57,13.4,0,0,0,0,0,0,457.46,0.07311828,47,31,50,34,3,2,0,17,16,20,3,2,0,1,5,0,0,0,0,1,11,5,34.04255319,42.55319149,6.38297872,4.25531915,10.63829787,0,4,7,23,2,2,0,0,1,3,0,0,1,1,0,0,-0.23279952,105.7327,66.06,74.44,4.07524189,5.8618,462.5098799,137.2950865,16.66300743,467.8571429,195.1217799,350.74,-4.8539556,-5.19147979,-5.30524189,0,1,0.83333333,1,0.8,0.5,1,1,0.87619048,0.33333333,1,0,0,0,0,0,0,0,0,0,0,0,0,0,0,0,0
1,17.1,0.34,3.11,10.49,0,0,0,0,0,0,405.43,0.08465608,42,28,46,32,2,2,0,17,14,19,3,2,0,1,3,0,0,0,0,1,9,3,33.33333333,45.23809524,7.14285714,4.76190476,7.14285714,0,5,11,28,4,2,0,0,2,3,1,0,2,1,1,0,-0.25245455,97.9204,66.06,74.44,3.10160492,4.0525,395.0708588,107.37486,16.66300743,420.5647841,175.7396656,308.94,-4.02636418,-4.26652467,-4.33160492,0,1,1,1,0.6,0.5,1,1,0.87142857,0.33333333,0.875,1,0,1,0,0,0,1,0,1,0,0,0,1,0,1,0
1,16.63,0.35,4.21,7.49,0,0,0,0,0,0,413.44,0.08831909,37,27,41,31,2,2,0,16,10,15,5,2,0,2,3,0,0,0,0,2,12,3,27.02702703,40.54054054,13.51351351,5.40540541,8.10810811,0,5,11,27,4,2,0,0,3,2,1,1,1,2,0,0,-0.12575879,92.0497,91.84,128.46,0.71413268,2.5058,369.5605507,140.9459191,16.66300743,394.4019934,165.0172104,282.89,-1.99701278,-1.99842605,-1.94413268,0,1,1,1,0.6,0.5,1,1,0.87142857,0.5,0.875,1,0,1,0,0,0,0,0,1,1,0,0,1,0,1,0
1,19.85,0.41,4.26,13.22,0,0,0,0,0,0,439.87,0.08128079,42,29,46,33,2,2,0,17,13,19,3,2,0,1,3,1,0,0,0,2,10,4,30.95238095,45.23809524,7.14285714,4.76190476,9.52380952,0,5,11,28,4,2,0,0,2,3,1,0,2,1,1,0,-0.23402445,102.7252,66.06,74.44,3.59045975,4.7169,416.4727599,107.37486,16.66300743,440.89701,184.0725451,324.15,-4.44189079,-4.73093676,-4.82045975,0,1,1,1,0.6,0.5,1,1,0.87142857,0.33333333,0.875,1,0,0,0,0,0,1,0,0,0,0,0,0,0,1,0
1,20.62,0.42,4.39,12.23,0,0,0,0,0,0,391.88,0.08923077,41,26,44,29,3,2,0,17,15,18,3,2,0,1,1,1,0,0,0,2,8,2,36.58536585,43.90243902,7.31707317,4.87804878,4.87804878,0,4,5,23,1,3,0,0,1,3,0,0,1,0,0,0,-0.25567146,98.7431,66.06,74.44,3.14439632,4.1979,416.6670413,77.45463343,16.66300743,429.6843854,179.4772071,307.07,-4.06273687,-4.3071765,-4.37439632,0,1,1,1,0.6,0.5,1,1,0.87142857,0.33333333,1,1,0,1,0,0,0,1,0,1,0,0,0,1,0,1,0
1,0,0,0,0,0,0,0,0,0,0,336.43,0.09881423,41,23,43,25,3,2,0,12,18,18,0,2,0,1,2,0,0,0,0,1,5,2,43.90243902,43.90243902,0,4.87804878,4.87804878,0,3,3,18,0,3,0,0,0,3,0,0,0,0,0,0,-0.77212822,85.761,34.14,42.52,4.79891008,5.065,403.6199591,74.23317861,0,394.8671096,165.2078318,293.47,-5.46907357,-5.87896457,-6.02891008,0,0.75,0.83333333,1,0.8,0.5,1,1,0.84047619,0.66666667,0.875,1,0,0,0,0,0,1,0,0,0,0,0,0,0,1,0
1,15.67,0.33,3,10.86,0,0,0,0,0,0,460.94,0.07356322,50,30,52,32,5,3,0,12,20,20,2,3,0,1,3,1,0,0,0,2,10,4,40,40,4,6,8,0,3,3,19,0,3,0,0,0,2,1,0,0,0,0,0,-0.24987445,108.5635,66.48,74.86,3.47519585,4.8808,513.9861888,133.8675303,18.01075068,500.6976744,208.5810141,377.5,-4.34391647,-4.62143606,-4.70519585,0,1,0.83333333,1,0.8,0.5,1,1,0.87619048,0.16666667,0.875,1,0,0,0,0,0,1,0,0,0,0,0,0,0,0,0
1,14.73,0.3,4.42,9.52,0,0,0,0,0,0,584.14,0.05802969,71,39,75,43,8,3,0,12,32,27,3,5,0,1,2,1,0,0,0,2,12,3,45.07042254,38.02816901,4.22535211,7.04225352,4.22535211,0,5,5,27,0,5,1,0,0,4,0,0,0,0,0,0,-0.30693455,143.0954,90.39,98.77,3.19479725,4.9103,693.4651349,160.8285251,42.68334316,661.6112957,274.5292195,496.39,-4.10557767,-4.35505739,-4.42479725,0,0.75,0.83333333,0.83333333,0.9,1,0.83333333,1,0.87857143,0.16666667,0.75,0,0,0,0,0,0,0,0,0,0,0,0,0,0,0,0
1,14.87,0.3,4.25,9.86,0,0,0,0,0,0,538.22,0.06349206,76,36,80,40,8,3,0,6,40,27,3,4,0,1,0,1,0,0,0,2,9,1,52.63157895,35.52631579,3.94736842,5.26315789,1.31578947,0,5,5,24,0,5,2,0,0,3,0,0,0,0,0,0,-0.35505951,142.2558,81.16,89.54,3.03862647,3.9876,717.9479292,119.9084107,42.68334316,667.4418605,276.9187953,494.28,-3.9728325,-4.20669515,-4.26862647,0,0.75,0.83333333,0.83333333,0.9,1,0.83333333,1,0.87857143,0.16666667,0.75,0,0,0,0,0,0,0,0,0,0,0,0,0,0,0,0
1,16.81,0.34,3.42,8.87,0,0,0,0,0,0,438.6,0.07126437,58,30,59,31,10,2,0,11,28,21,4,2,0,1,2,0,0,0,0,1,9,2,48.27586207,36.20689655,6.89655172,3.44827586,3.44827586,0,2,2,11,0,2,0,0,1,1,0,0,0,0,0,0,0.93313049,114.1279,83.12,111.36,3.15449952,3.6212,589.6597333,151.0278622,54.03225205,542.2923588,225.6280159,399.09,-4.07132459,-4.31677454,-4.38449952,0,1,0.83333333,0.83333333,1,1,1,1,0.95238095,0.16666667,1,1,0,1,0,0,0,1,0,1,0,0,0,1,0,1,0
1,17.89,0.37,2.72,10.74,0,0,0,0,0,0,428.91,0.07936508,47,28,49,30,5,3,0,12,19,20,0,4,0,1,2,1,0,0,0,2,8,3,40.42553191,42.55319149,0,8.5106383,6.38297872,0,3,3,18,0,3,0,0,0,3,0,0,0,0,0,0,-0.28779665,101.3808,71.44,79.82,4.82896133,5.1342,505.5311069,142.0614488,42.68334316,474.3687708,197.7904798,358.22,-5.49461713,-5.90751326,-6.05896133,0,0.75,0.83333333,1,0.8,0.5,1,1,0.84047619,0.16666667,0.875,1,0,0,0,0,0,1,0,0,0,0,0,0,0,0,0
1,15.73,0.29,-0.27,13.96,0,0,0,0,0,0,372.55,0.07936508,56,28,58,30,6,1,0,18,28,25,2,1,0,0,0,0,0,0,0,0,3,0,50,44.64285714,3.57142857,1.78571429,0,0,3,3,18,0,3,0,0,0,3,0,0,0,0,0,0,-0.46450715,114.7992,41.99,41.99,4.17446108,5.4128,542.3666496,59.94120726,18.01075068,520.5315615,216.7096563,375.67,-4.93829192,-5.28573803,-5.40446108,0,0.75,1,1,0.8,0.5,1,1,0.86428571,0.5,1,1,0,0,0,0,0,0,0,0,0,0,0,0,0,0,0
1,0,0,0,0,0,0,0,0,0,0,388.38,0.0942029,50,24,52,26,8,0,0,15,26,21,1,1,0,0,0,0,1,0,0,1,3,1,52,42,2,2,2,0,3,6,17,2,1,0,0,1,2,0,0,2,0,0,0,-0.86390319,104.5653,14.16,14.16,5.68942484,7.3147,476.5131027,10.99988789,0,467.9734219,195.1694352,325.31,-6.22601112,-6.7249536,-6.91942484,0,0.75,0.83333333,0.83333333,0.7,0.5,0.83333333,1,0.77857143,0.5,0.875,0,0,0,0,0,0,0,0,0,0,0,0,0,0,0,0
1,18.82,0.4,3.54,9.28,0,0,0,0,0,0,325.85,0.10952381,37,21,39,23,3,2,0,11,16,14,3,2,0,1,0,1,0,0,0,2,7,1,43.24324324,37.83783784,8.10810811,5.40540541,2.7027027,0,3,4,17,1,2,0,0,1,2,0,0,1,0,0,0,-0.19746744,83.1863,66.06,74.44,2.02664157,3.2814,374.6261831,62.49452016,16.66300743,372.6079734,156.085235,262.98,-3.11264533,-3.24530949,-3.25664157,0,1,1,1,0.8,0.5,1,1,0.9,0.5,1,1,1,1,1,1,1,0,0,1,1,1,0,1,1,1,1
1,19.55,0.41,4.18,12.13,0,0,0,0,0,0,409.87,0.08547009,41,27,44,30,3,2,0,17,14,18,3,2,0,1,2,1,0,0,0,2,9,3,34.14634146,43.90243902,7.31707317,4.87804878,7.31707317,0,4,5,23,1,3,0,0,1,3,0,0,1,0,0,0,-0.23565723,98.9595,66.06,74.44,3.52556371,4.4034,419.5008232,92.4147467,16.66300743,432.6079734,180.6753989,313.14,-4.38672915,-4.66928552,-4.75556371,0,1,1,1,0.4,0.5,1,1,0.84285714,0.33333333,1,1,0,1,0,0,0,1,0,1,0,0,0,1,0,1,0
1,17.14,0.37,4.64,8.2,0,0,0,0,0,0,428.9,0.07977208,47,27,48,28,8,3,0,6,20,16,2,4,0,1,3,1,0,0,0,2,11,4,42.55319149,34.04255319,4.25531915,8.5106383,8.5106383,0,2,2,11,0,2,0,0,1,1,0,0,0,0,0,0,0.41385641,93.8497,89.7,98.08,1.77546932,3.1749,488.8464839,159.7538549,32.89718747,456.2956811,190.3834759,348.27,-2.89914892,-3.00669585,-3.00546932,0,1,1,1,1,1,1,1,1,0.33333333,1,1,0,1,0,0,0,1,0,1,1,0,0,1,0,1,0
1,0,0,0,0,0,0,0,0,0,0,572.56,0.05384615,66,40,68,42,6,4,0,12,26,26,4,4,0,0,6,0,0,0,0,0,14,6,39.39393939,39.39393939,6.06060606,6.06060606,9.09090909,0,3,4,19,1,2,0,0,0,2,1,0,0,0,1,0,0.24843241,131.6838,98.82,98.82,3.66484329,3.6352,668.8776809,232.3654727,36.02150137,623.8870432,259.0684603,488.66,-4.5051168,-4.80160113,-4.89484329,0,0.75,0.83333333,0.83333333,0.9,1,0.83333333,1,0.87857143,0.16666667,0.875,0,0,0,0,0,0,0,0,0,0,0,0,0,0,0,0
1,13.94,0.26,0.57,10.1,0,0,0,0,0,0,451.51,0.07007576,56,33,60,37,6,0,0,22,23,25,3,3,0,0,2,0,0,0,0,0,8,2,41.07142857,44.64285714,5.35714286,5.35714286,3.57142857,0,5,6,28,1,4,0,0,2,3,0,0,1,0,0,0,-0.75116238,119.6194,62.31,62.31,4.03335809,5.2726,523.8596802,98.03624952,0,526.3787375,219.10604,380.77,-4.81835438,-5.15169018,-5.26335809,0,1,0.83333333,1,0.8,0.5,1,1,0.87619048,0.16666667,0.875,1,0,0,0,0,0,0,0,0,0,0,0,0,0,0,0
1,12.79,0.24,1.64,6.2,0,0,0,0,0,0,523.74,0.056899,79,38,81,40,12,3,0,12,41,30,3,5,0,0,0,0,0,0,0,0,8,0,51.89873418,37.97468354,3.79746835,6.32911392,0,0,3,3,19,0,3,0,0,0,2,1,0,0,0,0,0,0.73835055,146.4595,107.97,107.97,3.25757392,4.8051,771.1167965,164.8481005,75.28911765,700.282392,290.3780295,521.87,-4.15893783,-4.41469523,-4.48757392,0,0.75,0.66666667,0.66666667,0.9,1,0.66666667,0.5,0.73571429,0.16666667,0.75,0,0,0,0,0,0,0,0,0,0,0,0,0,0,0,0
1,18.12,0.35,2.72,13.4,0,0,0,0,0,0,341.51,0.09782609,47,24,50,27,3,2,0,12,23,20,1,2,0,1,0,0,0,0,0,1,4,0,48.93617021,42.55319149,2.12765957,4.25531915,0,0,4,7,24,3,2,0,0,1,2,1,1,0,0,1,1,-0.38311596,96.8438,46.17,54.55,3.65463151,4.6093,431.3703997,60.71794951,16.40499744,434.3687708,181.3970372,314.57,-4.49643679,-4.79189994,-4.88463151,0,1,1,1,0.8,0.5,1,1,0.9,0.66666667,1,1,0,0,0,1,0,1,0,0,0,0,0,1,0,1,0
0,13.87,0.28,1.64,7.85,0,0,0,0,0,0,373.89,0.09333333,41,25,44,28,3,2,0,17,16,18,3,2,0,1,0,1,0,0,0,2,7,1,39.02439024,43.90243902,7.31707317,4.87804878,2.43902439,0,4,5,23,1,3,0,0,1,3,0,0,1,0,0,0,-0.27733075,98.5267,66.06,74.44,2.76206211,3.9924,413.8332594,62.49452016,16.66300743,426.7607973,178.2790153,301,-3.7377528,-3.94395901,-3.99206211,0,1,1,1,0.6,0.5,1,1,0.87142857,0.5,1,1,1,1,0,1,0,1,0,1,0,0,0,1,0,1,0
1,18.4,0.37,4.01,10.33,0,0,0,0,0,0,466.66,0.06653226,64,32,65,33,12,2,0,11,32,23,4,2,0,1,2,0,0,0,0,1,9,2,50,35.9375,6.25,3.125,3.125,0,2,2,11,0,2,0,0,1,1,0,0,0,0,0,0,0.88422444,123.3835,83.12,111.36,3.58047752,4.4754,641.3843773,151.0278622,54.03225205,589.10299,244.8127008,433.69,-4.43340589,-4.72145364,-4.81047752,0,1,0.66666667,0.83333333,1,1,0.83333333,0.5,0.83333333,0.16666667,0.75,1,0,0,0,0,0,0,0,1,0,0,0,0,0,0,0
1,17.18,0.38,5.07,9.43,0,0,0,0,0,0,521.53,0.06854839,58,32,60,34,9,4,0,12,26,21,2,5,0,2,0,2,0,0,0,4,11,2,44.82758621,36.20689655,3.44827586,8.62068966,3.44827586,0,3,3,17,0,3,0,0,1,2,0,0,0,0,0,0,-0.24779983,128.8158,94.99,111.75,2.65109263,4.4823,620.9039803,134.3463686,42.68334316,589.4684385,244.9624748,430.53,-3.64342874,-3.838538,-3.88109263,0,0.75,0.83333333,0.66666667,0.9,0.5,0.83333333,1,0.78333333,0.33333333,0.875,0,0,0,0,0,0,0,0,0,0,0,0,0,0,0,0
1,14.98,0.31,0.8,10.66,0,0,0,0,0,0,410.02,0.07977208,55,27,56,28,8,2,0,12,28,21,1,3,0,1,0,1,0,0,0,2,6,1,50.90909091,38.18181818,1.81818182,5.45454545,1.81818182,0,2,2,12,0,2,0,0,0,2,0,0,0,0,0,0,-0.34555568,113.0087,57.61,65.99,4.21658093,6.1039,572.1735411,88.51485589,42.68334316,523.9368771,218.1052775,380.59,-4.97409379,-5.32575188,-5.44658093,0,0.75,1,1,1,1,1,1,0.96428571,0.16666667,0.875,0,0,0,0,0,0,0,0,0,0,0,0,0,0,0,0
1,16.27,0.34,1.66,11.19,0,0,0,0,0,0,395.99,0.08307692,52,26,53,27,8,2,0,12,26,20,1,3,0,1,0,1,0,0,0,2,6,1,50,38.46153846,1.92307692,5.76923077,1.92307692,0,2,2,12,0,2,0,0,0,2,0,0,0,0,0,0,-0.3317137,108.4601,57.61,65.99,3.99779561,5.8521,542.3406646,88.51485589,42.68334316,500.5315615,208.512935,363.29,-4.78812627,-5.11790583,-5.22779561,0,1,1,1,1,1,1,1,1,0.16666667,1,0,0,0,0,0,0,0,0,0,0,0,0,0,0,0,0
1,11.07,0.21,2.68,4.85,0,0,0,0,0,0,640.91,0.04541063,98,46,99,47,18,4,0,12,52,35,4,7,0,0,0,0,0,0,0,0,11,0,53.06122449,35.71428571,4.08163265,7.14285714,0,0,2,2,12,0,2,0,0,0,2,0,0,0,0,0,0,1.34130694,175.73,146.3,146.3,2.58599228,5.3721,993.4401789,222.419393,96.71559521,864.2857143,357.5925059,646.67,-3.58809344,-3.77669267,-3.81599228,1,0.5,0.5,0.5,0.8,1,0.33333333,0,0.51904762,0.16666667,0.625,0,0,0,0,0,0,0,0,0,0,0,0,0,0,0,0
1,16,0.33,1.76,10.22,0,0,0,0,0,0,367.93,0.09057971,46,24,47,25,6,2,0,12,22,18,1,3,0,1,0,1,0,0,0,2,6,1,47.82608696,39.13043478,2.17391304,6.52173913,2.17391304,0,2,2,12,0,2,0,0,0,2,0,0,0,0,0,0,-0.30083946,99.2581,57.61,65.99,3.54729949,4.9397,490.1871931,88.51485589,42.68334316,453.7209302,189.3282501,328.69,-4.40520457,-4.68993452,-4.77729949,0,1,1,1,0.8,0.5,1,1,0.9,0.16666667,1,1,0,0,0,0,0,1,0,0,0,0,0,0,0,1,0
1,16.18,0.3,3.31,7.67,0,0,0,0,0,0,389.51,0.08128079,52,29,56,33,5,0,0,21,23,21,7,1,0,0,0,0,0,0,0,0,8,0,44.23076923,40.38461538,13.46153846,1.92307692,0,0,5,7,28,2,3,0,0,2,3,0,0,2,0,0,0,-0.30230255,114.4336,82.16,82.16,3.8490902,3.5584,473.019774,95.90771254,18.01075068,480.8637874,200.4523719,328.49,-4.66172667,-4.97663569,-5.0790902,0,1,1,1,0.8,0.5,1,1,0.9,0.16666667,0.875,1,0,1,0,0,0,1,1,1,0,0,0,1,0,1,0
0,0,0,0,0,0,0,0,0,0,0,432.6,0.07258065,61,32,65,36,7,0,0,21,29,25,6,0,0,0,1,0,0,0,0,0,7,1,47.54098361,40.98360656,9.83606557,0,1.63934426,0,5,7,28,2,3,0,0,2,3,0,0,2,0,0,0,-0.37169974,128.7976,60.04,60.04,5.49953858,6.3141,544.2876436,83.08240837,18.01075068,551.0797342,229.2293993,383.97,-6.0646078,-6.54456165,-6.72953858,0,0.75,0.83333333,0.83333333,0.7,0.5,0.83333333,1,0.77857143,0.16666667,0.75,0,0,0,0,0,0,0,0,0,0,0,0,0,0,0,0
1,18.32,0.34,3.12,11.92,0,0,0,0,0,0,390.51,0.08128079,52,29,56,33,4,0,0,21,23,22,6,0,0,0,1,0,0,0,0,0,7,1,44.23076923,42.30769231,11.53846154,0,1.92307692,0,5,7,28,2,3,0,0,2,3,0,0,2,0,0,0,-0.3364416,115.0714,60.04,60.04,4.87123874,4.878,466.0574364,83.08240837,18.01075068,480.8637874,200.4523719,332.07,-5.53055293,-5.94767681,-6.10123874,0,0.75,0.83333333,1,0.8,0.5,1,1,0.84047619,0.16666667,0.75,1,0,0,0,0,0,1,1,0,0,0,0,0,0,1,0
1,14.6,0.3,5.37,7.98,0,0,0,0,0,0,554.22,0.06156156,77,37,81,41,8,3,0,6,40,27,3,5,0,1,0,1,0,0,0,2,10,1,51.94805195,35.06493506,3.8961039,6.49350649,1.2987013,0,5,5,24,0,5,2,0,0,3,0,0,0,0,0,0,0.18895392,143.8389,101.39,109.77,2.29029713,2.5031,746.3256386,162.5917539,85.36668632,677.192691,280.9150373,503.07,-3.33675256,-3.49578227,-3.52029713,0,0.75,0.83333333,0.83333333,0.9,1,0.83333333,1,0.87857143,0.33333333,0.75,0,0,0,0,0,0,0,0,0,0,0,0,0,0,0,0
1,15.45,0.32,4.44,9.03,0,0,0,0,0,0,528.18,0.06386555,73,35,76,38,8,3,0,6,38,25,3,5,0,1,0,1,0,0,0,2,10,1,52.05479452,34.24657534,4.10958904,6.84931507,1.36986301,0,4,4,21,0,4,1,0,0,3,0,0,0,0,0,0,-0.31629127,136.378,90.39,98.77,2.29680176,4.3708,711.219607,130.9082986,42.68334316,648.4219269,269.1237405,480.83,-3.34228149,-3.50196167,-3.52680176,0,0.75,0.83333333,0.83333333,0.9,1,0.83333333,1,0.87857143,0.33333333,0.875,0,0,0,0,0,0,0,0,0,0,0,0,0,0,0,0
1,13.65,0.28,3.4,9.24,0,0,0,0,0,0,612.2,0.05487805,77,41,81,45,8,3,0,12,36,29,3,5,0,1,2,1,0,0,0,2,12,3,46.75324675,37.66233766,3.8961039,6.49350649,3.8961039,0,5,5,27,0,5,1,0,0,4,0,0,0,0,0,0,-0.32733566,152.1512,90.39,98.77,3.57779673,5.4928,756.0942471,160.8285251,42.68334316,708.4219269,293.7139045,530.99,-4.43112722,-4.71890689,-4.80779673,0,0.75,0.83333333,0.83333333,0.9,1,0.83333333,1,0.87857143,0.16666667,0.75,0,0,0,0,0,0,0,0,0,0,0,0,0,0,0,0
1,14.73,0.27,1.8,7.53,0,0,0,0,0,0,362.45,0.08831909,46,27,50,31,3,0,0,21,19,20,6,0,0,0,1,0,0,0,0,0,7,1,41.30434783,43.47826087,13.04347826,0,2.17391304,0,5,7,28,2,3,0,0,2,3,0,0,2,0,0,0,0.26732515,105.4267,70.9,70.9,4.43360178,4.3233,411.1574546,83.08240837,34.67375812,434.0531562,181.267687,297.47,-5.15856151,-5.53192169,-5.66360178,0,0.75,1,1,0.8,0.5,1,1,0.86428571,0.33333333,0.75,1,0,1,0,1,0,1,0,1,0,0,0,1,0,1,0
0,9.3,0.18,-2.15,5.52,0,0,0,0,0,0,507.7,0.06190476,69,36,72,39,8,3,0,21,33,29,1,5,0,1,0,0,0,0,0,1,7,0,47.82608696,42.02898551,1.44927536,7.24637681,0,0,4,7,23,2,2,0,0,1,3,0,0,2,0,0,0,-0.41019352,142.0585,85.6,93.98,4.34064237,7.9163,675.4419519,123.1411102,42.68334316,645.6976744,268.0072436,464.28,-5.07954602,-5.44361026,-5.57064237,1,0.5,0.83333333,0.83333333,0.7,0.5,0.83333333,1,0.74285714,0.16666667,0.75,0,0,0,0,0,0,0,0,0,0,0,0,0,0,0,0
1,10.65,0.22,-0.74,11.43,0,0,0,0,0,0,535.1,0.06190476,65,36,68,39,10,2,0,18,29,27,2,3,0,1,2,1,0,0,0,2,9,3,44.61538462,41.53846154,3.07692308,4.61538462,4.61538462,0,4,4,23,0,4,0,0,1,3,0,0,0,0,0,0,-0.74430914,140.0621,49.85,58.23,4.51577838,6.8257,642.2501263,89.87594105,0,629.2857143,261.2810304,463.99,-5.22841162,-5.60998946,-5.74577838,1,0.5,0.5,0.66666667,0.7,0.5,0.83333333,1,0.67142857,0.33333333,0.75,0,0,0,0,0,0,0,0,0,0,0,0,0,0,0,0
1,12.34,0.24,-0.93,11.6,0,1,1,0,0,2,501.54,0.06218487,62,35,64,37,7,1,0,12,27,25,2,2,0,0,6,0,0,0,0,0,10,6,43.5483871,40.32258065,3.22580645,3.22580645,9.67741935,-1,3,3,18,0,3,0,0,0,3,0,0,0,0,0,0,-0.70867055,117.0724,56.26,56.26,4.87158745,5.9317,609.6040907,161.4379895,0,565.6810631,235.2135505,438.38,-5.53084933,-5.94800808,-6.10158745,1,0.5,0.66666667,0.83333333,0.9,1,0.83333333,1,0.81904762,0.33333333,0.75,0,0,0,0,0,0,0,0,0,0,0,0,0,0,0,0
1,15.98,0.3,2.85,12.2,0,0,0,0,0,0,466.53,0.06773619,58,34,62,38,4,2,0,17,24,25,4,3,0,0,2,0,0,0,0,0,9,2,41.37931034,43.10344828,6.89655172,5.17241379,3.44827586,0,5,6,29,1,4,0,0,1,4,0,0,0,1,0,0,-0.7292991,123.9757,61.11,61.11,4.08622254,4.0044,549.0267698,102.4484714,0,542.9568106,225.9003322,402.67,-4.86328916,-5.20191141,-5.31622254,0,1,0.83333333,1,0.8,0.5,1,1,0.87619048,0.16666667,0.75,1,0,0,0,0,0,0,0,1,0,0,0,1,0,0,0
1,16.5,0.3,2.09,14.2,0,0,0,0,0,0,446.57,0.07007576,60,33,64,37,4,2,0,17,27,26,4,2,0,0,1,0,0,0,0,0,7,1,45,43.33333333,6.66666667,3.33333333,1.66666667,0,5,6,30,1,4,0,0,1,3,1,0,0,0,1,0,-0.78120888,126.683,51.88,51.88,4.67835163,4.6549,552.9691613,76.48847026,0,553.6877076,230.2982408,405.11,-5.36659888,-5.76443405,-5.90835163,0,0.75,0.83333333,1,0.8,0.5,1,1,0.84047619,0.33333333,0.75,1,0,0,0,0,0,1,0,0,0,0,0,1,0,1,0
1,15.22,0.27,1.34,10.28,0,0,0,0,0,0,462.59,0.06554622,61,35,65,39,7,1,0,28,26,29,4,2,0,0,0,0,0,0,0,0,6,0,42.62295082,47.54098361,6.55737705,3.27868852,0,0,5,6,29,1,4,0,0,1,4,0,0,1,0,0,0,-0.42967856,136.0393,68.52,68.52,3.67171037,5.1451,581.6011419,87.7266247,18.01075068,592.4086379,246.1674745,418.58,-4.51095381,-4.80812485,-4.90171037,0,1,0.83333333,1,0.6,0.5,1,1,0.84761905,0.16666667,0.75,0,0,0,0,0,0,0,0,0,0,0,0,0,0,0,0
1,14.83,0.27,1.28,10.4,0,0,0,0,0,0,480.58,0.06349206,61,36,65,40,7,1,0,28,25,29,4,2,0,0,1,0,0,0,0,0,7,1,40.98360656,47.54098361,6.55737705,3.27868852,1.63934426,0,5,6,29,1,4,0,0,1,4,0,0,1,0,0,0,-0.41019352,136.2557,68.52,68.52,4.03642546,5.3506,584.4349238,102.686738,18.01075068,595.3322259,247.3656664,424.65,-4.82096164,-5.15460419,-5.26642546,0,1,0.83333333,1,0.6,0.5,1,1,0.84761905,0.16666667,0.75,0,0,0,0,0,0,0,0,0,0,0,0,0,0,0,0
0,10.28,0.2,1.55,5.29,0,0,0,0,0,0,486.48,0.06554622,53,35,57,39,4,1,0,22,18,22,8,1,0,0,4,0,0,0,0,0,13,4,33.96226415,41.50943396,15.09433962,1.88679245,7.54716981,0,5,6,29,1,4,0,0,2,2,1,0,0,0,1,0,-0.62363008,118.9754,94.62,94.62,3.73840464,3.4822,514.5879316,171.6697754,0,518.255814,215.7769729,375.79,-4.56764394,-4.87148441,-4.96840464,0,1,0.66666667,1,0.6,0.5,1,1,0.82380952,0.16666667,0.75,0,0,0,0,0,0,0,0,1,0,0,0,0,0,0,0
1,15.77,0.32,2.49,9.35,0,0,0,0,0,0,391.88,0.08923077,41,26,44,29,3,2,0,17,15,18,3,2,0,1,1,1,0,0,0,2,8,2,36.58536585,43.90243902,7.31707317,4.87804878,4.87804878,0,4,5,23,1,3,0,0,1,3,0,0,1,0,0,0,-0.25567146,98.7431,66.06,74.44,3.14439632,4.1979,416.6670413,77.45463343,16.66300743,429.6843854,179.4772071,307.07,-4.06273687,-4.3071765,-4.37439632,0,1,1,1,0.6,0.5,1,1,0.87142857,0.33333333,1,1,0,1,0,0,0,1,0,1,0,0,0,1,0,1,0
0,13.61,0.3,2.33,6.57,0,0,0,0,0,0,380.91,0.09782609,37,24,40,27,3,2,0,16,13,15,4,2,0,2,0,1,0,0,0,3,9,1,35.13513514,40.54054054,10.81081081,5.40540541,2.7027027,0,4,5,22,1,3,0,0,2,2,0,0,1,0,0,0,-0.17742472,95.1566,78.95,115.57,1.35091656,2.8546,393.6424261,79.28004971,16.66300743,407.4252492,170.3546103,281.25,-2.53827908,-2.60337074,-2.58091656,0,1,1,1,0.4,0,1,1,0.77142857,0.5,1,1,1,1,0,0,0,0,0,1,1,0,0,1,1,1,1
0,0,0,0,0,0,0,0,0,0,0,327.82,0.10952381,35,21,37,23,3,2,0,11,14,13,3,3,0,1,0,1,0,0,0,2,8,1,40,37.14285714,8.57142857,8.57142857,2.85714286,0,3,4,17,1,2,0,0,1,2,0,0,1,0,0,0,0.47162453,80.2064,86.29,94.67,0.99854727,1.8695,370.6364843,105.1778633,59.3463506,358.9534884,150.4891346,254.47,-2.23876518,-2.26861991,-2.22854727,0,1,1,1,0.8,0.5,1,1,0.9,0.5,1,1,1,1,0,1,0,0,0,1,0,1,0,1,1,1,1
0,0,0,0,0,0,0,0,0,0,0,517.56,0.0605042,66,35,67,36,9,1,0,6,31,24,1,2,0,0,8,0,0,0,0,0,11,8,46.96969697,36.36363636,1.51515152,3.03030303,12.12121212,0,2,2,12,0,2,0,0,0,2,0,0,0,0,0,0,-0.28794445,114.5614,40.54,40.54,5.65963515,7.0569,650.084177,190.6334903,42.68334316,574.5847176,238.8625892,454.72,-6.20068988,-6.6966534,-6.88963515,1,0.5,0.66666667,0.5,0.8,1,0.66666667,1,0.73333333,0.5,0.625,0,0,0,0,0,0,0,0,0,0,0,0,0,0,0,0
1,15.11,0.28,1.93,9.31,0,0,0,0,0,0,451.51,0.07007576,56,33,60,37,5,0,0,22,23,25,3,3,0,0,2,0,0,0,0,0,8,2,41.07142857,44.64285714,5.35714286,5.35714286,3.57142857,0,5,6,28,1,4,0,0,2,3,0,0,1,0,0,0,-0.3520827,119.5124,73.31,73.31,4.03335809,5.0415,541.7141804,129.7197048,42.68334316,526.3787375,219.10604,380.77,-4.81835438,-5.15169018,-5.26335809,0,1,0.83333333,1,0.8,0.5,1,1,0.87619048,0.16666667,0.875,1,0,0,0,0,0,1,0,0,0,0,0,0,0,1,0
1,16.05,0.29,1.54,12.45,0,0,0,0,0,0,441.55,0.07007576,57,33,61,37,6,0,0,27,24,26,5,1,0,0,1,0,0,0,0,0,7,1,42.10526316,45.61403509,8.77192982,1.75438596,1.75438596,0,5,6,28,1,4,0,0,2,3,0,0,1,0,0,0,-0.3821292,126.4142,56.9,56.9,3.99068582,5.2028,530.3362056,77.54181094,18.01075068,546.2292359,227.2414901,380.24,-4.78208295,-5.11115153,-5.22068582,0,1,1,1,0.6,0.5,1,1,0.87142857,0.33333333,0.875,1,0,0,0,0,0,0,0,0,0,0,0,0,0,0,0
1,16.08,0.3,1.4,12.59,0,0,0,0,0,0,445.51,0.07007576,54,33,58,37,5,0,0,27,21,25,5,1,0,0,2,0,0,0,0,0,8,2,38.88888889,46.2962963,9.25925926,1.85185185,3.7037037,0,5,6,28,1,4,0,0,2,3,0,0,1,0,0,0,-0.3520827,122.0814,56.9,56.9,3.88969228,5.3735,507.0932517,92.50192421,18.01075068,525.7475083,218.8473395,369.01,-4.69623844,-5.01520767,-5.11969228,0,1,1,1,0.6,0,1,1,0.8,0.33333333,0.875,1,0,0,0,0,0,0,0,0,0,0,0,0,0,0,0
1,14.73,0.27,0.7,10.8,0,0,0,0,0,0,413.49,0.07526882,51,31,55,35,5,0,0,27,20,24,5,1,0,0,1,0,0,0,0,0,7,1,39.21568627,47.05882353,9.80392157,1.96078431,1.96078431,0,5,6,28,1,4,0,0,2,3,0,0,1,0,0,0,-0.36064975,116.9258,56.38,56.38,3.58194508,4.6337,478.1827341,77.54181094,18.01075068,499.4186047,208.0568052,345.64,-4.43465332,-4.72284783,-4.81194508,0,1,1,1,0.6,0,1,1,0.8,0.33333333,0.875,1,0,0,0,0,0,1,1,0,0,0,0,1,0,1,0
0,0,0,0,0,0,0,0,0,0,0,674.03,0.04875887,111,48,118,55,7,1,0,0,63,39,1,8,0,0,0,0,0,0,0,0,9,0,56.75675676,35.13513514,0.9009009,7.20720721,0,0,8,26,42,5,3,1,1,1,5,1,0,2,2,2,0,0.04391469,179.5086,106.92,106.92,3.49872649,3.814,1003.089936,168.6353667,85.36668632,873.9700997,361.5615163,663.06,-4.36391752,-4.64379017,-4.72872649,0,0.75,0.5,0.83333333,0.9,1,0.83333333,1,0.83095238,0.16666667,0.75,0,0,0,0,0,0,0,0,0,0,0,0,0,0,0,0
1,15.02,0.3,2.35,12.8,0,0,0,0,0,0,520.98,0.06349206,60,36,64,40,5,1,0,17,24,25,4,3,0,0,3,1,0,0,0,1,11,4,40,41.66666667,6.66666667,5,6.66666667,0,5,6,29,1,4,0,0,1,4,0,0,0,1,0,0,-0.68917513,128.0601,61.11,61.11,4.46089853,5.5732,582.9212253,117.4085847,0,573.3554817,238.358804,426.59,-5.18176375,-5.55785361,-5.69089853,1,0.5,0.83333333,0.83333333,0.7,0.5,0.83333333,1,0.74285714,0.16666667,0.625,0,0,0,0,0,0,0,0,0,0,0,0,0,0,0,0
0,0,0,0,0,0,0,0,0,0,0,431.37,0.08262108,47,27,49,29,7,2,0,12,20,18,2,4,0,1,0,2,0,0,0,3,9,2,42.55319149,38.29787234,4.25531915,8.5106383,4.25531915,0,3,3,16,0,3,0,1,0,2,0,0,0,0,0,0,1.01807025,104.9567,92.86,101.24,1.82318016,2.7892,515.4633656,132.4119313,75.58053063,482.3421927,201.0582757,351.33,-2.93970314,-3.05202116,-3.05318016,0,1,1,1,1,1,1,1,1,0.33333333,1,1,0,1,0,0,0,1,0,1,1,0,0,1,0,1,0
1,17.36,0.31,1.55,12.61,0,0,0,0,0,0,409.53,0.07526882,54,31,58,35,5,0,0,27,23,25,5,1,0,0,0,0,0,0,0,0,6,0,42.59259259,46.2962963,9.25925926,1.85185185,0,0,5,6,28,1,4,0,0,2,3,0,0,1,0,0,0,-0.39261231,121.3009,56.38,56.38,3.68534393,4.7108,501.425688,62.58169767,18.01075068,519.9003322,216.4509558,356.87,-4.52254234,-4.82107673,-4.91534393,0,1,1,1,0.6,0,1,1,0.8,0.33333333,0.875,1,0,0,0,0,0,1,0,0,0,0,0,0,0,1,0
0,7.56,0.15,1.48,3.3,0,0,0,0,0,0,662.95,0.04902868,105,47,111,53,6,2,0,0,58,37,0,10,0,0,0,0,0,0,0,0,10,0,55.23809524,35.23809524,0,9.52380952,0,0,7,25,38,5,2,1,0,1,5,1,0,2,2,2,0,1.30339859,170.0158,151.98,151.98,2.31201162,2.6737,1008.816932,265.0227783,170.7333726,840.9800665,348.0410108,644.76,-3.35520987,-3.51641104,-3.54201162,0,0.75,0.5,0.83333333,0.9,1,0.66666667,0.5,0.73571429,0.16666667,0.625,0,0,0,0,0,0,0,0,0,0,0,0,0,0,0,0
1,14.95,0.28,2.4,9.25,0,0,0,0,0,0,485.79,0.0605042,82,35,83,36,14,3,0,6,47,29,3,3,0,0,0,0,0,0,0,0,6,0,57.31707317,35.36585366,3.65853659,3.65853659,0,0,2,2,12,0,2,0,0,0,2,0,0,0,0,0,0,0.10547856,141.6946,78.51,78.51,3.45721674,5.7181,773.8184915,114.5805964,36.02150137,696.8438538,288.9687926,518.17,-4.32863423,-4.6043559,-4.68721674,0,1,0.66666667,0.83333333,1,1,0.83333333,0.5,0.83333333,0.16666667,0.75,0,0,0,0,0,0,0,0,0,0,0,0,0,0,0,0
0,0,0,0,0,0,0,0,0,0,0,612.85,0.04756871,92,44,93,45,17,4,0,12,48,33,4,7,0,0,0,0,0,0,0,0,11,0,52.17391304,35.86956522,4.34782609,7.60869565,0,0,2,2,12,0,2,0,0,0,2,0,0,0,0,0,0,1.37667945,166.734,146.3,146.3,2.22170406,4.5291,937.5305667,222.419393,96.71559521,817.4750831,338.4078209,612.07,-3.27844845,-3.43061886,-3.45170406,1,0.5,0.5,0.5,0.8,1,0.33333333,0,0.51904762,0.16666667,0.625,0,0,0,0,0,0,0,0,0,0,0,0,0,0,0,0
1,14.89,0.28,1.95,9.27,0,0,0,0,0,0,434.52,0.07311828,56,31,59,34,5,0,0,16,25,21,6,1,0,0,3,0,0,0,0,0,10,3,44.64285714,37.5,10.71428571,1.78571429,5.35714286,0,4,4,22,0,4,0,0,2,2,0,0,0,0,0,0,-0.26476208,110.8832,69.79,69.79,4.80126231,4.1681,520.573704,124.1250449,18.01075068,505.3820598,210.5008442,364.24,-5.47107296,-5.88119919,-6.03126231,0,0.75,0.83333333,1,1,0.5,1,1,0.86904762,0.16666667,0.875,1,0,1,0,0,0,1,0,1,0,0,0,1,0,1,0
1,16.12,0.3,3.72,10.11,0,0,0,0,0,0,470.56,0.06951872,59,34,64,39,4,0,0,17,25,23,8,0,0,0,3,0,0,0,0,0,11,3,42.37288136,38.98305085,13.55932203,0,5.08474576,0,6,8,33,3,4,0,0,3,3,1,1,0,0,0,0,-0.27530304,125.3984,75,75,5.61571956,4.5359,521.3439399,136.1593144,18.01075068,532.3754153,221.5636948,384.69,-6.16336163,-6.65493359,-6.84571956,0,0.75,0.5,0.83333333,0.7,0.5,0.83333333,1,0.73095238,0.16666667,0.625,1,0,0,0,0,0,0,0,0,0,0,0,1,0,0,0
1,11.52,0.21,1.02,6.92,0,0,0,0,0,0,468.61,0.06722689,63,35,68,40,6,1,0,22,28,27,6,2,0,0,0,0,0,0,0,0,8,0,44.44444444,42.85714286,9.52380952,3.17460317,0,0,6,7,32,1,5,1,0,2,2,1,0,0,0,1,0,-0.76536419,135.1036,78.07,78.07,3.87263398,4.3308,574.8701467,89.25815112,0,582.1428571,241.9601874,412.44,-4.68173888,-4.99900228,-5.10263398,0,1,0.66666667,1,0.8,0.5,1,1,0.85238095,0.16666667,0.75,0,0,0,0,0,0,0,0,0,0,0,0,0,0,0,0
1,8.2,0.16,-0.07,4.78,0,0,0,0,0,0,685.06,0.04761905,113,49,120,56,7,2,0,0,64,40,2,7,0,0,0,0,0,0,0,0,9,0,56.63716814,35.39823009,1.7699115,6.19469027,0,0,8,27,44,8,2,1,0,1,7,1,0,2,2,2,0,0.61162284,184.8757,117.56,117.56,3.96879651,4.5742,1024.046388,189.7912686,103.377437,897.0598007,371.0245085,679.93,-4.76347704,-5.09035669,-5.19879651,0,0.75,0.5,0.83333333,0.9,1,0.83333333,1,0.83095238,0.16666667,0.75,0,0,0,0,0,0,0,0,0,0,0,0,0,0,0,0
1,9.87,0.19,0.78,5.59,0,0,0,0,0,0,630.95,0.05151515,103,45,109,51,7,2,0,0,58,37,0,8,0,0,0,0,0,0,0,0,8,0,56.31067961,35.9223301,0,7.76699029,0,0,7,25,36,5,2,1,1,1,4,1,0,2,2,2,0,0.04902467,167.0747,111.52,111.52,4.18784427,4.1735,962.1083267,179.6560919,85.36668632,821.4784053,340.0485268,627.18,-4.94966763,-5.29845205,-5.41784427,1,0.5,0.66666667,0.83333333,0.9,1,0.83333333,1,0.81904762,0.16666667,0.75,0,0,0,0,0,0,0,0,0,0,0,0,0,0,0,0
1,21.53,0.43,6.03,12.06,0,0,0,0,0,0,442.4,0.07816092,41,30,45,34,2,2,0,17,11,18,4,2,0,1,5,0,0,0,0,1,12,5,26.82926829,43.90243902,9.75609756,4.87804878,12.19512195,0,5,11,28,4,2,0,0,2,3,1,0,2,1,1,0,-0.18384435,96.1378,78.95,87.33,2.86564782,4.2805,395.4189478,154.0806161,16.66300743,419.5847176,175.337999,314.78,-3.82580064,-4.04236543,-4.09564782,0,1,1,1,0.6,0.5,1,1,0.87142857,0.5,0.875,1,0,1,0,0,0,1,0,1,0,0,0,1,0,1,0
1,21.02,0.44,4.77,13.99,0,0,0,0,0,0,439.87,0.08128079,42,29,46,33,2,2,0,17,13,19,3,2,0,1,3,1,0,0,0,2,10,4,30.95238095,45.23809524,7.14285714,4.76190476,9.52380952,0,5,11,28,4,2,0,0,2,3,1,0,2,1,1,0,-0.23402445,102.7252,66.06,74.44,3.59045975,4.7169,416.4727599,107.37486,16.66300743,440.89701,184.0725451,324.15,-4.44189079,-4.73093676,-4.82045975,0,1,1,1,0.6,0.5,1,1,0.87142857,0.33333333,0.875,1,0,0,0,0,0,1,0,0,0,0,0,0,0,1,0
1,22.59,0.49,5.12,13.62,0,0,0,0,0,0,398.34,0.09333333,42,25,45,28,3,3,0,11,17,17,3,2,0,1,0,2,0,0,0,3,8,2,40.47619048,40.47619048,7.14285714,4.76190476,4.76190476,0,4,7,23,3,2,0,0,1,3,0,1,1,0,1,0,-0.23781226,99.9703,66.06,74.44,2.91163568,3.5898,436.4170788,62.49452016,16.66300743,437.9734219,182.8743533,315.09,-3.86489032,-4.08605389,-4.14163568,0,1,1,1,0.8,0.5,1,1,0.9,0.5,1,1,0,1,0,0,0,1,0,1,0,0,0,1,0,1,0
0,0,0,0,0,0,0,0,0,0,0,513.52,0.0605042,62,35,63,36,6,1,1,6,27,24,1,2,0,0,8,0,0,0,0,0,11,8,43.5483871,38.70967742,1.61290323,3.22580645,12.90322581,0,2,2,12,0,2,0,0,0,2,0,0,0,0,0,0,-0.28794445,113.7692,40.54,40.54,5.5737277,6.8699,631.9918531,190.6334903,42.68334316,560.2990033,233.0077883,449.44,-6.12766855,-6.61504132,-6.8037277,1,0.5,0.66666667,0.66666667,0.8,1,0.66666667,1,0.75714286,0.5,0.625,0,0,0,0,0,0,0,0,0,0,0,0,0,0,0,0
0,8.26,0.16,-0.22,4.6,0,0,0,0,0,0,532.59,0.06306306,60,37,65,42,4,3,0,17,23,25,4,4,0,1,3,0,0,0,0,1,12,3,38.33333333,41.66666667,6.66666667,6.66666667,5,0,6,9,34,3,4,0,0,2,4,0,1,1,0,1,0,-0.28446923,129.421,95.6,103.98,3.09839984,4.5677,558.3807339,146.6439888,16.66300743,571.8936877,237.7597081,426.32,-4.02363986,-4.26347985,-4.32839984,0,0.75,0.66666667,0.83333333,0.7,0.5,0.83333333,1,0.7547619,0.16666667,0.75,0,0,0,0,0,0,0,0,0,0,0,0,0,0,0,0
1,15.31,0.29,2.32,12.04,0,0,0,0,0,0,480.56,0.06554622,61,35,65,39,5,2,0,17,26,26,4,3,0,0,2,0,0,0,0,0,9,2,42.62295082,42.62295082,6.55737705,4.91803279,3.27868852,0,5,6,29,1,4,0,0,1,4,0,0,0,1,0,0,-0.73701737,128.4972,61.11,61.11,4.28745022,4.7816,573.4052179,102.4484714,0,566.3621263,235.4926747,419.97,-5.03433269,-5.39307771,-5.51745022,0,0.75,0.83333333,1,0.8,0.5,1,1,0.84047619,0.16666667,0.625,0,0,0,0,0,0,0,0,0,0,0,0,0,0,0,0
1,14.88,0.28,3.11,7.6,0,0,0,0,0,0,368.48,0.08547009,51,27,54,30,4,2,0,11,24,20,4,3,0,0,0,0,0,0,0,0,7,0,47.05882353,39.21568627,7.84313725,5.88235294,0,0,4,5,23,1,3,0,0,1,3,0,0,0,1,0,0,-0.30892286,103.2809,72.11,72.11,2.49758413,2.2641,483.3485491,104.2117002,42.68334316,459.551495,191.7178258,335.21,-3.51294651,-3.69270492,-3.72758413,0,1,1,1,1,0.5,1,1,0.92857143,0.33333333,1,1,1,1,0,1,0,0,0,1,1,0,0,1,1,1,0
1,15.9,0.29,3.06,8.12,0,0,0,0,0,0,352.43,0.08923077,46,26,49,29,3,3,0,11,20,19,4,3,0,0,0,0,0,0,0,0,7,0,43.47826087,41.30434783,8.69565217,6.52173913,0,0,4,5,23,1,3,0,0,1,3,0,0,0,1,0,0,-0.72240126,97.1497,68.95,68.95,2.59854302,2.1152,435.2014769,86.67328402,0,429.0033223,179.1980829,315.27,-3.59876157,-3.78861587,-3.82854302,0,1,1,1,0.8,0.5,1,1,0.9,0.5,1,1,1,1,0,1,0,0,0,1,1,0,0,1,1,1,0
1,16.11,0.29,1.93,12.87,0,0,0,0,0,0,414.55,0.07526882,57,31,61,35,4,2,0,17,26,25,4,2,0,0,0,0,0,0,0,0,6,0,45.61403509,43.85964912,7.01754386,3.50877193,0,0,5,6,29,1,4,0,0,1,4,0,0,0,1,0,0,-0.79906392,121.6012,51.88,51.88,4.10500973,4.387,524.0586437,61.52835699,0,527.358804,219.5077066,381.74,-4.87925827,-5.21975925,-5.33500973,0,1,1,1,0.8,0.5,1,1,0.9,0.33333333,0.875,1,0,0,0,0,0,1,0,1,0,0,0,1,0,1,0
1,16.11,0.31,0.98,11.67,0,0,0,0,0,0,438.63,0.07311828,58,31,61,34,7,0,0,21,27,23,6,0,0,1,1,0,0,0,0,1,8,1,46.55172414,39.65517241,10.34482759,0,1.72413793,0,4,4,21,0,4,0,0,3,1,0,0,0,0,0,0,-0.32868719,123.7749,60.56,88.8,4.80819954,5.9578,562.3555172,83.20493048,18.01075068,549.4684385,228.5690322,380.24,-5.47696961,-5.88778956,-6.03819954,0,0.75,0.83333333,1,0.8,0.5,1,1,0.84047619,0.16666667,0.875,0,0,0,0,0,0,0,0,0,0,0,0,0,0,0,0
1,15.19,0.3,1.6,11.6,0,0,0,0,0,0,462.52,0.07258065,50,32,54,36,5,0,0,21,18,21,6,0,0,1,4,0,0,0,0,1,11,4,36,42,12,0,8,0,5,6,26,1,4,0,0,4,1,0,1,0,0,0,0,-0.24779983,114.1163,60.56,88.8,4.70218214,5.3279,472.533029,128.0852703,18.01075068,493.3887043,205.5855346,351.49,-5.38685482,-5.78707303,-5.93218214,0,0.75,0.66666667,1,0.8,0.5,1,1,0.81666667,0.16666667,0.625,1,0,0,0,0,0,0,0,0,0,0,0,0,0,0,0
0,17.75,0.36,1.48,9.71,1,0,0,0,1,2,281.76,0.11695906,35,19,36,20,4,2,0,6,16,14,1,3,0,0,0,1,0,0,0,1,5,1,45.71428571,40,2.85714286,8.57142857,2.85714286,0,2,3,12,1,1,0,0,0,2,0,0,0,1,0,0,-0.24929158,75.7571,51.47,51.47,3.4986152,3.2218,367.0596559,65.15545349,18.01075068,340.0830565,142.755351,254.52,-4.36382292,-4.64368444,-4.7286152,0,1,1,1,1,1,1,1,1,0.5,1,1,1,1,1,1,0,0,0,1,0,1,0,1,1,1,1
1,17.39,0.32,4.34,10.27,0,0,0,0,0,0,463.52,0.06595365,57,34,60,37,5,3,0,18,23,26,3,3,0,0,2,0,0,0,0,0,8,2,40.35087719,45.61403509,5.26315789,5.26315789,3.50877193,0,4,7,25,2,2,0,0,0,3,1,0,0,0,2,0,0.17664638,123.0345,78.51,78.51,3.41691996,3.5759,563.1150058,144.5008229,36.02150137,553.538206,230.2369697,416.05,-4.29438197,-4.56607396,-4.64691996,0,1,0.83333333,1,0.8,0.5,1,1,0.87619048,0.16666667,0.875,1,0,0,0,0,0,1,0,1,0,0,0,1,0,0,0
0,0,0,0,0,0,0,0,0,0,0,1145.63,0.025,177,81,177,81,33,11,0,6,96,57,10,14,0,0,0,0,0,0,0,0,24,0,54.23728814,32.20338983,5.64971751,7.90960452,0,0,1,1,6,0,1,0,0,0,1,0,0,0,0,0,0,5.28999406,300.9611,335.76,335.76,-0.6516127,4.4926,1805.498398,489.7013679,180.1075068,1536.395349,633.0472741,1167.5,-0.8361292,-0.70096793,-0.5783873,1,0.25,0.33333333,0.33333333,0.6,1,0.16666667,0,0.38333333,0.16666667,0.5,0,0,0,0,0,0,0,0,0,0,0,0,0,0,0,0
1,0,0,0,0,0,0,0,0,0,0,383.6,0.08547009,56,27,59,30,4,2,0,12,29,23,1,2,0,1,0,0,0,0,0,1,4,0,51.78571429,41.07142857,1.78571429,3.57142857,0,0,4,7,24,3,2,0,0,1,2,1,1,0,0,1,1,-0.41882131,110.4685,46.17,54.55,4.31125309,5.5235,519.6474202,60.71794951,16.40499744,504.5847176,210.1740646,366.47,-5.05456513,-5.41569044,-5.54125309,0,0.75,1,1,0.8,0.5,1,1,0.86428571,0.5,0.875,1,0,0,0,0,0,0,0,0,0,0,0,0,0,0,0
1,15.7,0.34,3.14,9.75,0,0,0,0,0,0,412.9,0.08307692,46,26,47,27,6,3,0,6,20,16,2,3,0,1,3,1,0,0,0,2,10,4,43.47826087,34.7826087,4.34782609,6.52173913,8.69565217,0,2,2,13,0,2,0,0,0,1,1,0,0,0,0,0,-0.17962922,92.6337,66.48,74.86,2.54742642,3.9392,474.7791124,133.8675303,18.01075068,446.5448505,186.3872338,339.48,-3.55531246,-3.7400551,-3.77742642,0,1,1,1,1,1,1,1,1,0.33333333,1,1,0,1,0,0,0,1,0,1,0,0,0,1,0,1,0
1,16.63,0.34,3.82,9.29,0,0,0,0,0,0,422.97,0.07936508,51,28,53,30,6,3,0,12,23,20,2,4,0,1,0,1,0,0,0,2,8,1,45.09803922,39.21568627,3.92156863,7.84313725,1.96078431,0,3,3,19,0,3,0,0,0,2,1,0,0,0,0,0,-0.28779665,109.053,75.71,84.09,2.37655509,3.9221,520.6004373,99.98707833,18.01075068,501.6777409,208.9826807,368.08,-3.41007183,-3.57772734,-3.60655509,0,1,1,1,0.8,0.5,1,1,0.9,0.33333333,1,1,0,1,0,0,0,1,0,1,0,0,0,1,0,1,0
1,12.6,0.26,2.19,8.84,0,0,0,0,0,0,492.09,0.06818182,63,33,66,36,6,3,0,12,30,24,3,4,0,1,0,1,0,0,0,2,9,1,47.61904762,38.0952381,4.76190476,6.34920635,1.58730159,0,4,5,24,1,3,0,0,0,4,0,0,0,1,0,0,-0.72111588,130.656,70.16,78.54,2.87582815,4.5199,615.614916,88.22495543,0,593.8372093,246.7529546,435.92,-3.83445393,-4.05203674,-4.10582815,0,1,0.83333333,1,1,1,1,1,0.97619048,0.33333333,0.875,0,0,0,0,0,0,0,0,0,0,0,0,0,0,0,0
0,0,0,0,0,0,0,0,0,0,0,285.74,0.11578947,32,20,34,22,2,2,0,12,12,16,1,2,0,0,0,1,0,0,0,1,4,1,37.5,50,3.125,6.25,3.125,0,3,4,17,1,2,0,0,1,2,0,0,1,0,0,0,-0.32045555,79.2185,42.09,42.09,3.47921648,3.3791,335.2415258,54.1555656,18.01075068,337.6744186,141.7682044,249.15,-4.34733401,-4.62525565,-4.70921648,0,1,1,1,0.6,0,1,1,0.8,0.83333333,1,1,1,1,1,1,0,0,0,1,0,1,0,1,1,1,1
0,9.96,0.2,-2.27,6.52,0,0,0,0,0,0,446.03,0.0688172,63,31,64,32,13,2,0,12,32,25,1,4,0,0,0,1,0,0,0,1,6,1,50.79365079,39.68253968,1.58730159,6.34920635,1.58730159,0,2,2,12,0,2,0,0,0,2,0,0,0,0,0,0,-0.39261231,123.7733,68.12,68.12,6.25888875,7.5806,654.3665641,109.4467837,42.68334316,585.8637874,243.4851588,434.79,-6.71005544,-7.26594432,-7.48888875,0,0.75,0.66666667,0.66666667,0.9,1,0.66666667,0.5,0.73571429,0.16666667,0.75,0,0,0,0,0,0,0,0,0,0,0,0,0,0,0,0
1,23.06,0.52,2.69,15.77,0,0,0,0,0,0,262.15,0.13333333,29,16,29,16,5,1,0,6,13,11,1,2,0,0,0,2,0,0,0,2,5,2,44.82758621,37.93103448,3.44827586,6.89655172,6.89655172,0,1,1,6,0,1,0,0,0,1,0,0,0,0,0,0,-0.16819725,66.0315,38.33,38.33,3.19864724,3.6143,341.3269046,54.1555656,18.01075068,305.6312292,128.6357497,224.04,-4.10885016,-4.35871488,-4.42864724,0,1,1,1,1,1,1,1,1,0.66666667,1,1,0,1,0,0,0,0,0,1,0,1,0,1,0,1,0
0,8.77,0.17,-0.94,5.16,0,0,0,0,0,0,544.17,0.056899,77,38,79,40,11,3,0,12,39,30,3,3,0,0,1,1,0,0,0,1,8,2,50.64935065,38.96103896,3.8961039,3.8961039,2.5974026,0,3,3,19,0,3,0,0,0,2,1,0,0,0,0,0,0.73835055,148.6115,92.5,92.5,4.23745149,5.9899,755.8557058,144.4271464,50.90793816,704.0365449,291.9166167,525.57,-4.99183377,-5.34557892,-5.46745149,1,0.5,0.66666667,0.66666667,0.9,1,0.66666667,0.5,0.7,0.16666667,0.625,0,0,0,0,0,0,0,0,0,0,0,0,0,0,0,0
0,9.69,0.19,1.05,4.19,0,0,0,0,0,0,453.49,0.07526882,49,31,53,35,3,2,0,16,18,19,5,3,0,1,3,0,0,0,0,1,12,3,36.73469388,38.7755102,10.20408163,6.12244898,6.12244898,0,5,8,28,3,3,0,0,2,3,0,1,1,0,1,0,-0.20083697,104.2603,104.98,113.36,1.70813689,2.2963,464.0341324,150.4532654,16.66300743,470.6146179,196.2518926,342.37,-2.84191636,-2.94273004,-2.93813689,0,1,0.83333333,1,0.8,0.5,1,1,0.87619048,0.5,0.875,1,0,0,0,0,0,0,0,1,0,0,0,1,0,1,0
1,17.16,0.34,3.02,11.62,0,0,0,0,0,0,447.52,0.07526882,51,31,55,35,3,2,0,17,20,22,3,2,0,1,3,0,0,0,0,1,9,3,39.21568627,43.1372549,5.88235294,3.92156863,5.88235294,0,5,8,29,3,3,0,0,1,4,0,1,1,0,1,0,-0.29672464,111.7107,66.06,74.44,3.75220268,4.8471,477.0572068,107.37486,16.66300743,490.7807309,204.516693,360.84,-4.57937228,-4.88459255,-4.98220268,0,1,1,1,0.8,0.5,1,1,0.9,0.33333333,0.875,1,0,0,0,0,0,1,0,0,0,0,0,0,0,1,0
0,0,0,0,0,0,0,0,0,0,0,460.06,0.06653226,66,32,67,33,14,2,0,12,34,26,1,4,0,0,0,1,0,0,0,1,6,1,51.51515152,39.39393939,1.51515152,6.06060606,1.51515152,0,2,2,12,0,2,0,0,0,2,0,0,0,0,0,0,-0.40267472,128.3743,68.12,68.12,6.46011643,8.0368,680.4432999,109.4467837,42.68334316,609.269103,253.0775012,452.09,-6.88109897,-7.45711061,-7.69011643,0,0.75,0.5,0.66666667,0.9,1,0.66666667,0.5,0.71190476,0.16666667,0.625,0,0,0,0,0,0,0,0,0,0,0,0,0,0,0,0
0,0,0,0,0,0,0,0,0,0,0,488.12,0.06238859,72,34,73,35,16,2,0,12,38,28,1,4,0,0,0,1,0,0,0,1,6,1,52.77777778,38.88888889,1.38888889,5.55555556,1.38888889,0,2,2,12,0,2,0,0,0,2,0,0,0,0,0,0,-0.42116286,137.5763,68.12,68.12,6.85383885,8.9492,732.5967713,109.4467837,42.68334316,656.0797342,272.2621862,486.69,-7.21576302,-7.8311469,-8.08383885,0,0.75,0.5,0.66666667,0.9,1,0.66666667,0.5,0.71190476,0.16666667,0.625,0,0,0,0,0,0,0,0,0,0,0,0,0,0,0,0
0,10.64,0.2,-0.22,7.07,0,0,0,0,0,0,489.73,0.06190476,75,36,78,39,7,0,0,18,39,29,5,2,0,0,0,0,0,0,0,0,7,0,52,38.66666667,6.66666667,2.66666667,0,0,4,4,24,0,4,0,0,0,4,0,0,0,0,0,0,0.12083982,148.1152,73.75,73.75,4.34912659,6.7298,717.1176519,111.5136686,60.69409384,662.7408638,274.9921573,476.94,-5.0867576,-5.45167026,-5.57912659,0,0.75,0.83333333,1,1,1,1,1,0.94047619,0.16666667,0.75,0,0,0,0,0,0,0,0,0,0,0,0,0,0,0,0
0,10.04,0.19,0.03,5.2,0,0,0,0,0,0,486.69,0.06349206,70,36,74,40,6,0,0,22,34,27,8,1,0,0,0,0,0,0,0,0,9,0,48.57142857,38.57142857,11.42857143,1.42857143,0,0,5,6,29,1,4,0,0,1,4,0,0,1,0,0,0,-0.35505951,141.5065,93.88,93.88,5.64211286,5.2746,648.1388096,116.0626002,18.01075068,630.730897,261.8733185,440.65,-6.18579593,-6.68000722,-6.87211286,0,0.75,0.5,0.83333333,0.7,0.5,0.83333333,1,0.73095238,0.16666667,0.625,0,0,0,0,0,0,0,0,0,0,0,0,0,0,0,0
0,11.13,0.21,0.56,5.45,0,0,0,0,0,0,418.61,0.07311828,61,31,64,34,7,0,0,21,30,23,8,0,0,0,0,0,0,0,0,0,8,0,49.18032787,37.70491803,13.1147541,0,0,0,4,5,22,1,3,0,0,2,2,0,0,1,0,0,0,0.22496265,125.6375,85.48,85.48,4.55071725,4.8284,568.5835308,103.0410975,36.02150137,552.5415282,229.8284952,377.66,-5.25810966,-5.64318139,-5.78071725,0,0.75,0.83333333,1,0.8,0.5,1,1,0.84047619,0.16666667,0.875,1,0,0,0,0,0,1,0,0,0,0,0,0,0,1,0
0,9.54,0.18,-1.1,7.06,0,0,0,0,0,0,527.79,0.05802969,80,39,84,43,6,0,0,22,41,31,7,1,0,0,0,0,0,0,0,0,8,0,51.25,38.75,8.75,1.25,0,0,5,6,29,1,4,0,0,1,4,0,0,1,0,0,0,-0.40879472,158.4293,71.34,71.34,5.53384277,7.0836,739.6081898,85.615855,18.01075068,707.7740864,293.4483961,498.85,-6.09376635,-6.57715063,-6.76384277,1,0.5,0.66666667,0.66666667,0.8,1,0.66666667,1,0.75714286,0.16666667,0.625,0,0,0,0,0,0,0,0,0,0,0,0,0,0,0,0
0,9.56,0.19,-1.5,3.03,0,0,1,0,0,1,498.91,0.06218487,54,35,56,37,9,4,0,18,19,23,4,7,0,0,0,1,0,0,0,1,12,1,35.18518519,42.59259259,7.40740741,12.96296296,1.85185185,0,3,3,18,0,3,0,0,0,3,0,0,0,0,0,0,-0.25959763,125.8086,151.33,151.33,3.34686009,0.6645,626.8756291,216.5733642,42.68334316,564.2857143,234.6416862,423.1,-4.23483107,-4.49951708,-4.57686009,0,0.75,0.66666667,0.66666667,0.3,0,0.66666667,1,0.57857143,0.16666667,0.75,0,0,0,0,0,0,0,0,1,0,0,0,0,0,0,0
1,21.65,0.46,5.01,12.71,0,0,0,0,0,0,387.87,0.09333333,41,25,44,28,2,2,0,11,16,16,3,2,0,1,2,1,0,0,0,2,9,3,39.02439024,39.02439024,7.31707317,4.87804878,7.31707317,0,4,7,23,3,2,0,0,1,3,0,1,1,0,1,0,-0.19829378,90.6986,66.06,74.44,2.7568306,3.2344,404.2647782,92.4147467,16.66300743,407.2259136,170.2729154,297.36,-3.73330601,-3.93898907,-3.9868306,0,1,1,1,0.8,0.5,1,1,0.9,0.5,1,1,1,1,0,0,0,1,0,1,1,0,0,1,1,1,1
1,16.45,0.34,3.4,8.92,0,0,0,0,0,0,407.96,0.08831909,49,27,53,31,5,2,0,11,22,19,3,3,0,1,0,1,0,0,0,2,8,1,44.89795918,38.7755102,6.12244898,6.12244898,2.04081633,0,5,8,26,3,3,1,0,1,3,0,1,1,0,1,0,-0.27229005,104.2511,75.29,83.67,2.44471968,2.9619,457.5177545,73.49440805,16.66300743,463.3056478,193.2564131,333.55,-3.46801172,-3.64248369,-3.67471968,0,1,1,1,0.8,0.5,1,1,0.9,0.33333333,0.875,1,0,1,0,0,0,1,0,1,1,0,0,1,0,1,0
1,19.45,0.4,4.53,10.23,0,0,0,0,0,0,395.95,0.08923077,48,26,51,29,5,2,0,11,22,18,3,3,0,1,0,1,0,0,0,2,8,1,45.83333333,37.5,6.25,6.25,2.08333333,0,4,7,23,3,2,0,0,1,3,0,1,1,0,1,0,-0.25567146,101.8743,75.29,83.67,2.21721808,3.0686,465.8662801,73.49440805,16.66300743,457.9401993,191.0574587,328.61,-3.27463537,-3.42635718,-3.44721808,0,1,1,1,0.8,0.5,1,1,0.9,0.33333333,1,1,0,1,0,0,0,1,0,1,1,0,0,1,0,1,0
1,14.13,0.27,3.21,7.93,1,0,0,0,1,2,461.59,0.07007576,56,33,60,37,6,4,0,16,23,24,5,3,0,1,0,0,0,0,0,1,9,0,41.07142857,42.85714286,8.92857143,5.35714286,0,0,5,6,28,1,4,0,0,2,3,0,0,0,1,0,0,-0.72111588,129.0108,82.25,110.49,2.04141266,1.2967,545.5489,101.1094288,0,550.2990033,228.9094276,400.1,-3.12520076,-3.25934202,-3.27141266,0,1,0.83333333,1,0.8,0.5,1,1,0.87619048,0.33333333,0.75,1,0,0,0,0,0,0,0,0,0,0,0,0,0,0,0
1,14.78,0.28,3.39,10.19,1,0,0,0,1,2,478.49,0.06595365,56,34,59,37,6,4,0,11,22,23,4,3,0,0,4,0,0,0,0,0,11,4,39.28571429,41.07142857,7.14285714,5.35714286,7.14285714,0,4,5,23,1,3,0,0,1,3,0,0,0,1,0,0,-0.67095517,117.9183,69.36,69.36,3.14382815,2.389,541.6239253,144.1643524,0,527.1760797,219.4328196,406.11,-4.06225393,-4.30663674,-4.37382815,0,1,0.83333333,1,0.8,0.5,1,1,0.87619048,0.16666667,0.875,1,0,0,0,0,0,0,0,1,0,0,0,0,0,0,0
1,15.56,0.29,4.22,8.15,1,0,0,0,1,2,499.49,0.06349206,56,36,60,40,6,4,0,16,20,24,5,4,0,0,3,0,0,0,0,0,12,3,35.71428571,42.85714286,8.92857143,7.14285714,5.35714286,0,5,6,28,1,4,0,0,2,3,0,0,0,1,0,0,-0.66160812,124.7106,95.39,95.39,2.42462482,2.2682,541.6641668,158.5349568,0,541.6611296,225.3693154,408.59,-3.45093109,-3.62339357,-3.65462482,0,1,0.66666667,1,0.8,0.5,1,1,0.85238095,0.33333333,0.75,0,0,0,0,0,0,0,0,1,0,0,0,0,0,0,0
1,12.58,0.25,-1.02,12.17,0,1,1,0,0,2,515.57,0.06031746,65,36,67,38,8,1,0,12,29,26,2,2,0,0,6,0,0,0,0,0,10,6,44.61538462,40,3.07692308,3.07692308,9.23076923,-1,3,3,18,0,3,0,0,0,3,0,0,0,0,0,0,-0.71674213,121.6734,56.26,56.26,5.06704217,6.3879,635.6808264,161.4379895,0,589.0863787,244.8058929,455.68,-5.69698585,-6.13369006,-6.29704217,1,0.5,0.66666667,0.66666667,0.8,1,0.66666667,1,0.75714286,0.33333333,0.75,0,0,0,0,0,0,0,0,0,0,0,0,0,0,0,0
0,9.08,0.18,-2.22,7.09,0,1,1,0,0,2,516.56,0.06031746,64,36,66,38,8,1,0,12,28,25,3,2,0,0,6,0,0,0,0,0,11,6,43.75,39.0625,4.6875,3.125,9.375,-1,3,3,18,0,3,0,0,0,3,0,0,0,0,0,0,-0.68917513,118.0266,69.15,69.15,4.89592364,5.4329,630.3613517,178.223519,0,582.2591362,242.0078427,449.38,-5.55153509,-5.97112745,-6.12592364,1,0.5,0.66666667,0.83333333,0.9,1,0.83333333,1,0.81904762,0.16666667,0.75,0,0,0,0,0,0,0,0,0,0,0,0,0,0,0,0
0,9.81,0.19,0.34,5.57,0,0,0,0,0,0,448.51,0.07526882,50,31,54,35,3,2,0,17,19,21,4,2,0,1,3,0,0,0,0,1,10,3,38,42,8,4,6,0,5,8,29,3,3,0,0,1,4,0,1,1,0,1,0,-0.26476208,109.6306,78.95,87.33,2.76728478,3.629,471.737732,124.1603895,16.66300743,483.9534884,201.7186428,354.54,-3.74219207,-3.94892054,-3.99728478,0,1,1,1,0.8,0.5,1,1,0.9,0.5,0.875,1,0,0,0,0,0,1,0,1,0,0,0,1,0,1,0
0,7.53,0.14,-0.47,4.24,0,0,0,0,0,0,645.97,0.05024155,105,46,111,52,6,2,0,0,59,37,1,8,0,0,0,0,0,0,0,0,9,0,56.19047619,35.23809524,0.95238095,7.61904762,0,0,7,25,38,5,2,1,0,1,5,1,0,2,2,2,0,0.06170866,170.8776,114.76,114.76,3.44883625,3.9316,971.9611197,182.7804058,85.36668632,838.0564784,346.842819,638.18,-4.32151081,-4.59639444,-4.67883625,0,0.75,0.5,0.83333333,0.9,1,0.83333333,1,0.83095238,0.16666667,0.75,0,0,0,0,0,0,0,0,0,0,0,0,0,0,0,0
1,20.43,0.38,6.56,8.91,0,0,0,0,0,0,396.46,0.07635468,50,29,52,31,5,4,0,12,21,21,4,3,0,0,1,0,0,0,0,0,8,1,42,42,8,6,2,0,3,4,19,1,2,0,0,0,2,1,0,0,0,1,0,0.26204073,105.9574,90.87,90.87,2.1973671,1.8357,507.1373383,146.081195,36.02150137,482.4916944,201.1195469,363.02,-3.25776203,-3.40749874,-3.4273671,0,1,1,1,0.8,0.5,1,1,0.9,0.33333333,1,1,0,1,0,0,0,0,0,1,1,0,0,1,0,1,0
1,14.97,0.3,3.47,8.09,0,0,0,0,0,0,505.48,0.06554622,56,35,60,39,5,0,0,15,21,20,7,2,0,0,6,0,0,0,0,0,15,6,37.5,35.71428571,12.5,3.57142857,10.71428571,0,5,7,27,3,3,0,0,3,2,1,0,1,0,0,0,-0.17455716,114.5747,93.61,93.61,5.53066383,4.4223,517.3916756,198.1775302,18.01075068,506.179402,210.8276238,375.22,-6.09106426,-6.57413064,-6.76066383,1,0.5,0.5,0.66666667,0.6,0.5,0.66666667,1,0.63333333,0.16666667,0.625,0,0,0,0,0,0,0,0,1,0,0,0,0,0,0,0
1,14.88,0.29,3.42,8.04,0,0,0,0,0,0,505.48,0.06554622,56,35,60,39,5,0,0,15,21,20,7,2,0,0,6,0,0,0,0,0,15,6,37.5,35.71428571,12.5,3.57142857,10.71428571,0,5,7,27,3,3,0,0,3,2,1,0,1,0,0,0,-0.17455716,114.5747,93.61,93.61,5.53066383,4.4223,517.3916756,198.1775302,18.01075068,506.179402,210.8276238,375.22,-6.09106426,-6.57413064,-6.76066383,1,0.5,0.5,0.66666667,0.6,0.5,0.66666667,1,0.63333333,0.16666667,0.625,0,0,0,0,0,0,0,0,1,0,0,0,0,0,0,0
1,20.45,0.4,6.24,9.6,0,0,0,0,0,0,426.59,0.07356322,56,30,58,32,7,4,0,11,26,22,4,3,0,1,0,0,0,0,0,1,8,0,46.42857143,39.28571429,7.14285714,5.35714286,0,0,3,4,18,1,2,0,0,1,1,1,0,0,0,1,0,0.24295394,118.249,90.87,119.11,2.11220486,2.8153,571.4185458,131.1210817,36.02150137,537.2757475,223.5720277,395.4,-3.18537413,-3.32659462,-3.34220486,0,1,1,1,1,0.5,1,1,0.92857143,0.33333333,1,1,0,1,0,0,0,1,0,1,0,0,0,1,0,1,0
1,16,0.3,2.73,8.31,0,0,0,0,0,0,429.45,0.07311828,49,31,52,34,5,0,0,22,18,20,7,1,0,0,3,0,0,0,0,0,11,3,36.73469388,40.81632653,14.28571429,2.04081633,6.12244898,0,4,4,22,0,4,0,0,2,2,0,0,0,0,0,0,-0.23279952,106.514,82.68,82.68,4.42103776,4.2029,478.3368028,140.9105745,18.01075068,477.1262459,198.9205926,339.12,-5.14788209,-5.51998587,-5.65103776,0,0.75,1,1,0.6,0,1,1,0.76428571,0.16666667,0.875,1,0,1,0,0,0,1,0,1,0,0,0,1,0,1,0
1,0,0,0,0,0,0,0,0,0,0,368.48,0.08923077,43,26,46,29,5,0,0,21,17,18,6,0,0,1,1,0,0,0,0,1,8,1,39.53488372,41.86046512,13.95348837,0,2.3255814,0,4,4,21,0,4,0,0,3,1,0,0,0,0,0,0,-0.25567146,100.9568,60.56,88.8,3.70251472,3.6052,421.9250252,83.20493048,18.01075068,432.4418605,180.6073199,293.74,-4.53713751,-4.83738899,-4.93251472,0,1,1,1,0.6,0,1,1,0.8,0.16666667,1,1,1,1,0,1,0,1,0,1,0,0,0,1,1,1,0
1,14.22,0.27,3.93,6.64,0,0,0,0,0,0,505.68,0.06031746,73,36,75,38,11,2,0,11,37,26,5,3,0,0,2,0,0,0,0,0,10,2,50.68493151,35.61643836,6.84931507,4.10958904,2.73972603,0,3,3,17,0,3,0,0,1,2,0,0,0,0,0,0,1.52249396,133.4193,108.28,108.28,3.49823395,3.13,709.6392896,193.7112054,96.71559521,640.448505,265.8559447,474.51,-4.36349886,-4.64332225,-4.72823395,0,0.75,0.66666667,0.66666667,0.9,1,0.66666667,0.5,0.73571429,0,0.75,0,0,0,0,0,0,0,0,0,0,0,0,0,0,0,0
1,19,0.37,5.75,8.1,0,0,0,0,0,0,436.51,0.0688172,57,31,58,32,10,3,0,11,26,21,4,4,0,0,2,0,0,0,0,0,10,2,45.61403509,36.84210526,7.01754386,7.01754386,3.50877193,0,2,2,11,0,2,0,0,1,1,0,0,0,0,0,0,0.28888777,109.0167,102.32,102.32,3.19349512,2.8263,584.9806493,169.1619264,36.02150137,527.4916944,219.5621698,395.52,-4.10447085,-4.35382037,-4.42349512,0,1,0.83333333,0.83333333,1,1,1,1,0.95238095,0.16666667,1,1,0,1,0,0,0,1,0,1,0,0,0,1,0,1,0
1,10.81,0.21,1.88,5.82,0,0,0,0,0,0,615.94,0.05285412,101,44,107,50,7,2,0,0,57,36,1,7,0,0,0,0,0,0,0,0,8,0,56.43564356,35.64356436,0.99009901,6.93069307,0,0,7,25,36,5,2,1,1,1,4,1,0,2,2,2,0,0.65051942,164.1841,114.32,114.32,4.01080806,3.6354,932.2072476,186.6669547,103.377437,804.9003322,333.2542345,612.09,-4.79918685,-5.13026766,-5.24080806,0,0.75,0.66666667,0.83333333,0.9,1,0.83333333,1,0.8547619,0.16666667,0.75,0,0,0,0,0,0,0,0,0,0,0,0,0,0,0,0
0,0,0,0,0,0,0,0,0,0,0,447.42,0.07671958,52,28,53,29,8,2,0,12,24,19,2,4,0,1,0,2,0,0,0,3,9,2,46.15384615,36.53846154,3.84615385,7.69230769,3.84615385,0,2,2,12,0,2,0,0,0,2,0,0,0,0,0,0,1.73301117,111.5601,103.86,112.24,2.43817469,3.1159,593.03147,164.0953865,118.2638738,523.7873754,218.0440063,380.99,-3.46244849,-3.63626596,-3.66817469,0,1,1,1,1,1,1,1,1,0.16666667,1,1,0,0,0,0,0,1,0,1,0,0,0,1,0,1,0
1,11.76,0.24,1.4,6.34,0,0,0,0,0,0,500.64,0.06417112,65,34,67,36,9,2,0,12,31,24,2,4,0,1,3,0,0,0,0,1,10,3,47.69230769,36.92307692,3.07692308,6.15384615,4.61538462,0,3,3,16,0,3,0,1,0,2,0,0,0,0,0,0,0.86947677,124.6539,92.86,101.24,2.73315818,6.2102,647.6681367,177.2922711,75.58053063,590.8803987,245.541147,442.92,-3.71318446,-3.91650028,-3.96315818,0,0.75,0.83333333,0.66666667,0.9,1,0.83333333,1,0.8547619,0.33333333,0.875,0,0,0,0,0,0,0,0,0,0,0,0,0,0,0,0
1,16.87,0.31,2.65,9.96,0,0,0,0,0,0,404.48,0.07586207,51,30,54,33,6,1,0,22,21,23,4,2,0,0,1,0,0,0,0,0,7,1,41.17647059,45.09803922,7.84313725,3.92156863,1.96078431,0,4,5,23,1,3,0,0,1,3,0,0,1,0,0,0,-0.34891959,111.1195,68.52,68.52,3.03775867,3.8322,493.074376,102.686738,18.01075068,494.3687708,205.9872011,352.03,-3.97209487,-4.20587074,-4.26775867,0,1,1,1,0.6,0.5,1,1,0.87142857,0.16666667,1,1,0,1,0,0,0,1,1,1,0,0,0,1,0,1,0
1,18.34,0.38,4.2,11.34,0,0,0,0,0,0,410.93,0.08262108,47,27,49,29,5,3,0,12,20,19,2,3,0,1,1,1,0,0,0,2,8,2,42.55319149,40.42553191,4.25531915,6.38297872,4.25531915,0,3,3,19,0,3,0,0,0,2,1,0,0,0,0,0,-0.27229005,102.8062,66.48,74.86,3.03755888,4.144,482.2418893,103.9473037,18.01075068,471.4451827,196.592288,348.06,-3.97192505,-4.20568094,-4.26755888,0,1,1,1,0.8,0.5,1,1,0.9,0.16666667,1,1,0,1,0,0,0,1,0,1,0,0,0,1,0,1,0
1,17.68,0.36,4.32,8.18,0,0,0,0,0,0,417.95,0.07936508,48,28,50,30,5,3,1,12,20,20,3,3,0,1,0,1,0,0,0,2,8,1,41.66666667,41.66666667,6.25,6.25,2.08333333,0,3,3,19,0,3,0,0,0,2,1,0,0,0,0,0,-0.28779665,108.3275,90.27,98.65,2.30260113,3.8174,509.0074351,120.0465462,18.01075068,494.2192691,205.92593,365.01,-3.34721096,-3.50747107,-3.53260113,0,1,1,1,0.8,0.5,1,1,0.9,0.33333333,1,1,0,1,0,0,0,1,0,1,0,0,0,1,0,1,0
0,11.15,0.2,-2.22,11.7,0,0,0,0,0,0,448.58,0.06773619,59,34,63,38,6,0,0,29,25,29,4,0,0,0,1,0,0,0,0,0,5,1,42.37288136,49.15254237,6.77966102,0,1.69491525,0,5,5,29,0,5,0,0,1,4,0,0,0,0,0,0,-0.45033483,136.1486,42.74,42.74,5.73404638,6.1828,560.8690778,66.54192305,18.01075068,575.8305648,239.3731823,407.07,-6.26393942,-6.76734406,-6.96404638,0,0.75,0.83333333,0.83333333,0.5,0.5,0.83333333,1,0.75,0.33333333,0.75,0,0,0,0,0,0,0,0,0,0,0,0,0,0,0,0
1,12.61,0.24,1.54,9.21,0,0,0,0,0,0,502.49,0.06349206,55,36,59,40,4,1,0,22,19,24,6,1,0,0,5,0,0,0,0,0,12,5,34.54545455,43.63636364,10.90909091,1.81818182,9.09090909,0,5,6,29,1,4,0,0,2,2,1,0,0,0,1,0,-0.66160812,122.5815,68.84,68.84,4.52072918,4.9454,528.0606629,153.0588296,0,534.833887,222.5712652,394.46,-5.2326198,-5.61469272,-5.75072918,1,0.5,0.66666667,0.83333333,0.7,0.5,0.83333333,1,0.71904762,0.16666667,0.625,0,0,0,0,0,0,0,0,0,0,0,0,0,0,0,0
1,13.11,0.26,1.23,9.78,0,0,0,0,0,0,545.61,0.05974395,61,38,65,42,5,1,0,22,23,26,5,2,0,1,4,0,0,0,0,1,12,4,37.70491803,42.62295082,8.19672131,3.27868852,6.55737705,0,5,6,29,1,4,0,0,2,2,1,0,0,0,1,0,-0.67935932,137.8063,73.14,101.38,4.00723101,5.5799,601.4449019,149.0986042,0,599.0531562,248.8906378,439.29,-4.79614636,-5.12686946,-5.23723101,0,0.75,0.83333333,0.83333333,0.7,0.5,0.83333333,1,0.77857143,0.16666667,0.75,0,0,0,0,0,0,0,0,0,0,0,0,0,0,0,0
1,15.94,0.3,5.8,8,0,0,0,0,0,0,548.59,0.05641026,66,40,70,44,7,4,0,18,26,29,4,5,0,0,2,0,0,0,0,0,11,2,39.39393939,43.93939394,6.06060606,7.57575758,3.03030303,0,5,7,30,2,3,0,0,1,3,1,0,1,0,1,0,0.17393111,140.3393,109.33,109.33,3.17294521,4.1826,646.9801682,183.2861282,36.02150137,634.6511628,263.4799848,481.53,-4.08700343,-4.33429795,-4.40294521,0,0.75,0.66666667,0.83333333,0.7,0.5,0.83333333,1,0.7547619,0.16666667,0.75,0,0,0,0,0,0,0,0,0,0,0,0,0,0,0,0
1,0,0,0,0,0,0,0,0,0,0,466.63,0.06439394,69,33,70,34,11,3,0,6,36,25,2,4,0,0,2,0,0,0,0,0,8,2,52.17391304,36.23188406,2.89855072,5.79710145,2.89855072,0,2,2,12,0,2,0,0,0,2,0,0,0,0,0,0,0.83164749,121.4042,95.5,95.5,2.99226665,4.1172,683.6572155,184.0598522,78.70484453,602.2425249,250.1977561,458.9,-3.93342665,-4.16265331,-4.22226665,0,1,0.66666667,0.83333333,1,1,0.83333333,0.5,0.83333333,0.33333333,0.75,1,0,0,0,0,0,0,0,0,0,0,0,0,0,0,0
1,17.57,0.38,4.69,8.68,0,0,0,0,0,0,442.93,0.07671958,50,28,51,29,8,3,0,6,22,17,2,4,0,1,3,1,0,0,0,2,11,4,44,34,4,8,8,0,2,2,10,0,2,0,1,0,1,0,0,0,0,0,0,0.38835968,98.2617,89.7,98.08,2.00534777,3.1774,522.9121798,159.7538549,32.89718747,479.7009967,199.9758183,365.57,-3.09454561,-3.22508038,-3.23534777,0,1,1,1,1,1,1,1,1,0.33333333,1,1,0,1,0,0,0,1,0,1,0,0,0,1,0,1,0
1,0,0,0,0,0,0,0,0,0,0,511.08,0.06554622,62,35,66,39,7,3,0,18,27,27,2,4,0,1,0,1,0,0,0,2,8,1,43.5483871,43.5483871,3.22580645,6.4516129,1.61290323,0,5,8,30,3,3,0,0,1,3,1,1,0,0,1,1,0.1621722,135.9258,84.5,92.88,4.02118765,6.1346,606.679943,114.8735151,34.41574813,608.0066445,252.5601002,445.64,-4.80800951,-5.14012827,-5.25118765,0,0.75,0.83333333,0.83333333,0.7,0.5,0.83333333,1,0.77857143,0.16666667,0.75,0,0,0,0,0,0,0,0,0,0,0,0,0,0,0,0
1,17.9,0.37,1.31,21.55,0,0,0,0,0,0,410.94,0.08262108,48,27,50,29,5,3,0,12,21,21,0,2,0,1,2,1,0,0,0,2,6,3,43.75,43.75,0,4.16666667,6.25,0,3,3,18,0,3,0,0,0,3,0,0,0,0,0,0,-0.76928912,104.3605,34.14,42.52,5.87541364,6.5029,497.3494357,74.23317861,0,478.2724253,199.3903382,357.94,-6.3841016,-6.90164296,-7.10541364,0,0.75,0.83333333,0.83333333,0.7,0.5,0.83333333,1,0.77857143,0.5,0.875,0,0,0,0,0,0,0,0,0,0,0,0,0,0,0,0
0,8.21,0.16,0.1,4.81,0,0,0,0,0,0,617.96,0.05179704,103,44,108,49,8,2,0,0,59,36,1,7,0,0,0,0,0,0,0,0,8,0,57.2815534,34.95145631,0.97087379,6.7961165,0,0,6,24,32,5,1,1,0,1,4,1,0,2,2,2,0,0.05830838,166.9122,105.53,105.53,4.01080806,4.2616,966.8923388,171.7805179,85.36668632,822.9401993,340.6476227,624.45,-4.79918685,-5.13026766,-5.24080806,0,0.75,0.66666667,0.83333333,0.9,1,0.83333333,1,0.8547619,0.16666667,0.75,0,0,0,0,0,0,0,0,0,0,0,0,0,0,0,0
1,9.37,0.18,0.06,5.3,0,0,0,0,0,0,651.97,0.04902868,104,47,110,53,8,2,0,6,57,39,1,7,0,0,0,0,0,0,0,0,8,0,54.80769231,37.5,0.96153846,6.73076923,0,0,7,25,38,5,2,1,0,1,5,1,0,2,2,2,0,0.03148638,175.526,115.18,115.18,4.26326925,5.0191,980.8803342,185.4417336,85.36668632,853.6877076,353.2490605,645.17,-5.01377887,-5.37010579,-5.49326925,1,0.5,0.66666667,0.83333333,0.9,1,0.83333333,1,0.81904762,0.16666667,0.625,0,0,0,0,0,0,0,0,0,0,0,0,0,0,0,0
1,9.96,0.19,1.28,5.48,0,0,0,0,0,0,647.01,0.04927536,108,46,113,51,9,2,0,0,62,37,2,7,0,0,0,0,0,0,0,0,9,0,57.40740741,34.25925926,1.85185185,6.48148148,0,0,6,24,32,5,1,1,0,1,4,1,0,2,2,2,0,0.64717449,174.9255,117.56,117.56,3.44883625,4.1767,1010.12217,189.7912686,103.377437,862.923588,357.0342574,652.75,-4.32151081,-4.59639444,-4.67883625,0,0.75,0.5,0.66666667,0.9,1,0.83333333,1,0.80714286,0.16666667,0.75,0,0,0,0,0,0,0,0,0,0,0,0,0,0,0,0
1,10.32,0.2,0.47,5.72,0,0,0,0,0,0,637.94,0.05024155,101,46,107,52,7,2,0,6,55,38,1,7,0,0,0,0,0,0,0,0,8,0,54.45544554,37.62376238,0.99009901,6.93069307,0,0,7,25,38,5,2,1,0,1,5,1,0,2,2,2,0,0.04009096,171.3488,115.18,115.18,4.35797101,4.5558,954.8035984,185.4417336,85.36668632,830.282392,343.656718,627.87,-5.09427535,-5.46007246,-5.58797101,1,0.5,0.66666667,0.83333333,0.9,1,0.83333333,1,0.81904762,0.16666667,0.625,0,0,0,0,0,0,0,0,0,0,0,0,0,0,0,0
1,10.54,0.2,1.47,5.81,0,0,0,0,0,0,629.97,0.05151515,104,45,110,51,7,2,0,0,59,37,1,7,0,0,0,0,0,0,0,0,8,0,56.73076923,35.57692308,0.96153846,6.73076923,0,0,7,25,37,5,2,1,0,2,4,1,0,2,2,2,0,0.63780698,168.8279,114.32,114.32,4.18784427,4.2154,958.2839833,186.6669547,103.377437,828.3056478,342.846577,629.39,-4.94966763,-5.29845205,-5.41784427,1,0.5,0.66666667,0.83333333,0.9,1,0.83333333,1,0.81904762,0.16666667,0.75,0,0,0,0,0,0,0,0,0,0,0,0,0,0,0,0
1,18.29,0.4,5,9.03,0,0,0,0,0,0,442.93,0.07671958,50,28,51,29,8,3,0,6,22,17,2,4,0,1,3,1,0,0,0,2,11,4,44,34,4,8,8,0,2,2,12,0,2,0,0,0,2,0,0,0,0,0,0,0.38835968,98.4507,89.7,98.08,2.00534777,3.6311,514.9232197,159.7538549,32.89718747,479.7009967,199.9758183,365.57,-3.09454561,-3.22508038,-3.23534777,0,1,1,1,1,1,1,1,1,0.33333333,1,1,0,1,0,0,0,1,0,1,0,0,0,1,0,1,0
1,18.74,0.41,5.6,8.66,0,0,0,0,0,0,414.87,0.08307692,44,26,45,27,8,3,0,6,18,15,2,4,0,1,3,1,0,0,0,2,11,4,40.90909091,34.09090909,4.54545455,9.09090909,9.09090909,0,2,2,10,0,2,0,1,0,1,0,0,0,0,0,0,0.44112257,89.2277,89.7,98.08,1.54056342,2.5602,464.8276013,159.7538549,32.89718747,432.8903655,180.7911334,330.97,-2.69947891,-2.78353525,-2.77056342,0,1,1,1,1,1,1,1,1,0.33333333,1,1,0,1,0,0,0,1,0,1,1,0,0,1,0,1,0
0,8.6,0.17,1.47,3.48,0,0,0,0,0,0,592.87,0.04878049,94,42,94,42,17,4,0,6,52,31,4,7,0,0,0,0,0,0,0,0,11,0,55.31914894,32.9787234,4.25531915,7.44680851,0,0,1,1,6,0,1,0,0,0,1,0,0,0,0,0,0,1.41482513,160.2836,146.3,146.3,2.0755831,4.5149,958.4180708,222.419393,96.71559521,810.1328904,335.3987256,608.65,-3.15424564,-3.29180395,-3.3055831,1,0.5,0.5,0.5,0.8,1,0.33333333,0,0.51904762,0.16666667,0.625,0,0,0,0,0,0,0,0,0,0,0,0,0,0,0,0
0,6.35,0.12,0.59,2.58,0,0,0,0,0,0,712,0.04078431,108,51,109,52,20,5,0,12,57,38,5,8,0,0,0,0,0,0,0,0,13,0,52.77777778,35.18518519,4.62962963,7.40740741,0,0,2,2,12,0,2,0,0,0,2,0,0,0,0,0,0,1.98705837,193.1019,175.4,175.4,2.02268012,5.0228,1097.210119,265.5750707,114.7263459,953.6877076,394.2326671,715.72,-3.1092781,-3.24154611,-3.25268012,1,0.5,0.5,0.5,0.8,1,0.33333333,0,0.51904762,0.16666667,0.625,0,0,0,0,0,0,0,0,0,0,0,0,0,0,0,0
0,0,0,0,0,0,0,0,0,0,0,334.93,0.11578947,39,20,41,22,3,2,0,5,19,13,2,2,0,2,0,1,0,0,0,3,7,1,48.71794872,33.33333333,5.12820513,5.12820513,2.56410256,0,3,4,17,2,2,0,0,2,0,1,1,0,0,0,0,1.20149542,81.9923,72.19,108.81,1.99438546,2.4593,394.0196554,93.61513699,49.30218492,381.2126246,159.6117314,272.01,-3.08522764,-3.21466619,-3.22438546,0,1,1,1,1,1,1,1,1,0.5,1,1,1,1,0,1,0,0,0,1,1,1,0,1,1,1,1
0,7.65,0.15,-0.37,3.57,0,0,0,0,0,0,683,0.04251701,107,49,108,50,19,4,0,12,58,38,4,7,0,0,0,0,0,0,0,0,11,0,54.20560748,35.51401869,3.73831776,6.54205607,0,0,2,2,12,0,2,0,0,0,2,0,0,0,0,0,0,1.29276718,189.5338,146.3,146.3,3.11717537,6.3034,1079.659346,222.419393,96.71559521,934.5016611,386.3695333,698.57,-4.03959907,-4.2813166,-4.34717537,1,0.5,0.5,0.5,0.8,1,0.33333333,0,0.51904762,0,0.625,0,0,0,0,0,0,0,0,0,0,0,0,0,0,0,0
1,19.12,0.42,3.05,13.75,0,0,0,0,0,0,414.38,0.08615385,47,26,49,28,6,2,0,12,21,19,1,3,0,1,0,2,0,0,0,3,7,2,44.68085106,40.42553191,2.12765957,6.38297872,4.25531915,0,3,3,16,0,3,0,1,0,2,0,0,0,0,0,0,-0.29369258,106.2923,57.61,65.99,3.87379561,5.5218,505.2984217,88.51485589,42.68334316,479.4186047,199.8600839,348.84,-4.68272627,-5.00010583,-5.10379561,0,1,1,1,1,0.5,1,1,0.92857143,0.16666667,1,1,0,0,0,0,0,0,0,0,0,0,0,0,0,0,0
0,0,0,0,0,0,0,0,0,0,0,471.25,0.07977208,46,27,47,28,7,2,0,12,19,18,1,3,0,1,0,4,0,0,0,5,9,4,41.30434783,39.13043478,2.17391304,6.52173913,8.69565217,0,2,2,12,0,2,0,0,0,2,0,0,0,0,0,0,-0.23565723,113.2323,57.61,65.99,4.48458093,6.9029,554.3928965,88.51485589,42.68334316,514.717608,214.3268885,374.32,-5.20189379,-5.58035188,-5.71458093,0,0.75,0.83333333,1,0.8,0.5,1,1,0.84047619,0.16666667,0.75,0,0,0,0,0,0,0,0,0,0,0,0,0,0,0,0
1,12.9,0.26,1.63,11.77,0,0,0,0,0,0,640.23,0.05315615,80,43,85,48,7,3,0,12,37,31,3,4,0,1,3,1,0,0,0,2,12,4,46.25,38.75,3.75,5,5,0,6,6,33,0,6,1,0,0,5,0,0,0,0,0,0,-0.71655047,157.5903,70.16,78.54,4.52324143,6.2191,746.580242,133.1052953,0,730.3654485,302.707151,550.51,-5.23475521,-5.61707936,-5.75324143,1,0.5,0.5,0.83333333,0.9,1,0.83333333,1,0.7952381,0.16666667,0.625,0,0,0,0,0,0,0,0,0,0,0,0,0,0,0,0
1,14.3,0.29,2.91,11.58,0,0,0,0,0,0,568.14,0.05974395,70,38,74,42,7,3,0,12,32,27,3,4,0,1,2,1,0,0,0,2,11,3,45.71428571,38.57142857,4.28571429,5.71428571,4.28571429,0,5,5,27,0,5,1,0,0,4,0,0,0,0,0,0,-0.70548852,141.5511,70.16,78.54,3.94312659,5.7985,671.378098,118.145182,0,651.8604651,270.5329775,487.6,-4.7416576,-5.06597026,-5.17312659,0,0.75,0.83333333,0.83333333,0.9,1,0.83333333,1,0.87857143,0.16666667,0.75,0,0,0,0,0,0,0,0,0,0,0,0,0,0,0,0
1,10.87,0.2,0.67,6.86,0,0,0,0,0,0,492.63,0.06156156,65,37,69,41,9,1,0,28,28,29,6,2,0,0,0,0,0,0,0,0,8,0,43.07692308,44.61538462,9.23076923,3.07692308,0,0,5,5,28,0,5,0,0,2,3,0,0,0,0,0,0,-0.77803763,145.029,78.07,78.07,3.78824548,4.5414,626.2297407,89.25815112,0,625.5647841,259.756059,440.58,-4.61000866,-4.91883321,-5.01824548,0,1,0.83333333,0.83333333,0.6,0.5,1,1,0.82380952,0.16666667,0.75,0,0,0,0,0,0,0,0,0,0,0,0,0,0,0,0
1,14.85,0.27,1.5,11.21,0,0,0,0,0,0,460.61,0.06773619,63,34,67,38,7,0,0,22,29,26,6,1,0,0,1,0,0,0,0,0,8,1,46.03174603,41.26984127,9.52380952,1.58730159,1.58730159,0,5,6,28,1,4,0,0,2,3,0,0,1,0,0,0,-0.75847107,132.5936,61,61,5.40521608,4.9921,579.1803219,79.19585947,0,577.0930233,239.8905833,407.42,-5.98443367,-6.45495528,-6.63521608,0,0.75,0.66666667,0.83333333,0.7,0.5,0.83333333,1,0.7547619,0.16666667,0.625,0,0,0,0,0,0,0,0,0,0,0,0,0,0,0,0
1,14.36,0.27,1.01,11.72,0,0,0,0,0,0,481.57,0.06554622,61,35,65,39,6,0,0,22,26,26,5,1,0,0,3,0,0,0,0,0,9,3,42.62295082,42.62295082,8.19672131,1.63934426,4.91803279,0,5,6,28,1,4,0,0,2,3,0,0,1,0,0,0,-0.34463809,128.9897,58.97,58.97,4.74008012,6.0756,561.3441143,92.45307858,16.66300743,566.3621263,235.4926747,408.56,-5.4190681,-5.82307612,-5.97008012,0,0.75,0.66666667,1,0.8,0.5,1,1,0.81666667,0.33333333,0.625,0,0,0,0,0,0,0,0,0,0,0,0,0,0,0,0
1,16.94,0.38,3.31,11.77,0,0,0,0,0,0,461.82,0.07936508,47,28,49,30,5,3,0,12,19,19,2,3,0,1,0,3,0,0,0,4,9,3,40.42553191,40.42553191,4.25531915,6.38297872,6.38297872,0,3,3,19,0,3,0,0,0,2,1,0,0,0,0,0,-0.25245455,112.1994,66.48,74.86,3.63529751,5.2673,522.2119097,88.98719044,18.01075068,509.1860465,212.0598551,372.41,-4.48000288,-4.77353264,-4.86529751,0,1,0.83333333,1,0.8,0.5,1,1,0.87619048,0.16666667,0.875,1,0,0,0,0,0,0,0,0,0,0,0,0,0,0,0
1,15.55,0.29,3.07,9.3,0,0,0,0,0,0,469.74,0.06417112,77,34,79,36,10,3,0,6,43,28,3,3,0,0,0,0,0,0,0,0,6,0,55.84415584,36.36363636,3.8961039,3.8961039,0,0,3,3,18,0,3,0,0,0,3,0,0,0,0,0,0,0.11830245,135.2146,78.51,78.51,3.26176202,4.9578,711.6182067,114.5805964,36.02150137,655.3986711,271.9830619,488.51,-4.16249771,-4.41867391,-4.49176202,0,1,0.66666667,0.83333333,1,1,1,1,0.92857143,0.16666667,0.875,0,0,0,0,0,0,0,0,0,0,0,0,0,0,0,0
1,15.92,0.33,4.31,14.45,0,0,0,0,0,0,594.71,0.05937922,67,39,72,44,3,2,0,11,28,25,4,2,0,2,6,0,0,0,0,2,14,6,41.79104478,37.31343284,5.97014925,2.98507463,8.95522388,0,6,9,34,3,3,0,0,3,2,1,1,0,0,1,1,-0.25600446,136.9861,65.54,102.16,4.52996653,5.5363,614.6144616,171.9070332,16.40499744,616.8936877,256.202331,466.92,-5.24047155,-5.62346821,-5.75996653,1,0.5,0.5,0.83333333,0.9,1,0.83333333,1,0.7952381,0.33333333,0.625,0,0,0,0,0,0,0,0,0,0,0,0,0,0,0,0
1,18.8,0.38,5.33,15.02,0,0,0,0,0,0,537.05,0.06507937,60,36,65,41,3,2,0,17,24,25,4,2,0,1,3,1,0,0,0,2,11,4,40,41.66666667,6.66666667,3.33333333,6.66666667,0,6,9,34,3,3,0,0,3,2,1,1,0,0,1,1,-0.2999255,131.1885,67.23,75.61,5.28408012,5.6252,565.9339974,123.9023795,16.40499744,579.8671096,241.027504,426.59,-5.8814681,-6.33987612,-6.51408012,1,0.5,0.5,0.66666667,0.6,0.5,0.66666667,1,0.63333333,0.33333333,0.625,0,0,0,0,0,0,0,0,0,0,0,0,0,0,0,0
1,18.43,0.37,5.17,15.1,0,0,0,0,0,0,551.08,0.06306306,63,37,68,42,3,2,0,17,26,26,4,2,0,1,3,1,0,0,0,2,11,4,41.26984127,41.26984127,6.34920635,3.17460317,6.34920635,0,6,9,34,3,3,0,0,3,2,1,1,0,0,1,1,-0.31129811,137.1572,67.23,75.61,5.48092374,6.4152,592.6233437,123.7798574,16.40499744,603.2724253,250.6198464,443.89,-6.04878518,-6.52687756,-6.71092374,1,0.5,0.5,0.66666667,0.6,0.5,0.66666667,1,0.63333333,0.33333333,0.625,0,0,0,0,0,0,0,0,0,0,0,0,0,0,0,0
1,16.41,0.35,3.96,13.95,0,0,0,0,0,0,571.49,0.06306306,60,37,65,42,3,2,0,17,23,25,4,2,0,1,3,2,0,0,0,3,12,5,38.33333333,41.66666667,6.66666667,3.33333333,8.33333333,0,6,9,34,3,3,0,0,3,2,1,1,0,0,1,1,-0.28446923,135.9933,67.23,75.61,5.74892374,6.2896,587.3358985,123.9023795,16.40499744,600.1993356,249.3603834,441.8,-6.27658518,-6.78147756,-6.97892374,1,0.5,0.5,0.66666667,0.6,0.5,0.66666667,1,0.63333333,0.33333333,0.625,0,0,0,0,0,0,0,0,0,0,0,0,0,0,0,0
1,13.58,0.28,2.11,11.54,0,0,0,0,0,0,596.2,0.05641026,76,40,80,44,7,3,0,12,36,29,3,4,0,1,2,1,0,0,0,2,11,3,47.36842105,38.15789474,3.94736842,5.26315789,3.94736842,0,5,5,30,0,5,0,0,0,5,0,0,0,0,0,0,-0.72017927,151.2453,70.16,78.54,4.32612607,6.1745,719.7275775,118.145182,0,698.6710964,289.7176624,522.2,-5.06720716,-5.42981977,-5.55612607,1,0.5,0.83333333,0.83333333,0.9,1,0.83333333,1,0.84285714,0.16666667,0.625,0,0,0,0,0,0,0,0,0,0,0,0,0,0,0,0
1,12.49,0.25,1.45,10.61,0,0,0,0,0,0,596.2,0.05641026,76,40,80,44,7,3,0,12,36,29,3,4,0,1,2,1,0,0,0,2,11,3,47.36842105,38.15789474,3.94736842,5.26315789,3.94736842,0,5,5,30,0,5,0,0,0,5,0,0,0,0,0,0,-0.72017927,150.7165,70.16,78.54,4.32612607,6.9621,719.7275775,118.145182,0,698.6710964,289.7176624,522.2,-5.06720716,-5.42981977,-5.55612607,1,0.5,0.83333333,0.83333333,0.9,1,0.83333333,1,0.84285714,0.16666667,0.625,0,0,0,0,0,0,0,0,0,0,0,0,0,0,0,0
1,8.89,0.17,1.28,3.9,0,0,0,0,0,0,640.91,0.04541063,98,46,99,47,18,4,0,12,52,35,4,7,0,0,0,0,0,0,0,0,11,0,53.06122449,35.71428571,4.08163265,7.14285714,0,0,2,2,12,0,2,0,0,0,2,0,0,0,0,0,0,1.34130694,175.73,146.3,146.3,2.58599228,5.3721,993.4401789,222.419393,96.71559521,864.2857143,357.5925059,646.67,-3.58809344,-3.77669267,-3.81599228,1,0.5,0.5,0.5,0.8,1,0.33333333,0,0.51904762,0.16666667,0.625,0,0,0,0,0,0,0,0,0,0,0,0,0,0,0,0
0,8.41,0.16,1.36,3.52,0,0,0,0,0,0,612.85,0.04756871,92,44,93,45,17,4,0,12,48,33,4,7,0,0,0,0,0,0,0,0,11,0,52.17391304,35.86956522,4.34782609,7.60869565,0,0,2,2,12,0,2,0,0,0,2,0,0,0,0,0,0,1.37667945,166.734,146.3,146.3,2.22170406,4.5291,937.5305667,222.419393,96.71559521,817.4750831,338.4078209,612.07,-3.27844845,-3.43061886,-3.45170406,1,0.5,0.5,0.5,0.8,1,0.33333333,0,0.51904762,0.16666667,0.625,0,0,0,0,0,0,0,0,0,0,0,0,0,0,0,0
1,11.74,0.22,3.1,5.14,0,0,0,0,0,0,640.91,0.04541063,98,46,99,47,18,4,0,12,52,35,4,7,0,0,0,0,0,0,0,0,11,0,53.06122449,35.71428571,4.08163265,7.14285714,0,0,2,2,12,0,2,0,0,0,2,0,0,0,0,0,0,1.34130694,175.73,146.3,146.3,2.58599228,5.3721,993.4401789,222.419393,96.71559521,864.2857143,357.5925059,646.67,-3.58809344,-3.77669267,-3.81599228,1,0.5,0.5,0.5,0.8,1,0.33333333,0,0.51904762,0.16666667,0.625,0,0,0,0,0,0,0,0,0,0,0,0,0,0,0,0
1,12.22,0.24,1.5,7.22,0,0,0,0,0,0,466.5,0.07258065,50,32,54,36,3,2,0,17,18,21,4,2,0,1,4,0,0,0,0,1,11,4,36,42,8,4,8,0,5,8,29,3,3,0,0,1,4,0,1,1,0,1,0,-0.24779983,109.475,78.95,87.33,3.14222818,4.263,474.5715139,139.1205028,16.66300743,486.8770764,202.9168346,360.61,-4.06089395,-4.30511677,-4.37222818,0,1,0.83333333,1,0.8,0.5,1,1,0.87619048,0.33333333,0.75,1,0,0,0,0,0,0,0,1,0,0,0,1,0,0,0
1,19.84,0.37,6.14,9.57,0,0,0,0,0,0,438.55,0.06854839,59,32,61,34,7,4,0,12,27,24,4,3,0,0,1,0,0,0,0,0,8,1,45.76271186,40.6779661,6.77966102,5.08474576,1.69491525,0,3,4,19,1,2,0,0,0,2,1,0,0,0,1,0,0.20796981,119.6312,90.87,90.87,2.83647534,3.0674,589.1236863,146.081195,36.02150137,552.7076412,229.8965743,414.92,-3.80100404,-4.01465158,-4.06647534,0,1,1,1,1,0.5,1,1,0.92857143,0.33333333,1,1,0,0,0,0,0,1,0,1,0,0,0,1,0,1,0
1,17.57,0.34,3.47,7.68,0,0,0,0,0,0,402.46,0.08465608,44,28,48,32,3,2,0,17,16,19,4,2,0,1,2,0,0,0,0,1,9,2,36.36363636,43.18181818,9.09090909,4.54545455,4.54545455,0,5,8,26,2,3,1,0,1,3,0,0,1,1,0,0,0.98800824,102.6572,92.08,100.46,2.7536066,3.8013,406.2148351,125.3119342,49.56019491,434.2192691,181.335766,313.87,-3.73056561,-3.93592627,-3.9836066,0,1,1,1,0.8,0.5,1,1,0.9,0.5,0.875,1,0,1,0,0,0,1,0,1,0,0,0,1,0,1,0
1,21.98,0.43,5.14,10.87,0,0,0,0,0,0,444.47,0.07526882,46,31,50,35,3,2,1,17,15,21,4,2,0,1,3,0,0,0,0,1,10,3,32.60869565,45.65217391,8.69565217,4.34782609,6.52173913,0,5,8,26,2,3,1,0,1,3,0,0,1,1,0,0,-0.26476208,109.2354,89.85,98.23,3.23079788,4.9581,450.3180947,138.4342157,16.66300743,469.6677741,195.8638418,349.26,-4.1361782,-4.38925799,-4.46079788,0,1,1,1,0.6,0.5,1,1,0.87142857,0.33333333,0.875,1,0,0,0,0,0,1,0,0,0,0,0,0,0,1,0
1,18.31,0.36,4.65,11.76,0,0,0,0,0,0,504.58,0.06722689,58,35,63,40,4,2,0,17,23,24,4,3,0,1,3,0,0,0,0,1,11,3,39.65517241,41.37931034,6.89655172,5.17241379,5.17241379,0,6,9,32,2,4,1,0,1,4,0,0,1,1,0,0,-0.28794445,127.0008,78.53,86.91,3.17244908,4.9291,523.9173614,121.4990618,16.66300743,545.8803987,227.0985241,402.87,-4.08658172,-4.33382662,-4.40244908,0,0.75,0.66666667,0.83333333,0.7,0.5,0.83333333,1,0.7547619,0.16666667,0.75,0,0,0,0,0,0,0,0,0,0,0,0,0,0,0,0
1,18.98,0.36,5.95,9.24,0,0,0,0,0,0,442.51,0.06854839,56,32,58,34,6,4,0,12,24,23,4,3,0,0,2,0,0,0,0,0,9,2,42.85714286,41.07142857,7.14285714,5.35714286,3.57142857,0,3,4,19,1,2,0,0,0,2,1,0,0,0,1,0,0.23894479,115.34,90.87,90.87,3.0002289,2.7675,566.3095599,161.0413082,36.02150137,532.2259136,221.5024236,403.69,-3.94019456,-4.17021745,-4.2302289,0,1,1,1,1,0.5,1,1,0.92857143,0.16666667,1,1,0,1,0,0,0,1,0,1,0,0,0,1,0,1,0
1,19.16,0.36,5.25,8.11,0,0,0,0,0,0,384.53,0.07936508,56,28,58,30,5,4,0,6,28,21,4,3,0,0,0,0,0,0,0,0,7,0,50,37.5,7.14285714,5.35714286,0,0,3,4,19,1,2,0,0,0,2,1,0,0,0,1,0,0.24699128,106.7964,90.87,90.87,2.04657866,2.303,537.0360148,131.1210817,36.02150137,500.9966777,208.7035565,375.77,-3.12959186,-3.26424972,-3.27657866,0,1,1,1,1,1,1,1,1,0.33333333,1,1,0,1,0,0,0,1,0,1,1,0,0,1,0,1,0
1,11.48,0.22,2.4,5.9,0,0,0,0,0,0,570.67,0.05487805,74,41,78,45,6,4,0,12,33,30,4,4,0,0,3,0,0,0,0,0,11,3,44.59459459,40.54054054,5.40540541,5.40540541,4.05405405,0,5,6,29,1,4,0,1,0,3,1,0,0,0,1,0,0.76443666,145.0296,111.1,111.1,4.41003265,5.1273,713.4891651,218.9298089,78.70484453,672.6578073,279.0564784,514.93,-5.13852775,-5.50953101,-5.64003265,1,0.5,0.83333333,0.83333333,0.9,1,0.83333333,1,0.84285714,0.16666667,0.625,0,0,0,0,0,0,0,0,0,0,0,0,0,0,0,0
0,14.4,0.3,2.57,5.82,0,0,0,0,0,0,362.87,0.09782609,39,24,42,27,2,2,1,11,15,16,4,2,0,1,0,1,0,0,0,2,8,1,38.46153846,41.02564103,10.25641026,5.12820513,2.56410256,0,4,7,23,3,2,0,0,1,3,0,1,1,0,1,0,-0.21856297,91.1942,89.85,98.23,1.66976513,2.6515,402.1198064,93.55387593,16.66300743,403.6710964,168.8160231,290.94,-2.80930036,-2.90627687,-2.89976513,0,1,1,1,0.8,0.5,1,1,0.9,0.5,1,1,1,1,1,1,0,0,0,1,1,0,0,1,1,1,1
1,18.08,0.35,2.5,12.2,0,0,0,0,0,0,408.55,0.08128079,50,29,54,33,5,0,0,21,21,21,6,0,0,1,1,0,0,0,0,1,8,1,42,42,12,0,2,0,5,6,26,1,4,0,0,4,1,0,1,0,0,0,0,-0.30230255,113.4142,60.56,88.8,4.3784566,4.6693,464.0316834,83.20493048,18.01075068,484.6179402,201.9909591,333.28,-5.11168811,-5.47953377,-5.6084566,0,0.75,1,1,0.8,0.5,1,1,0.86428571,0.16666667,0.75,1,0,0,0,0,0,1,1,0,0,0,0,1,0,1,0
1,14.47,0.28,3.02,9.16,0,0,0,0,0,0,501.69,0.06190476,73,36,76,39,9,2,0,11,37,27,5,2,0,0,2,0,0,0,0,0,9,2,50.68493151,36.98630137,6.84931507,2.73972603,2.73972603,0,4,4,22,0,4,0,0,2,2,0,0,0,0,0,0,0.17597383,135.4437,79.26,79.26,4.44483098,4.3656,673.5324498,136.1414254,36.02150137,636.0631229,264.0586569,470.66,-5.16810634,-5.54258944,-5.67483098,1,0.5,0.83333333,0.66666667,0.9,1,0.83333333,1,0.81904762,0.16666667,0.75,0,0,0,0,0,0,0,0,0,0,0,0,0,0,0,0
1,19.1,0.37,5.4,10.5,0,0,0,0,0,0,435.58,0.0688172,62,31,63,32,10,2,0,11,31,22,5,2,0,0,2,0,0,0,0,0,9,2,50,35.48387097,8.06451613,3.22580645,3.22580645,0,2,2,11,0,2,0,0,1,1,0,0,0,0,0,0,0.25692521,116.0319,79.26,79.26,3.4222057,3.0445,611.6397284,136.1414254,36.02150137,555.1162791,230.8837209,408.88,-4.29887485,-4.57109542,-4.6522057,0,1,0.83333333,0.83333333,1,1,1,1,0.95238095,0.16666667,1,1,0,0,0,0,0,1,0,1,0,0,0,1,0,1,0
0,13.81,0.26,1.61,8.38,0,0,0,0,0,0,377.65,0.07977208,66,27,67,28,11,1,0,5,39,21,5,1,0,0,0,0,0,0,0,0,6,0,59.09090909,31.81818182,7.57575758,1.51515152,0,0,2,2,10,0,2,0,0,2,0,0,0,0,0,0,0,0.23069234,111.9628,62.19,62.19,3.1442967,3.5795,608.8550461,81.07627184,36.02150137,544.6843854,226.6083547,392.11,-4.0626522,-4.30708187,-4.3742967,0,1,0.83333333,0.83333333,1,1,0.83333333,0.5,0.85714286,0.16666667,0.875,1,0,0,0,0,0,0,0,1,0,0,0,0,0,0,0
1,16.79,0.31,2.78,8.18,0,0,0,0,0,0,414.5,0.07526882,53,31,57,35,5,0,1,21,22,24,4,3,0,0,0,0,0,0,0,0,7,0,41.50943396,45.28301887,7.54716981,5.66037736,0,0,5,7,28,2,3,0,0,2,3,0,0,2,0,0,0,-0.36064975,116.7638,85.09,85.09,2.0502289,3.7629,499.1204705,80.84454898,16.78552955,506.5614618,210.9842057,359.69,-3.13269456,-3.26771745,-3.2802289,0,1,1,1,0.8,0.5,1,1,0.9,0.33333333,0.875,1,0,1,0,0,0,1,1,1,0,0,0,1,0,1,0
1,17.14,0.33,2.11,9.47,0,0,0,0,0,0,418.91,0.07816092,49,30,53,34,3,0,1,21,19,23,4,2,0,0,0,1,0,0,0,1,7,1,38.7755102,46.93877551,8.16326531,4.08163265,2.04081633,0,5,7,28,2,3,0,0,2,3,0,0,2,0,0,0,-0.34891959,114.4197,75.86,75.86,2.80936445,5.0008,481.0283293,69.84466109,16.78552955,493.7375415,205.7285006,348.81,-3.77795978,-3.98889622,-4.03936445,0,1,1,1,0.8,0.5,1,1,0.9,0.5,0.875,1,0,0,0,0,0,1,0,0,0,0,0,0,0,1,0
1,18.2,0.38,2.58,14.18,0,0,0,0,0,0,398.88,0.08615385,43,26,45,28,4,3,0,12,17,19,0,3,0,1,2,1,0,0,0,2,7,3,39.53488372,44.18604651,0,6.97674419,6.97674419,0,3,3,18,0,3,0,0,0,3,0,0,0,0,0,0,-0.72240126,95.8803,51.21,59.59,4.60600644,4.9361,459.0564054,99.37810564,0,441.2126246,184.2018953,332.13,-5.30510547,-5.69570612,-5.83600644,0,0.75,0.83333333,1,0.8,0.5,1,1,0.84047619,0.5,0.875,1,0,0,0,0,0,1,0,0,0,0,0,0,0,1,0
0,15.14,0.3,3.04,6.27,0,0,0,0,0,0,347.41,0.09782609,38,24,41,27,2,2,0,16,14,15,5,2,0,1,1,0,0,0,0,1,9,1,36.84210526,39.47368421,13.15789474,5.26315789,2.63157895,0,4,7,22,2,2,0,0,2,2,0,0,1,1,0,0,-0.17742472,88.7116,83.88,92.26,1.81589006,2.5032,366.1253516,94.24016298,16.66300743,379.435216,158.8832852,264.6,-2.93350655,-3.04509555,-3.04589006,0,1,1,1,0.6,0,1,1,0.8,0.5,1,1,1,1,0,1,0,0,0,1,1,1,0,1,1,1,1
1,16.31,0.33,4.49,8.6,0,0,0,0,0,0,504.1,0.06595365,64,34,67,37,7,4,0,12,30,25,3,4,0,1,0,1,0,0,0,2,9,1,46.875,39.0625,4.6875,6.25,1.5625,0,4,4,22,0,4,1,0,0,2,1,0,0,0,0,0,0.20581834,132.3012,95.58,103.96,3.00622254,4.0943,635.3315188,132.1428682,36.02150137,610.0996678,253.4178966,450.58,-3.94528916,-4.17591141,-4.23622254,0,0.75,0.83333333,0.83333333,0.9,1,0.83333333,1,0.87857143,0.16666667,0.875,0,0,0,0,0,0,0,0,0,0,0,0,0,0,0,0
1,15.51,0.33,4.32,7.38,0,0,0,0,0,0,541.5,0.06218487,61,35,63,37,12,3,0,17,26,23,4,5,0,1,0,2,0,0,0,3,12,2,42.62295082,37.70491803,6.55737705,8.19672131,3.27868852,0,3,3,17,0,3,0,0,1,2,0,0,0,0,0,0,0.27555949,135.5726,113.76,122.14,2.32204993,3.8851,662.4336836,159.455951,60.69409384,620.8471761,257.8226132,449.8,-3.36374244,-3.52594743,-3.55204993,0,0.75,0.5,0.66666667,0.7,0.5,0.66666667,0.5,0.61190476,0.33333333,0.75,0,0,0,0,0,0,0,0,0,0,0,0,0,0,0,0
1,14.39,0.3,0.4,12.15,0,0,0,0,0,0,486.44,0.07056452,53,32,56,35,6,2,0,23,21,25,1,3,0,1,0,2,0,0,0,3,7,2,39.62264151,47.16981132,1.88679245,5.66037736,3.77358491,0,4,5,24,1,3,0,0,0,4,0,0,0,1,0,0,-0.37169974,130.8123,57.61,65.99,5.16053995,6.7373,572.3600625,88.51485589,42.68334316,566.0963455,235.3837482,405.28,-5.77645896,-6.22251295,-6.39053995,0,0.75,0.66666667,0.83333333,0.5,0.5,0.83333333,1,0.72619048,0.16666667,0.75,0,0,0,0,0,0,0,0,0,0,0,0,0,0,0,0
1,20.6,0.44,3.75,14.66,0,0,0,0,0,0,386.87,0.09,42,25,44,27,3,2,0,12,17,18,0,3,0,1,2,1,0,0,0,2,7,3,40.47619048,42.85714286,0,7.14285714,7.14285714,0,3,3,18,0,3,0,0,0,3,0,0,0,0,0,0,-0.27733075,92.2345,54.37,62.75,4.45863151,4.4925,453.3995697,116.9165218,42.68334316,424.9501661,177.5369533,317.47,-5.17983679,-5.55569994,-5.68863151,0,0.75,1,1,0.8,0.5,1,1,0.86428571,0.5,0.875,1,0,1,0,0,0,1,0,1,0,0,0,1,0,1,0
1,0,0,0,0,0,0,0,0,0,0,640.91,0.04541063,98,46,99,47,18,4,0,12,52,35,4,7,0,0,0,0,0,0,0,0,11,0,53.06122449,35.71428571,4.08163265,7.14285714,0,0,2,2,12,0,2,0,0,0,2,0,0,0,0,0,0,1.34130694,175.73,146.3,146.3,2.58599228,5.3721,993.4401789,222.419393,96.71559521,864.2857143,357.5925059,646.67,-3.58809344,-3.77669267,-3.81599228,1,0.5,0.5,0.5,0.8,1,0.33333333,0,0.51904762,0.16666667,0.625,0,0,0,0,0,0,0,0,0,0,0,0,0,0,0,0
1,16.92,0.34,3.39,10.62,0,0,0,0,0,0,466.66,0.06653226,64,32,65,33,13,2,0,11,32,23,4,2,0,1,2,0,0,0,0,1,9,2,50,35.9375,6.25,3.125,3.125,0,2,2,11,0,2,0,0,1,1,0,0,0,0,0,0,0.23894479,124.4594,74.33,102.57,3.58047752,4.7308,636.1897787,136.1414254,36.02150137,589.10299,244.8127008,433.69,-4.43340589,-4.72145364,-4.81047752,0,1,0.66666667,0.83333333,1,1,0.83333333,0.5,0.83333333,0.16666667,0.75,1,0,0,0,0,0,0,0,0,0,0,0,0,0,0,0
1,14.29,0.29,2.76,10.15,0,0,0,0,0,0,498.15,0.06818182,69,33,72,36,6,3,0,6,36,24,3,4,0,1,0,1,0,0,0,2,9,1,52.17391304,34.7826087,4.34782609,5.79710145,1.44927536,0,4,4,24,0,4,0,0,0,4,0,0,0,0,0,0,-0.72111588,130.9479,70.16,78.54,2.84078274,4.5288,648.7762017,88.22495543,0,615.2657807,255.535156,454.74,-3.80466533,-4.01874361,-4.07078274,0,1,0.83333333,1,1,1,1,1,0.97619048,0.33333333,0.875,0,0,0,0,0,0,0,0,0,0,0,0,0,0,0,0
1,15.95,0.32,5.96,11.51,0,0,0,0,0,0,526.69,0.06349206,69,36,73,40,4,4,0,6,33,25,4,3,0,1,3,0,0,0,0,1,11,3,47.82608696,36.23188406,5.79710145,4.34782609,4.34782609,0,5,8,29,3,2,0,0,2,2,1,1,0,0,1,1,-0.2999255,133.173,72.96,81.34,3.34232915,3.1025,623.8599704,138.5104048,16.40499744,608.7541528,252.8664561,462.25,-4.23097978,-4.4952127,-4.57232915,0,0.75,0.83333333,0.83333333,0.9,1,0.83333333,1,0.87857143,0.16666667,0.75,0,0,0,0,0,0,0,0,0,0,0,0,0,0,0,0
1,20.29,0.42,4.46,12.82,0,0,0,0,0,0,457.96,0.07356322,52,30,54,32,6,3,0,12,22,21,1,4,0,1,2,1,0,0,0,2,9,3,42.30769231,40.38461538,1.92307692,7.69230769,5.76923077,0,3,3,18,0,3,0,0,0,3,0,0,0,0,0,0,-0.28288949,109.6908,72.47,80.85,4.25613924,5.198,543.4785669,128.3887442,18.01075068,514.3521595,214.1771145,386.52,-5.00771836,-5.36333228,-5.48613924,0,0.75,0.83333333,1,0.8,0.5,1,1,0.84047619,0.16666667,0.875,1,0,0,0,0,0,1,0,0,0,0,0,0,0,0,0
1,17.08,0.36,2.39,11.35,0,0,0,0,0,0,399.92,0.08615385,46,26,48,28,4,2,0,12,20,19,1,2,0,1,2,1,0,0,0,2,7,3,43.47826087,41.30434783,2.17391304,4.34782609,6.52173913,0,3,3,18,0,3,0,0,0,3,0,0,0,0,0,0,0.28903809,98.6234,60.16,68.54,4.68162604,4.5334,469.2613223,107.1303661,32.89718747,455.1827243,189.927346,336.98,-5.36938213,-5.76754474,-5.91162604,0,0.75,0.83333333,1,0.8,0.5,1,1,0.84047619,0.33333333,0.875,1,0,0,0,0,0,1,0,0,0,0,0,1,0,1,0
1,18.91,0.39,3.83,11.95,0,0,0,0,0,0,457.96,0.07356322,52,30,54,32,6,3,0,12,22,21,1,4,0,1,2,1,0,0,0,2,9,3,42.30769231,40.38461538,1.92307692,7.69230769,5.76923077,0,3,3,18,0,3,0,0,0,3,0,0,0,0,0,0,-0.28288949,109.6908,72.47,80.85,4.25613924,5.198,543.4785669,128.3887442,18.01075068,514.3521595,214.1771145,386.52,-5.00771836,-5.36333228,-5.48613924,0,0.75,0.83333333,1,0.8,0.5,1,1,0.84047619,0.16666667,0.875,1,0,0,0,0,0,1,0,0,0,0,0,0,0,0,0
1,0,0,0,0,0,0,0,0,0,0,740.06,0.03918723,114,53,115,54,21,5,0,12,61,40,5,8,0,0,0,0,0,0,0,0,13,0,53.50877193,35.0877193,4.38596491,7.01754386,0,0,2,2,12,0,2,0,0,0,2,0,0,0,0,0,0,1.9512121,202.0979,175.4,175.4,2.36750805,5.8658,1153.119731,265.5750707,114.7263459,1000.498339,413.417352,750.32,-3.40238184,-3.56913265,-3.59750805,1,0.5,0.5,0.5,0.8,1,0.33333333,0,0.51904762,0.16666667,0.625,0,0,0,0,0,0,0,0,0,0,0,0,0,0,0,0
1,18.25,0.36,4.39,9.81,0,0,0,0,0,0,424.41,0.08128079,41,29,45,33,2,2,0,17,12,18,4,2,0,1,4,0,0,0,0,1,11,4,29.26829268,43.90243902,9.75609756,4.87804878,9.75609756,0,5,11,28,4,2,0,0,2,3,1,0,2,1,1,0,-0.1998854,95.6079,78.95,87.33,2.4856066,3.5359,392.5851659,139.1205028,16.66300743,416.6611296,174.1398072,308.71,-3.50276561,-3.68132627,-3.7156066,0,1,1,1,0.6,0.5,1,1,0.87142857,0.5,0.875,1,0,1,0,0,0,1,0,1,0,0,0,1,0,1,0
1,18.09,0.39,5.38,11.24,0,0,0,0,0,0,519.08,0.06818182,58,33,61,36,4,4,0,12,25,22,2,4,0,2,2,1,0,0,0,3,11,3,43.10344828,37.93103448,3.44827586,6.89655172,5.17241379,0,4,5,24,1,3,0,0,0,4,0,0,0,1,0,0,-0.26194322,123.1097,83.55,100.31,4.83936445,4.5085,589.9120456,136.4696888,16.40499744,570.5980066,237.2286913,423.61,-5.50345978,-5.91739622,-6.06936445,1,0.5,0.66666667,0.83333333,0.7,0.5,0.83333333,1,0.71904762,0.16666667,0.75,0,0,0,0,0,0,0,0,0,0,0,0,0,0,0,0
1,16.6,0.31,1.13,10.61,0,0,0,0,0,0,402.56,0.08128079,51,29,55,33,4,0,0,22,22,23,4,1,0,1,0,0,0,0,0,1,6,0,43.1372549,45.09803922,7.84313725,1.96078431,0,0,5,6,28,1,4,0,0,2,3,0,0,1,0,0,0,0.19376263,116.6385,62.97,91.21,4.18218528,4.9472,488.8404782,94.26515294,60.69409384,497.9568106,207.4577093,345.96,-4.94485749,-5.29307602,-5.41218528,0,0.75,1,1,0.8,0.5,1,1,0.86428571,0.16666667,0.875,1,0,0,0,0,0,1,1,0,0,0,0,0,0,1,0
1,16.84,0.31,3.9,7.06,0,0,0,0,0,0,461.55,0.06773619,58,34,62,38,6,0,0,23,24,24,7,2,0,0,1,0,0,0,0,0,10,1,41.37931034,41.37931034,12.06896552,3.44827586,1.72413793,0,5,6,28,1,4,0,0,2,3,0,0,1,0,0,0,0.86947677,126.6427,110.01,110.01,4.24865108,3.6144,561.8064214,171.6844418,78.70484453,549.4684385,228.5690322,389.97,-5.00135342,-5.35621853,-5.47865108,0,0.75,0.66666667,1,0.8,0.5,1,1,0.81666667,0.16666667,0.625,1,0,0,0,0,0,1,0,1,0,0,0,1,0,0,0
0,12.49,0.23,1.81,5.66,0,0,0,0,0,0,402.49,0.07586207,52,30,55,33,7,1,0,22,22,23,4,3,0,0,0,0,0,0,0,0,7,0,42.30769231,44.23076923,7.69230769,5.76923077,0,0,4,5,23,1,3,0,0,1,3,0,0,1,0,0,0,0.20993889,112.7555,88.75,88.75,1.90460573,3.1681,512.3276311,130.4099679,60.69409384,501.1960133,208.7852514,354.75,-3.00891487,-3.12937544,-3.13460573,0,1,1,1,0.6,0.5,1,1,0.87142857,0.33333333,1,1,0,1,0,0,0,1,0,1,1,0,0,1,0,1,0
1,16.06,0.29,2.09,9.39,0,0,0,0,0,0,400.52,0.07586207,54,30,57,33,6,1,0,22,24,24,4,2,0,0,0,0,0,0,0,0,6,0,44.44444444,44.44444444,7.40740741,3.7037037,0,0,4,5,23,1,3,0,0,1,3,0,0,1,0,0,0,-0.38193463,115.9443,68.52,68.52,2.87487754,4.1129,516.3173299,87.7266247,18.01075068,514.8504983,214.3813518,363.26,-3.83364591,-4.05113366,-4.10487754,0,1,1,1,0.8,0.5,1,1,0.9,0.33333333,1,1,0,1,0,0,0,1,1,1,0,0,0,1,0,1,0
1,15.58,0.28,1.51,10.52,0,0,0,0,0,0,462.59,0.06554622,61,35,65,39,7,1,0,28,26,29,4,2,0,0,0,0,0,0,0,0,6,0,42.62295082,47.54098361,6.55737705,3.27868852,0,0,5,6,29,1,4,0,0,1,4,0,0,1,0,0,0,-0.42967856,136.0393,68.52,68.52,3.67171037,5.1451,581.6011419,87.7266247,18.01075068,592.4086379,246.1674745,418.58,-4.51095381,-4.80812485,-4.90171037,0,1,0.83333333,1,0.6,0.5,1,1,0.84761905,0.16666667,0.75,0,0,0,0,0,0,0,0,0,0,0,0,0,0,0,0
0,11.94,0.25,2.27,5.48,0,0,0,0,0,0,438.98,0.07881773,52,29,55,32,4,3,0,11,23,19,4,4,0,1,0,1,0,0,0,2,10,1,44.23076923,36.53846154,7.69230769,7.69230769,1.92307692,0,4,7,23,3,2,0,0,1,3,0,1,1,0,1,0,-0.23402445,109.5825,95.6,103.98,1.67171528,3.0919,520.2771101,101.763649,16.66300743,500.5315615,208.512935,363.06,-2.81095799,-2.90812951,-2.90171528,0,1,1,1,0.8,0.5,1,1,0.9,0.33333333,1,1,0,1,0,0,0,1,0,1,0,0,0,1,0,1,0
1,20.84,0.44,4.75,13.62,0,0,0,0,0,0,431.9,0.08201058,45,28,48,31,3,3,0,11,17,18,3,2,0,1,3,1,0,0,0,2,10,4,37.77777778,40,6.66666667,4.44444444,8.88888889,0,4,7,23,3,2,0,0,1,3,0,1,1,0,1,0,-0.21711245,101.7747,66.06,74.44,3.25117848,4.3934,449.593259,107.37486,16.66300743,449.8172758,187.7283917,335.39,-4.15350171,-4.40861956,-4.48117848,0,1,1,1,0.8,0.5,1,1,0.9,0.33333333,1,1,0,1,0,0,0,1,0,1,0,0,0,1,0,1,0
1,15.16,0.35,1.1,11.49,0,0,0,0,0,0,436.81,0.08307692,46,26,47,27,7,2,0,12,20,18,1,3,0,1,0,3,0,0,0,4,8,3,43.47826087,39.13043478,2.17391304,6.52173913,6.52173913,0,2,2,12,0,2,0,0,0,2,0,0,0,0,0,0,-0.25567146,108.4275,57.61,65.99,4.26579561,6.2385,532.9909954,88.51485589,42.68334316,494.3853821,205.994009,359.11,-5.01592627,-5.37250583,-5.49579561,0,0.75,1,1,0.8,0.5,1,1,0.86428571,0.16666667,0.875,0,0,0,0,0,0,0,0,0,0,0,0,0,0,0,0
0,0,0,0,0,0,0,0,0,0,0,395.54,0.07635468,58,29,60,31,11,2,0,15,29,24,1,4,0,0,0,0,0,0,0,0,5,0,50,41.37931034,1.72413793,6.89655172,0,0,3,6,17,2,1,0,0,1,2,0,0,2,0,0,0,-0.4047197,112.57,68.53,68.53,4.63689511,6.8267,555.7827644,103.9730851,42.68334316,524.0863787,218.1665487,379.02,-5.33136084,-5.72505036,-5.86689511,0,0.75,0.66666667,0.83333333,1,0.5,0.83333333,0.5,0.72619048,0.16666667,0.75,0,0,0,0,0,0,0,0,0,0,0,0,0,0,0,0
0,0,0,0,0,0,0,0,0,0,0,485.58,0.06190476,63,36,66,39,8,2,1,18,27,28,3,5,0,0,0,0,0,0,0,0,8,0,42.85714286,44.44444444,4.76190476,7.93650794,0,0,4,5,23,1,3,0,0,1,3,0,0,1,0,0,0,0.77302923,134.044,120.68,120.68,2.36172277,3.9477,643.8749876,182.0538301,78.70484453,606.8604651,252.0903546,453.45,-3.39746435,-3.56363663,-3.59172277,0,1,0.83333333,1,0.8,0.5,1,1,0.87619048,0.33333333,0.875,0,0,0,0,0,0,0,0,0,0,0,0,0,0,0,0
0,0,0,0,0,0,0,0,0,0,0,485.58,0.06190476,63,36,66,39,8,2,1,18,27,28,3,5,0,0,0,0,0,0,0,0,8,0,42.85714286,44.44444444,4.76190476,7.93650794,0,0,4,5,23,1,3,0,0,1,3,0,0,1,0,0,0,0.77302923,134.044,120.68,120.68,2.36172277,3.9477,643.8749876,182.0538301,78.70484453,606.8604651,252.0903546,453.45,-3.39746435,-3.56363663,-3.59172277,0,1,0.83333333,1,0.8,0.5,1,1,0.87619048,0.33333333,0.875,0,0,0,0,0,0,0,0,0,0,0,0,0,0,0,0
1,15.26,0.31,2.99,8.16,0,0,0,0,0,0,422.42,0.08201058,43,28,46,31,3,2,0,11,15,16,4,2,0,1,5,0,0,0,0,1,12,5,34.88372093,37.20930233,9.30232558,4.65116279,11.62790698,0,4,5,20,1,3,1,0,1,2,0,0,1,0,0,0,-0.14642825,89.2824,78.95,87.33,2.36967383,3.4821,412.1214837,154.0806161,16.66300743,412.2425249,172.3289037,311.36,-3.40422276,-3.57119014,-3.59967383,0,1,1,1,0.8,0.5,1,1,0.9,0.5,1,1,0,1,0,0,0,1,0,1,0,0,0,1,0,1,0
1,19.12,0.38,5.75,15.2,0,0,0,0,0,0,534.63,0.06306306,63,37,68,42,3,2,0,17,26,26,4,2,0,1,4,0,0,0,0,1,11,4,41.26984127,41.26984127,6.34920635,3.17460317,6.34920635,0,6,9,34,3,3,0,0,3,2,1,1,0,0,1,1,-0.31129811,132.5688,67.23,75.61,5.38285346,5.9563,574.0552244,138.7399707,16.40499744,585.8637874,243.4851588,434.75,-5.96542544,-6.43371079,-6.61285346,1,0.5,0.5,0.66666667,0.6,0.5,0.66666667,1,0.63333333,0.33333333,0.625,0,0,0,0,0,0,0,0,0,0,0,0,0,0,0,0
0,0,0,0,0,0,0,0,0,0,0,373.39,0.09,39,25,41,27,2,3,0,11,14,15,3,3,0,1,3,0,0,0,0,1,10,3,35.8974359,38.46153846,7.69230769,7.69230769,7.69230769,0,3,4,17,1,2,0,0,1,2,0,0,1,0,0,0,-0.1587753,85.3888,83.13,91.51,1.81688783,3.127,396.1890001,132.519787,16.66300743,387.0598007,162.008115,289.43,-2.93435466,-3.04604344,-3.04688783,0,1,1,1,0.8,0.5,1,1,0.9,0.5,1,1,1,1,1,1,0,0,0,1,1,0,0,1,1,1,1
1,17.18,0.31,1.38,14.97,0,0,0,0,0,0,415.48,0.07526882,50,31,54,35,4,0,0,27,19,24,5,0,0,0,2,0,0,0,0,0,7,2,38,48,10,0,4,0,5,6,28,1,4,0,0,2,3,0,0,1,0,0,0,-0.36064975,115.6182,47.67,47.67,4.45730103,5.3899,465.9009218,81.50203632,18.01075068,492.5913621,205.258755,342.92,-5.17870588,-5.55443598,-5.68730103,0,0.75,1,1,0.6,0,1,1,0.76428571,0.33333333,0.75,1,0,0,0,0,0,0,0,0,0,0,0,0,0,0,0
1,15.5,0.32,1.4,10.28,0,0,0,0,0,0,381.96,0.08666667,49,25,50,26,7,2,0,12,24,19,1,3,0,1,0,1,0,0,0,2,6,1,48.97959184,38.7755102,2.04081633,6.12244898,2.04081633,0,2,2,12,0,2,0,0,0,2,0,0,0,0,0,0,-0.31684923,103.8591,57.61,65.99,3.77480108,5.3959,516.2639289,88.51485589,42.68334316,477.1262459,198.9205926,345.99,-4.59858092,-4.90606103,-5.00480108,0,1,1,1,1,0.5,1,1,0.92857143,0.16666667,1,1,0,0,0,0,0,0,0,0,0,0,0,0,0,0,0
1,12.48,0.25,0.78,11.14,0,0,0,0,0,0,626.25,0.05315615,80,43,85,48,8,3,0,18,37,33,3,4,0,1,1,1,0,0,0,2,10,2,46.25,41.25,3.75,5,2.5,0,6,6,33,0,6,1,0,0,5,0,0,0,0,0,0,-0.76277954,166.4862,70.16,78.54,4.75575474,7.0698,764.0898321,103.1850687,0,749.9003322,310.7132509,554.15,-5.43239153,-5.837967,-5.98575474,1,0.5,0.5,0.83333333,0.9,1,0.83333333,1,0.7952381,0.16666667,0.625,0,0,0,0,0,0,0,0,0,0,0,0,0,0,0,0
1,11.78,0.23,2.07,8.13,0,0,0,0,0,0,685.25,0.04902868,82,47,88,53,7,4,0,18,35,34,4,5,0,1,2,1,0,0,0,2,13,3,42.68292683,41.46341463,4.87804878,6.09756098,3.65853659,0,7,7,38,0,6,1,0,1,5,0,0,0,0,0,0,-0.35755596,172.3864,99.26,107.64,4.27970482,6.2056,784.5222377,161.3008597,18.01075068,777.3754153,321.9735309,582.31,-5.0277491,-5.38571958,-5.50970482,1,0.5,0.5,0.83333333,0.9,0.5,0.83333333,1,0.72380952,0.16666667,0.5,0,0,0,0,0,0,0,0,0,0,0,0,0,0,0,0
1,17,0.34,4.3,16.52,0,0,0,0,0,0,511.72,0.06554622,71,35,75,39,5,3,0,6,36,26,3,2,0,1,3,0,0,0,0,1,9,3,50.70422535,36.61971831,4.22535211,2.81690141,4.22535211,0,5,8,29,3,2,0,0,2,2,1,1,0,0,1,1,-0.34463809,134.2215,52.65,61.03,4.74694578,5.2755,629.591572,110.2411639,16.40499744,612.9734219,254.5956647,462.4,-5.42490391,-5.82959849,-5.97694578,1,0.5,0.66666667,0.83333333,0.9,1,0.83333333,1,0.81904762,0.16666667,0.625,0,0,0,0,0,0,0,0,0,0,0,0,0,0,0,0
1,13.65,0.27,2.84,12.54,0,0,0,0,0,0,483.66,0.07007576,65,33,69,37,4,3,0,6,32,24,3,2,0,1,3,0,0,0,0,1,9,3,49.23076923,36.92307692,4.61538462,3.07692308,4.61538462,0,5,8,29,3,2,0,0,2,2,1,1,0,0,1,1,-0.32203621,124.9929,52.65,61.03,4.34445028,4.8028,573.6819598,110.2411639,16.40499744,566.1627907,235.4109798,427.8,-5.08278274,-5.44722777,-5.57445028,0,0.75,0.83333333,1,1,1,1,1,0.94047619,0.16666667,0.625,0,0,0,0,0,0,0,0,0,0,0,0,0,0,0,0
1,11.26,0.23,-0.21,10.09,0,0,0,0,0,0,529.15,0.06190476,69,36,72,39,11,2,0,18,33,28,2,4,0,1,0,1,0,0,0,2,8,1,47.82608696,40.57971014,2.89855072,5.79710145,1.44927536,0,4,4,23,0,4,0,0,1,3,0,0,0,0,0,0,-0.77187614,146.0925,59.08,67.46,3.74382128,6.3983,677.7748925,70.95560239,0,656.5946844,272.4732313,477.94,-4.57224808,-4.87663021,-4.97382128,0,0.75,0.66666667,0.66666667,0.9,0.5,0.66666667,0.5,0.66428571,0.16666667,0.75,0,0,0,0,0,0,0,0,0,0,0,0,0,0,0,0
1,9.16,0.18,-1.87,8.25,0,0,0,0,0,0,603.23,0.05342625,77,42,81,46,12,3,0,24,35,34,2,4,0,1,0,1,0,0,0,2,8,1,45.45454545,44.15584416,2.5974026,5.19480519,1.2987013,0,5,5,29,0,5,0,0,1,4,0,0,0,0,0,0,-0.80445934,170.2048,66.92,75.3,4.58627966,7.8189,758.2215147,85.10064154,0,750.4152824,310.9242961,547.92,-5.28833771,-5.67696568,-5.81627966,1,0.5,0.5,0.66666667,0.7,0.5,0.66666667,0.5,0.57619048,0.16666667,0.5,0,0,0,0,0,0,0,0,0,0,0,0,0,0,0,0
1,15.53,0.31,2.94,8.19,0,0,0,0,0,0,438.6,0.07126437,58,30,59,31,10,2,0,11,28,21,4,2,0,1,2,0,0,0,0,1,9,2,48.27586207,36.20689655,6.89655172,3.44827586,3.44827586,0,2,2,11,0,2,0,0,1,1,0,0,0,0,0,0,0.93313049,114.3012,83.12,111.36,3.15449952,3.5263,585.4747651,151.0278622,54.03225205,542.2923588,225.6280159,399.09,-4.07132459,-4.31677454,-4.38449952,0,1,0.83333333,0.83333333,1,1,1,1,0.95238095,0.16666667,1,1,0,1,0,0,0,1,0,1,0,0,0,1,0,1,0
1,17.21,0.37,5.32,8.89,0,0,0,0,0,0,476.99,0.07586207,49,30,52,33,3,4,0,12,19,19,2,4,0,2,2,1,0,0,0,3,11,3,38.7755102,38.7755102,4.08163265,8.16326531,6.12244898,0,4,5,24,1,3,0,0,0,4,0,0,0,1,0,0,0.34199908,108.6488,92.34,109.1,4.19460113,3.2463,504.7503599,151.3561256,32.80999489,500.3820598,208.4516639,371.71,-4.95541096,-5.30487107,-5.42460113,0,0.75,0.83333333,1,0.8,0.5,1,1,0.84047619,0.33333333,0.875,1,0,0,0,0,0,0,0,1,0,0,0,0,0,0,0
0,0,0,0,0,0,0,0,0,0,0,400.42,0.08547009,42,27,45,30,3,3,0,11,15,16,4,3,0,1,3,0,0,0,0,1,11,3,35.71428571,38.0952381,9.52380952,7.14285714,7.14285714,0,4,5,20,1,3,1,0,1,2,0,0,1,0,0,0,-0.1623916,90.0537,96.02,104.4,1.29809288,2.8763,410.6555886,149.3053166,16.66300743,409.0033223,171.0013616,305.37,-2.49337895,-2.55318824,-2.52809288,0,1,1,1,0.8,0.5,1,1,0.9,0.5,1,1,0,1,0,0,0,1,0,1,1,0,0,1,0,1,0
1,14.91,0.29,3.35,9.86,0,0,0,0,0,0,516.5,0.06190476,58,36,61,39,5,1,0,16,22,22,6,2,0,0,6,0,0,0,0,0,14,6,37.93103448,37.93103448,10.34482759,3.44827586,10.34482759,0,4,4,23,0,4,0,0,2,1,1,0,0,0,0,0,-0.60647411,118.4718,78.07,78.07,3.42111841,3.9353,562.7125749,179.0188307,0,540.166113,224.7566037,405.9,-4.29795065,-4.57006249,-4.65111841,0,0.75,0.83333333,0.83333333,0.9,0.5,0.83333333,1,0.80714286,0.16666667,0.875,0,0,0,0,0,0,0,0,0,0,0,0,0,0,0,0
1,12.01,0.24,-0.13,12.83,0,0,0,0,0,0,532.68,0.06006006,68,37,71,40,10,2,0,18,31,28,2,3,0,1,3,0,0,0,0,1,9,3,45.58823529,41.17647059,2.94117647,4.41176471,4.41176471,0,4,4,23,0,4,0,0,1,3,0,0,0,0,0,0,-0.75120874,140.7982,49.85,58.23,4.61249347,6.6926,649.7587428,104.8360543,0,635.282392,263.7386853,472.15,-5.31061945,-5.7018688,-5.84249347,1,0.5,0.5,0.66666667,0.7,0.5,0.83333333,1,0.67142857,0.33333333,0.75,0,0,0,0,0,0,0,0,0,0,0,0,0,0,0,0
1,14.94,0.29,2.92,7.92,0,0,0,0,0,0,504.58,0.06554622,58,35,62,39,4,3,0,17,23,24,4,3,0,1,3,0,0,0,0,1,11,3,39.65517241,41.37931034,6.89655172,5.17241379,5.17241379,0,5,8,29,3,3,0,0,1,4,0,1,1,0,1,0,0.24721267,124.8697,95.16,103.54,3.23796217,3.9,550.5654427,150.5305377,34.67375812,556.7774086,231.5645117,412.59,-4.14226785,-4.39606406,-4.46796217,0,0.75,0.83333333,0.83333333,0.7,0.5,0.83333333,1,0.77857143,0.16666667,0.75,0,0,0,0,0,0,0,0,1,0,0,0,0,0,0,0
0,0,0,0,0,0,0,0,0,0,0,413.33,0.08262108,36,27,38,29,2,3,0,11,9,14,3,3,0,1,6,0,0,0,0,1,13,6,25,38.88888889,8.33333333,8.33333333,16.66666667,0,3,4,17,1,2,0,0,1,2,0,0,1,0,0,0,-0.08912597,81.6727,83.13,91.51,1.93776513,3.4081,374.4286418,177.4001268,16.66300743,372.4252492,156.010348,290.34,-3.03710036,-3.16087687,-3.16776513,0,1,1,1,0.6,0.5,1,1,0.87142857,0.5,1,1,0,1,0,0,0,0,0,1,0,0,0,1,0,1,0
1,16.61,0.36,2.68,9.45,0,0,0,0,0,0,375.86,0.0942029,40,24,42,26,3,2,0,11,16,15,3,2,0,1,2,1,0,0,0,2,9,3,40,37.5,7.5,5,7.5,0,3,4,17,1,2,0,0,1,2,0,0,1,0,0,0,-0.17742472,88.0264,66.06,74.44,2.78726174,3.9204,410.1266234,92.4147467,16.66300743,401.8604651,168.0739611,292.42,-3.75917248,-3.96789866,-4.01726174,0,1,1,1,0.8,0.5,1,1,0.9,0.5,1,1,1,1,1,1,0,1,0,1,0,0,0,1,0,1,0
0,0,0,0,0,0,0,0,0,0,0,580.39,0.06006006,53,37,56,40,4,3,0,18,16,23,3,3,0,1,5,2,0,0,0,3,14,7,30.18867925,43.39622642,5.66037736,5.66037736,13.20754717,0,4,4,24,0,4,0,0,0,4,0,0,0,0,0,0,-0.61706433,127.212,80.23,88.61,4.59641432,5.3534,585.8247159,180.9538185,0,574.2026578,238.7060073,436.57,-5.29695217,-5.6865936,-5.82641432,1,0.5,0.66666667,0.83333333,0.5,0.5,0.83333333,1,0.69047619,0.16666667,0.75,0,0,0,0,0,0,0,0,0,0,0,0,0,0,0,0
1,13.96,0.29,2.74,9.27,0,0,0,0,0,0,479.97,0.07056452,52,32,55,35,4,3,0,17,20,22,3,3,0,1,2,1,0,0,0,2,10,3,38.46153846,42.30769231,5.76923077,5.76923077,5.76923077,0,4,4,23,0,4,0,0,1,3,0,0,0,0,0,0,-0.68144953,116.7761,72.27,80.65,3.95487754,3.4056,537.4206301,119.2879491,0,528.8372093,220.1136104,388.49,-4.75164591,-5.07713366,-5.18487754,0,1,0.83333333,1,0.8,0.5,1,1,0.87619048,0.16666667,0.875,1,0,0,0,0,0,0,0,1,0,0,0,0,0,0,0
1,13.45,0.28,2.83,9.43,0,0,0,0,0,0,523.94,0.06595365,53,34,56,37,4,3,0,12,19,22,1,4,0,1,5,1,0,0,0,2,12,6,35.8490566,41.50943396,1.88679245,7.54716981,11.32075472,0,4,4,21,0,4,1,0,0,3,0,0,0,0,0,0,-0.24613108,113.2045,74.68,83.06,4.37149569,4.2992,564.2323973,190.0661025,42.68334316,528.4883721,219.9706443,409.67,-5.10577133,-5.4729209,-5.60149569,1,0.5,0.83333333,0.83333333,0.9,0.5,0.83333333,1,0.77142857,0.16666667,0.75,0,0,0,0,0,0,0,0,0,0,0,0,0,0,0,0
1,15.11,0.32,3.24,9.27,0,0,0,0,0,0,457.96,0.07356322,52,30,54,32,4,3,0,12,22,21,1,4,0,1,2,1,0,0,0,2,9,3,42.30769231,40.38461538,1.92307692,7.69230769,5.76923077,0,3,3,18,0,3,0,0,0,3,0,0,0,0,0,0,-0.28288949,110.1829,74.68,83.06,3.85013924,3.3654,562.0217243,145.1857627,42.68334316,514.3521595,214.1771145,386.52,-4.66261836,-4.97763228,-5.08013924,0,1,0.83333333,1,0.8,0.5,1,1,0.87619048,0.16666667,1,1,0,0,0,0,0,1,0,1,0,0,0,1,0,0,0
1,12.77,0.26,1.32,10.33,0,0,0,0,0,0,544.96,0.06190476,54,36,57,39,4,3,0,18,18,24,2,3,0,1,5,1,0,0,0,2,12,6,33.33333333,44.44444444,3.7037037,5.55555556,11.11111111,0,4,4,24,0,4,0,0,0,4,0,0,0,0,0,0,-0.66160812,123.2642,67.34,75.72,4.55637142,4.6975,569.7422895,164.1682889,0,560.6976744,233.171178,427.66,-5.26291571,-5.64855285,-5.78637142,1,0.5,0.66666667,0.83333333,0.7,0.5,0.83333333,1,0.71904762,0.16666667,0.75,0,0,0,0,0,0,0,0,0,0,0,0,0,0,0,0
1,12.8,0.26,1.43,10.43,0,0,0,0,0,0,559.07,0.05974395,63,38,67,42,5,3,0,22,25,28,2,4,0,1,2,1,0,0,0,2,10,3,39.68253968,44.44444444,3.17460317,6.34920635,4.76190476,0,5,6,29,1,4,0,0,1,4,0,0,1,0,0,0,-0.73161773,141.8938,68.61,76.99,4.20141811,5.3888,631.5730624,113.5023074,0,630.1162791,261.6214259,461.54,-4.9612054,-5.31134721,-5.43141811,1,0.5,0.83333333,0.83333333,0.7,0.5,0.83333333,1,0.74285714,0.16666667,0.625,0,0,0,0,0,0,0,0,0,0,0,0,0,0,0,0
1,12.25,0.26,2.37,8.12,0,0,0,0,0,0,593.56,0.05832148,57,38,60,41,5,4,0,12,19,22,1,5,0,2,8,0,0,0,0,2,16,8,33.33333333,38.59649123,1.75438596,8.77192982,14.03508772,0,4,7,24,2,2,0,0,0,4,0,0,0,2,0,0,-0.19146282,118.8233,89.54,106.3,4.03335809,6.395,575.8956375,235.7116956,16.40499744,560.9800665,233.2869125,442.61,-4.81835438,-5.15169018,-5.26335809,0,0.75,0.83333333,0.83333333,0.7,0.5,0.83333333,1,0.77857143,0.16666667,0.75,0,0,0,0,0,0,0,0,0,0,0,0,0,0,0,0
1,18.22,0.39,4.06,9.67,0,0,0,0,0,0,426.93,0.07977208,49,27,50,28,8,3,0,6,22,17,2,3,0,1,3,1,0,0,0,2,10,4,44.89795918,34.69387755,4.08163265,6.12244898,8.16326531,0,2,2,11,0,2,0,0,1,1,0,0,0,0,0,0,0.3772236,96.7396,80.47,88.85,2.77730488,4.5487,501.8654786,148.753967,32.89718747,469.9501661,195.9795763,356.78,-3.75070914,-3.95843963,-4.00730488,0,1,1,1,1,1,1,1,1,0.33333333,1,1,0,0,0,0,0,1,0,0,0,0,0,1,0,1,0
1,0,0,0,0,0,0,0,0,0,0,570.6,0.06006006,60,37,63,40,7,4,0,12,23,23,0,7,0,2,5,0,0,0,0,2,14,5,38.33333333,38.33333333,0,11.66666667,8.33333333,0,4,7,24,2,2,0,0,0,4,0,0,0,2,0,0,-0.61706433,121.9242,95.97,112.73,3.17244908,3.5242,604.2718764,196.4261342,0,578.538206,240.4828713,448.28,-4.08658172,-4.33382662,-4.40244908,0,0.75,0.83333333,0.83333333,0.7,0.5,0.83333333,1,0.77857143,0.16666667,0.875,0,0,0,0,0,0,0,0,0,0,0,0,0,0,0,0
1,15.28,0.31,4.86,6.88,0,0,0,0,0,0,497.58,0.06818182,54,33,57,36,5,4,1,12,21,22,1,6,0,2,2,0,0,0,0,2,11,2,38.88888889,40.74074074,1.85185185,11.11111111,3.7037037,0,4,7,24,2,2,0,0,0,4,0,0,0,2,0,0,-0.66102289,115.7486,110.53,127.29,2.57860573,2.4121,558.1007928,171.6052622,0,538.9036545,224.2392027,409.7,-3.58181487,-3.76967544,-3.80860573,0,1,0.83333333,1,0.8,0.5,1,1,0.87619048,0.33333333,0.875,0,0,0,0,0,0,0,0,1,0,0,0,0,0,0,0
0,11.85,0.23,2.17,4.84,1,0,0,0,1,2,436.53,0.07311828,51,31,54,34,5,5,0,17,20,22,4,4,0,1,0,0,0,0,0,1,9,0,39.21568627,43.1372549,7.84313725,7.84313725,0,0,4,5,23,1,3,0,0,1,3,0,0,0,1,0,0,-0.29672464,117.8076,106.94,115.32,2.69225483,2.4233,512.4783107,132.0395768,18.01075068,514.7009967,214.3200806,375.65,-3.6784166,-3.87764209,-3.92225483,0,1,1,1,0.6,0,1,1,0.8,0.33333333,1,1,0,1,0,0,0,1,0,1,0,0,0,1,0,1,0
1,12.5,0.24,0.57,9.91,0,0,0,0,0,0,505.73,0.06507937,68,36,73,41,7,0,0,21,32,27,7,0,0,1,1,0,0,0,0,1,9,1,47.05882353,39.70588235,10.29411765,0,1.47058824,0,6,7,33,1,5,0,0,3,3,0,0,1,0,0,0,-0.35505951,143.4275,63.8,92.04,4.86689853,5.8326,604.2681549,86.32924438,18.01075068,623.5880399,258.945918,435.72,-5.52686375,-5.94355361,-6.09689853,1,0.5,0.5,0.83333333,0.7,0.5,0.83333333,1,0.6952381,0.16666667,0.625,0,0,0,0,0,0,0,0,0,0,0,0,0,0,0,0
1,0,0,0,0,0,0,0,0,0,0,507.7,0.06507937,66,36,71,41,7,0,0,21,30,26,7,1,0,1,1,0,0,0,0,1,10,1,45.45454545,39.39393939,10.60606061,1.51515152,1.51515152,0,6,7,33,1,5,0,0,3,3,0,0,1,0,0,0,-0.32749251,140.3608,73.03,101.27,3.9188407,4.6031,593.3070134,97.32913227,18.01075068,609.9335548,253.3498176,427.21,-4.7210146,-5.04289867,-5.1488407,0,0.75,0.66666667,0.83333333,0.7,0.5,0.83333333,1,0.7547619,0.16666667,0.75,0,0,0,0,0,0,0,0,0,0,0,0,0,0,0,0
1,16.62,0.36,4.46,10.6,0,0,0,0,0,0,533.11,0.06595365,61,34,64,37,4,4,0,12,27,23,2,4,0,2,2,1,0,0,0,3,11,3,44.26229508,37.70491803,3.27868852,6.55737705,4.91803279,0,4,5,24,1,3,0,0,0,4,0,0,0,1,0,0,-0.27530304,127.7473,83.55,100.31,5.04700973,4.7135,622.2794539,136.4696888,16.40499744,594.0033223,246.8210337,440.91,-5.67995827,-6.11465925,-6.27700973,1,0.5,0.66666667,0.66666667,0.6,0.5,0.66666667,1,0.65714286,0.16666667,0.75,0,0,0,0,0,0,0,0,0,0,0,0,0,0,0,0
1,22.75,0.42,7.32,8.36,0,0,0,0,0,0,382.46,0.07936508,50,28,52,30,5,4,0,11,22,20,4,4,0,0,0,0,0,0,0,0,8,0,44,40,8,8,0,0,3,4,18,1,2,0,0,1,1,1,0,0,0,1,0,0.28233338,102.0662,104.01,104.01,0.92209568,0.7145,501.9194315,140.628428,36.02150137,473.0564784,197.2526551,351.08,-2.17378132,-2.19599089,-2.15209568,0,1,1,1,0.8,0.5,1,1,0.9,0.33333333,1,1,0,0,0,0,0,0,0,1,0,0,0,1,1,1,0
1,18.16,0.33,4.11,10.05,0,0,0,0,0,0,418.55,0.07526882,57,31,61,35,5,0,0,18,26,23,6,2,0,0,0,0,0,0,0,0,8,0,45.61403509,40.35087719,10.52631579,3.50877193,0,0,5,6,30,1,4,0,0,0,5,0,0,0,1,0,0,-0.32868719,121.6221,75.64,75.64,3.19471725,3.6333,521.9820209,96.61574289,18.01075068,520.8471761,216.8390066,371.78,-4.10550966,-4.35498139,-4.42471725,0,1,1,1,0.8,0.5,1,1,0.9,0.16666667,0.875,1,0,0,0,0,0,1,0,1,0,0,0,1,0,1,0
1,18.25,0.38,4.78,15.35,0,0,0,0,0,0,493.14,0.07258065,61,32,65,36,6,3,0,11,29,24,2,3,0,2,0,1,0,0,0,3,8,1,47.54098361,39.3442623,3.27868852,4.91803279,1.63934426,0,5,8,29,3,3,0,0,2,2,1,1,0,0,1,1,-0.34072476,132.7543,58.64,95.26,3.4025404,4.5977,583.8706752,74.8421513,16.40499744,583.7707641,242.6273623,424.92,-4.28215934,-4.55241338,-4.6325404,0,1,0.83333333,1,0.8,0.5,1,1,0.87619048,0.16666667,0.75,0,0,0,0,0,0,0,0,0,0,0,0,0,0,0,0
1,16.45,0.35,4.81,6.63,0,0,0,0,0,0,480.94,0.07096774,51,31,53,33,9,3,0,11,20,18,4,4,0,1,3,1,0,0,0,2,13,4,39.21568627,35.29411765,7.84313725,7.84313725,7.84313725,0,3,3,15,0,3,0,1,1,1,0,0,0,0,0,0,0.38477544,104.5324,119.39,127.77,3.00175649,3.0375,533.0090446,194.8702143,32.89718747,503.9368771,209.9085562,376.33,-3.94149302,-4.17166867,-4.23175649,0,1,0.83333333,0.83333333,1,1,1,1,0.95238095,0.16666667,0.875,0,0,0,0,0,0,0,0,1,0,0,0,0,0,0,0
1,17.45,0.34,4.84,13.52,0,0,0,0,0,0,520.6,0.06507937,60,36,65,41,3,2,0,17,24,25,4,2,0,1,4,0,0,0,0,1,11,4,40,41.66666667,6.66666667,3.33333333,6.66666667,0,6,9,34,3,3,0,0,3,2,1,1,0,0,1,1,-0.2999255,126.6001,67.23,75.61,5.18458577,5.1663,547.3658781,138.8624928,16.40499744,562.4584718,233.8928163,417.45,-5.7968979,-6.24535648,-6.41458577,1,0.5,0.5,0.66666667,0.6,0.5,0.66666667,1,0.63333333,0.33333333,0.625,0,0,0,0,0,0,0,0,0,0,0,0,0,0,0,0
1,18.1,0.36,5.21,14.4,0,0,0,0,0,0,534.63,0.06306306,63,37,68,42,3,2,0,17,26,26,4,2,0,1,4,0,0,0,0,1,11,4,41.26984127,41.26984127,6.34920635,3.17460317,6.34920635,0,6,9,34,3,3,0,0,3,2,1,1,0,0,1,1,-0.31129811,132.5688,67.23,75.61,5.38285346,5.9563,574.0552244,138.7399707,16.40499744,585.8637874,243.4851588,434.75,-5.96542544,-6.43371079,-6.61285346,1,0.5,0.5,0.66666667,0.6,0.5,0.66666667,1,0.63333333,0.33333333,0.625,0,0,0,0,0,0,0,0,0,0,0,0,0,0,0,0
0,10.48,0.21,-1.83,10.04,0,0,0,0,0,0,388.31,0.08615385,45,26,47,28,4,1,0,17,19,21,1,2,0,0,0,2,0,0,0,2,5,2,42.22222222,46.66666667,2.22222222,4.44444444,4.44444444,0,3,4,18,1,2,0,0,0,3,0,0,0,1,0,0,-0.36973482,105.9647,40.54,40.54,5.53663349,5.5236,489.3949899,70.95258409,42.68334316,467.8903655,195.1353957,337.32,-6.09613847,-6.57980181,-6.76663349,0,0.75,0.83333333,0.83333333,0.7,0.5,0.83333333,1,0.77857143,0.5,0.875,1,0,0,0,0,0,0,0,0,0,0,0,0,0,0,0
0,0,0,0,0,0,0,0,0,0,0,499.47,0.06439394,52,33,53,34,8,3,0,12,19,20,1,5,0,1,6,0,0,0,0,1,13,6,36.53846154,38.46153846,1.92307692,9.61538462,11.53846154,0,2,2,12,0,2,0,0,0,2,0,0,0,0,0,0,-0.20185023,107.8893,81.7,90.08,3.87618214,5.5101,551.3447564,197.623332,16.40499744,510.0996678,212.4342901,399.44,-4.68475482,-5.00237303,-5.10618214,0,1,0.83333333,1,1,1,1,1,0.97619048,0.16666667,0.875,0,0,0,0,0,0,0,0,0,0,0,0,0,0,0,0
0,0,0,0,0,0,0,0,0,0,0,640.03,0.05204873,63,43,67,47,7,3,0,27,20,30,1,4,0,1,6,1,0,0,0,2,13,7,31.74603175,47.61904762,1.58730159,6.34920635,11.11111111,0,5,8,29,2,3,0,0,1,4,0,0,2,0,0,0,-0.69343594,148.8041,65.37,73.75,6.38116426,9.1658,646.9131659,170.2184466,0,657.7574751,272.9497849,493.24,-6.81398962,-7.38210605,-7.61116426,1,0.5,0.66666667,0.66666667,0.2,0.5,0.66666667,1,0.6,0.16666667,0.625,0,0,0,0,0,0,0,0,0,0,0,0,0,0,0,0
1,11.4,0.22,-1.02,8.9,0,1,1,0,0,2,516.56,0.06031746,64,36,66,38,8,1,0,12,28,25,3,2,0,0,6,0,0,0,0,0,11,6,43.75,39.0625,4.6875,3.125,9.375,-1,3,3,18,0,3,0,0,0,3,0,0,0,0,0,0,-0.68917513,121.1647,69.15,69.15,4.89592364,6.349,630.9739622,177.9784748,0,582.2591362,242.0078427,449.38,-5.55153509,-5.97112745,-6.12592364,1,0.5,0.66666667,0.83333333,0.9,1,0.83333333,1,0.81904762,0.16666667,0.75,0,0,0,0,0,0,0,0,0,0,0,0,0,0,0,0
0,0,0,0,0,0,0,0,0,0,0,432.62,0.0688172,67,31,68,32,11,3,0,6,36,24,2,5,0,0,0,0,0,0,0,0,7,0,53.73134328,35.82089552,2.98507463,7.46268657,0,0,2,2,12,0,2,0,0,0,2,0,0,0,0,0,0,0.84407316,117.7104,104.73,104.73,2.36513746,3.8966,667.0285102,165.1395135,78.70484453,582.7408638,242.205272,438.25,-3.40036684,-3.56688058,-3.59513746,0,1,0.83333333,0.83333333,1,1,0.83333333,0.5,0.85714286,0.33333333,0.875,1,0,0,0,0,0,0,0,0,0,0,0,0,0,0,0
1,15.36,0.41,1.93,22.98,0,0,0,0,0,0,510.79,0.08615385,44,26,46,28,3,2,0,12,18,19,0,2,0,1,2,1,0,1,0,3,7,4,40.90909091,43.18181818,0,4.54545455,9.09090909,0,3,3,18,0,3,0,0,0,3,0,0,0,0,0,0,-0.72240126,108.3475,34.14,42.52,5.95103325,6.7034,492.0490387,74.23317861,0,481.5116279,200.7178803,351.26,-6.44837826,-6.97348158,-7.18103325,1,0.5,0.66666667,0.66666667,0.6,0.5,0.66666667,1,0.65714286,0.66666667,0.75,0,0,0,0,0,0,0,0,0,0,0,0,0,0,0,0
1,20.56,0.43,4.75,11.81,0,0,0,0,0,0,334.4,0.1038961,39,22,41,24,3,2,0,6,17,14,2,2,0,1,3,0,0,0,0,1,8,3,43.58974359,35.8974359,5.12820513,5.12820513,7.69230769,0,3,6,18,3,1,0,0,1,1,1,1,0,0,1,1,0.43800656,76.436,58.2,66.58,2.97211545,4.2624,365.883684,122.0032868,32.80999489,358.7541528,150.4074397,271.16,-3.91629814,-4.14350968,-4.20211545,0,1,1,1,1,0.5,1,1,0.92857143,0.5,1,1,0,1,0,1,0,0,0,1,0,0,0,1,0,1,0
1,15,0.31,3.45,6.14,0,0,0,0,0,0,375.87,0.09333333,39,25,42,28,3,2,0,17,14,16,5,2,0,1,0,1,0,0,0,2,9,1,35.8974359,41.02564103,12.82051282,5.12820513,2.56410256,0,4,5,23,1,3,0,0,1,3,0,0,1,0,0,0,-0.19829378,95.223,91.84,100.22,1.57305602,2.2137,403.19431,96.06557926,16.66300743,413.1063123,172.6829149,288.4,-2.72709762,-2.81440322,-2.80305602,0,1,1,1,0.4,0,1,1,0.77142857,0.5,1,1,1,1,0,1,0,0,0,1,1,0,0,1,1,1,1
1,16.73,0.32,1.9,9.36,0,0,0,0,0,0,401.88,0.08128079,45,29,49,33,3,1,0,23,16,22,5,1,0,0,0,1,0,0,0,1,7,1,35.55555556,48.88888889,11.11111111,2.22222222,2.22222222,0,5,8,30,2,3,0,0,1,3,1,0,0,0,2,0,0.22790168,112.7063,79.36,79.36,3.40456237,4.2483,443.0461608,94.73748749,36.02150137,470.0166113,196.0068079,331.08,-4.28387802,-4.55433425,-4.63456237,0,1,1,1,0.4,0,1,1,0.77142857,0.33333333,0.875,1,0,1,0,0,0,1,0,1,0,0,0,1,0,1,0
0,0,0,0,0,0,0,0,0,0,0,333.51,0.09,52,25,54,27,7,0,0,17,27,23,1,1,0,0,0,0,0,0,0,0,2,0,51.92307692,44.23076923,1.92307692,1.92307692,0,0,3,4,18,1,2,0,0,0,3,0,0,0,1,0,0,-0.47492316,105.6576,23.47,23.47,4.45903325,4.6735,501.4847063,45.80765705,42.68334316,471.4285714,196.5854801,335.35,-5.18017826,-5.55608158,-5.68903325,0,0.75,1,1,0.8,0.5,1,1,0.86428571,0.5,0.875,1,0,0,0,1,0,1,1,0,0,0,0,1,0,1,0
0,14.99,0,0,0,0,0,0,1,0,1,341.54,0.0942029,47,24,49,26,5,0,0,16,23,17,5,1,0,0,0,0,0,0,0,1,7,0,48.93617021,36.17021277,10.63829787,2.12765957,0,0,3,3,16,0,3,0,0,2,1,0,0,0,0,0,0,-0.6993502,93.5807,57.76,57.76,2.82730464,3.6242,0,60.98891019,0,445.2657807,185.8630249,313.7,-3.79320894,-4.00593941,-4.05730464,0,1,1,1,0.8,0.5,1,1,0.9,0.5,1,1,1,1,0,1,0,1,0,1,0,0,0,1,1,1,0
1,14.22,0.26,2.17,7.74,0,0,0,0,0,0,411.51,0.07526882,52,31,56,35,6,0,0,27,21,23,7,1,0,0,0,0,0,0,0,0,8,0,40.38461538,44.23076923,13.46153846,1.92307692,0,0,5,5,27,0,5,0,0,3,2,0,0,0,0,0,0,-0.73513881,120.9277,75.58,75.58,3.38309749,3.7053,495.3710806,77.65191763,0,506.2458472,210.8548554,344.27,-4.26563286,-4.53394261,-4.61309749,0,1,1,1,0.6,0,1,1,0.8,0.16666667,0.875,1,0,0,0,0,0,1,0,1,0,0,0,1,0,1,0
0,10.44,0.19,0.51,4.67,0,0,0,0,0,0,490.57,0.06306306,59,37,64,42,7,0,0,33,22,27,8,2,0,0,0,0,0,0,0,0,10,0,37.28813559,45.76271186,13.55932203,3.38983051,0,0,6,6,33,0,6,0,0,3,3,0,0,0,0,0,0,-0.72437986,137.9348,109.57,109.57,4.15473798,3.6434,572.0429448,123.8906869,0,586.7275748,243.83917,402.08,-4.92152728,-5.26700108,-5.38473798,0,0.75,0.5,1,0.4,0,1,1,0.66428571,0.16666667,0.75,0,0,0,0,0,0,0,0,0,0,0,0,0,0,0,0
1,14.37,0.27,3.45,7.24,0,0,0,0,0,0,463.56,0.06595365,60,34,63,37,8,3,0,17,26,25,5,3,0,0,1,0,0,0,0,0,9,1,43.33333333,41.66666667,8.33333333,5,1.66666667,0,4,4,22,0,4,0,0,2,2,0,0,0,0,0,0,0.20581834,127.8013,94.2,94.2,3.16363283,2.9607,592.6246799,148.494395,60.69409384,567.5083057,235.9624204,417.32,-4.07908791,-4.32545119,-4.39363283,0,1,0.83333333,1,0.8,0.5,1,1,0.87619048,0.16666667,0.875,1,0,0,0,0,0,1,0,1,0,0,0,1,0,0,0
1,16.16,0.3,3.37,9.72,0,0,0,0,0,0,431.51,0.07258065,54,32,58,36,4,3,0,17,22,24,5,2,0,0,1,0,0,0,0,0,8,1,40.74074074,44.44444444,9.25925926,3.7037037,1.85185185,0,5,6,28,1,4,0,0,2,3,0,0,1,0,0,0,-0.34072476,119.6574,73.97,73.97,3.70598844,3.0323,508.3373583,105.8110519,18.01075068,516.3122924,214.9804477,378.87,-4.54009017,-4.84068902,-4.93598844,0,1,1,1,0.8,0.5,1,1,0.9,0.16666667,0.875,1,0,0,0,0,0,1,0,1,0,0,0,1,0,1,0
1,16.88,0.31,3.81,7.98,0,0,0,0,0,0,405.47,0.07586207,50,30,53,33,5,3,0,17,20,22,5,2,0,0,1,0,0,0,0,0,8,1,40,44,10,4,2,0,4,4,22,0,4,0,0,2,2,0,0,0,0,0,0,0.24295394,112.3162,87.96,87.96,3.28366233,2.6908,485.3759573,120.6974887,32.89718747,487.5415282,203.1891509,356.63,-4.18111298,-4.43947922,-4.51366233,0,1,1,1,0.6,0,1,1,0.8,0.16666667,1,1,0,1,0,0,0,1,0,1,1,0,0,1,0,1,0
1,16.46,0.3,3.66,9.57,0,0,0,0,0,0,417.48,0.07526882,51,31,55,35,4,3,0,17,20,23,5,2,0,0,1,0,0,0,0,0,8,1,39.21568627,45.09803922,9.80392157,3.92156863,1.96078431,0,5,6,27,1,4,0,0,3,2,0,1,0,0,0,0,-0.32868719,114.792,73.97,73.97,3.49662313,2.9699,482.2606225,105.8110519,18.01075068,492.9069767,205.3881052,361.57,-4.36212966,-4.64179197,-4.72662313,0,1,1,1,0.6,0.5,1,1,0.87142857,0.16666667,0.875,1,0,1,0,0,0,1,0,1,1,0,0,1,0,1,0
1,12.08,0.23,1,5.16,0,0,0,0,0,0,449.58,0.07056452,55,32,58,35,7,2,0,21,23,23,5,3,0,1,0,0,0,0,0,1,9,0,41.81818182,41.81818182,9.09090909,5.45454545,0,0,4,5,22,1,3,0,0,2,2,0,0,1,0,0,0,0.23894479,125.466,105.15,133.39,3.45427639,3.7705,550.9902793,130.3984789,32.89718747,544.9335548,226.7104733,384.26,-4.32613493,-4.60156257,-4.68427639,0,1,1,1,0.8,0.5,1,1,0.9,0.16666667,1,1,0,0,0,0,0,1,0,1,0,0,0,1,0,1,0
0,0,0,0,0,0,0,0,0,0,0,367.53,0.08262108,56,27,58,29,11,1,0,15,29,23,1,3,0,0,0,0,0,0,0,0,4,0,51.78571429,41.07142857,1.78571429,5.35714286,0,0,3,6,17,2,1,0,0,1,2,0,0,2,0,0,0,-0.41882131,107.9451,51.46,51.46,4.88496217,6.792,525.50436,78.82815808,42.68334316,498.0730897,207.5053646,355.57,-5.54221784,-5.96071406,-6.11496217,0,0.75,0.66666667,0.83333333,1,0.5,0.83333333,0.5,0.72619048,0.33333333,0.75,0,0,0,0,0,0,0,0,0,0,0,0,0,0,0,0
1,12.98,0.27,0.93,12.78,0,0,0,0,0,0,536,0.06386555,58,35,61,38,4,3,0,12,23,24,1,3,0,1,5,1,0,0,0,2,11,6,39.65517241,41.37931034,1.72413793,5.17241379,10.34482759,0,4,4,23,0,4,0,0,1,3,0,0,0,0,0,0,-0.68032373,121.3094,54.45,62.83,5.561655,5.7847,588.0081594,147.3827594,0,565.5481728,235.1590872,435.48,-6.11740675,-6.60357225,-6.791655,1,0.5,0.66666667,0.66666667,0.6,0.5,0.66666667,1,0.65714286,0.16666667,0.75,0,0,0,0,0,0,0,0,0,0,0,0,0,0,0,0
1,17.49,0.36,2.52,13.71,0,0,0,0,0,0,361.92,0.09782609,44,24,47,27,3,2,0,12,20,19,1,2,0,1,0,1,0,0,0,2,5,1,45.45454545,43.18181818,2.27272727,4.54545455,2.27272727,0,4,7,24,3,2,0,0,1,2,1,1,0,0,1,1,-0.34197771,96.6074,46.17,54.55,3.92263151,4.7875,426.6955651,60.71794951,16.40499744,431.2956811,180.1375742,312.48,-4.72423679,-5.04649994,-5.15263151,0,1,1,1,0.8,0.5,1,1,0.9,0.66666667,1,1,0,0,0,1,0,1,0,0,0,0,0,0,0,1,0
1,13.13,0.27,1.6,6.78,0,0,0,0,0,0,429.51,0.07635468,51,29,53,31,4,3,0,11,22,19,3,3,0,1,3,0,0,0,0,1,10,3,43.1372549,37.25490196,5.88235294,5.88235294,5.88235294,0,3,4,17,1,2,0,0,1,2,0,0,1,0,0,0,-0.23402445,103.3808,83.13,91.51,2.74722138,4.813,508.0082246,132.519787,16.66300743,480.6810631,200.3774849,358.63,-3.72513817,-3.92986031,-3.97722138,0,1,1,1,0.8,0.5,1,1,0.9,0.33333333,1,1,0,0,0,0,0,1,0,0,0,0,0,0,0,1,0
1,15.78,0.33,5.15,7.65,0,0,0,0,0,0,559.05,0.06349206,57,36,61,40,6,4,0,17,21,23,2,6,0,2,2,1,0,0,0,3,13,3,36.84210526,40.35087719,3.50877193,10.52631579,5.26315789,0,5,8,29,2,3,0,0,1,4,0,0,0,2,0,0,-0.24479149,127.0214,115.42,132.18,2.98987904,3.2031,583.3008795,157.331436,16.78552955,581.179402,241.5653287,429.95,-3.93139719,-4.16038509,-4.21987904,0,0.75,0.83333333,0.83333333,0.7,0.5,0.83333333,1,0.77857143,0.33333333,0.75,0,0,0,0,0,0,0,0,0,0,0,0,0,0,0,0
1,14.94,0.32,5.3,6.52,0,0,0,0,0,0,560.04,0.06349206,56,36,60,40,6,4,0,17,20,22,3,6,0,2,2,1,0,0,0,3,14,3,35.71428571,39.28571429,5.35714286,10.71428571,5.35714286,0,5,8,29,2,3,0,0,1,4,0,0,0,2,0,0,-0.21722449,127.3973,128.31,145.07,2.85522574,2.8753,579.2066259,173.7493992,16.66300743,574.3521595,238.7672785,423.65,-3.81694188,-4.03246445,-4.08522574,0,0.75,0.66666667,0.83333333,0.7,0.5,0.66666667,1,0.73095238,0.33333333,0.625,0,0,0,0,0,0,0,0,0,0,0,0,0,0,0,0
1,14.15,0.31,3.69,9.38,0,0,0,0,0,0,575.01,0.06190476,56,36,59,39,6,4,0,12,20,22,0,6,0,2,5,1,0,0,0,3,14,6,35.71428571,39.28571429,0,10.71428571,10.71428571,0,4,7,24,2,2,0,0,0,4,0,0,0,2,0,0,-0.60647411,120.2658,86.74,103.5,3.93158462,4.205,584.4814477,185.4262463,0,565.7142857,235.2271663,437.4,-4.73184693,-5.05500539,-5.16158462,0,0.75,0.83333333,0.83333333,0.7,0.5,0.83333333,1,0.77857143,0.16666667,0.875,0,0,0,0,0,0,0,0,0,0,0,0,0,0,0,0
0,0,0,0,0,0,0,0,0,0,0,494.69,0.06031746,74,36,76,38,13,3,0,12,38,29,2,5,0,0,0,0,0,0,0,0,7,0,51.35135135,39.18918919,2.7027027,6.75675676,0,0,3,3,18,0,3,0,0,0,3,0,0,0,0,0,0,0.74546223,137.8828,104.73,104.73,2.87112659,4.6443,728.5561814,165.1395135,78.70484453,660.2990033,273.9913948,493.57,-3.8304576,-4.04757026,-4.10112659,0,1,0.66666667,0.83333333,1,1,0.83333333,0.5,0.83333333,0.33333333,0.75,0,0,0,0,0,0,0,0,0,0,0,0,0,0,0,0
1,18.73,0.36,2.91,10,0,0,0,0,0,0,404.88,0.08128079,46,29,50,33,3,0,1,21,17,22,4,2,0,0,0,1,0,0,0,1,7,1,36.95652174,47.82608696,8.69565217,4.34782609,2.17391304,0,5,7,28,2,3,0,0,2,3,0,0,2,0,0,0,-0.3364416,110.0015,75.86,75.86,2.59822818,4.6233,453.253306,69.84466109,16.78552955,470.3322259,196.1361582,331.51,-3.59849395,-3.78831677,-3.82822818,0,1,1,1,0.6,0.5,1,1,0.87142857,0.5,0.875,1,0,0,0,0,0,1,0,0,0,0,0,1,0,1,0
1,20.32,0.42,4.85,10.08,0,0,0,0,0,0,442.95,0.07635468,50,29,52,31,5,3,0,12,21,20,2,3,0,1,2,1,0,0,0,2,9,3,42,40,4,6,6,0,3,3,18,0,3,0,0,0,3,0,0,0,0,0,0,0.95975121,106.7439,89.26,97.64,4.04129751,4.3448,516.6928226,150.2860438,50.90793816,497.7740864,207.3828223,371.43,-4.82510288,-5.15923264,-5.27129751,0,1,1,1,0.8,0.5,1,1,0.9,0.16666667,1,1,0,1,0,0,0,1,0,1,0,0,0,1,0,1,0
0,0,0,0,0,0,0,0,0,0,0,337.32,0.09486166,39,23,40,24,3,1,0,6,16,15,1,2,0,0,5,0,0,0,0,0,8,5,41.02564103,38.46153846,2.56410256,5.12820513,12.82051282,0,2,2,12,0,2,0,0,0,2,0,0,0,0,0,0,-0.1977488,72.7368,40.54,40.54,3.40243656,3.2011,392.6604283,145.7531504,42.68334316,355.166113,148.9369315,280.81,-4.28207108,-4.55231473,-4.63243656,0,1,1,1,1,1,1,1,1,0.66666667,1,1,1,1,1,1,0,0,0,1,1,1,0,1,1,1,1
1,0,0,0,0,0,0,0,0,0,0,740.06,0.03918723,114,53,115,54,21,5,0,12,61,40,5,8,0,0,0,0,0,0,0,0,13,0,53.50877193,35.0877193,4.38596491,7.01754386,0,0,2,2,12,0,2,0,0,0,2,0,0,0,0,0,0,1.9512121,202.0979,175.4,175.4,2.36750805,5.8658,1153.119731,265.5750707,114.7263459,1000.498339,413.417352,750.32,-3.40238184,-3.56913265,-3.59750805,1,0.5,0.5,0.5,0.8,1,0.33333333,0,0.51904762,0.16666667,0.625,0,0,0,0,0,0,0,0,0,0,0,0,0,0,0,0
1,15.04,0.32,1.96,12,0,0,0,0,0,0,485.52,0.07096774,61,31,63,33,9,2,0,12,30,23,2,3,0,1,0,2,0,0,0,3,8,2,49.18032787,37.70491803,3.27868852,4.91803279,3.27868852,0,3,3,18,0,3,0,0,0,3,0,0,0,0,0,0,-0.32868719,129.419,60.85,69.23,3.9385404,5.9437,625.7488301,91.63916978,42.68334316,589.6179402,245.023746,429.04,-4.73775934,-5.06161338,-5.1685404,0,1,0.83333333,0.83333333,1,1,1,1,0.95238095,0.16666667,0.875,0,0,0,0,0,0,0,0,0,0,0,0,0,0,0,0
0,0,0,0,0,0,0,0,0,0,0,504.1,0.06595365,64,34,67,37,7,4,0,12,30,25,3,4,0,1,0,1,0,0,0,2,9,1,46.875,39.0625,4.6875,6.25,1.5625,0,4,4,22,0,4,1,0,0,2,1,0,0,0,0,0,0.20581834,132.3333,95.58,103.96,3.00622254,4.2188,635.7603462,132.1428682,36.02150137,610.0996678,253.4178966,450.58,-3.94528916,-4.17591141,-4.23622254,0,0.75,0.83333333,0.83333333,0.9,1,0.83333333,1,0.87857143,0.16666667,0.875,0,0,0,0,0,0,0,0,0,0,0,0,0,0,0,0
1,16.99,0.36,3.21,10.55,0,0,0,0,0,0,468.44,0.07356322,53,30,55,32,9,2,0,17,23,21,3,3,0,1,0,2,0,0,0,3,9,2,43.39622642,39.62264151,5.66037736,5.66037736,3.77358491,0,3,3,17,0,3,0,0,1,2,0,0,0,0,0,0,-0.28288949,121.1992,75.43,83.81,3.41022818,4.6295,573.8098535,105.3003854,42.68334316,545.0996678,226.7785524,389.26,-4.28869395,-4.55971677,-4.64022818,0,1,0.83333333,0.83333333,0.8,0.5,1,1,0.85238095,0.16666667,0.875,1,0,0,0,0,0,0,0,0,0,0,0,1,0,0,0
1,18.64,0.42,5.75,10,0,0,0,0,0,0,509.52,0.0688172,57,31,58,32,10,4,0,12,26,20,2,5,0,2,0,2,0,0,0,4,11,2,45.61403509,35.0877193,3.50877193,8.77192982,3.50877193,0,2,2,12,0,2,0,0,0,2,0,0,0,0,0,0,-0.23279952,125.9194,94.99,111.75,2.8282509,4.6013,630.9507936,134.3463686,42.68334316,584.10299,242.7635205,425.59,-3.79401327,-4.00683836,-4.0582509,0,0.75,0.66666667,0.66666667,0.9,0.5,0.83333333,1,0.75952381,0.33333333,0.875,0,0,0,0,0,0,0,0,0,0,0,0,0,0,0,0
1,15.73,0.33,4.7,6.15,0,0,0,0,0,0,466.91,0.07356322,48,30,50,32,9,3,0,11,18,17,4,4,0,1,3,1,0,0,0,2,13,4,37.5,35.41666667,8.33333333,8.33333333,8.33333333,0,3,3,14,0,3,1,0,1,1,0,0,0,0,0,0,0.40802917,99.807,119.39,127.77,2.77654789,2.8139,509.4668406,194.8702143,32.89718747,480.5315615,200.3162137,359.03,-3.75006571,-3.9577205,-4.00654789,0,1,0.83333333,0.83333333,1,1,1,1,0.95238095,0.33333333,0.875,1,0,0,0,0,0,0,0,1,0,0,0,1,0,0,0
1,19,0.41,5.24,7.98,0,0,0,0,0,0,437.91,0.07671958,47,28,48,29,8,3,1,6,19,17,3,3,0,1,3,1,0,0,0,2,11,4,40.42553191,36.17021277,6.38297872,6.38297872,8.5106383,0,2,2,10,0,2,0,1,0,1,0,0,0,0,0,0,0.38835968,97.3578,104.26,112.64,1.92555229,3.5263,509.1442113,179.8133228,32.89718747,472.2425249,196.9190676,362.5,-3.02671944,-3.14927467,-3.15555229,0,1,1,1,1,1,1,1,1,0.33333333,1,1,0,1,0,0,0,1,0,1,0,0,0,1,0,1,0
1,0,0,0,0,0,0,0,0,0,0,360.83,0.09486166,38,23,39,24,5,2,0,12,15,16,0,3,0,1,2,1,0,0,0,2,7,3,39.47368421,42.10526316,0,7.89473684,7.89473684,0,2,2,12,0,2,0,0,0,2,0,0,0,0,0,0,-0.24064481,84.9071,54.37,62.75,4.39078534,4.0153,428.544443,116.9165218,42.68334316,396.179402,165.7456566,295.23,-5.12216753,-5.49124607,-5.62078534,0,0.75,1,1,0.8,0.5,1,1,0.86428571,0.33333333,0.875,1,1,1,1,1,0,0,0,1,0,0,0,1,0,1,0
1,14.95,0.31,5.71,6.02,0,0,0,0,0,0,513.58,0.06595365,55,34,58,37,5,7,1,6,21,22,1,7,0,2,2,0,0,0,0,2,12,2,38.18181818,40,1.81818182,12.72727273,3.63636364,0,4,7,24,2,2,0,0,0,4,0,0,0,2,0,0,-0.64178321,119.3301,127.6,144.36,1.29427639,0.8125,571.961234,196.7501893,0,548.6544851,228.2354447,429.39,-2.49013493,-2.54956257,-2.52427639,0,0.75,0.83333333,0.83333333,0.7,0.5,0.66666667,1,0.7547619,0.33333333,0.75,0,0,0,0,0,0,0,0,0,0,0,0,0,0,0,0
0,0,0,0,0,0,0,0,0,0,0,385.97,0.08262108,55,27,57,29,9,1,0,15,28,23,1,2,0,0,0,1,0,0,0,1,4,1,50.90909091,41.81818182,1.81818182,3.63636364,1.81818182,0,3,6,17,2,1,0,0,1,2,0,0,2,0,0,0,-0.41882131,111.333,42.23,42.23,5.90392887,7.4488,535.5468078,67.82827019,42.68334316,508.6544851,211.8420021,361.99,-6.40833954,-6.92873242,-7.13392887,0,0.75,0.83333333,0.66666667,0.7,0.5,0.83333333,1,0.7547619,0.5,0.875,0,0,0,0,0,0,0,0,0,0,0,0,0,0,0,0
0,10.64,0.19,-3.23,8.59,0,0,0,0,0,0,415.57,0.07311828,60,31,63,34,10,1,0,21,29,27,1,3,0,0,0,0,0,0,0,0,4,0,48.33333333,45,1.66666667,5,0,0,4,7,23,2,2,0,0,1,3,0,0,2,0,0,0,-0.45653742,123.6453,51.46,51.46,6.01820668,7.8473,564.7114363,78.82815808,42.68334316,552.2259136,229.6991449,393.59,-6.50547568,-7.03729635,-7.24820668,0,0.75,0.66666667,0.66666667,0.7,0.5,0.83333333,1,0.73095238,0.33333333,0.875,0,0,0,0,0,0,0,0,0,0,0,0,0,0,0,0
0,0,0,0,0,0,0,0,0,0,0,377.54,0.08201058,55,28,58,31,10,0,0,20,27,22,5,1,0,0,0,0,0,0,0,0,6,0,49.09090909,40,9.09090909,1.81818182,0,0,4,7,22,2,2,0,0,2,2,0,0,2,0,0,0,-0.35848085,112.3393,68.62,68.62,5.07696001,6.2008,499.4243853,60.86638808,16.54048532,496.2956811,206.7769185,338.79,-5.70541601,-6.14311201,-6.30696001,0,0.75,0.66666667,0.66666667,0.7,0.5,0.83333333,1,0.73095238,0.16666667,0.875,0,0,0,0,0,0,0,0,0,0,0,0,0,0,0,0
0,0,0,0,0,0,0,0,0,0,0,381.56,0.07936508,59,28,61,30,10,1,0,15,31,24,1,3,0,0,0,0,0,0,0,0,4,0,52.54237288,40.6779661,1.69491525,5.08474576,0,0,3,6,17,2,1,0,0,1,2,0,0,2,0,0,0,-0.42916505,112.3999,51.46,51.46,5.09609844,6.9183,559.5700559,78.82815808,42.68334316,521.4784053,217.0977071,372.87,-5.72168367,-6.16129352,-6.32609844,0,0.75,0.66666667,0.66666667,0.9,1,0.83333333,1,0.83095238,0.33333333,0.875,0,0,0,0,0,0,0,0,0,0,0,0,0,0,0,0
0,11.82,0.22,-1.59,11.14,0,0,0,0,0,0,381.56,0.07936508,59,28,61,30,12,1,0,15,31,24,1,3,0,0,0,0,0,0,0,0,4,0,52.54237288,40.6779661,1.69491525,5.08474576,0,0,3,6,17,2,1,0,0,1,2,0,0,2,0,0,0,-0.84821039,112.8612,40.46,40.46,5.09609844,6.9356,546.2987242,47.14470281,0,521.4784053,217.0977071,372.87,-5.72168367,-6.16129352,-6.32609844,0,0.75,0.66666667,0.66666667,0.9,1,0.66666667,0.5,0.73571429,0.33333333,0.75,0,0,0,0,0,0,0,0,0,0,0,0,0,0,0,0
1,14.1,0.29,2.39,8.14,0,0,0,0,0,0,437,0.07635468,54,29,56,31,6,3,0,12,25,21,2,4,0,1,0,1,0,0,0,2,8,1,46.2962963,38.88888889,3.7037037,7.40740741,1.85185185,0,3,3,19,0,3,0,0,0,2,1,0,0,0,0,0,-0.30230255,113.4712,75.71,84.09,2.59534041,4.2996,550.8621413,99.98707833,18.01075068,525.0830565,218.5750232,385.38,-3.59603935,-3.78557339,-3.82534041,0,1,1,1,1,0.5,1,1,0.92857143,0.33333333,1,1,0,1,0,0,0,1,0,1,0,0,0,1,0,1,0
1,17.1,0.35,3.9,11.44,0,0,0,0,0,0,444.49,0.07356322,50,30,52,32,5,3,0,12,20,20,2,3,0,1,4,0,0,0,0,1,10,4,40,40,4,6,8,0,3,3,19,0,3,0,0,0,2,1,0,0,0,0,0,-0.24987445,103.9751,66.48,74.86,3.36729751,4.4219,495.4180695,148.8276435,18.01075068,483.2890365,201.4463265,368.36,-4.25220288,-4.51893264,-4.59729751,0,1,1,1,0.8,0.5,1,1,0.9,0.16666667,1,1,0,1,0,0,0,1,0,1,0,0,0,1,0,1,0
0,11.5,0.23,1.21,6.75,0,0,0,0,0,0,444.65,0.07096774,63,31,65,33,9,3,0,12,32,24,2,4,0,1,0,0,0,0,0,1,7,0,50.79365079,38.0952381,3.17460317,6.34920635,0,0,3,3,19,0,3,0,0,0,2,1,0,0,0,0,0,-0.36064975,123.2394,75.71,84.09,2.75331841,5.0051,603.5054791,99.98707833,18.01075068,574.9667774,239.0191711,422.07,-3.73032064,-3.93565249,-3.98331841,0,1,1,0.83333333,1,1,1,1,0.97619048,0.33333333,1,1,0,0,0,0,0,1,0,0,0,0,0,0,0,1,0
1,18.88,0.39,2.85,14.89,0,0,0,0,0,0,428.96,0.07936508,51,28,53,30,6,2,0,12,23,21,0,3,0,1,2,1,0,0,0,2,7,3,45.09803922,41.17647059,0,5.88235294,5.88235294,0,3,3,18,0,3,0,0,0,3,0,0,0,0,0,0,-0.32313875,106.2447,54.37,62.75,5.11525309,5.6679,529.0952451,116.9165218,42.68334316,495.166113,206.3139807,369.37,-5.73796513,-6.17949044,-6.34525309,0,0.75,0.83333333,0.83333333,0.7,0.5,0.83333333,1,0.77857143,0.33333333,0.875,0,0,0,0,0,0,0,0,0,0,0,0,0,0,0,0
1,21.53,0.4,7.49,8.46,0,0,0,0,0,0,436.56,0.06854839,60,32,62,34,7,4,0,12,28,24,4,4,0,0,0,0,0,0,0,0,8,0,46.66666667,40,6.66666667,6.66666667,0,0,3,4,19,1,2,0,0,0,2,1,0,0,0,1,0,0.85324947,120.8281,111.1,111.1,1.71589956,2.3164,614.6676139,173.8044248,78.70484453,559.5348837,232.6946245,417.64,-2.84851463,-2.95010458,-2.94589956,0,1,1,1,1,1,1,1,1,0.33333333,1,1,0,0,0,0,0,1,0,1,0,0,0,1,0,1,0
1,14,0.3,2.57,9.34,0,0,0,0,0,0,517.05,0.07007576,56,33,60,37,2,4,0,12,23,23,0,5,0,2,2,1,0,0,0,3,10,3,41.07142857,41.07142857,0,8.92857143,5.35714286,0,5,8,30,2,2,0,0,0,5,0,0,0,2,0,0,-0.69106939,120.6643,77.51,94.27,4.60096684,4.5846,559.1662202,129.5460186,0,552.5581395,229.8353031,415.34,-5.30082181,-5.6909185,-5.83096684,1,0.5,0.66666667,0.83333333,0.7,0.5,0.83333333,1,0.71904762,0.33333333,0.625,0,0,0,0,0,0,0,0,0,0,0,0,0,0,0,0
1,23.79,0.49,5.19,10.87,0,0,0,0,0,0,360.85,0.09782609,37,24,40,27,2,2,0,17,13,16,4,2,0,1,0,1,0,0,0,2,8,1,35.13513514,43.24324324,10.81081081,5.40540541,2.7027027,0,4,7,23,2,2,0,0,1,3,0,0,1,1,0,0,-0.21856297,92.9781,78.95,87.33,2.05619157,3.1793,382.437049,79.28004971,16.66300743,396.5282392,165.8886226,277.4,-3.13776283,-3.27338199,-3.28619157,0,1,1,1,0.4,0,1,1,0.77142857,0.5,1,1,1,1,1,1,0,0,0,1,1,0,0,1,1,1,1
1,15.7,0.29,5.02,6.94,0,0,0,0,0,0,436.56,0.06854839,60,32,62,34,6,4,0,12,28,24,4,4,0,0,0,0,0,0,0,0,8,0,46.66666667,40,6.66666667,6.66666667,0,0,3,4,19,1,2,0,0,0,2,1,0,0,0,1,0,0.20796981,119.7364,98.82,98.82,2.12189956,1.7506,599.7215182,142.6047931,36.02150137,559.5348837,232.6946245,417.64,-3.19361463,-3.33580458,-3.35189956,0,1,1,1,1,1,1,1,1,0.33333333,1,1,0,0,0,0,0,0,0,1,0,0,0,1,0,1,0
1,17.21,0.37,4.91,10.69,0,0,0,0,0,0,519.08,0.06818182,58,33,61,36,5,4,0,12,25,22,2,4,0,2,2,1,0,0,0,3,11,3,43.10344828,37.93103448,3.44827586,6.89655172,5.17241379,0,4,5,24,1,3,0,0,0,4,0,0,0,1,0,0,-0.26194322,123.2157,83.55,100.31,4.83936445,4.6547,585.7270775,136.4696888,16.40499744,570.5980066,237.2286913,423.61,-5.50345978,-5.91739622,-6.06936445,1,0.5,0.66666667,0.83333333,0.7,0.5,0.83333333,1,0.71904762,0.16666667,0.75,0,0,0,0,0,0,0,0,0,0,0,0,0,0,0,0
1,11.76,0.24,-0.53,12.59,0,0,0,0,0,0,533.56,0.06386555,65,35,68,38,10,2,0,18,30,27,2,3,0,1,0,2,0,0,0,3,8,2,46.15384615,41.53846154,3.07692308,4.61538462,3.07692308,0,4,4,23,0,4,0,0,1,3,0,0,0,0,0,0,-0.76536419,144.4341,49.85,58.23,4.51577838,7.0791,657.9844637,59.95571451,0,643.7707641,267.2175263,467.06,-5.22841162,-5.60998946,-5.74577838,1,0.5,0.5,0.66666667,0.7,0.5,0.83333333,1,0.67142857,0.33333333,0.75,0,0,0,0,0,0,0,0,0,0,0,0,0,0,0,0
0,7.66,0.15,-1.23,4.24,0,0,0,0,0,0,637.94,0.05024155,101,46,107,52,7,2,0,6,55,38,1,7,0,0,0,0,0,0,0,0,8,0,54.45544554,37.62376238,0.99009901,6.93069307,0,0,7,25,38,5,2,1,0,1,5,1,0,2,2,2,0,0.04009096,170.9768,115.18,115.18,4.35797101,4.9843,954.8035984,185.4417336,85.36668632,830.282392,343.656718,627.87,-5.09427535,-5.46007246,-5.58797101,1,0.5,0.66666667,0.83333333,0.9,1,0.83333333,1,0.81904762,0.16666667,0.625,0,0,0,0,0,0,0,0,0,0,0,0,0,0,0,0
1,9.61,0.18,0.48,5.44,0,0,0,0,0,0,630.95,0.05151515,103,45,109,51,7,2,0,0,58,37,0,8,0,0,0,0,0,0,0,0,8,0,56.31067961,35.9223301,0,7.76699029,0,0,7,25,37,5,2,1,0,2,4,1,0,2,2,2,0,0.04902467,167.147,111.52,111.52,4.18784427,4.4817,953.7598011,179.6560919,85.36668632,821.4784053,340.0485268,627.18,-4.94966763,-5.29845205,-5.41784427,1,0.5,0.66666667,0.83333333,0.9,1,0.83333333,1,0.81904762,0.16666667,0.75,0,0,0,0,0,0,0,0,0,0,0,0,0,0,0,0
1,15.48,0.29,2.9,7.57,0,0,0,0,0,0,419.5,0.07311828,53,31,56,34,5,3,0,17,22,23,5,2,0,0,1,0,0,0,0,0,8,1,41.50943396,43.39622642,9.43396226,3.77358491,1.88679245,0,4,4,22,0,4,0,0,2,2,0,0,0,0,0,0,0.22496265,116.7344,87.96,87.96,3.49662313,3.0683,515.6376612,120.6974887,32.89718747,510.9468439,212.7814934,373.93,-4.36212966,-4.64179197,-4.72662313,0,1,1,1,0.6,0.5,1,1,0.87142857,0.16666667,1,1,0,1,0,0,0,1,0,1,0,0,0,1,0,1,0
1,12.35,0.23,0.91,9.56,0,0,0,0,0,0,487.63,0.06349206,66,36,70,40,6,3,0,17,30,28,5,2,0,0,1,0,0,0,0,0,8,1,45.45454545,42.42424242,7.57575758,3.03030303,1.51515152,0,5,5,28,0,5,0,0,2,3,0,0,0,0,0,0,-0.77187614,138.9449,65.18,65.18,4.51130129,4.9532,615.3908115,90.92461508,0,609.9335548,253.3498176,448.07,-5.2246061,-5.60573623,-5.74130129,0,0.75,0.66666667,1,0.8,0.5,1,1,0.81666667,0.16666667,0.625,0,0,0,0,0,0,0,0,0,0,0,0,0,0,0,0
1,15.32,0.28,2.61,9.85,0,0,0,0,0,0,461.59,0.06595365,62,34,65,37,9,3,0,17,28,26,5,2,0,0,1,0,0,0,0,0,8,1,45.16129032,41.93548387,8.06451613,3.22580645,1.61290323,0,4,4,22,0,4,0,0,2,2,0,0,0,0,0,0,-0.36281893,130.964,73.97,73.97,4.11472918,4.4513,592.4294106,105.8110519,18.01075068,581.1627907,241.5585208,425.83,-4.8875198,-5.22899272,-5.34472918,0,1,0.83333333,0.83333333,0.8,0.5,1,1,0.85238095,0.16666667,0.875,0,0,0,0,0,0,1,0,0,0,0,0,0,0,0,0
1,0,0,0,0,0,0,0,0,0,0,542.73,0.05533063,79,39,81,41,13,3,0,12,40,31,2,4,0,0,2,0,0,0,0,0,8,2,50.63291139,39.24050633,2.53164557,5.06329114,2.53164557,0,3,3,18,0,3,0,0,0,3,0,0,0,0,0,0,0.72214324,146.1261,95.5,95.5,3.9250452,5.8163,775.0177632,184.0598522,78.70484453,703.2059801,291.5762213,531.52,-4.72628842,-5.04879294,-5.1550452,0,0.75,0.66666667,0.66666667,0.9,1,0.66666667,0.5,0.73571429,0.16666667,0.75,0,0,0,0,0,0,0,0,0,0,0,0,0,0,0,0
0,0,0,0,0,0,0,0,0,0,0,432.62,0.0688172,67,31,68,32,11,3,0,6,36,24,2,5,0,0,0,0,0,0,0,0,7,0,53.73134328,35.82089552,2.98507463,7.46268657,0,0,2,2,12,0,2,0,0,0,2,0,0,0,0,0,0,1.56772996,117.4203,115.73,115.73,2.09713746,3.7203,672.3108818,196.8229688,121.3881877,582.7408638,242.205272,438.25,-3.17256684,-3.31228058,-3.32713746,0,1,0.83333333,0.83333333,1,1,0.83333333,0.5,0.85714286,0.16666667,0.875,1,0,0,0,0,0,0,0,0,0,0,0,0,0,0,0
1,16.8,0.32,4.7,9.9,1,0,0,0,1,2,437.92,0.07526882,51,31,55,35,4,4,0,15,20,22,5,3,0,0,0,1,0,0,0,1,9,1,39.21568627,43.1372549,9.80392157,5.88235294,1.96078431,0,5,7,28,2,3,0,0,2,3,0,0,1,1,0,0,-0.70317625,118.8518,74.29,74.29,2.71476329,1.781,494.7288473,84.54277513,0,503.8039867,209.8540929,364.84,-3.6975488,-3.89902513,-3.94476329,0,1,1,1,0.8,0.5,1,1,0.9,0.33333333,0.875,1,0,1,0,0,0,0,0,1,0,0,0,1,0,1,0
1,18.03,0.34,4.29,13.73,0,0,0,0,0,0,473.68,0.06595365,71,34,74,37,9,1,0,11,37,26,5,1,0,0,2,0,0,0,0,0,8,2,52.11267606,36.61971831,7.04225352,1.4084507,2.81690141,0,4,5,22,1,3,0,0,2,2,0,0,0,1,0,0,0.17664638,131.1286,62.19,62.19,4.67949432,4.6811,643.6828728,110.9964984,36.02150137,610.0498339,253.3974729,447.21,-5.36757017,-5.76551961,-5.90949432,0,0.75,0.66666667,0.83333333,1,1,1,1,0.89285714,0.16666667,0.75,0,0,0,0,0,0,0,0,0,0,0,0,0,0,0,0
1,14.31,0.27,3.32,8.11,0,0,0,0,0,0,515.52,0.06156156,58,37,62,41,5,1,0,22,21,24,7,2,0,0,4,0,0,0,0,0,13,4,36.20689655,41.37931034,12.06896552,3.44827586,6.89655172,0,5,6,29,1,4,0,0,2,2,1,0,0,0,1,0,-0.64389321,126.267,90.96,90.96,4.55639828,4.2694,561.7123468,165.7616116,0,558.2392027,232.1636077,408.18,-5.26293854,-5.64857837,-5.78639828,1,0.5,0.5,0.83333333,0.7,0.5,0.83333333,1,0.6952381,0.16666667,0.625,0,0,0,0,0,0,0,0,0,0,0,0,0,0,0,0
0,9.72,0.18,0.33,6.4,0,0,0,0,0,0,514.53,0.06156156,59,37,63,41,5,1,0,22,22,25,6,2,0,0,4,0,0,0,0,0,12,4,37.28813559,42.37288136,10.16949153,3.38983051,6.77966102,0,5,6,29,1,4,0,0,2,2,1,0,0,0,1,0,-0.67072209,129.5609,78.07,78.07,3.87263398,5.2803,567.0318215,148.9760821,0,565.0664452,234.9616579,414.48,-4.68173888,-4.99900228,-5.10263398,0,0.75,0.83333333,0.83333333,0.7,0.5,0.83333333,1,0.77857143,0.16666667,0.75,0,0,0,0,0,0,0,0,0,0,0,0,0,0,0,0
1,14.14,0.26,2.31,8.78,0,0,0,0,0,0,445.54,0.07007576,57,33,61,37,4,3,0,17,24,25,5,2,0,0,1,0,0,0,0,0,8,1,42.10526316,43.85964912,8.77192982,3.50877193,1.75438596,0,5,6,29,1,4,0,0,2,2,1,0,0,1,0,0,-0.3520827,124.3012,73.97,73.97,3.91196217,3.6123,534.414094,105.8110519,18.01075068,539.717608,224.5727902,396.17,-4.71516785,-5.03636406,-5.14196217,0,1,1,1,0.8,0.5,1,1,0.9,0.16666667,0.875,1,0,0,0,0,0,1,0,1,0,0,0,1,0,1,0
1,19.37,0.4,2.88,12.84,0,0,0,0,0,0,381.96,0.08666667,49,25,50,26,7,2,0,12,24,19,1,3,0,1,0,1,0,0,0,2,6,1,48.97959184,38.7755102,2.04081633,6.12244898,2.04081633,0,2,2,12,0,2,0,0,0,2,0,0,0,0,0,0,-0.31684923,103.8591,57.61,65.99,3.77480108,5.3959,516.2639289,88.51485589,42.68334316,477.1262459,198.9205926,345.99,-4.59858092,-4.90606103,-5.00480108,0,1,1,1,1,0.5,1,1,0.92857143,0.16666667,1,1,0,0,0,0,0,0,0,0,0,0,0,0,0,0,0
1,18.34,0.38,5.08,9.43,0,0,0,0,0,0,436.95,0.07881773,50,29,53,32,5,3,0,12,21,20,2,5,0,1,0,1,0,0,0,2,9,1,42,40,4,10,2,0,4,5,24,1,3,0,0,1,2,1,0,1,0,0,0,-0.2681635,108.3567,84.94,93.32,2.29141954,3.7066,499.5924825,110.9869662,18.01075068,493.3887043,205.5855346,364.51,-3.33770661,-3.49684857,-3.52141954,0,1,1,1,0.8,0.5,1,1,0.9,0.33333333,1,1,0,1,0,0,0,1,0,1,0,0,0,1,0,1,0
0,10.89,0.21,-1.91,11.74,0,0,0,0,0,0,452.43,0.06854839,50,32,52,34,4,1,0,18,18,23,2,1,0,0,6,0,0,0,0,0,9,6,36,46,4,2,12,0,3,3,18,0,3,0,0,0,3,0,0,0,0,0,0,-0.30974979,107.9548,41.99,41.99,4.91480944,5.647,503.4597286,149.7018869,18.01075068,491.2624585,204.7141223,377.49,-5.56758802,-5.98906897,-6.14480944,0,0.75,0.66666667,1,0.8,0.5,1,1,0.81666667,0.5,0.875,0,0,0,0,0,0,0,0,0,0,0,0,0,0,0,0
1,14.27,0.26,0.13,9.01,0,0,0,0,0,0,422.57,0.07056452,58,32,61,35,6,1,0,24,26,27,4,1,0,0,0,0,0,0,0,0,5,0,44.82758621,46.55172414,6.89655172,1.72413793,0,0,4,4,24,0,4,0,0,0,4,0,0,0,0,0,0,0.11504487,129.494,66.91,66.91,3.85087614,4.478,563.5744706,94.73748749,36.02150137,561.0299003,233.3073362,401.09,-4.66324472,-4.97833233,-5.08087614,0,1,1,1,0.6,0.5,1,1,0.87142857,0.16666667,1,1,0,0,0,0,0,1,0,0,0,0,0,0,0,1,0
0,0,0,0,0,0,0,0,0,0,0,414.6,0.07311828,61,31,64,34,5,1,0,18,30,26,4,1,0,0,0,0,0,0,0,0,5,0,49.18032787,42.62295082,6.55737705,1.63934426,0,0,4,4,24,0,4,0,0,0,4,0,0,0,0,0,0,-0.42457486,126.4861,48.47,48.47,3.05131519,3.8819,568.362908,66.18983505,18.01075068,559.0531562,232.4971951,402.61,-3.98361791,-4.21874943,-4.28131519,0,1,1,1,0.8,0.5,1,1,0.9,0.33333333,1,1,0,0,0,0,0,1,0,1,0,0,0,1,0,1,0
0,0,0,0,0,0,0,0,0,0,0,452.43,0.06854839,50,32,52,34,4,1,0,18,18,23,2,1,0,0,6,0,0,0,0,0,9,6,36,46,4,2,12,0,3,3,18,0,3,0,0,0,3,0,0,0,0,0,0,-0.30974979,108.0843,41.99,41.99,4.91480944,5.5341,503.888556,149.7018869,18.01075068,491.2624585,204.7141223,377.49,-5.56758802,-5.98906897,-6.14480944,0,0.75,0.66666667,1,0.8,0.5,1,1,0.81666667,0.5,0.875,1,0,0,0,0,0,0,0,0,0,0,0,0,0,0,0
0,0,0,0,0,0,0,0,0,0,0,452.43,0.06854839,50,32,52,34,4,1,0,18,18,23,2,1,0,0,6,0,0,0,0,0,9,6,36,46,4,2,12,0,3,3,18,0,3,0,0,0,3,0,0,0,0,0,0,-0.71242451,108.277,33.2,33.2,4.91480944,5.3904,502.4500981,134.8154501,0,491.2624585,204.7141223,377.49,-5.56758802,-5.98906897,-6.14480944,0,0.75,0.66666667,1,0.8,0.5,1,1,0.81666667,0.5,0.875,1,0,0,0,0,0,0,0,0,0,0,0,0,0,0,0
1,12.49,0.25,-0.33,9.99,0,0,0,0,0,0,472.44,0.06854839,46,32,48,34,5,3,0,18,14,21,2,2,0,1,6,0,0,0,0,1,11,6,30.43478261,45.65217391,4.34782609,4.34782609,13.04347826,0,3,3,18,0,3,0,0,0,3,0,0,0,0,0,0,-0.24779983,108.912,59.06,67.44,4.22531956,6.0227,480.9982969,167.2641587,16.40499744,481.3621263,200.6566091,370.19,-4.98152163,-5.33405358,-5.45531956,0,0.75,0.83333333,1,0.4,0,1,1,0.71190476,0.16666667,0.75,0,0,0,0,0,0,0,0,0,0,0,0,0,0,0,0
1,15.39,0.28,2.74,11.23,0,0,0,0,0,0,459.57,0.06773619,60,34,64,38,5,3,0,17,26,26,5,2,0,0,1,0,0,0,0,0,8,1,43.33333333,43.33333333,8.33333333,3.33333333,1.66666667,0,5,6,28,1,4,0,0,2,3,0,0,1,0,0,0,-0.75847107,129.7001,65.18,65.18,4.11472918,3.917,563.2373401,90.92461508,0,563.1229236,234.1651326,413.47,-4.8875198,-5.22899272,-5.34472918,0,1,0.83333333,1,0.8,0.5,1,1,0.87619048,0.16666667,0.875,1,0,0,0,0,0,1,0,0,0,0,0,0,0,0,0
1,13.56,0.26,2.53,8.41,0,0,0,0,0,0,484.53,0.06386555,58,35,61,38,8,1,0,22,23,24,6,2,0,0,3,0,0,0,0,0,11,3,39.65517241,41.37931034,10.34482759,3.44827586,5.17241379,0,4,4,22,0,4,0,0,2,2,0,0,0,0,0,0,-0.68032373,125.8665,78.07,78.07,3.30163283,3.9653,569.4472742,134.1384909,0,556.7774086,231.5645117,403.47,-4.19638791,-4.45655119,-4.53163283,0,1,0.83333333,1,0.8,0.5,1,1,0.87619048,0.16666667,0.875,0,0,0,0,0,0,0,0,1,0,0,0,0,0,0,0
1,12.41,0.23,2.72,8.44,0,0,0,0,0,0,437.6,0.07258065,63,32,67,36,5,2,0,11,31,24,5,3,0,0,0,0,0,0,0,0,8,0,49.20634921,38.0952381,7.93650794,4.76190476,0,0,5,6,29,1,4,0,0,1,4,0,0,0,1,0,0,-0.74339949,124.0822,64.35,64.35,2.61701263,2.6299,564.4601065,75.65255877,0,551.7109635,229.4880998,403.05,-3.61446074,-3.806162,-3.84701263,0,1,1,1,1,1,1,1,1,0.33333333,0.875,1,0,0,0,0,0,1,0,1,0,0,0,1,0,1,0
1,12.67,0.26,1.56,10.77,0,0,0,0,0,0,596.2,0.05641026,76,40,80,44,7,3,0,12,36,29,3,4,0,1,2,1,0,0,0,2,11,3,47.36842105,38.15789474,3.94736842,5.26315789,3.94736842,0,5,5,30,0,5,0,0,0,5,0,0,0,0,0,0,-0.72017927,150.7165,70.16,78.54,4.32612607,6.9621,719.7275775,118.145182,0,698.6710964,289.7176624,522.2,-5.06720716,-5.42981977,-5.55612607,1,0.5,0.83333333,0.83333333,0.9,1,0.83333333,1,0.84285714,0.16666667,0.625,0,0,0,0,0,0,0,0,0,0,0,0,0,0,0,0
1,13.92,0.28,2.09,11.11,0,0,0,0,0,0,560.22,0.05974395,76,38,80,42,7,3,0,12,38,29,3,4,0,1,0,1,0,0,0,2,9,1,50,38.15789474,3.94736842,5.26315789,1.31578947,0,5,5,30,0,5,0,0,0,5,0,0,0,0,0,0,-0.75774693,150.8125,70.16,78.54,3.59990326,5.7635,714.0600138,88.22495543,0,692.8239203,287.3212788,510.06,-4.44991777,-4.7399081,-4.82990326,0,0.75,0.83333333,0.83333333,0.9,1,0.83333333,1,0.87857143,0.16666667,0.75,0,0,0,0,0,0,0,0,0,0,0,0,0,0,0,0
1,13.13,0.27,1.51,10.63,0,0,0,0,0,0,544.96,0.06190476,54,36,57,39,4,3,0,18,18,24,2,3,0,1,5,1,0,0,0,2,12,6,33.33333333,44.44444444,3.7037037,5.55555556,11.11111111,0,4,4,24,0,4,0,0,0,4,0,0,0,0,0,0,-0.66160812,122.8922,67.34,75.72,4.55637142,5.126,569.7422895,164.1682889,0,560.6976744,233.171178,427.66,-5.26291571,-5.64855285,-5.78637142,1,0.5,0.66666667,0.83333333,0.7,0.5,0.83333333,1,0.71904762,0.16666667,0.75,0,0,0,0,0,0,0,0,0,0,0,0,0,0,0,0
1,18.21,0.38,4.14,11.25,0,0,0,0,0,0,410.93,0.08262108,47,27,49,29,5,3,0,12,20,19,2,3,0,1,1,1,0,0,0,2,8,2,42.55319149,40.42553191,4.25531915,6.38297872,4.25531915,0,3,3,19,0,3,0,0,0,2,1,0,0,0,0,0,-0.27229005,102.8062,66.48,74.86,3.03755888,4.144,482.2418893,103.9473037,18.01075068,471.4451827,196.592288,348.06,-3.97192505,-4.20568094,-4.26755888,0,1,1,1,0.8,0.5,1,1,0.9,0.16666667,1,1,0,1,0,0,0,1,0,1,0,0,0,1,0,1,0
1,17.56,0.36,3.39,11.86,0,0,0,0,0,0,449.06,0.07356322,59,30,61,32,6,3,0,12,29,23,2,3,0,1,0,1,0,0,0,2,7,1,49.15254237,38.98305085,3.38983051,5.08474576,1.69491525,0,3,3,19,0,3,0,0,0,2,1,0,0,0,0,0,-0.34891959,121.2557,66.48,74.86,3.52527551,5.3389,593.7618637,88.98719044,18.01075068,562.1428571,233.763466,411.19,-4.38648418,-4.66901173,-4.75527551,0,1,1,1,1,0.5,1,1,0.92857143,0.16666667,1,1,0,0,0,0,0,0,0,0,0,0,0,0,0,0,0
1,14.78,0.3,4.63,8.37,0,0,0,0,0,0,512.13,0.06773619,68,34,72,38,8,3,0,6,34,24,3,5,0,1,0,1,0,0,0,2,10,1,50,35.29411765,4.41176471,7.35294118,1.47058824,0,5,5,24,0,5,2,0,0,3,0,0,0,0,0,0,-0.30447501,129.9918,90.39,98.77,2.0924534,3.736,642.2998224,130.9082986,42.68334316,606.9767442,252.1380099,451.17,-3.16858539,-3.30783073,-3.3224534,0,0.75,0.83333333,0.83333333,0.9,1,0.83333333,1,0.87857143,0.33333333,0.75,0,0,0,0,0,0,0,0,0,0,0,0,0,0,0,0
1,17.06,0.37,4.45,8.42,0,0,0,0,0,0,442.93,0.07671958,50,28,51,29,8,3,0,6,22,17,2,4,0,1,3,1,0,0,0,2,11,4,44,34,4,8,8,0,2,2,12,0,2,0,0,0,2,0,0,0,0,0,0,0.38835968,98.4507,89.7,98.08,2.00534777,3.6311,514.9232197,159.7538549,32.89718747,479.7009967,199.9758183,365.57,-3.09454561,-3.22508038,-3.23534777,0,1,1,1,1,1,1,1,1,0.33333333,1,1,0,1,0,0,0,1,0,1,0,0,0,1,0,1,0
0,12.65,0.26,2.58,4.93,0,0,0,0,0,0,374.38,0.09,38,25,40,27,2,3,0,11,13,14,4,3,0,1,3,0,0,0,0,1,11,3,34.21052632,36.84210526,10.52631579,7.89473684,7.89473684,0,3,4,17,1,2,0,0,1,2,0,0,1,0,0,0,-0.11925681,82.8599,96.02,104.4,0.81150966,2.4049,390.8695254,149.3053166,16.66300743,380.2325581,159.2100648,283.13,-2.07978321,-2.09093417,-2.04150966,0,1,1,1,0.6,0.5,1,1,0.87142857,0.5,1,1,1,1,0,1,0,0,0,1,1,0,0,1,1,1,1
1,18.21,0.39,5.12,8.99,0,0,0,0,0,0,442.93,0.07671958,50,28,51,29,8,3,0,6,22,17,2,4,0,1,3,1,0,0,0,2,11,4,44,34,4,8,8,0,2,2,12,0,2,0,0,0,2,0,0,0,0,0,0,0.38835968,98.8883,89.7,98.08,2.00534777,3.2354,516.9810728,159.7538549,32.89718747,479.7009967,199.9758183,365.57,-3.09454561,-3.22508038,-3.23534777,0,1,1,1,1,1,1,1,1,0.33333333,1,1,0,1,0,0,0,1,0,1,0,0,0,1,0,1,0
0,0,0,0,0,0,0,0,0,0,0,517.56,0.0605042,66,35,67,36,9,1,0,6,31,24,1,2,0,0,8,0,0,0,0,0,11,8,46.96969697,36.36363636,1.51515152,3.03030303,12.12121212,0,2,2,12,0,2,0,0,0,2,0,0,0,0,0,0,-0.28794445,115.071,40.54,40.54,5.65963515,7.0259,650.084177,190.6334903,42.68334316,574.5847176,238.8625892,454.72,-6.20068988,-6.6966534,-6.88963515,1,0.5,0.66666667,0.5,0.8,1,0.66666667,1,0.73333333,0.5,0.625,0,0,0,0,0,0,0,0,0,0,0,0,0,0,0,0
0,0,0,0,0,0,0,0,0,0,0,1127.51,0.02808642,163,81,173,91,11,12,0,0,82,57,12,12,0,0,0,0,0,0,0,0,24,0,50.30674847,34.96932515,7.36196319,7.36196319,0,0,11,11,55,0,11,0,0,11,0,0,0,0,0,0,0,0.04891364,290.1347,266.5,266.5,-1.31068069,-1.1753,1454.895374,369.0037647,32.89718747,1383.936877,570.5642939,1064.5,-0.27592141,-0.07485334,0.08068069,1,0.5,0.33333333,0.5,0.7,1,0.33333333,0,0.48095238,0.33333333,0.5,0,0,0,0,0,0,0,0,0,0,0,0,0,0,0,0
0,14.74,0.27,1.59,8.81,0,0,0,0,0,0,345.44,0.08923077,45,26,48,29,5,0,0,22,19,20,5,1,0,0,0,0,0,0,0,0,6,0,42.22222222,44.44444444,11.11111111,2.22222222,0,0,4,4,22,0,4,0,0,2,2,0,0,0,0,0,0,-0.76042238,102.566,57.76,57.76,3.2976066,3.4788,432.5377108,60.98891019,0,435.1993356,181.7374326,298.91,-4.19296561,-4.45272627,-4.5276066,0,1,1,1,0.6,0,1,1,0.8,0.33333333,1,1,1,1,0,1,0,1,0,1,0,0,0,1,1,1,0
0,12.59,0.28,4.25,5.07,0,0,0,0,0,0,416.95,0.08923077,43,26,46,29,3,4,0,11,17,15,4,4,0,2,0,1,0,0,0,3,11,1,39.53488372,34.88372093,9.30232558,9.30232558,2.3255814,0,4,7,23,3,2,0,0,1,3,0,1,1,0,1,0,-0.1416081,98.5255,103.44,120.2,0.65545168,1.8326,435.9725659,108.3260329,16.66300743,441.2126246,184.2018953,315.01,-1.94713393,-1.94267909,-1.88545168,0,1,1,1,0.8,0.5,1,1,0.9,0.5,1,1,0,1,0,0,0,0,0,1,1,0,0,1,0,1,0
1,15.99,0.3,3.62,9.84,0,0,0,0,0,0,439.67,0.07056452,69,32,72,35,9,1,0,11,37,25,5,2,0,0,0,0,0,0,0,0,7,0,53.62318841,36.23188406,7.24637681,2.89855072,0,0,4,5,22,1,3,0,0,2,2,0,0,0,1,0,0,0.17699483,127.2798,71.42,71.42,3.24678274,3.5414,627.0541675,92.07615973,36.02150137,590.5481728,245.4049888,426.56,-4.14976533,-4.40444361,-4.47678274,0,1,1,0.83333333,1,1,1,1,0.97619048,0.16666667,1,1,0,0,0,0,0,0,0,0,0,0,0,0,0,0,0
1,0,0,0,0,0,0,0,0,0,0,307.5,0.10952381,46,21,48,23,5,2,0,6,25,17,1,2,0,1,0,0,0,0,0,1,4,0,54.34782609,36.95652174,2.17391304,4.34782609,0,0,3,6,18,3,1,0,0,1,1,1,1,0,0,1,1,-0.3381746,85.8982,46.17,54.55,2.92906581,3.8752,418.2400591,60.71794951,16.40499744,403.6212625,168.7955994,293.85,-3.87970594,-4.10261252,-4.15906581,0,1,1,1,1,1,1,1,1,0.66666667,1,1,1,1,0,1,1,1,0,1,0,0,0,1,0,1,0
1,0,0,0,0,0,0,0,0,0,0,1698.44,0.01680672,264,120,264,120,50,17,0,6,144,84,16,20,0,0,0,0,0,0,0,0,36,0,54.54545455,31.81818182,6.06060606,7.57575758,0,0,1,1,6,0,1,0,0,0,1,0,0,0,0,0,0,9.34913381,446.3163,510.36,510.36,-2.74762067,5.8032,2682.473459,748.6354341,288.1720109,2283.45515,939.2193236,1737.5,0.94547757,1.29023964,1.51762067,1,0.25,0.16666667,0.33333333,0.6,1,0.16666667,0,0.35952381,0.16666667,0.5,0,0,0,0,0,0,0,0,0,0,0,0,0,0,0,0
1,14.8,0.27,1.71,7.29,1,0,0,0,1,2,358.43,0.08547009,45,27,48,30,4,3,0,17,18,21,4,2,0,0,0,0,0,0,0,0,6,0,40,46.66666667,8.88888889,4.44444444,0,0,4,5,23,1,3,0,0,1,3,0,0,0,1,0,0,-0.34555568,104.053,72.8,72.8,3.04211423,2.8973,439.3123438,87.7266247,18.01075068,444.6345515,185.6043244,322.26,-3.97579709,-4.21000851,-4.27211423,0,1,1,1,0.6,0,1,1,0.8,0.16666667,1,1,1,1,0,1,0,1,0,1,1,0,0,1,1,1,0
1,9.64,0.19,1.71,5.24,0,0,0,0,0,0,689.05,0.04676871,113,49,119,55,9,2,0,0,64,39,2,8,0,0,0,0,0,0,0,0,10,0,56.63716814,34.51327434,1.7699115,7.07964602,0,0,7,25,38,5,2,1,0,1,5,1,0,2,2,2,0,0.63192561,184,126.79,126.79,3.0664422,3.8644,1041.267687,200.7911565,103.377437,901.4451827,372.8217962,683.78,-3.99647587,-4.23312009,-4.2964422,0,0.75,0.5,0.66666667,0.9,1,0.83333333,1,0.80714286,0.16666667,0.625,0,0,0,0,0,0,0,0,0,0,0,0,0,0,0,0
0,0,0,0,0,0,0,0,0,0,0,464.64,0.06439394,70,33,71,34,12,3,0,6,37,25,2,5,0,0,1,0,0,0,0,0,8,1,52.85714286,35.71428571,2.85714286,7.14285714,1.42857143,0,2,2,12,0,2,0,0,0,2,0,0,0,0,0,0,0.83164749,122.476,104.73,104.73,2.67535763,4.1369,695.9390278,180.0996268,78.70484453,609.0697674,252.9958063,461.62,-3.66405399,-3.86158975,-3.90535763,0,1,0.66666667,0.83333333,1,1,0.83333333,0.5,0.83333333,0.33333333,0.75,1,0,0,0,0,0,0,0,0,0,0,0,0,0,0,0
1,19.32,0.37,6.7,8.89,0,0,0,0,0,0,416.47,0.07356322,52,30,54,32,5,3,0,12,22,21,4,3,0,0,2,0,0,0,0,0,9,2,42.30769231,40.38461538,7.69230769,5.76923077,3.84615385,0,3,4,19,1,2,0,0,0,2,1,0,0,0,1,0,0.93313049,105.877,90.54,90.54,2.38020486,1.559,516.0257276,162.2665294,53.90972994,492.5581395,205.2451392,371.73,-3.41317413,-3.58119462,-3.61020486,0,1,1,1,1,0.5,1,1,0.92857143,0.33333333,1,1,0,1,0,0,0,0,0,1,1,0,0,1,0,1,0
1,17.48,0.33,6.35,6.77,0,0,0,0,0,0,430.45,0.07096774,51,31,53,33,5,4,0,12,20,21,4,4,0,0,2,0,0,0,0,0,10,2,39.21568627,41.17647059,7.84313725,7.84313725,3.92156863,0,3,4,19,1,2,0,0,0,2,1,0,0,0,1,0,0.93996083,107.5871,111.1,111.1,1.82592156,1.4957,538.3488296,203.7246514,78.70484453,495.166113,206.3139807,377.88,-2.94203333,-3.05462548,-3.05592156,0,1,1,1,0.8,0.5,1,1,0.9,0.33333333,1,1,0,1,0,0,0,0,0,1,1,0,0,1,0,1,0
1,16.76,0.32,3.42,11.56,0,0,0,0,0,0,489.73,0.06218487,76,35,78,37,11,1,0,11,41,27,5,1,0,0,2,0,0,0,0,0,8,2,53.94736842,35.52631579,6.57894737,1.31578947,2.63157895,0,3,4,17,1,2,0,0,1,2,0,0,0,1,0,0,0.79161916,136.436,70.98,70.98,4.87776202,5.1497,713.1834606,125.8829352,54.03225205,651.4950166,270.3832035,476.87,-5.53609771,-5.95387391,-6.10776202,0,0.75,0.5,0.83333333,1,1,0.83333333,0.5,0.77380952,0.16666667,0.625,0,0,0,0,0,0,0,0,0,0,0,0,0,0,0,0
1,12.25,0.25,2.51,9.26,0,0,0,0,0,0,555.26,0.06006006,80,37,83,40,8,3,0,6,43,27,4,4,0,1,0,1,0,0,0,2,10,1,53.75,33.75,5,5,1.25,0,4,4,24,0,4,0,0,0,4,0,0,0,0,0,0,-0.72437986,148.782,73.4,81.78,2.69629713,4.2461,751.0909833,91.34926933,0,702.0598007,291.1064757,517.64,-3.68185256,-3.88148227,-3.92629713,0,0.75,0.83333333,0.83333333,0.9,1,0.83333333,1,0.87857143,0.33333333,0.875,0,0,0,0,0,0,0,0,0,0,0,0,0,0,0,0
1,21.56,0.43,5.44,9.47,0,0,0,0,0,0,441.71,0.06896552,69,30,69,30,13,2,0,5,39,22,3,4,0,1,0,0,0,0,0,1,8,0,56.52173913,31.88405797,4.34782609,5.79710145,0,0,1,1,5,0,1,0,0,1,0,0,0,0,0,0,0,0.90011544,121.1106,100.55,128.79,2.10758125,3.7489,708.6402849,156.780116,78.70484453,602.2425249,250.1977561,442.01,-3.18144406,-3.32220218,-3.33758125,0,1,0.83333333,0.83333333,1,1,0.83333333,0.5,0.85714286,0.33333333,0.875,1,0,0,0,0,0,0,0,0,0,0,0,0,0,0,0
1,18.48,0.37,5.34,10.32,0,0,0,0,0,0,466.61,0.06854839,60,32,62,34,9,2,0,11,28,22,4,3,0,1,2,0,0,0,0,1,10,2,46.66666667,36.66666667,6.66666667,5,3.33333333,0,3,3,17,0,3,0,0,1,2,0,0,0,0,0,0,0.26991977,119.3309,83.56,111.8,2.6102057,3.1185,593.2900563,147.1413133,36.02150137,557.4086379,231.8232122,412.82,-3.60867485,-3.79969542,-3.8402057,0,1,0.83333333,0.83333333,1,1,1,1,0.95238095,0.33333333,0.875,1,0,0,0,0,0,0,0,1,0,0,0,1,0,0,0
1,14.3,0.28,1.5,8.83,0,0,0,0,0,0,495.7,0.06238859,69,34,70,35,13,2,0,11,35,25,3,3,0,1,2,0,0,0,0,1,9,2,50.72463768,36.23188406,4.34782609,4.34782609,2.89855072,0,2,2,11,0,2,0,0,1,1,0,0,0,0,0,0,0.20581834,130.9987,80.32,108.56,3.99247116,5.0971,695.3043391,144.0169994,36.02150137,629.0863787,261.1993356,466.08,-4.78360049,-5.1128476,-5.22247116,0,1,0.66666667,0.83333333,1,1,0.83333333,0.5,0.83333333,0.16666667,0.75,0,0,0,0,0,0,0,0,0,0,0,0,0,0,0,0
1,14.09,0.29,2.41,11.97,0,0,0,0,0,0,596.2,0.05641026,76,40,80,44,7,3,0,12,36,29,3,4,0,1,2,1,0,0,0,2,11,3,47.36842105,38.15789474,3.94736842,5.26315789,3.94736842,0,5,5,30,0,5,0,0,0,5,0,0,0,0,0,0,-0.72017927,151.2453,70.16,78.54,4.32612607,6.1745,719.7275775,118.145182,0,698.6710964,289.7176624,522.2,-5.06720716,-5.42981977,-5.55612607,1,0.5,0.83333333,0.83333333,0.9,1,0.83333333,1,0.84285714,0.16666667,0.625,0,0,0,0,0,0,0,0,0,0,0,0,0,0,0,0
1,12.72,0.26,1.6,10.81,0,0,0,0,0,0,596.2,0.05641026,76,40,80,44,7,3,0,12,36,29,3,4,0,1,2,1,0,0,0,2,11,3,47.36842105,38.15789474,3.94736842,5.26315789,3.94736842,0,5,5,30,0,5,0,0,0,5,0,0,0,0,0,0,-0.72017927,150.7165,70.16,78.54,4.32612607,6.9621,719.7275775,118.145182,0,698.6710964,289.7176624,522.2,-5.06720716,-5.42981977,-5.55612607,1,0.5,0.83333333,0.83333333,0.9,1,0.83333333,1,0.84285714,0.16666667,0.625,0,0,0,0,0,0,0,0,0,0,0,0,0,0,0,0
1,13.42,0.27,2.01,11.4,0,0,0,0,0,0,596.2,0.05641026,76,40,80,44,7,3,0,12,36,29,3,4,0,1,2,1,0,0,0,2,11,3,47.36842105,38.15789474,3.94736842,5.26315789,3.94736842,0,5,5,30,0,5,0,0,0,5,0,0,0,0,0,0,-0.72017927,151.2453,70.16,78.54,4.32612607,6.1745,719.7275775,118.145182,0,698.6710964,289.7176624,522.2,-5.06720716,-5.42981977,-5.55612607,1,0.5,0.83333333,0.83333333,0.9,1,0.83333333,1,0.84285714,0.16666667,0.625,0,0,0,0,0,0,0,0,0,0,0,0,0,0,0,0
1,12.83,0.26,1.57,10.58,0,0,0,0,0,0,578.21,0.05802969,76,39,80,43,7,3,0,12,37,29,3,4,0,1,1,1,0,0,0,2,10,2,48.68421053,38.15789474,3.94736842,5.26315789,2.63157895,0,5,5,30,0,5,0,0,0,5,0,0,0,0,0,0,-0.73848628,150.5001,70.16,78.54,3.96332652,6.7566,716.8937956,103.1850687,0,695.7475083,288.5194706,516.13,-4.75882754,-5.0851602,-5.19332652,0,0.75,0.83333333,0.83333333,0.9,1,0.83333333,1,0.87857143,0.16666667,0.75,0,0,0,0,0,0,0,0,0,0,0,0,0,0,0,0
1,17.71,0.38,4.15,9.38,0,0,0,0,0,0,459.43,0.07389163,53,29,54,30,9,3,0,12,24,20,2,4,0,1,0,2,0,0,0,3,9,2,45.28301887,37.73584906,3.77358491,7.54716981,3.77358491,0,2,2,12,0,2,0,0,0,2,0,0,0,0,0,0,0.29617978,116.6523,86.71,95.09,3.25534041,4.0802,585.0973302,131.6705336,60.69409384,540.0498339,224.7089483,395.65,-4.15703935,-4.41257339,-4.48534041,0,1,0.83333333,0.83333333,1,1,1,1,0.95238095,0.16666667,1,1,0,0,0,0,0,1,0,1,0,0,0,1,0,0,0
1,16.36,0.31,1.86,11.37,0,0,0,0,0,0,401.53,0.08128079,48,29,52,33,5,0,0,26,19,22,5,1,0,1,0,0,0,0,0,1,7,0,39.58333333,45.83333333,10.41666667,2.08333333,0,0,5,6,27,1,4,0,0,3,2,0,0,1,0,0,0,-0.75105911,117.8504,57.76,86,3.66689954,4.3406,465.3069799,60.98891019,0,483.986711,201.7322586,326.12,-4.50686461,-4.80355457,-4.89689954,0,1,1,1,0.6,0,1,1,0.8,0.16666667,0.875,1,0,1,0,0,0,1,0,1,0,0,0,1,0,1,0
1,8.62,0.16,1.1,3.78,0,0,0,0,0,0,640.91,0.04541063,98,46,99,47,18,4,0,12,52,35,4,7,0,0,0,0,0,0,0,0,11,0,53.06122449,35.71428571,4.08163265,7.14285714,0,0,2,2,12,0,2,0,0,0,2,0,0,0,0,0,0,1.34130694,175.73,146.3,146.3,2.58599228,5.3721,993.4401789,222.419393,96.71559521,864.2857143,357.5925059,646.67,-3.58809344,-3.77669267,-3.81599228,1,0.5,0.5,0.5,0.8,1,0.33333333,0,0.51904762,0.16666667,0.625,0,0,0,0,0,0,0,0,0,0,0,0,0,0,0,0
1,10.53,0.23,-0.55,11.48,0,0,0,0,0,0,543.57,0.06595365,65,34,68,37,10,2,0,18,31,27,2,3,0,1,0,0,1,0,0,2,7,1,47.69230769,41.53846154,3.07692308,4.61538462,1.53846154,0,4,4,23,0,4,0,0,1,3,0,0,0,0,0,0,-0.78764303,142.4473,49.85,58.23,4.41839394,6.4987,642.94251,59.95571451,0,632.1760797,262.4656065,455.92,-5.14563485,-5.51747425,-5.64839394,1,0.5,0.66666667,0.66666667,0.7,0.5,0.83333333,1,0.6952381,0.33333333,0.75,0,0,0,0,0,0,0,0,0,0,0,0,0,0,0,0
1,13.64,0.28,0.6,10.63,0,0,0,0,0,0,471,0.07096774,56,31,58,33,8,3,0,12,25,23,0,4,0,1,2,1,0,0,0,2,8,3,44.64285714,41.07142857,0,7.14285714,5.35714286,0,3,3,18,0,3,0,0,0,3,0,0,0,0,0,0,-0.73513881,115.3519,60.44,68.82,5.46258461,6.2976,578.4789425,110.3779935,0,544.5847176,226.5675072,410.12,-6.03319692,-6.50945538,-6.69258461,0,0.75,0.66666667,0.83333333,0.9,0.5,0.83333333,1,0.78333333,0.16666667,0.75,0,0,0,0,0,0,0,0,0,0,0,0,0,0,0,0
1,17.14,0.31,1.34,13.28,0,0,0,0,0,0,402.51,0.07586207,53,30,56,33,6,0,0,23,23,24,4,1,0,0,1,0,0,0,0,0,6,1,43.39622642,45.28301887,7.54716981,1.88679245,1.88679245,0,4,4,23,0,4,0,0,1,3,0,0,0,0,0,0,-0.38193463,117.4756,51.97,51.97,4.42508109,4.648,510.7008599,77.54181094,18.01075068,508.0232558,211.5833016,360.54,-5.15131893,-5.52382703,-5.65508109,0,0.75,1,1,0.6,0.5,1,1,0.83571429,0.33333333,0.875,1,0,0,0,0,0,1,1,0,0,0,0,1,0,1,0
0,0,0,0,0,0,0,0,0,0,0,429.54,0.07056452,56,32,59,35,6,1,0,23,24,25,5,1,0,0,1,0,0,0,0,0,7,1,42.85714286,44.64285714,8.92857143,1.78571429,1.78571429,0,4,4,23,0,4,0,0,1,3,0,0,0,0,0,0,0.17699483,124.4897,71.84,71.84,4.19391882,3.8725,543.016766,109.6976008,36.02150137,540.8637874,225.0425358,386.2,-4.954831,-5.30422288,-5.42391882,0,0.75,1,1,0.6,0.5,1,1,0.83571429,0.16666667,1,1,0,0,0,0,0,1,0,1,0,0,0,1,0,1,0
1,16.48,0.3,3.46,9.95,0,0,0,0,0,0,433.53,0.07056452,56,32,59,35,7,3,0,17,24,24,5,2,0,0,1,0,0,0,0,0,8,1,42.85714286,42.85714286,8.92857143,3.57142857,1.78571429,0,4,4,22,0,4,0,0,2,2,0,0,0,0,0,0,-0.34072476,121.8388,73.97,73.97,3.70598844,3.4714,540.2759391,105.8110519,18.01075068,534.3521595,222.3738359,391.23,-4.54009017,-4.84068902,-4.93598844,0,1,1,1,0.8,0.5,1,1,0.9,0.16666667,1,1,0,0,0,0,0,1,0,1,0,0,0,1,0,1,0
1,0,0,0,0,0,0,0,0,0,0,461.59,0.06595365,62,34,65,37,5,3,0,17,28,26,5,2,0,0,1,0,0,0,0,0,8,1,45.16129032,41.93548387,8.06451613,3.22580645,1.61290323,0,4,4,23,0,4,0,0,1,3,0,0,0,0,0,0,0.17664638,129.8325,83.24,83.24,3.84672918,4.1395,604.3435091,120.6974887,49.68271702,581.1627907,241.5585208,425.83,-4.6597198,-4.97439272,-5.07672918,0,1,0.83333333,1,0.8,0.5,1,1,0.87619048,0.16666667,0.875,1,0,0,0,0,0,1,0,0,0,0,0,0,0,0,0
1,20.84,0.46,2.71,16.05,0,0,0,0,0,0,287.84,0.12418301,36,18,37,19,2,2,0,6,18,13,1,2,0,1,0,1,0,0,0,2,5,1,50,36.11111111,2.77777778,5.55555556,2.77777778,0,2,2,12,0,2,0,0,0,2,0,0,0,0,0,0,-0.70896043,74.1897,37.38,45.76,2.71630844,3.8081,370.8777633,45.83151273,0,348.372093,146.1524971,252.22,-3.69886217,-3.90049302,-3.94630844,0,1,1,1,1,0.5,1,1,0.92857143,1,1,1,1,1,1,1,0,0,0,1,0,1,0,1,0,1,0
0,10.42,0.19,0.71,5.79,0,0,0,0,0,0,505.63,0.06116643,65,38,70,43,6,1,0,28,27,29,7,2,0,0,0,0,0,0,0,0,9,0,41.53846154,44.61538462,10.76923077,3.07692308,0,0,6,7,35,1,5,0,0,2,3,1,0,0,0,1,0,-0.75774693,145.2455,90.96,90.96,3.31723746,4.372,615.0484208,106.0436807,0,624.10299,259.1569631,439.22,-4.20965184,-4.47137559,-4.54723746,0,0.75,0.5,0.83333333,0.7,0.5,0.83333333,1,0.73095238,0.16666667,0.75,0,0,0,0,0,0,0,0,0,0,0,0,0,0,0,0
1,14.62,0.28,2.85,9.64,0,0,0,0,0,0,514.53,0.06156156,59,37,63,41,5,1,0,22,22,25,6,2,0,0,4,0,0,0,0,0,12,4,37.28813559,42.37288136,10.16949153,3.38983051,6.77966102,0,5,6,29,1,4,0,0,2,2,1,0,0,0,1,0,-0.67072209,128.8283,78.07,78.07,3.87263398,4.7235,566.4192109,149.0986042,0,565.0664452,234.9616579,414.48,-4.68173888,-4.99900228,-5.10263398,0,0.75,0.83333333,0.83333333,0.7,0.5,0.83333333,1,0.77857143,0.16666667,0.75,0,0,0,0,0,0,0,0,0,0,0,0,0,0,0,0
0,10.18,0.19,0.5,6.65,0,0,0,0,0,0,510.57,0.06156156,62,37,66,41,5,1,0,22,25,26,6,2,0,0,3,0,0,0,0,0,11,3,40.32258065,41.93548387,9.67741935,3.22580645,4.83870968,0,5,6,29,1,4,0,0,2,2,1,0,0,0,1,0,-0.69755098,133.2495,78.07,78.07,3.97212833,4.723,595.9528373,134.1384909,0,585.5481728,243.3558085,425.71,-4.76630908,-5.09352191,-5.20212833,0,0.75,0.83333333,0.83333333,0.7,0.5,0.83333333,1,0.77857143,0.16666667,0.75,0,0,0,0,0,0,0,0,0,0,0,0,0,0,0,0
1,17.39,0.36,2.47,9.22,0,0,0,0,0,0,395.94,0.08307692,48,26,49,27,8,3,0,12,22,19,1,4,0,1,0,1,0,0,0,2,7,1,45.83333333,39.58333333,2.08333333,8.33333333,2.08333333,0,2,2,12,0,2,0,0,0,2,0,0,0,0,0,0,-0.29369258,102.7977,74.68,83.06,3.72351767,5.0975,518.7765264,113.6597829,42.68334316,479.7342193,199.9894341,352.14,-4.55499002,-4.85734178,-4.95351767,0,1,1,1,0.8,0.5,1,1,0.9,0.16666667,1,1,0,0,0,0,0,1,0,0,0,0,0,0,0,1,0
1,15.85,0.29,2.35,12.81,0,0,0,0,0,0,457.62,0.06773619,65,34,69,38,5,2,0,17,31,28,3,3,0,0,0,0,0,0,0,0,6,0,47.69230769,43.07692308,4.61538462,4.61538462,0,0,5,5,29,0,5,0,0,1,4,0,0,0,0,0,0,-0.81681499,133.5631,56.59,56.59,3.49085346,3.4197,602.9652016,67.05454625,0,590.7475083,245.4866837,431.43,-4.35722544,-4.63631079,-4.72085346,0,1,0.83333333,1,0.8,0.5,1,1,0.87619048,0.33333333,0.875,0,0,0,0,0,0,0,0,0,0,0,0,0,0,0,0
1,13.24,0.26,3.24,8,0,0,0,0,0,0,539.69,0.05974395,68,38,72,42,7,4,0,17,30,27,5,4,0,1,1,0,0,0,0,1,11,1,44.11764706,39.70588235,7.35294118,5.88235294,1.47058824,0,5,6,28,1,4,0,0,2,3,0,0,1,0,0,0,-0.70548852,143.6533,89.26,97.64,3.97394141,4.4555,652.9736249,122.319983,0,640.3322259,265.8082893,469.5,-4.7678502,-5.09524434,-5.20394141,0,0.75,0.66666667,0.83333333,0.7,0.5,0.83333333,1,0.7547619,0.16666667,0.75,0,0,0,0,0,0,0,0,0,0,0,0,0,0,0,0
1,23.43,0.48,4.71,13.4,0,0,0,0,0,0,377.85,0.09333333,38,25,41,28,2,2,0,17,13,17,3,2,0,1,1,1,0,0,0,2,8,2,34.21052632,44.73684211,7.89473684,5.26315789,5.26315789,0,4,7,23,2,2,0,0,1,3,0,0,1,1,0,0,-0.23781226,95.3514,66.06,74.44,3.18251787,4.5354,390.5903056,77.45463343,16.66300743,406.2790698,169.8848647,289.77,-4.09514019,-4.34339197,-4.41251787,0,1,1,1,0.4,0,1,1,0.77142857,0.33333333,1,1,0,0,0,1,0,0,0,0,0,0,0,1,0,1,0
1,21.7,0.45,4.46,12.92,0,0,0,0,0,0,393.47,0.09230769,39,26,43,30,3,2,0,16,13,17,3,2,0,2,2,0,0,0,0,2,9,2,33.33333333,43.58974359,7.69230769,5.12820513,5.12820513,0,5,8,25,2,3,1,0,2,2,0,0,1,1,0,0,-0.21765034,96.1668,66.06,102.68,3.13967149,4.3344,377.2133306,92.4147467,16.66300743,405.1328904,169.415119,289.42,-4.05872077,-4.30268791,-4.36967149,0,1,1,1,0.6,0.5,1,1,0.87142857,0.33333333,0.875,1,0,1,0,0,0,0,0,1,0,0,0,1,0,1,0
0,10.34,0.22,-1.18,7.67,1,0,0,0,1,2,443.38,0.07881773,45,29,48,32,4,2,0,18,16,21,4,1,0,1,0,2,0,0,0,3,8,2,35.55555556,46.66666667,8.88888889,2.22222222,4.44444444,0,4,5,24,1,3,0,0,0,4,0,0,0,1,0,0,-0.30230255,120.7733,59.81,85.11,4.92169838,5.6391,497.1756322,79.85105071,18.01075068,502.7076412,209.404771,362.4,-5.57344362,-5.99561346,-6.15169838,0,0.75,0.83333333,1,0.4,0,1,1,0.71190476,0.16666667,0.875,0,0,0,0,0,0,0,0,0,0,0,0,0,0,0,0
1,23.39,0.49,5.14,14.65,0,0,0,0,0,0,413.83,0.08547009,38,27,41,30,2,2,0,17,11,17,3,2,0,1,3,1,0,0,0,2,10,4,28.94736842,44.73684211,7.89473684,5.26315789,10.52631579,0,4,7,23,2,2,0,0,1,3,0,0,1,1,0,0,-0.19902442,95.8371,66.06,74.44,3.41239632,4.9885,396.2578693,107.37486,16.66300743,412.1262459,172.2812483,301.91,-4.29053687,-4.5617765,-4.64239632,0,1,1,1,0.4,0,1,1,0.77142857,0.33333333,1,1,0,0,0,0,0,0,0,0,0,0,0,0,0,1,0
1,22.97,0.47,4.54,13.14,0,0,0,0,0,0,377.85,0.09333333,38,25,41,28,2,2,0,17,13,17,3,2,0,1,1,1,0,0,0,2,8,2,34.21052632,44.73684211,7.89473684,5.26315789,5.26315789,0,4,7,23,2,2,0,0,1,3,0,0,1,1,0,0,-0.23781226,95.3514,66.06,74.44,3.18251787,4.5354,390.5903056,77.45463343,16.66300743,406.2790698,169.8848647,289.77,-4.09514019,-4.34339197,-4.41251787,0,1,1,1,0.4,0,1,1,0.77142857,0.33333333,1,1,0,0,0,1,0,0,0,0,0,0,0,1,0,1,0
1,21,0.41,4.11,8.68,0,0,0,0,0,0,326.41,0.1027668,37,23,40,26,2,2,0,17,14,16,4,2,0,1,0,0,0,0,0,1,7,0,37.83783784,43.24324324,10.81081081,5.40540541,0,0,4,7,23,2,2,0,0,1,3,0,0,1,1,0,0,-0.24064481,88.1733,78.95,87.33,1.5449626,2.5149,361.0351479,79.28004971,16.66300743,376.1960133,157.5557432,262.19,-2.70321821,-2.78771447,-2.7749626,0,1,1,1,0.6,0,1,1,0.8,0.5,1,1,1,1,0,1,1,0,0,1,1,1,0,1,1,1,1
1,21.64,0.45,5.05,9.02,0,0,0,0,0,0,349.83,0.1027668,35,23,38,26,2,2,0,16,12,14,5,2,0,1,0,1,0,0,0,2,9,1,34.28571429,40,14.28571429,5.71428571,2.85714286,0,4,7,22,2,2,0,0,2,2,0,0,2,0,0,1,-0.15485279,87.7867,83.88,92.26,2.9083898,3.1335,358.6167351,79.28004971,16.66300743,373.4385382,156.4256304,256.44,-3.86213133,-4.08297031,-4.1383898,0,1,1,1,0.4,0,1,1,0.77142857,0.5,1,1,1,1,1,1,0,0,0,1,0,1,0,1,1,1,1
1,20.21,0.41,4.97,9.45,0,0,0,0,0,0,446.95,0.07586207,49,30,52,33,4,3,0,17,19,20,4,4,0,1,0,1,0,0,0,2,10,1,38.7755102,40.81632653,8.16326531,8.16326531,2.04081633,0,4,7,23,2,2,0,0,1,3,0,0,1,1,0,0,-0.24987445,114.7375,95.6,103.98,2.20864934,4.2994,505.2035999,101.763649,16.66300743,502.5083057,209.3230761,361.54,-3.26735194,-3.41821687,-3.43864934,0,1,1,1,0.6,0,1,1,0.8,0.33333333,1,1,0,1,0,0,0,1,0,1,0,0,0,1,0,1,0
1,16.66,0.32,4.22,10,0,0,0,0,0,0,475.65,0.06417112,69,34,71,36,10,2,0,11,35,25,5,2,0,0,2,0,0,0,0,0,9,2,50.72463768,36.23188406,7.24637681,2.89855072,2.89855072,0,3,3,16,0,3,0,0,2,1,0,0,0,0,0,0,0.20581834,128.0439,79.26,79.26,4.04533561,3.8248,657.5025274,136.1414254,36.02150137,607.2923588,252.2673602,448.42,-4.82853527,-5.16306883,-5.27533561,0,1,0.66666667,0.83333333,1,1,1,1,0.92857143,0.16666667,0.875,1,0,0,0,0,0,0,0,0,0,0,0,0,0,0,0
1,17.71,0.34,4.14,13.49,0,0,0,0,0,0,473.68,0.06595365,71,34,74,37,9,1,0,11,37,26,5,1,0,0,2,0,0,0,0,0,8,2,52.11267606,36.61971831,7.04225352,1.4084507,2.81690141,0,4,5,22,1,3,0,0,2,2,0,0,0,1,0,0,0.17664638,131.1286,62.19,62.19,4.67949432,4.6811,643.6828728,110.9964984,36.02150137,610.0498339,253.3974729,447.21,-5.36757017,-5.76551961,-5.90949432,0,0.75,0.66666667,0.83333333,1,1,1,1,0.89285714,0.16666667,0.75,0,0,0,0,0,0,0,0,0,0,0,0,0,0,0,0
0,11.1,0.21,2.59,5.19,0,0,0,0,0,0,423.53,0.07526882,56,31,60,35,3,1,0,16,25,21,7,3,0,0,0,0,0,0,0,0,10,0,44.64285714,37.5,12.5,5.35714286,0,0,5,6,28,1,4,0,0,2,3,0,0,1,0,0,0,-0.67121369,115.3161,90.54,90.54,2.99087715,0.8993,509.9710798,103.504875,0,507.5083057,211.3722564,359.61,-3.93224558,-4.1613333,-4.22087715,0,1,0.83333333,1,0.8,0.5,1,1,0.87619048,0.5,0.875,1,0,0,0,0,0,0,0,1,0,0,0,1,0,1,0
1,14.55,0.27,3.72,7.98,0,0,0,0,0,0,493.71,0.06031746,75,36,77,38,10,3,0,12,39,29,3,4,0,0,0,0,0,0,0,0,7,0,52,38.66666667,4,5.33333333,0,0,3,4,18,1,2,0,0,0,3,0,0,0,1,0,0,0.12083982,140.7558,89.95,89.95,2.46512659,4.1104,736.0867038,142.3775027,60.69409384,667.1262459,276.789445,495.78,-3.4853576,-3.66187026,-3.69512659,0,1,0.66666667,0.83333333,1,1,1,1,0.92857143,0.33333333,0.875,0,0,0,0,0,0,0,0,0,0,0,0,0,0,0,0
1,17.57,0.35,3.53,7.96,0,0,0,0,0,0,455.74,0.06666667,72,31,72,31,13,2,0,5,41,23,3,4,0,1,0,0,0,0,0,1,8,0,56.94444444,31.94444444,4.16666667,5.55555556,0,0,1,1,5,0,1,0,0,1,0,0,0,0,0,0,0,0.87603571,125.5089,100.55,128.79,2.32242298,4.0226,741.0076932,156.780116,78.70484453,625.6478405,259.7900986,459.31,-3.36405953,-3.52630183,-3.55242298,0,1,0.66666667,0.83333333,1,1,0.83333333,0.5,0.83333333,0.33333333,0.875,0,0,0,0,0,0,0,0,0,0,0,0,0,0,0,0
1,15.62,0.3,3.21,10.62,1,0,0,0,1,2,408.92,0.08128079,50,29,54,33,4,4,0,11,21,22,4,2,0,0,0,1,0,0,0,1,7,1,42,44,8,4,2,0,5,6,26,1,4,1,0,1,3,0,0,0,1,0,0,-0.75105911,113.3409,60.13,60.13,3.48418214,1.7918,480.6654925,73.3240114,0,484.6179402,201.9909591,358.59,-4.35155482,-4.62997303,-4.71418214,0,1,1,1,0.8,0.5,1,1,0.9,0.16666667,0.875,1,0,1,0,0,0,0,0,1,1,0,0,1,0,1,0
1,14.65,0.28,3.56,9.51,1,0,0,0,1,2,450.43,0.07056452,50,32,53,35,5,4,0,11,18,21,4,3,0,0,4,0,0,0,0,0,11,4,36,42,8,6,8,0,4,5,23,1,3,0,0,1,3,0,0,0,1,0,0,-0.65047455,108.8433,69.36,69.36,2.72504659,1.7813,485.714313,144.1643524,0,480.3654485,200.2481346,371.51,-3.7062896,-3.90879426,-3.95504659,0,1,0.83333333,1,0.8,0.5,1,1,0.87619048,0.33333333,1,1,0,0,0,0,0,0,0,1,0,0,0,1,0,1,0
1,0,0,0,0,0,0,0,0,0,0,544.19,0.06349206,66,36,70,40,8,3,0,17,30,27,3,3,0,2,0,1,0,0,0,3,9,1,45.45454545,40.90909091,4.54545455,4.54545455,1.51515152,0,5,8,29,3,3,0,0,2,2,1,1,0,0,1,1,0.17597383,146.0925,78.51,115.13,3.68636656,5.292,649.0225077,106.9979411,34.41574813,649.1362126,269.4164806,469,-4.52341157,-4.82204823,-4.91636656,0,0.75,0.83333333,0.83333333,0.7,0.5,0.83333333,1,0.77857143,0.16666667,0.75,0,0,0,0,0,0,0,0,0,0,0,0,0,0,0,0
1,13.01,0.26,1.97,9.64,0,0,0,0,0,0,520.15,0.06386555,69,35,72,38,10,3,0,12,34,26,3,4,0,1,0,1,0,0,0,2,9,1,49.27536232,37.68115942,4.34782609,5.79710145,1.44927536,0,4,5,23,1,3,0,0,1,3,0,0,0,1,0,0,-0.73701737,140.3776,70.16,78.54,3.28140418,5.42,663.5834193,88.22495543,0,640.6478405,265.9376396,470.52,-4.17919355,-4.43733397,-4.51140418,0,0.75,0.66666667,0.66666667,0.9,1,0.83333333,1,0.83095238,0.16666667,0.875,0,0,0,0,0,0,0,0,0,0,0,0,0,0,0,0
1,15.22,0.29,2.13,7.89,0,0,0,0,0,0,485.49,0.06386555,54,35,57,38,7,0,1,22,19,23,7,1,0,0,4,0,0,0,0,0,12,4,35.18518519,42.59259259,12.96296296,1.85185185,7.40740741,0,4,4,22,0,4,0,0,2,2,0,0,0,0,0,0,-0.25959763,118.7091,93.58,93.58,4.27905794,4.5702,542.1661227,170.144514,18.01075068,535.9800665,223.0410108,391.81,-5.02719925,-5.38510505,-5.50905794,0,0.75,0.83333333,1,0.8,0.5,1,1,0.84047619,0.16666667,0.75,0,0,0,0,0,0,0,0,0,0,0,0,0,0,0,0
1,14.24,0.29,1.08,11.05,0,0,0,0,0,0,468.98,0.07096774,54,31,56,33,7,4,0,12,23,23,0,4,0,1,2,1,0,0,0,2,8,3,42.59259259,42.59259259,0,7.40740741,5.55555556,0,3,3,18,0,3,0,0,0,3,0,0,0,0,0,0,-0.73513881,116.5203,60.44,68.82,5.38863065,6.2744,568.82017,110.3779935,0,537.4418605,223.6401068,407.48,-5.97033606,-6.43919912,-6.61863065,0,0.75,0.66666667,0.83333333,0.7,0.5,0.83333333,1,0.7547619,0.16666667,0.75,0,0,0,0,0,0,0,0,0,0,0,0,0,0,0,0
1,14.5,0.3,1.08,8.99,0,0,0,0,0,0,442.94,0.07635468,50,29,52,31,6,3,0,12,21,21,0,4,0,1,2,1,0,0,0,2,8,3,42,42,0,8,6,0,3,3,18,0,3,0,0,0,3,0,0,0,0,0,0,-0.30230255,105.9818,71.44,79.82,5.04380306,5.5904,531.6078427,142.0614488,42.68334316,497.7740864,207.3828223,375.52,-5.6772326,-6.1116129,-6.27380306,0,0.75,0.83333333,0.83333333,0.7,0.5,0.83333333,1,0.77857143,0.16666667,0.875,1,0,0,0,0,0,0,0,0,0,0,0,0,0,0,0
1,18.19,0.33,2.78,11.17,0,0,0,0,0,0,428.51,0.07258065,53,32,57,36,5,0,0,27,21,24,6,1,0,0,1,0,0,0,0,0,8,1,39.62264151,45.28301887,11.32075472,1.88679245,1.88679245,0,5,6,28,1,4,0,0,2,3,0,0,1,0,0,0,-0.34072476,120.3351,69.79,69.79,4.44680954,5.0956,498.9399951,94.32734049,18.01075068,515.9966777,214.8510974,356.64,-5.16978811,-5.54446906,-5.67680954,0,0.75,1,1,0.6,0,1,1,0.76428571,0.16666667,0.75,1,0,0,0,0,0,1,0,0,0,0,0,0,0,1,0
1,14.44,0.27,1.02,10.5,0,0,0,0,0,0,407.56,0.07586207,59,30,62,33,6,1,0,16,29,24,3,3,0,0,0,0,0,0,0,0,6,0,49.15254237,40.6779661,5.08474576,5.08474576,0,0,4,5,23,1,3,0,0,1,3,0,0,1,0,0,0,-0.79236111,116.4435,56.07,56.07,2.96693801,4.4919,546.1546317,67.05454625,0,529.4518272,220.365503,379.87,-3.91189731,-4.13859111,-4.19693801,0,1,1,1,1,0.5,1,1,0.92857143,0.5,1,1,0,1,0,0,0,1,1,1,0,0,0,1,0,1,0
0,12.94,0.23,1.54,5.57,0,0,0,0,0,0,397.47,0.07586207,49,30,52,33,6,1,1,22,19,23,5,2,0,0,0,0,0,0,0,0,7,0,38.7755102,46.93877551,10.20408163,4.08163265,0,0,4,5,23,1,3,0,0,1,3,0,0,1,0,0,0,-0.34891959,111.6773,92.31,92.31,2.10142683,3.6515,493.7631861,118.7859805,18.01075068,493.7375415,205.7285006,351.68,-3.1762128,-3.31635549,-3.33142683,0,1,1,1,0.6,0,1,1,0.8,0.33333333,1,1,0,1,0,0,0,1,1,1,0,0,0,1,0,1,0
1,16.26,0.3,2.69,8.05,0,0,0,0,0,0,439.43,0.07258065,48,32,52,36,3,0,1,21,16,22,5,2,0,0,3,0,0,0,0,0,10,3,33.33333333,45.83333333,10.41666667,4.16666667,6.25,0,5,7,28,2,3,0,0,2,3,0,0,2,0,0,0,-0.27877481,108.6091,88.75,88.75,3.56911003,4.4471,461.722622,131.3880083,16.78552955,475.3488372,198.1921464,345.51,-4.42374353,-4.71065453,-4.79911003,0,1,1,1,0.6,0.5,1,1,0.87142857,0.33333333,0.875,1,0,1,0,0,0,1,0,1,0,0,0,1,0,1,0
1,17.36,0.32,1.67,10.43,0,0,0,0,0,0,400.49,0.07816092,51,30,55,34,3,0,1,21,21,24,4,1,0,0,1,0,0,0,0,0,6,1,41.17647059,47.05882353,7.84313725,1.96078431,1.96078431,0,5,7,28,2,3,0,0,2,3,0,0,2,0,0,0,-0.38193463,113.7023,66.63,66.63,3.68556799,5.4762,473.7809171,73.80488648,16.78552955,489.9833887,204.1899134,348.18,-4.52273279,-4.82128959,-4.91556799,0,1,1,1,0.8,0.5,1,1,0.9,0.33333333,0.875,1,0,0,0,0,0,0,0,0,0,0,0,0,0,0,0
1,18.94,0.35,2.92,9.56,0,0,0,0,0,0,401.48,0.07816092,50,30,54,34,3,0,1,21,20,23,5,1,0,0,1,0,0,0,0,0,7,1,40,46,10,2,2,0,5,7,28,2,3,0,0,2,3,0,0,2,0,0,0,-0.34891959,111.141,79.52,79.52,4.32824558,5.0221,469.074053,90.46789391,16.78552955,483.1561462,201.3918632,341.88,-5.06900874,-5.4318333,-5.55824558,0,0.75,1,1,0.8,0.5,1,1,0.86428571,0.33333333,0.75,1,0,0,0,0,0,1,0,0,0,0,0,0,0,1,0
1,11.73,0.24,1.44,9.5,0,0,0,0,0,0,568.14,0.05974395,70,38,74,42,6,3,0,12,32,27,3,4,0,1,2,1,0,0,0,2,11,3,45.71428571,38.57142857,4.28571429,5.71428571,4.28571429,0,5,6,30,1,4,0,0,0,5,0,0,0,1,0,0,-0.70548852,143.23,70.16,78.54,3.94312659,5.8481,663.3891379,118.145182,0,651.8604651,270.5329775,487.6,-4.7416576,-5.06597026,-5.17312659,0,0.75,0.83333333,0.83333333,0.9,1,0.83333333,1,0.87857143,0.16666667,0.75,0,0,0,0,0,0,0,0,0,0,0,0,0,0,0,0
1,14.51,0.28,3.38,9.05,1,0,0,0,1,2,432.44,0.07311828,50,31,53,34,5,4,0,11,19,21,4,3,0,0,3,0,0,0,0,0,10,3,38,42,8,6,6,0,4,5,23,1,3,0,0,1,3,0,0,0,1,0,0,-0.67121369,108.6269,69.36,69.36,2.6181032,1.5758,482.8805312,129.2042391,0,477.4418605,199.0499428,365.44,-3.61538772,-3.80719804,-3.8481032,0,1,1,1,0.8,0.5,1,1,0.9,0.33333333,1,1,0,1,0,0,0,0,0,1,1,0,0,1,0,1,0
0,0,0,0,0,0,0,0,0,0,0,1201.75,0.02380952,189,85,189,85,35,11,0,6,104,61,10,14,0,0,0,0,0,0,0,0,24,0,55.02645503,32.27513228,5.29100529,7.40740741,0,0,1,1,6,0,1,0,0,0,1,0,0,0,0,0,0,5.21162321,318.9763,335.76,335.76,-0.06717609,6.1693,1917.74645,489.7013679,180.1075068,1630.016611,671.416644,1236.7,-1.33290032,-1.25618272,-1.16282391,1,0.25,0.33333333,0.33333333,0.7,1,0.16666667,0,0.39761905,0.16666667,0.5,0,0,0,0,0,0,0,0,0,0,0,0,0,0,0,0
1,0,0,0,0,0,0,0,0,0,0,279.44,0.12280702,40,19,42,21,3,2,0,6,21,15,1,2,0,1,0,0,0,0,0,1,4,0,52.5,37.5,2.5,5,0,0,3,6,18,3,1,0,0,1,1,1,1,0,0,1,1,-0.30102199,76.773,46.17,54.55,2.43644563,2.8953,366.0865877,60.71794951,16.40499744,356.8106312,149.6109144,259.25,-3.46097879,-3.63462335,-3.66644563,0,1,1,1,1,0.5,1,1,0.92857143,1,1,1,1,1,1,1,1,0,0,1,0,1,0,1,1,1,1
1,18.42,0.37,5.53,14.76,0,0,0,0,0,0,538.59,0.06306306,60,37,65,42,3,2,0,17,23,25,4,2,0,1,5,0,0,0,0,1,12,5,38.33333333,41.66666667,6.66666667,3.33333333,8.33333333,0,6,9,34,3,3,0,0,3,2,1,1,0,0,1,1,-0.28446923,126.8165,67.23,75.61,5.55208012,5.3718,550.19966,153.8226061,16.40499744,565.3820598,235.0910081,423.52,-6.1092681,-6.59447612,-6.78208012,1,0.5,0.5,0.66666667,0.6,0.5,0.66666667,1,0.63333333,0.33333333,0.625,0,0,0,0,0,0,0,0,0,0,0,0,0,0,0,0
1,17.47,0.34,4.87,13.89,0,0,0,0,0,0,534.63,0.06306306,63,37,68,42,3,2,0,17,26,26,4,2,0,1,4,0,0,0,0,1,11,4,41.26984127,41.26984127,6.34920635,3.17460317,6.34920635,0,6,9,34,3,3,0,0,3,2,1,1,0,0,1,1,-0.31129811,132.5688,67.23,75.61,5.38285346,5.9563,574.0552244,138.7399707,16.40499744,585.8637874,243.4851588,434.75,-5.96542544,-6.43371079,-6.61285346,1,0.5,0.5,0.66666667,0.6,0.5,0.66666667,1,0.63333333,0.33333333,0.625,0,0,0,0,0,0,0,0,0,0,0,0,0,0,0,0
0,0,0,0,0,1,0,0,0,1,2,466.88,0.07056452,50,32,53,35,5,4,0,11,18,21,4,3,0,0,3,1,0,0,0,1,11,4,36,42,8,6,8,0,4,5,23,1,3,0,0,1,3,0,0,0,1,0,0,-0.65047455,113.4317,69.36,69.36,2.83106399,2.2402,504.2824323,129.2042391,0,497.7740864,207.3828223,380.65,-3.79640439,-4.00951079,-4.06106399,0,1,0.83333333,1,0.8,0.5,1,1,0.87619048,0.33333333,0.875,1,0,0,0,0,0,0,0,1,0,0,0,1,0,0,0
1,18.38,0.4,3.78,13.45,0,0,0,0,0,0,445.45,0.07671958,54,28,55,29,9,2,0,12,26,20,2,3,0,1,0,2,0,0,0,3,8,2,48.14814815,37.03703704,3.7037037,5.55555556,3.7037037,0,2,2,12,0,2,0,0,0,2,0,0,0,0,0,0,-0.28779665,117.2778,60.85,69.23,3.69691711,5.0265,583.6421719,91.63916978,42.68334316,537.4418605,223.6401068,389.5,-4.53237955,-4.83207126,-4.92691711,0,1,1,0.83333333,1,1,1,1,0.97619048,0.16666667,1,1,0,0,0,0,0,1,0,0,0,0,0,0,0,1,0
1,20.63,0.45,3.43,14.41,0,0,0,0,0,0,402.37,0.08666667,46,25,47,26,7,2,0,12,21,18,1,3,0,1,0,2,0,0,0,3,7,2,45.65217391,39.13043478,2.17391304,6.52173913,4.34782609,0,2,2,12,0,2,0,0,0,2,0,0,0,0,0,0,-0.27733075,103.6227,57.61,65.99,4.04280108,5.5741,511.5890942,88.51485589,42.68334316,474.0531562,197.6611296,343.9,-4.82638092,-5.16066103,-5.27280108,0,1,1,1,0.8,0.5,1,1,0.9,0.16666667,1,1,0,0,0,0,0,0,0,0,0,0,0,0,0,0,0
1,17.95,0.38,5.41,9.74,0,0,0,0,0,0,569.56,0.05855856,67,37,69,39,13,3,0,17,30,25,4,5,0,1,0,2,0,0,0,3,12,2,44.7761194,37.31343284,5.97014925,7.46268657,2.98507463,0,3,3,17,0,3,0,0,1,2,0,0,0,0,0,0,-0.28446923,145.2173,104.97,113.35,2.72762596,4.4398,717.3336654,144.5695143,42.68334316,667.6578073,277.0072981,484.4,-3.70848206,-3.91124466,-3.95762596,0,0.75,0.5,0.66666667,0.9,1,0.66666667,0.5,0.71190476,0.33333333,0.75,0,0,0,0,0,0,0,0,0,0,0,0,0,0,0,0
1,17.94,0.39,4.44,10.03,0,0,0,0,0,0,487.44,0.07096774,55,31,57,33,8,3,0,12,24,21,2,5,0,1,0,2,0,0,0,3,10,2,43.63636364,38.18181818,3.63636364,9.09090909,3.63636364,0,3,3,17,0,3,0,0,1,2,0,0,0,0,0,0,-0.26476208,121.2036,87.15,95.53,2.72504659,4.7479,592.9126214,127.7839847,42.68334316,555.166113,230.9041447,409.38,-3.7062896,-3.90879426,-3.95504659,0,1,0.83333333,1,1,0.5,1,1,0.9047619,0.33333333,0.875,0,0,0,0,0,0,0,0,0,0,0,0,0,0,0,0
1,0,0,0,0,0,0,0,0,0,0,447.6,0.07258065,57,32,61,36,5,3,0,18,25,25,3,3,0,1,0,0,0,0,0,1,7,0,43.85964912,43.85964912,5.26315789,5.26315789,0,0,5,8,30,3,3,0,0,1,3,1,1,0,0,1,1,0.17699483,122.9006,88.16,96.54,3.01134393,3.7572,538.7662373,120.6591568,34.41574813,547.6910299,227.840586,398.04,-3.94964234,-4.18077673,-4.24134393,0,1,1,1,0.8,0.5,1,1,0.9,0.16666667,0.875,1,0,0,0,0,0,1,0,1,0,0,0,1,0,1,0
1,0,0,0,0,0,0,0,0,0,0,488.07,0.07258065,54,32,58,36,5,3,0,17,22,23,3,3,0,2,0,1,0,0,0,3,9,1,40.74074074,42.59259259,5.55555556,5.55555556,1.85185185,0,5,8,29,3,3,0,0,2,2,1,1,0,0,1,1,0.23894479,125.5445,88.16,124.78,3.14287754,4.4312,545.5732195,120.6591568,34.41574813,555.5149502,231.0471107,399.8,-4.06144591,-4.30573366,-4.37287754,0,1,0.83333333,1,0.8,0.5,1,1,0.87619048,0.16666667,0.75,0,0,0,0,0,0,0,0,1,0,0,0,0,0,0,0
1,0,0,0,0,0,0,0,0,0,0,474.67,0.06773619,64,34,68,38,7,3,0,18,30,28,2,3,0,1,0,0,0,0,0,1,6,0,46.875,43.75,3.125,4.6875,0,0,5,8,30,3,3,0,0,1,3,1,1,0,0,1,1,0.11830245,134.2077,75.27,83.65,4.11914476,5.3988,596.2391835,103.8736272,34.41574813,601.3289037,249.8233212,438.94,-4.89127304,-5.23318752,-5.34914476,0,1,0.83333333,1,0.8,0.5,1,1,0.87619048,0.16666667,0.75,0,0,0,0,0,0,0,0,0,0,0,0,0,0,0,0
1,0,0,0,0,0,0,0,0,0,0,585.25,0.05937922,72,39,77,44,7,3,0,17,33,29,4,3,0,2,0,1,0,0,0,3,10,1,45.83333333,40.27777778,5.55555556,4.16666667,1.38888889,0,6,9,35,3,4,0,0,2,3,1,1,0,0,1,1,0.16177943,158.0285,81.75,118.37,3.5834624,5.3379,684.9520363,110.122255,34.41574813,694.4850498,288.0020696,502.24,-4.43594304,-4.72428928,-4.8134624,0,0.75,0.66666667,0.83333333,0.7,0.5,0.83333333,1,0.7547619,0.16666667,0.75,0,0,0,0,0,0,0,0,0,0,0,0,0,0,0,0
1,16.13,0.31,3.57,10.49,1,0,0,0,1,2,450.96,0.07258065,55,32,59,36,3,5,0,11,23,24,4,3,0,0,0,1,0,0,0,1,8,1,41.81818182,43.63636364,7.27272727,5.45454545,1.81818182,0,5,7,29,2,3,0,0,1,4,0,0,0,2,0,0,-0.74339949,125.1514,69.36,69.36,3.06987419,1.9968,536.2179325,84.32389929,0,534.0365449,222.2444856,399.34,-3.99939306,-4.23638048,-4.29987419,0,1,0.83333333,1,0.8,0.5,1,1,0.87619048,0.33333333,0.875,1,0,0,0,0,0,0,0,1,0,0,0,1,0,1,0
0,0,0,0,0,0,0,0,0,0,0,259.78,0.14166667,30,16,31,17,2,2,0,6,14,11,1,2,0,1,0,1,0,0,0,2,5,1,46.66666667,36.66666667,3.33333333,6.66666667,3.33333333,0,2,2,12,0,2,0,0,0,2,0,0,0,0,0,0,-0.67278899,65.3533,37.38,45.76,2.18092535,3.0531,310.3543555,45.83151273,0,301.5614618,126.9678122,217.62,-3.24378655,-3.39187909,-3.41092535,0,1,1,1,0.8,0.5,1,1,0.9,1,1,1,0,1,0,0,0,0,0,1,0,1,1,1,1,1,0
1,0,0,0,0,0,0,0,0,0,0,385.94,0.09782609,41,24,44,27,3,2,0,11,17,17,1,2,0,2,1,1,0,0,0,3,7,2,41.46341463,41.46341463,2.43902439,4.87804878,4.87804878,0,4,7,23,3,2,0,0,2,1,1,1,0,0,1,1,-0.25970122,95.0349,46.17,82.79,3.92512518,4.5741,414.9344281,75.67806279,16.40499744,421.7109635,176.2094113,305.1,-4.72635641,-5.04886892,-5.15512518,0,1,1,1,0.8,0.5,1,1,0.9,0.5,1,1,0,0,0,0,0,1,0,0,0,0,0,1,0,1,0
1,14.78,0.3,-0.01,10.12,0,0,0,0,0,0,411.94,0.08201058,46,28,49,31,6,0,0,22,18,21,3,2,0,1,0,1,0,0,0,2,7,1,39.13043478,45.65217391,6.52173913,4.34782609,2.17391304,0,4,4,22,0,4,0,0,2,2,0,0,0,0,0,0,-0.32313875,112.3157,60.18,88.42,3.96734355,4.8596,479.4953698,72.08904395,18.01075068,482.6910299,201.2012418,336.72,-4.76224202,-5.08897637,-5.19734355,0,1,1,1,0.6,0.5,1,1,0.87142857,0.16666667,1,1,0,0,0,0,0,1,0,0,0,0,0,0,0,1,0
0,0,0,0,0,0,0,0,0,0,0,408.89,0.08547009,44,27,47,30,5,3,0,12,17,18,2,5,0,1,0,1,0,0,0,2,9,1,38.63636364,40.90909091,4.54545455,11.36363636,2.27272727,0,4,5,22,1,3,0,0,2,2,0,0,1,0,0,0,-0.23565723,99.1119,84.94,93.32,1.84092342,2.6704,447.439011,110.9869662,18.01075068,446.5780731,186.4008496,329.91,-2.95478491,-3.06887725,-3.07092342,0,1,1,1,0.8,0.5,1,1,0.9,0.33333333,1,1,0,1,0,0,0,1,0,1,1,0,0,1,0,1,0
0,0,0,0,0,0,0,0,0,0,0,485.7,0.06349206,71,36,75,40,6,0,0,22,35,28,7,1,0,0,0,0,0,0,0,0,8,0,49.29577465,39.43661972,9.85915493,1.4084507,0,0,5,6,29,1,4,0,0,1,4,0,0,1,0,0,0,-0.38262652,144.9328,71.34,71.34,4.95538857,6.2403,650.9023419,85.615855,18.01075068,637.5581395,264.6713687,446.95,-5.60208029,-6.02761914,-6.18538857,0,0.75,0.66666667,1,0.8,0.5,1,1,0.81666667,0.16666667,0.625,0,0,0,0,0,0,0,0,0,0,0,0,0,0,0,0
0,0,0,0,0,0,0,0,0,0,0,385.4,0.08923077,40,26,43,29,3,3,0,11,14,16,3,3,0,1,3,0,0,0,0,1,10,3,35,40,7.5,7.5,7.5,0,4,5,20,1,3,1,0,1,2,0,0,1,0,0,0,-0.17962922,88.1644,83.13,91.51,2.05722843,3.2209,385.7133594,132.519787,16.66300743,392.4252492,164.2070693,294.37,-3.13864416,-3.27436701,-3.28722843,0,1,1,1,0.8,0.5,1,1,0.9,0.5,1,1,1,1,0,0,0,1,0,1,1,0,0,1,1,1,1
1,12.46,0.26,1.19,7.48,0,0,0,0,0,0,437.98,0.07635468,53,29,55,31,6,3,0,12,24,21,1,5,0,1,0,1,0,0,0,2,8,1,45.28301887,39.62264151,1.88679245,9.43396226,1.88679245,0,3,3,18,0,3,0,0,0,3,0,0,0,0,0,0,-0.71692006,111.6767,72.91,81.29,3.00134041,3.8061,551.9169669,94.58196877,0,518.255814,215.7769729,383.17,-3.94113935,-4.17127339,-4.23134041,0,1,1,1,1,0.5,1,1,0.92857143,0.16666667,1,1,0,1,0,0,0,1,0,1,0,0,0,1,0,1,0
0,11.22,0.21,1.69,5.06,0,0,0,0,0,0,472.69,0.06238859,74,34,75,35,13,4,0,6,40,27,2,5,0,0,0,0,0,0,0,0,7,0,54.05405405,36.48648649,2.7027027,6.75675676,0,0,2,2,12,0,2,0,0,0,2,0,0,0,0,0,0,0.78196088,132.7068,104.73,104.73,2.63056329,4.7531,735.5999448,165.1395135,78.70484453,645.8139535,268.054899,487.51,-3.6259788,-3.81903513,-3.86056329,0,1,0.66666667,0.83333333,1,1,0.83333333,0.5,0.83333333,0.33333333,0.75,0,0,0,0,0,0,0,0,0,0,0,0,0,0,0,0
1,18.31,0.39,5.01,8.39,0,0,0,0,0,0,477.9,0.0688172,47,31,48,32,8,3,1,12,16,19,3,3,0,1,4,1,0,0,0,2,12,5,34.04255319,40.42553191,6.38297872,6.38297872,10.63829787,0,2,2,12,0,2,0,0,0,2,0,0,0,0,0,0,0.35281288,106.1625,104.26,112.64,3.18138645,4.484,527.6428655,194.7734361,32.89718747,500.5481728,208.5197429,384.35,-4.09417848,-4.34231713,-4.41138645,0,1,0.83333333,1,0.8,0.5,1,1,0.87619048,0.16666667,0.875,1,0,0,0,0,0,0,0,1,0,0,0,0,0,0,0
1,0,0,0,0,0,0,0,0,0,0,493.14,0.07258065,61,32,65,36,6,3,0,11,29,24,2,3,0,2,0,1,0,0,0,3,8,1,47.54098361,39.3442623,3.27868852,4.91803279,1.63934426,0,5,8,29,3,3,0,0,2,2,1,1,0,0,1,1,-0.34072476,132.7543,58.64,95.26,3.4025404,4.5977,583.8706752,74.8421513,16.40499744,583.7707641,242.6273623,424.92,-4.28215934,-4.55241338,-4.6325404,0,1,0.83333333,1,0.8,0.5,1,1,0.87619048,0.16666667,0.75,0,0,0,0,0,0,0,0,0,0,0,0,0,0,0,0
1,13.85,0.26,1.57,9.18,0,0,0,0,0,0,475.62,0.06386555,65,35,68,38,9,3,0,17,30,27,5,2,0,0,1,0,0,0,0,0,8,1,46.15384615,41.53846154,7.69230769,3.07692308,1.53846154,0,4,4,22,0,4,0,0,2,2,0,0,0,0,0,0,-0.37298492,135.3822,73.97,73.97,4.31445767,4.8288,622.6911145,105.8110519,18.01075068,604.5681063,251.1508632,443.13,-5.05728902,-5.41873479,-5.54445767,0,0.75,0.83333333,0.83333333,0.8,0.5,1,1,0.81666667,0.16666667,0.75,0,0,0,0,0,0,0,0,0,0,0,0,0,0,0,0
1,14.17,0.26,3.17,7.36,0,0,0,0,0,0,477.59,0.06386555,63,35,66,38,9,3,0,17,28,26,5,3,0,0,1,0,0,0,0,0,9,1,44.44444444,41.26984127,7.93650794,4.76190476,1.58730159,0,4,4,22,0,4,0,0,2,2,0,0,0,0,0,0,0.19051903,132.6667,94.2,94.2,3.36639984,3.0231,618.7014157,148.494395,60.69409384,590.9136213,245.5547628,434.62,-4.25143986,-4.51807985,-4.59639984,0,1,0.83333333,0.83333333,0.8,0.5,1,1,0.85238095,0.16666667,0.875,0,0,0,0,0,0,0,0,0,0,0,0,0,0,0,0
0,0,0,0,0,0,0,0,0,0,0,367.53,0.08262108,56,27,58,29,11,1,0,15,29,23,1,3,0,0,0,0,0,0,0,0,4,0,51.78571429,41.07142857,1.78571429,5.35714286,0,0,3,6,17,2,1,0,0,1,2,0,0,2,0,0,0,-0.41882131,107.8933,51.46,51.46,4.88496217,6.3706,525.50436,78.82815808,42.68334316,498.0730897,207.5053646,355.57,-5.54221784,-5.96071406,-6.11496217,0,0.75,0.66666667,0.83333333,1,0.5,0.83333333,0.5,0.72619048,0.33333333,0.75,0,0,0,0,0,0,0,0,0,0,0,0,0,0,0,0
0,0,0,0,0,0,0,0,0,0,0,403.59,0.07936508,57,28,59,30,11,2,0,15,29,22,1,4,0,1,0,0,0,0,0,1,6,0,50.87719298,38.59649123,1.75438596,7.01754386,0,0,3,6,17,2,1,0,0,1,2,0,0,2,0,0,0,-0.35848085,112.0432,68.53,76.91,4.21091711,5.7017,539.8794394,94.40892995,39.09608999,518.7209302,215.9675944,368.21,-4.96927955,-5.32037126,-5.44091711,0,0.75,0.83333333,0.83333333,0.8,0.5,0.83333333,0.5,0.72142857,0.16666667,0.75,0,0,0,0,0,0,0,0,0,0,0,0,0,0,0,0
0,10.24,0.19,-1.47,7.04,0,0,0,0,0,0,395.54,0.07635468,58,29,60,31,12,2,0,15,29,24,1,4,0,0,0,0,0,0,0,0,5,0,50,41.37931034,1.72413793,6.89655172,0,0,3,6,17,2,1,0,0,1,2,0,0,2,0,0,0,-0.81933721,114.7042,57.53,57.53,4.49889511,6.3462,550.5003928,72.28962984,0,524.0863787,218.1665487,379.02,-5.21406084,-5.59395036,-5.72889511,0,0.75,0.83333333,0.83333333,1,0.5,0.83333333,0.5,0.75,0.33333333,0.75,0,0,0,0,0,0,0,0,0,0,0,0,0,0,0,0
0,11.78,0.22,-0.94,6.56,0,0,0,0,0,0,381.51,0.07936508,55,28,57,30,11,2,0,15,27,23,1,4,0,0,0,0,0,0,0,0,5,0,49.09090909,41.81818182,1.81818182,7.27272727,0,0,3,6,17,2,1,0,0,1,2,0,0,2,0,0,0,-0.39382295,109.9351,68.53,68.53,4.28775884,6.0952,529.7060287,103.9730851,42.68334316,500.6810631,208.5742062,361.72,-5.03459502,-5.3933709,-5.51775884,0,0.75,0.83333333,0.83333333,0.8,0.5,0.83333333,0.5,0.72142857,0.16666667,0.75,0,0,0,0,0,0,0,0,0,0,0,0,0,0,0,0
1,13.55,0.31,1.75,9.42,0,0,0,0,0,0,461.82,0.07936508,47,28,49,30,5,3,0,12,19,19,2,3,0,1,0,3,0,0,0,4,9,3,40.42553191,40.42553191,4.25531915,6.38297872,6.38297872,0,3,3,19,0,3,0,0,0,2,1,0,0,0,0,0,-0.25245455,112.1994,66.48,74.86,3.63529751,5.2673,522.2119097,88.98719044,18.01075068,509.1860465,212.0598551,372.41,-4.48000288,-4.77353264,-4.86529751,0,1,0.83333333,1,0.8,0.5,1,1,0.87619048,0.16666667,0.875,1,0,0,0,0,0,0,0,0,0,0,0,0,0,0,0
1,13.43,0.28,3.16,5.21,0,0,0,0,0,0,402.94,0.08307692,49,26,50,27,8,4,0,6,23,17,2,5,0,1,0,1,0,0,0,2,9,1,46.93877551,34.69387755,4.08163265,10.20408163,2.04081633,0,2,2,13,0,2,0,0,0,1,1,0,0,0,0,0,0.36508033,98.1168,103.78,112.16,1.63173795,2.8367,516.954137,156.8154606,60.69409384,473.538206,197.4500844,353.51,-2.77697726,-2.87015105,-2.86173795,0,1,1,1,1,1,1,1,1,0.33333333,1,1,0,1,0,0,0,1,0,1,1,0,0,1,0,1,0
0,0,0,0,0,0,0,0,0,0,0,366.47,0.08547009,49,27,52,30,4,1,0,16,22,19,6,2,0,0,0,0,0,0,0,0,8,0,44.89795918,38.7755102,12.24489796,4.08163265,0,0,4,4,23,0,4,0,0,2,1,1,0,0,0,0,0,-0.27229005,102.7185,86.86,86.86,2.11821368,2.1144,460.9770254,104.1445879,18.01075068,452.4086379,188.7904254,317.58,-3.19048163,-3.332303,-3.34821368,0,1,1,1,0.8,0.5,1,1,0.9,0.33333333,1,1,1,1,0,1,0,0,0,1,1,0,0,1,1,1,0
0,5.69,0.11,-5.63,3.25,0,0,0,0,0,0,777.8,0.03983229,100,54,103,57,21,4,0,24,46,42,2,8,0,0,0,2,0,0,0,2,12,2,46,42,2,8,2,0,4,4,24,0,4,0,0,0,4,0,0,0,0,0,0,0.05276493,208.9364,136.24,136.24,5.91555448,11.14,1063.995693,218.8935675,85.36668632,966.4451827,399.4611405,722.62,-6.41822131,-6.93977676,-7.14555448,1,0.5,0.33333333,0.5,0.8,1,0.5,0.5,0.59047619,0.16666667,0.5,0,0,0,0,0,0,0,0,0,0,0,0,0,0,0,0
1,12.22,0.25,0.42,9.03,0,0,0,0,0,0,491.15,0.06628788,68,33,70,35,12,3,0,12,35,26,2,3,0,1,0,1,0,0,0,2,7,1,51.47058824,38.23529412,2.94117647,4.41176471,1.47058824,0,3,3,19,0,3,0,0,0,2,1,0,0,0,0,0,-0.3821292,134.9504,66.48,74.86,4.13849683,6.9969,661.9452576,88.98719044,18.01075068,632.358804,262.5404934,463.09,-4.90772231,-5.25157199,-5.36849683,0,1,0.66666667,0.83333333,1,1,0.83333333,0.5,0.83333333,0.16666667,0.75,0,0,0,0,0,0,0,0,0,0,0,0,0,0,0,0
1,16.97,0.36,3.44,8.81,0,0,0,0,0,0,344.9,0.0995671,43,22,44,23,5,3,0,6,21,15,2,3,0,1,0,1,0,0,0,2,7,1,48.8372093,34.88372093,4.65116279,6.97674419,2.3255814,0,2,2,13,0,2,0,0,0,1,1,0,0,0,0,0,-0.21997422,87.2494,66.48,74.86,1.94982826,3.2275,440.2010311,88.98719044,18.01075068,414.3687708,173.2003159,303.97,-3.04735402,-3.17233685,-3.17982826,0,1,1,1,1,1,1,1,1,0.33333333,1,1,1,1,0,1,0,1,0,1,1,1,0,1,1,1,0
1,15.85,0.32,2.58,10.71,0,0,0,0,0,0,449.06,0.07356322,59,30,61,32,8,3,0,12,29,23,2,3,0,1,0,1,0,0,0,2,7,1,49.15254237,38.98305085,3.38983051,5.08474576,1.69491525,0,3,3,19,0,3,0,0,0,2,1,0,0,0,0,0,-0.34891959,121.434,66.48,74.86,3.52527551,5.7933,583.7150504,88.98719044,18.01075068,562.1428571,233.763466,411.19,-4.38648418,-4.66901173,-4.75527551,0,1,1,1,1,0.5,1,1,0.92857143,0.16666667,1,0,0,0,0,0,0,0,0,0,0,0,0,0,0,0,0
0,15.14,0.28,2.35,7.42,0,0,0,0,0,0,346.43,0.08923077,44,26,47,29,5,0,0,22,18,19,6,1,0,0,0,0,0,0,0,0,7,0,40.90909091,43.18181818,13.63636364,2.27272727,0,0,4,4,22,0,4,0,0,2,2,0,0,0,0,0,0,-0.72240126,100.0047,70.65,70.65,3.93496946,3.0247,427.8308467,77.65191763,0,428.372093,178.9393824,292.61,-4.73472404,-5.05822099,-5.16496946,0,1,1,1,0.6,0,1,1,0.8,0.16666667,1,1,1,1,0,1,0,1,0,1,1,0,0,1,1,1,0
1,14.88,0.32,3.66,9.18,0,0,0,0,0,0,535.07,0.06595365,59,34,62,37,7,4,0,12,25,23,0,6,0,2,2,1,0,0,0,3,11,3,42.37288136,38.98305085,0,10.16949153,5.08474576,0,4,7,24,2,2,0,0,0,4,0,0,0,2,0,0,-0.67095517,124.0879,86.74,103.5,3.82900973,4.0701,602.0568378,140.5459065,0,580.3488372,241.2249333,436.49,-4.64465827,-4.95755925,-5.05900973,0,0.75,0.83333333,0.83333333,0.7,0.5,0.83333333,1,0.77857143,0.16666667,0.875,0,0,0,0,0,0,0,0,0,0,0,0,0,0,0,0
1,20.02,0.42,5.78,8.64,0,0,0,0,0,0,449.92,0.07635468,48,29,50,31,8,3,1,6,19,18,3,3,0,1,3,1,0,0,0,2,11,4,39.58333333,37.5,6.25,6.25,8.33333333,0,3,4,14,2,2,0,3,0,1,0,0,0,0,0,0,0.36445788,99.8539,104.26,112.64,2.15076089,3.3891,511.678743,179.8133228,32.89718747,477.6079734,199.1180219,367.44,-3.21814676,-3.36322284,-3.38076089,0,1,1,1,1,1,1,1,1,0.33333333,1,1,0,0,0,0,0,1,0,1,0,0,0,1,0,1,0
1,14.81,0.27,0.37,14.14,0,0,0,0,0,0,519.74,0.05802969,76,39,80,43,8,1,0,24,37,34,3,2,0,0,0,0,0,0,0,0,5,0,48.68421053,44.73684211,3.94736842,2.63157895,0,0,5,5,30,0,5,0,0,0,5,0,0,0,0,0,0,-0.48518986,158.3973,54.46,54.46,4.37204778,6.2949,710.849056,74.06540905,18.01075068,700,290.2622951,507.62,-5.10624061,-5.47344539,-5.60204778,1,0.5,0.83333333,0.83333333,0.7,0.5,0.83333333,1,0.74285714,0.33333333,0.625,0,0,0,0,0,0,0,0,0,0,0,0,0,0,0,0
1,16.15,0.29,0.35,13.32,0,0,0,0,0,0,422.56,0.07056452,58,32,61,35,6,1,0,24,26,28,2,2,0,0,0,0,0,0,0,0,4,0,44.82758621,48.27586207,3.44827586,3.44827586,0,0,4,4,24,0,4,0,0,0,4,0,0,0,0,0,0,-0.46462468,127.6068,51.22,51.22,4.02480764,5.2644,566.8564436,70.94109515,18.01075068,561.0299003,233.3073362,405.18,-4.8110865,-5.14356726,-5.25480764,0,1,1,1,0.6,0.5,1,1,0.87142857,0.33333333,1,1,0,0,0,0,0,0,0,0,0,0,0,0,0,0,0
0,0,0,0,0,0,0,0,0,0,0,374.52,0.07936508,54,28,56,30,7,1,0,18,26,24,2,2,0,0,0,0,0,0,0,0,4,0,48.14814815,44.44444444,3.7037037,3.7037037,0,0,3,3,18,0,3,0,0,0,3,0,0,0,0,0,0,0.14096498,112.1789,62.22,62.22,3.15898536,3.9353,534.62081,102.6245504,60.69409384,506.8770764,211.1135559,367.16,-4.07513756,-4.3210361,-4.38898536,0,1,1,1,0.8,0.5,1,1,0.9,0.16666667,1,1,0,1,0,1,0,1,1,1,0,0,0,1,0,1,0
0,12.59,0.23,-0.54,7.84,0,0,0,0,0,0,409.44,0.07356322,48,30,50,32,4,1,1,18,18,23,3,1,0,0,3,0,0,0,0,0,7,3,37.5,47.91666667,6.25,2.08333333,6.25,0,3,3,18,0,3,0,0,0,3,0,0,0,0,0,0,-0.34891959,107.7188,65.78,65.78,3.7267449,4.5836,498.4809749,135.8809029,18.01075068,484.7840532,202.0590382,365,-4.55773317,-4.86040766,-4.9567449,0,1,1,1,0.6,0.5,1,1,0.87142857,0.16666667,1,1,0,0,0,0,0,1,0,0,0,0,0,1,0,1,0
0,0,0,0,0,0,0,0,0,0,0,439.39,0.07096774,46,31,48,33,4,1,0,18,15,21,3,1,0,0,6,0,0,0,0,0,10,6,32.60869565,45.65217391,6.52173913,2.17391304,13.04347826,0,3,3,18,0,3,0,0,0,3,0,0,0,0,0,0,-0.26476208,101.5369,54.88,54.88,4.50698536,4.573,468.3073773,166.4874164,18.01075068,461.0299003,192.3237296,353.89,-5.22093756,-5.6016361,-5.73698536,0,0.75,0.83333333,1,0.8,0.5,1,1,0.84047619,0.33333333,0.875,1,0,0,0,0,0,1,0,0,0,0,0,1,0,1,0
1,14.46,0.28,0.06,15.09,0,0,0,0,0,0,438.4,0.07096774,47,31,49,33,4,1,0,18,16,22,2,1,0,0,6,0,0,0,0,0,9,6,34.04255319,46.80851064,4.25531915,2.12765957,12.76595745,0,3,3,18,0,3,0,0,0,3,0,0,0,0,0,0,-0.29672464,103.3803,41.99,41.99,4.71046108,5.1845,473.6268521,149.7018869,18.01075068,467.8571429,195.1217799,360.19,-5.39389192,-5.79493803,-5.94046108,0,0.75,0.83333333,1,0.8,0.5,1,1,0.84047619,0.5,0.875,1,0,0,0,0,0,1,0,0,0,0,0,0,0,0,0
0,0,0,0,0,0,0,0,0,0,0,424.37,0.07356322,44,30,46,32,3,1,0,18,14,21,2,1,0,0,6,0,0,0,0,0,9,6,31.81818182,47.72727273,4.54545455,2.27272727,13.63636364,0,3,3,18,0,3,0,0,0,3,0,0,0,0,0,0,-0.28288949,98.8311,41.99,41.99,4.7708158,5.1497,447.5501163,149.7018869,18.01075068,444.4518272,185.5294374,342.89,-5.44519343,-5.85227501,-6.0008158,0,0.75,0.83333333,1,0.4,0.5,1,1,0.78333333,0.66666667,0.875,1,0,0,0,0,0,1,0,0,0,0,0,0,0,0,0
0,0,0,0,0,0,0,0,0,0,0,357.25,0.0942029,38,24,40,26,3,1,0,18,14,19,2,1,0,0,0,2,0,0,0,2,5,2,36.84210526,50,5.26315789,2.63157895,5.26315789,0,3,3,18,0,3,0,0,0,3,0,0,0,0,0,0,-0.34197771,96.4933,41.99,41.99,4.12605248,4.5939,421.1977559,59.94120726,18.01075068,420.7641196,175.8213605,302.29,-4.89714461,-5.23974986,-5.35605248,0,1,1,1,0.6,0,1,1,0.8,0.66666667,1,1,0,0,0,1,0,0,0,0,0,0,0,1,0,1,0
1,12.8,0.26,0.38,9.19,0,0,0,0,0,0,490.46,0.06628788,49,33,51,35,5,2,0,18,16,21,2,3,0,1,6,0,0,0,0,1,12,6,32.65306122,42.85714286,4.08163265,6.12244898,12.24489796,0,3,3,18,0,3,0,0,0,3,0,0,0,0,0,0,-0.23189672,110.6524,68.29,76.67,3.50883465,5.3087,505.7726636,178.2640466,16.40499744,498.255814,207.5802516,381.62,-4.37250945,-4.65339291,-4.73883465,0,1,0.83333333,1,0.4,0.5,1,1,0.81904762,0.16666667,0.875,0,0,0,0,0,0,0,0,0,0,0,0,0,0,0,0
0,0,0,0,0,0,0,0,0,0,0,368.26,0.09881423,34,23,36,25,4,2,0,17,11,15,3,2,0,1,0,2,0,0,0,3,8,2,32.35294118,44.11764706,8.82352941,5.88235294,5.88235294,0,3,3,17,0,3,0,0,1,2,0,0,0,0,0,0,0.40703189,92.7322,74.85,83.23,2.82814867,4.5098,386.1970239,77.38095695,33.06800488,394.9169435,165.2282555,276.67,-3.79392637,-4.00674124,-4.05814867,0,1,1,1,0.4,0,1,1,0.77142857,0.33333333,1,1,0,0,0,1,0,0,0,0,0,0,0,1,0,1,0
1,14.66,0.29,-0.33,14.44,0,0,0,0,0,0,421,0.08128079,50,29,54,33,4,0,0,22,21,23,4,0,0,1,0,1,0,0,0,2,6,1,42,46,8,0,2,0,5,6,28,1,4,0,0,2,3,0,0,1,0,0,0,-0.37058065,119.7492,42.74,70.98,5.18098536,5.879,488.8063857,51.58180978,18.01075068,508.538206,211.7943467,352.38,-5.79383756,-6.2419361,-6.41098536,0,0.75,0.83333333,0.83333333,0.7,0.5,0.83333333,1,0.77857143,0.16666667,0.75,0,0,0,0,0,0,0,0,0,0,0,0,0,0,0,0
1,14.32,0.27,3.13,9.41,0,0,0,0,0,0,527.51,0.05974395,59,38,63,42,5,3,0,18,21,27,3,4,0,0,4,0,0,0,0,0,11,4,35.59322034,45.76271186,5.08474576,6.77966102,6.77966102,0,5,7,30,2,3,0,0,1,3,1,0,1,0,1,0,-0.32210885,128.4581,80.23,80.23,4.13150683,6.9437,579.1394959,170.0506771,18.01075068,574.5016611,238.8285496,441.92,-4.9017808,-5.24493149,-5.36150683,0,0.75,0.83333333,0.83333333,0.7,0.5,0.83333333,1,0.77857143,0.16666667,0.75,0,0,0,0,0,0,0,0,0,0,0,0,0,0,0,0
1,16.82,0.31,2.23,10.58,0,0,0,0,0,0,363.43,0.08547009,45,27,48,30,4,0,0,22,18,20,5,1,0,0,1,0,0,0,0,0,7,1,40,44.44444444,11.11111111,2.22222222,2.22222222,0,4,4,22,0,4,0,0,2,2,0,0,0,0,0,0,-0.7326563,99.2309,57.76,57.76,4.48964782,3.3947,434.7588821,76.19406769,0,438.1229236,182.9356244,304.98,-5.20620064,-5.58516543,-5.71964782,0,0.75,1,1,0.6,0,1,1,0.76428571,0.33333333,0.875,1,1,1,0,1,0,1,0,1,1,0,0,1,1,1,0
1,0,0,0,0,0,0,0,0,0,0,788.1,0.03696742,118,57,120,59,22,5,0,18,61,44,5,8,0,0,0,0,0,0,0,0,13,0,51.69491525,37.28813559,4.23728814,6.77966102,0,0,3,3,18,0,3,0,0,0,3,0,0,0,0,0,0,1.88570474,217.7211,175.4,175.4,2.82701017,6.5787,1188.570667,265.5750707,114.7263459,1054.651163,435.6111323,788.34,-3.79295864,-4.00565966,-4.05701017,1,0.5,0.5,0.5,0.8,1,0.33333333,0,0.51904762,0.16666667,0.625,0,0,0,0,0,0,0,0,0,0,0,0,0,0,0,0
0,10.67,0.19,-0.11,7.7,0,0,0,0,0,0,440.6,0.0719697,61,33,66,38,6,0,0,22,28,26,6,1,0,0,0,0,0,0,0,0,7,0,45.90163934,42.62295082,9.83606557,1.63934426,0,0,6,7,31,1,5,1,0,2,3,0,0,1,0,0,0,-0.78120888,130.4458,61,61,5.30422254,4.2781,543.9791318,64.2357462,0,556.1295681,231.2990033,388.99,-5.89858916,-6.35901141,-6.53422254,0,0.75,0.66666667,0.83333333,0.7,0.5,0.83333333,1,0.7547619,0.16666667,0.75,0,0,0,0,0,0,1,0,0,0,0,0,0,0,1,0
1,15.38,0.29,2,9.59,0,0,0,0,0,0,380.55,0.08201058,56,28,59,31,7,0,0,16,28,21,6,1,0,0,0,0,0,0,0,0,7,0,50,37.5,10.71428571,1.78571429,0,0,4,5,22,1,3,0,0,2,2,0,0,1,0,0,0,-0.74218409,112.6954,61,61,4.47457866,3.6306,506.8777598,64.2357462,0,496.6112957,206.9062687,346.03,-5.19339186,-5.57084972,-5.70457866,0,0.75,1,1,1,0.5,1,1,0.89285714,0.16666667,0.875,1,0,1,0,0,0,1,1,1,0,0,0,1,0,1,0
1,12.07,0.23,2.46,5.94,0,0,0,0,0,0,468.56,0.07007576,54,33,58,37,5,2,0,22,21,22,6,3,0,1,1,0,0,0,0,1,11,1,38.88888889,40.74074074,11.11111111,5.55555556,1.85185185,0,5,6,28,1,4,0,0,2,3,0,0,1,0,0,0,-0.66102289,122.8568,95.14,103.52,3.75514607,3.2026,517.9970325,121.9030583,0,530.1328904,220.6446272,374.31,-4.58187416,-4.88738877,-4.98514607,0,1,0.66666667,1,0.8,0.5,1,1,0.85238095,0.16666667,0.75,1,0,0,0,0,0,0,0,1,0,0,0,1,0,0,0
1,13.87,0.26,0.78,11.33,0,0,0,0,0,0,481.57,0.06554622,61,35,65,39,6,0,0,22,26,26,5,1,0,0,3,0,0,0,0,0,9,3,42.62295082,42.62295082,8.19672131,1.63934426,4.91803279,0,5,6,28,1,4,0,0,2,3,0,0,1,0,0,0,-0.34463809,128.9897,58.97,58.97,4.74008012,6.0756,561.3441143,92.45307858,16.66300743,566.3621263,235.4926747,408.56,-5.4190681,-5.82307612,-5.97008012,0,0.75,0.66666667,1,0.8,0.5,1,1,0.81666667,0.33333333,0.625,0,0,0,0,0,0,0,0,0,0,0,0,0,0,0,0
0,0,0,0,0,0,0,0,0,0,0,372.31,0.09,44,25,46,27,4,1,0,17,19,21,1,1,0,0,0,2,0,0,0,2,4,2,43.18181818,47.72727273,2.27272727,2.27272727,4.54545455,0,3,4,18,1,2,0,0,0,3,0,0,0,1,0,0,-0.82988815,104.2706,20.31,20.31,5.59341364,5.791,467.9589963,28.26924093,0,458.1395349,191.1391536,328.53,-6.1444016,-6.63374296,-6.82341364,0,0.75,0.83333333,0.83333333,0.7,0.5,0.83333333,1,0.77857143,0.5,0.875,0,0,0,0,0,0,0,0,0,0,0,0,0,0,0,0
1,13.55,0.26,-0.79,11.02,0,0,0,0,0,0,439.39,0.07096774,46,31,48,33,3,1,0,18,15,21,3,1,0,0,6,0,0,0,0,0,10,6,32.60869565,45.65217391,6.52173913,2.17391304,13.04347826,0,3,3,18,0,3,0,0,0,3,0,0,0,0,0,0,0.28888777,102.0094,54.02,54.02,4.36898536,5.0579,464.7032122,167.7126376,36.02150137,461.0299003,192.3237296,353.89,-5.10363756,-5.4705361,-5.59898536,0,0.75,1,1,0.6,0.5,1,1,0.83571429,0.5,0.875,1,0,0,0,0,0,1,0,0,0,0,0,0,0,1,0
1,14.26,0.26,0.67,14.02,0,0,0,0,0,0,476.67,0.06349206,68,36,72,40,6,1,0,24,32,31,4,1,0,0,0,0,0,0,0,0,5,0,47.05882353,45.58823529,5.88235294,1.47058824,0,0,5,5,30,0,5,0,0,0,5,0,0,0,0,0,0,-0.46532753,146.9846,48.47,48.47,4.08359803,5.554,633.64672,66.18983505,18.01075068,636.6112957,264.2833179,457.93,-4.86105832,-5.19941813,-5.31359803,0,1,0.83333333,1,0.8,0.5,1,1,0.87619048,0.33333333,0.75,0,0,0,0,0,0,0,0,0,0,0,0,0,0,0,0
1,17.56,0.32,1.01,13.23,0,0,0,0,0,0,316.43,0.0942029,44,24,46,26,4,1,0,18,20,21,2,1,0,0,0,0,0,0,0,0,3,0,45.45454545,47.72727273,4.54545455,2.27272727,0,0,3,3,18,0,3,0,0,0,3,0,0,0,0,0,0,-0.42425421,96.4741,41.99,41.99,3.32205248,3.7861,430.5474251,59.94120726,18.01075068,426.910299,178.3402865,306.47,-4.21374461,-4.47594986,-4.55205248,0,1,1,1,0.6,0.5,1,1,0.87142857,0.5,1,1,1,1,0,1,0,1,0,1,0,1,0,1,0,1,0
1,16.26,0.3,4.14,6.8,0,0,0,0,0,0,430.52,0.07258065,54,32,58,36,6,1,0,22,22,22,8,2,0,0,0,0,0,0,0,0,10,0,40.74074074,40.74074074,14.81481481,3.7037037,0,0,5,6,28,1,4,0,0,2,3,0,0,1,0,0,0,-0.27877481,118.576,102.99,102.99,4.61160201,2.7345,510.579265,124.1769535,18.01075068,516.3122924,214.9804477,360.3,-5.30986171,-5.70102191,-5.84160201,0,0.75,0.66666667,1,0.8,0,1,1,0.7452381,0.16666667,0.75,1,0,1,0,0,0,1,0,1,0,0,0,1,0,1,0
1,15.81,0.29,3.16,7.34,0,0,0,0,0,0,455.57,0.06773619,59,34,63,38,6,1,0,23,25,25,7,2,0,0,0,0,0,0,0,0,9,0,42.37288136,42.37288136,11.86440678,3.38983051,0,0,5,6,29,1,4,0,0,1,4,0,0,1,0,0,0,-0.33364697,127.8819,98.06,98.06,4.28087102,3.4179,559.863704,124.2994756,18.01075068,562.807309,234.0357824,398.56,-5.02874037,-5.38682747,-5.51087102,0,0.75,0.66666667,1,0.8,0.5,1,1,0.81666667,0.16666667,0.75,1,0,0,0,0,0,1,0,1,0,0,0,1,0,0,0
1,16.17,0.3,2.35,7.48,0,0,0,0,0,0,420.49,0.07526882,52,31,56,35,5,0,0,22,21,22,6,2,0,0,1,0,0,0,0,0,9,1,40.38461538,42.30769231,11.53846154,3.84615385,1.92307692,0,5,6,28,1,4,0,0,2,3,0,0,1,0,0,0,-0.29672464,112.8871,90.89,90.89,5.4498199,4.1741,489.0181786,123.535536,18.01075068,493.2225914,205.5174555,347.01,-6.02234691,-6.4973289,-6.6798199,0,0.75,0.83333333,0.83333333,0.7,0.5,0.83333333,1,0.77857143,0.16666667,0.75,1,0,1,0,0,0,1,1,1,0,0,0,1,0,1,0
0,8.68,0.17,-2.01,7.18,0,1,1,0,0,2,517.54,0.06031746,63,36,65,38,9,1,0,12,27,25,2,3,0,0,6,0,0,0,0,0,11,6,42.85714286,39.68253968,3.17460317,4.76190476,9.52380952,-1,3,3,18,0,3,0,0,0,3,0,0,0,0,0,0,-0.68917513,119.2033,65.49,65.49,4.08392364,4.8627,620.963544,172.4378774,0,575.4318937,239.2097925,447.17,-4.86133509,-5.19972745,-5.31392364,0,0.75,0.83333333,0.66666667,0.9,1,0.83333333,1,0.8547619,0.16666667,0.875,0,0,0,0,0,0,0,0,0,0,0,0,0,0,0,0
1,15.87,0.3,0.85,12.72,0,0,0,0,0,0,416.59,0.07816092,54,30,58,34,5,0,0,22,24,24,4,1,0,1,0,0,0,0,0,1,6,0,44.44444444,44.44444444,7.40740741,1.85185185,0,0,5,6,28,1,4,0,0,2,3,0,0,1,0,0,0,-0.38193463,122.9073,51.97,80.21,4.12532155,5.4142,509.209425,62.45917555,18.01075068,521.3621263,217.0500517,363.26,-4.89652332,-5.23905547,-5.35532155,0,1,1,1,0.8,0.5,1,1,0.9,0.16666667,0.875,1,0,0,0,0,0,0,0,0,0,0,0,0,0,0,0
1,16.61,0.31,3.56,8.77,0,0,0,0,0,0,475.58,0.06554622,61,35,65,39,6,1,0,22,26,25,7,2,0,0,1,0,0,0,0,0,10,1,42.62295082,40.98360656,11.47540984,3.27868852,1.63934426,0,5,6,28,1,4,0,0,2,3,0,0,1,0,0,0,-0.31629127,130.4095,90.1,90.1,4.45462482,3.9766,580.7490232,122.4740593,18.01075068,572.8737542,238.1613747,407.27,-5.17643109,-5.55189357,-5.68462482,0,0.75,0.66666667,1,0.8,0.5,1,1,0.81666667,0.16666667,0.625,0,0,0,0,0,0,0,0,0,0,0,0,0,0,0,0
1,18.98,0.35,3.15,10.89,0,0,0,0,0,0,400.53,0.07816092,54,30,58,34,5,0,0,22,24,23,6,1,0,0,0,0,0,0,0,0,7,0,44.44444444,42.59259259,11.11111111,1.85185185,0,0,5,6,28,1,4,0,0,2,3,0,0,1,0,0,0,-0.34891959,117.5383,69.79,69.79,4.68109263,4.27,494.9409951,79.2447051,18.01075068,503.9534884,209.9153641,349.45,-5.36892874,-5.767038,-5.91109263,0,0.75,0.83333333,1,0.8,0.5,1,1,0.84047619,0.16666667,0.75,1,0,1,0,0,0,1,1,1,0,0,0,1,0,1,0
1,17.16,0.32,3.22,8.71,0,0,0,0,0,0,419.51,0.07526882,53,31,57,35,5,0,0,22,22,22,7,1,0,0,1,0,0,0,0,0,9,1,41.50943396,41.50943396,13.20754717,1.88679245,1.88679245,0,5,6,28,1,4,0,0,2,3,0,0,1,0,0,0,-0.29672464,116.2248,82.68,82.68,5.4498199,4.4031,492.4553022,110.9903479,18.01075068,500.0498339,208.3155057,349.22,-6.02234691,-6.4973289,-6.6798199,0,0.75,0.83333333,0.83333333,0.7,0.5,0.83333333,1,0.77857143,0.16666667,0.75,1,0,1,0,0,0,1,1,1,0,0,0,1,0,1,0
1,17.11,0.32,2.97,9.62,0,0,0,0,0,0,444.46,0.07056452,51,32,54,35,6,0,0,22,19,21,6,2,0,0,3,0,0,0,0,0,11,3,37.25490196,41.17647059,11.76470588,3.92156863,5.88235294,0,4,4,22,0,4,0,0,2,2,0,0,0,0,0,0,-0.24779983,110.3299,79.02,79.02,3.8258199,5.5635,498.7718716,135.1249328,18.01075068,493.7043189,205.7148848,354.21,-4.64194691,-4.9545289,-5.0558199,0,1,1,1,0.6,0,1,1,0.8,0.16666667,1,1,0,0,0,0,0,0,0,0,0,0,0,0,0,0,0
1,13.89,0.27,1.04,10.71,0,0,0,0,0,0,445.51,0.07311828,49,31,52,34,5,0,0,22,18,21,5,1,0,1,3,0,0,0,0,1,10,3,36.73469388,42.85714286,10.20408163,2.04081633,6.12244898,0,4,4,22,0,4,0,0,2,2,0,0,0,0,0,0,-0.67121369,112.9273,57.76,83.06,4.92728478,4.9542,495.4530408,106.1142942,0,494.5348837,206.0552802,352.93,-5.57819207,-6.00092054,-6.15728478,0,0.75,0.83333333,1,0.6,0.5,1,1,0.81190476,0.16666667,0.875,1,0,0,0,0,0,1,0,0,0,0,0,0,0,1,0
1,17.29,0.32,3.01,8.54,0,0,0,0,0,0,390.49,0.07881773,51,29,54,32,6,0,0,22,22,21,6,2,0,0,0,0,0,0,0,0,8,0,43.1372549,41.17647059,11.76470588,3.92156863,0,0,4,4,22,0,4,0,0,2,2,0,0,0,0,0,0,-0.30230255,109.2189,79.02,79.02,3.49913624,3.4272,490.2705261,90.24459299,18.01075068,484.9335548,202.1203094,336,-4.36426581,-4.64417943,-4.72913624,0,1,1,1,0.6,0,1,1,0.8,0.16666667,1,1,0,1,0,0,0,1,1,1,0,0,0,1,0,1,0
1,15.6,0.29,1.23,10.57,0,0,0,0,0,0,439.48,0.07056452,52,32,55,35,5,0,0,23,20,23,5,1,0,0,3,0,0,0,0,0,9,3,38.46153846,44.23076923,9.61538462,1.92307692,5.76923077,0,4,4,23,0,4,0,0,1,3,0,0,0,0,0,0,-0.30974979,114.0796,64.86,64.86,4.87112399,5.084,507.4765913,124.1250449,18.01075068,507.0431894,211.181635,366.38,-5.53045539,-5.94756779,-6.10112399,0,0.75,0.83333333,1,0.6,0.5,1,1,0.81190476,0.16666667,0.875,1,0,0,0,0,0,1,0,0,0,0,0,0,0,1,0
1,18.16,0.33,2.78,12.24,0,0,0,0,0,0,389.47,0.07881773,49,29,52,32,5,1,0,22,20,22,5,1,0,0,1,0,0,0,0,0,7,1,40.81632653,44.89795918,10.20408163,2.04081633,2.04081633,0,4,4,22,0,4,0,0,2,2,0,0,0,0,0,0,-0.75105911,109.9446,57.76,57.76,4.85479788,3.9502,477.2535811,76.19406769,0,477.7906977,199.1929089,336.94,-5.5165782,-5.93205799,-6.08479788,0,0.75,0.83333333,1,0.6,0,1,1,0.74047619,0.33333333,0.875,1,1,1,0,0,0,1,1,1,0,0,0,1,0,1,0
1,17.83,0.34,3.07,11.4,0,0,0,0,0,0,446.45,0.07056452,50,32,53,35,5,0,0,22,18,21,6,1,0,0,4,0,0,0,0,0,11,4,36,42,12,2,8,0,4,4,22,0,4,0,0,2,2,0,0,0,0,0,0,-0.24779983,108.9458,69.79,69.79,4.68109263,4.5914,486.4900593,139.0851582,18.01075068,486.8770764,202.9168346,351.49,-5.36892874,-5.767038,-5.91109263,0,0.75,0.83333333,1,0.6,0.5,1,1,0.81190476,0.16666667,0.875,1,0,0,0,0,0,1,0,0,0,0,0,1,0,1,0
1,11.83,0.25,-0.5,12.66,0,0,0,0,0,0,533.56,0.06386555,65,35,68,38,10,2,0,18,30,27,2,3,0,1,0,2,0,0,0,3,8,2,46.15384615,41.53846154,3.07692308,4.61538462,3.07692308,0,4,4,23,0,4,0,0,1,3,0,0,0,0,0,0,-0.76536419,144.4341,49.85,58.23,4.51577838,7.0791,657.9844637,59.95571451,0,643.7707641,267.2175263,467.06,-5.22841162,-5.60998946,-5.74577838,1,0.5,0.5,0.66666667,0.7,0.5,0.83333333,1,0.67142857,0.33333333,0.75,0,0,0,0,0,0,0,0,0,0,0,0,0,0,0,0
0,7.63,0.15,-0.38,3.56,0,0,0,0,0,0,683,0.04251701,107,49,108,50,19,4,0,12,58,38,4,7,0,0,0,0,0,0,0,0,11,0,54.20560748,35.51401869,3.73831776,6.54205607,0,0,2,2,12,0,2,0,0,0,2,0,0,0,0,0,0,1.29276718,189.5338,146.3,146.3,3.11717537,6.3034,1079.659346,222.419393,96.71559521,934.5016611,386.3695333,698.57,-4.03959907,-4.2813166,-4.34717537,1,0.5,0.5,0.5,0.8,1,0.33333333,0,0.51904762,0,0.625,0,0,0,0,0,0,0,0,0,0,0,0,0,0,0,0
1,13.01,0.26,2.58,8.37,0,0,0,0,0,0,502.47,0.06386555,55,35,58,38,5,1,0,16,20,21,6,2,0,0,6,0,0,0,0,0,14,6,36.36363636,38.18181818,10.90909091,3.63636364,10.90909091,0,4,4,22,0,4,0,0,2,2,0,0,0,0,0,0,-0.59528326,112.9471,78.07,78.07,3.21347312,3.3423,536.6358391,179.0188307,0,516.7607973,215.1642612,388.6,-4.12145215,-4.37279946,-4.44347312,0,0.75,0.83333333,0.83333333,0.7,0.5,0.83333333,1,0.77857143,0.16666667,0.875,0,0,0,0,0,0,0,0,1,0,0,0,0,0,0,0
0,0,0,0,0,0,0,0,0,0,0,446.61,0.0719697,63,33,68,38,6,1,0,16,30,25,6,2,0,0,0,0,0,0,0,0,8,0,47.61904762,39.68253968,9.52380952,3.17460317,0,0,6,10,34,6,4,0,0,2,5,0,3,0,0,0,0,-0.3520827,126.3569,86.86,86.86,3.42111841,3.4258,560.2149048,104.1445879,18.01075068,556.7607973,231.5577038,396.66,-4.29795065,-4.57006249,-4.65111841,0,1,0.83333333,1,0.8,0.5,1,1,0.87619048,0.16666667,0.875,1,0,0,0,0,0,1,0,1,0,0,0,1,0,1,0
0,0,0,0,0,0,0,0,0,0,0,476.69,0.06554622,71,35,75,39,7,1,0,16,36,27,6,2,0,0,0,0,0,0,0,0,8,0,50.70422535,38.02816901,8.45070423,2.81690141,0,0,5,5,28,0,5,0,0,2,3,0,0,0,0,0,0,-0.76536419,137.8306,78.07,78.07,3.82669444,5.091,640.3988407,89.25815112,0,621.6112957,258.1357769,443.62,-4.64269027,-4.95535972,-5.05669444,0,1,0.83333333,1,1,1,1,1,0.97619048,0.16666667,0.75,0,0,0,0,0,0,0,0,0,0,0,0,0,0,0,0
1,9.36,0.18,1.58,4.1,0,0,0,0,0,0,640.91,0.04541063,98,46,99,47,18,4,0,12,52,35,4,7,0,0,0,0,0,0,0,0,11,0,53.06122449,35.71428571,4.08163265,7.14285714,0,0,2,2,12,0,2,0,0,0,2,0,0,0,0,0,0,1.34130694,175.73,146.3,146.3,2.58599228,5.3721,993.4401789,222.419393,96.71559521,864.2857143,357.5925059,646.67,-3.58809344,-3.77669267,-3.81599228,1,0.5,0.5,0.5,0.8,1,0.33333333,0,0.51904762,0.16666667,0.625,0,0,0,0,0,0,0,0,0,0,0,0,0,0,0,0
1,13.55,0.25,2.94,6.03,0,0,0,0,0,0,468.46,0.06773619,52,34,56,38,6,1,0,22,18,22,6,4,0,0,2,0,0,0,0,0,12,2,34.61538462,42.30769231,11.53846154,7.69230769,3.84615385,0,5,6,27,1,4,0,0,3,2,0,0,1,0,0,0,-0.24613108,117.5241,105.32,105.32,1.98444374,4.5475,505.8211499,156.0645902,18.01075068,508.5049834,211.7807309,368.02,-3.07677718,-3.20522155,-3.21444374,0,1,0.66666667,1,0.4,0,1,1,0.72380952,0.33333333,0.75,1,0,0,0,0,0,0,0,0,0,0,0,1,0,0,0
0,0,0,0,0,0,0,0,0,0,0,244.28,0.12418301,31,18,32,19,3,1,0,12,13,15,0,2,0,0,1,0,0,0,0,0,3,1,41.93548387,48.38709677,0,6.4516129,3.22580645,0,2,2,12,0,2,0,0,0,2,0,0,0,0,0,0,-0.33413516,67.2927,37.3,37.3,3.89541622,3.6556,328.2644089,82.78838346,42.68334316,305.4651163,128.5676706,226.71,-4.70110379,-5.02064541,-5.12541622,0,1,1,1,0.6,0.5,1,1,0.87142857,0.83333333,1,1,0,1,0,0,0,0,0,1,0,1,0,1,0,1,0
0,0,0,0,0,0,0,0,0,0,0,485.58,0.06190476,63,36,66,39,8,2,1,18,27,28,3,5,0,0,0,0,0,0,0,0,8,0,42.85714286,44.44444444,4.76190476,7.93650794,0,0,4,5,23,1,3,0,0,1,3,0,0,1,0,0,0,0.77302923,134.044,120.68,120.68,2.36172277,3.9477,643.8749876,182.0538301,78.70484453,606.8604651,252.0903546,453.45,-3.39746435,-3.56363663,-3.59172277,0,1,0.83333333,1,0.8,0.5,1,1,0.87619048,0.33333333,0.875,0,0,0,0,0,0,0,0,0,0,0,0,0,0,0,0
0,0,0,0,0,0,0,0,0,0,0,472.69,0.06417112,74,34,76,36,12,3,0,6,40,27,2,5,0,0,0,0,0,0,0,0,7,0,54.05405405,36.48648649,2.7027027,6.75675676,0,0,3,3,15,0,3,1,0,0,2,0,0,0,0,0,0,0.78196088,129.5329,104.73,104.73,2.71035877,4.4392,719.1819816,165.1395135,78.70484453,634.9169435,263.5889113,477.79,-3.69380496,-3.89484084,-3.94035877,0,1,0.66666667,0.83333333,1,1,0.83333333,0.5,0.83333333,0.33333333,0.75,0,0,0,0,0,0,0,0,0,0,0,0,0,0,0,0
1,0,0,0,0,0,0,0,0,0,0,302.74,0.11695906,28,19,29,20,3,2,0,12,9,13,0,2,0,1,2,1,0,0,0,2,6,3,32.14285714,46.42857143,0,7.14285714,10.71428571,0,2,2,12,0,2,0,0,0,2,0,0,0,0,0,0,-0.67249539,69.6628,34.14,42.52,4.49637646,4.0149,319.0800763,74.23317861,0,316.2126246,132.9723871,234.54,-5.21191999,-5.59155764,-5.72637646,0,0.75,1,1,0.4,0,1,1,0.73571429,0.66666667,0.875,1,0,1,1,0,0,0,0,1,0,0,0,1,0,1,0
1,12.29,0.25,1.14,7.87,0,0,0,0,0,0,485.04,0.06818182,58,33,61,36,8,3,0,18,25,25,2,4,0,1,0,1,0,0,0,2,8,1,43.10344828,43.10344828,3.44827586,6.89655172,1.72413793,0,4,5,24,1,3,0,0,0,4,0,0,0,1,0,0,-0.3520827,129.6754,75.71,84.09,3.62169228,6.1079,585.8842494,99.98707833,18.01075068,579.2358804,240.7688034,423.4,-4.46843844,-4.76060767,-4.85169228,0,1,0.83333333,1,0.8,0.5,1,1,0.87619048,0.16666667,0.875,0,0,0,0,0,0,0,0,0,0,0,0,0,0,0,0
1,17.42,0.36,3.09,11.79,0,0,0,0,0,0,427.93,0.07936508,48,28,50,30,4,3,0,12,20,20,1,3,0,1,2,1,0,0,0,2,8,3,41.66666667,41.66666667,2.08333333,6.25,6.25,0,3,3,18,0,3,0,0,0,3,0,0,0,0,0,0,-0.28779665,103.3358,63.24,71.62,4.42296133,4.2243,502.7150644,117.3888563,18.01075068,481.1960133,200.58853,360.43,-5.14951713,-5.52181326,-5.65296133,0,0.75,1,1,0.8,0.5,1,1,0.86428571,0.16666667,0.875,1,0,1,0,0,0,1,0,1,0,0,0,1,0,1,0
1,0,0,0,0,0,0,0,0,0,0,395.48,0.08547009,47,27,50,30,3,2,0,12,20,20,1,2,0,1,3,0,0,0,0,1,7,3,42.55319149,42.55319149,2.12765957,4.25531915,6.38297872,0,4,7,24,3,2,0,0,1,2,1,1,0,0,1,1,-0.30892286,97.7763,46.17,54.55,4.25552755,5.0654,439.8717453,105.5982893,16.40499744,443.1395349,184.9916127,332.78,-5.00719842,-5.36275118,-5.48552755,0,0.75,1,1,0.8,0.5,1,1,0.86428571,0.66666667,0.875,1,0,0,0,0,0,1,0,0,0,0,0,0,0,1,0
1,0,0,0,0,0,0,0,0,0,0,1528.2,0.01869159,238,108,238,108,44,15,0,6,130,76,14,18,0,0,0,0,0,0,0,0,32,0,54.62184874,31.93277311,5.88235294,7.56302521,0,0,1,1,6,0,1,0,0,0,1,0,0,0,0,0,0,7.96145051,402.3169,452.16,452.16,-1.89245227,5.6476,2423.208935,662.3240787,252.1505096,2057.840532,846.7543162,1564.8,0.21858443,0.47782965,0.66245227,1,0.25,0.33333333,0.33333333,0.6,1,0.16666667,0,0.38333333,0.16666667,0.5,0,0,0,0,0,0,0,0,0,0,0,0,0,0,0,0
1,0,0,0,0,0,0,0,0,0,0,341.51,0.09782609,47,24,50,27,3,2,0,12,23,20,1,2,0,1,0,0,0,0,0,1,4,0,48.93617021,42.55319149,2.12765957,4.25531915,0,0,4,7,24,3,2,0,0,1,2,1,1,0,0,1,1,-0.38311596,96.8438,46.17,54.55,3.65463151,4.6093,431.3703997,60.71794951,16.40499744,434.3687708,181.3970372,314.57,-4.49643679,-4.79189994,-4.88463151,0,1,1,1,0.8,0.5,1,1,0.9,0.66666667,1,1,0,0,0,1,0,1,0,0,0,0,0,1,0,1,0
1,0,0,0,0,0,0,0,0,0,0,345.47,0.09782609,44,24,47,27,3,2,0,12,20,19,1,2,0,1,1,0,0,0,0,1,5,1,45.45454545,43.18181818,2.27272727,4.54545455,2.27272727,0,4,7,24,3,2,0,0,1,2,1,1,0,0,1,1,-0.34197771,92.019,46.17,54.55,3.80946413,4.3286,408.1274459,75.67806279,16.40499744,413.8870432,173.0028866,303.34,-4.62804451,-4.93899092,-5.03946413,0,1,1,1,0.8,0.5,1,1,0.9,0.66666667,1,1,0,1,0,1,0,1,0,1,0,0,0,1,0,1,0
1,0,0,0,0,0,0,0,0,0,0,517.11,0.06773619,59,34,63,38,7,3,0,17,25,25,2,4,0,2,0,1,0,0,0,3,9,1,42.37288136,42.37288136,3.38983051,6.77966102,1.69491525,0,5,8,29,3,3,0,0,2,2,1,1,0,0,1,1,0.20581834,134.1369,84.5,121.12,3.69287118,5.7157,592.0850242,114.8735151,34.41574813,595.4983389,247.4337454,432.19,-4.52894051,-4.82822763,-4.92287118,0,0.75,0.83333333,0.83333333,0.7,0.5,0.83333333,1,0.77857143,0.16666667,0.75,0,0,0,0,0,0,0,0,0,0,0,0,0,0,0,0
1,0,0,0,0,0,0,0,0,0,0,509.19,0.07007576,66,33,70,37,7,2,0,11,33,25,2,3,0,2,0,1,0,0,0,3,8,1,50,37.87878788,3.03030303,4.54545455,1.51515152,0,5,8,29,3,3,0,0,2,2,1,1,0,0,1,1,-0.3520827,135.8602,58.64,95.26,3.95242827,5.7856,623.7911516,74.8421513,16.40499744,614.3189369,255.1471053,444.86,-4.74956403,-5.07480685,-5.18242827,0,0.75,0.83333333,0.83333333,0.9,1,0.83333333,1,0.87857143,0.16666667,0.75,0,0,0,0,0,0,0,0,0,0,0,0,0,0,0,0
1,15.34,0.32,2.11,11.8,0,0,0,0,0,0,525.07,0.06595365,57,34,60,37,6,4,0,18,23,25,0,4,0,2,2,1,0,0,0,3,9,3,40.35087719,43.85964912,0,7.01754386,5.26315789,0,4,4,24,0,4,0,0,0,4,0,0,0,0,0,0,-0.7292991,128.5172,68.28,85.04,5.58053995,6.537,593.3045157,118.5461307,0,586.2292359,243.6349327,434.69,-6.13345896,-6.62151295,-6.81053995,1,0.5,0.66666667,0.66666667,0.6,0.5,0.66666667,1,0.65714286,0.16666667,0.75,0,0,0,0,0,0,0,0,0,0,0,0,0,0,0,0
1,15.2,0.29,2.83,9.48,0,0,0,0,0,0,489.75,0.0605042,79,35,80,36,13,3,0,6,44,28,3,3,0,0,1,0,0,0,0,0,7,1,55.69620253,35.44303797,3.79746835,3.79746835,1.26582278,0,2,2,12,0,2,0,0,0,2,0,0,0,0,0,0,0.13382538,137.163,78.51,78.51,3.6278323,5.5748,750.5755376,129.5407096,36.02150137,676.3621263,280.5746419,506.94,-4.47365745,-4.76644068,-4.8578323,0,1,0.66666667,0.83333333,1,1,0.83333333,0.5,0.83333333,0.16666667,0.75,0,0,0,0,0,0,0,0,0,0,0,0,0,0,0,0
1,0,0,0,0,0,0,0,0,0,0,495.16,0.07258065,63,32,67,36,7,2,0,11,31,24,2,3,0,2,0,1,0,0,0,3,8,1,49.20634921,38.0952381,3.17460317,4.76190476,1.58730159,0,5,8,29,3,3,0,0,2,2,1,1,0,0,1,1,-0.34072476,131.442,58.64,95.26,3.74807991,5.4081,593.5294477,74.8421513,16.40499744,590.9136213,245.5547628,427.56,-4.57586792,-4.88067592,-4.97807991,0,1,0.83333333,1,1,1,1,1,0.97619048,0.16666667,0.75,0,0,0,0,0,0,0,0,0,0,0,0,0,0,0,0
1,0,0,0,0,0,0,0,0,0,0,523.18,0.06773619,65,34,69,38,6,3,0,11,31,24,4,3,0,2,0,1,0,0,0,3,10,1,47.69230769,36.92307692,6.15384615,4.61538462,1.53846154,0,5,8,29,3,3,0,0,2,2,1,1,0,0,1,1,0.2349903,137.53,81.75,118.37,2.54544775,3.6658,619.6682243,110.122255,34.41574813,616.9269103,256.2159468,446.92,-3.55363059,-3.73817536,-3.77544775,0,0.75,0.83333333,0.83333333,0.9,1,0.83333333,1,0.87857143,0.33333333,0.75,0,0,0,0,0,0,0,0,0,0,0,0,0,0,0,0
1,0,0,0,0,0,0,0,0,0,0,345.82,0.0995671,36,22,37,23,4,2,0,12,14,15,1,2,0,1,2,1,0,0,0,2,7,3,38.88888889,41.66666667,2.77777778,5.55555556,8.33333333,0,2,2,12,0,2,0,0,0,2,0,0,0,0,0,0,-0.67215208,83.3096,37.38,45.76,4.15321648,4.9453,395.5375128,75.75173927,0,379.6013289,158.9513643,280.14,-4.92023401,-5.26555565,-5.38321648,0,0.75,1,1,0.8,0.5,1,1,0.86428571,0.5,1,1,0,0,0,0,0,0,0,0,0,0,0,0,0,1,0
1,14.65,0.27,2.54,9.44,0,0,0,0,0,0,505.77,0.05855856,80,37,82,39,12,3,0,12,43,31,3,3,0,0,0,0,0,0,0,0,6,0,53.75,38.75,3.75,3.75,0,0,3,3,18,0,3,0,0,0,3,0,0,0,0,0,0,0.08163839,147.686,78.51,78.51,3.60726162,5.6241,760.8720963,114.5805964,36.02150137,704.1860465,291.9778879,521.59,-4.45617237,-4.74689854,-4.83726162,0,0.75,0.66666667,0.66666667,0.9,1,0.66666667,0.5,0.73571429,0.16666667,0.75,0,0,0,0,0,0,0,0,0,0,0,0,0,0,0,0
1,13.57,0.26,2.66,6.7,0,0,0,0,0,0,487.76,0.0605042,80,35,81,36,13,3,0,6,45,28,3,4,0,0,0,0,0,0,0,0,7,0,56.25,35,3.75,5,0,0,2,2,12,0,2,0,0,0,2,0,0,0,0,0,0,0.76327234,138.3599,98.74,98.74,2.50262647,4.8238,776.1194651,157.2639395,78.70484453,683.1893688,283.3726921,509.66,-3.5172325,-3.69749515,-3.73262647,0,1,0.66666667,0.83333333,1,1,0.83333333,0.5,0.83333333,0.33333333,0.75,0,0,0,0,0,0,0,0,0,0,0,0,0,0,0,0
1,16.92,0.32,0.74,11.74,0,0,0,0,0,0,417.57,0.07816092,53,30,57,34,5,0,0,22,23,24,3,2,0,1,0,0,0,0,0,1,6,0,43.39622642,45.28301887,5.66037736,3.77358491,0,0,5,6,28,1,4,0,0,2,3,0,0,1,0,0,0,-0.38193463,119.3508,60.18,88.42,4.39332155,5.2138,503.9562676,72.08904395,18.01075068,514.5348837,214.2520015,361.05,-5.12432332,-5.49365547,-5.62332155,0,0.75,1,1,0.8,0.5,1,1,0.86428571,0.16666667,0.75,1,0,0,0,0,0,0,0,0,0,0,0,0,0,0,0
1,12.03,0.23,1.63,7.52,0,0,0,0,0,0,506.05,0.06349206,64,36,68,40,6,3,0,17,28,27,5,3,0,0,0,1,0,0,0,1,9,1,43.75,42.1875,7.8125,4.6875,1.5625,0,5,6,29,1,4,0,0,1,4,0,0,0,1,0,0,-0.35505951,139.3597,80.98,80.98,4.07090167,4.3246,621.4554614,104.6840347,18.01075068,613.6877076,254.8884048,448.7,-4.85026642,-5.18735659,-5.30090167,0,0.75,0.83333333,0.83333333,0.7,0.5,0.83333333,1,0.77857143,0.16666667,0.75,0,0,0,0,0,0,0,0,0,0,0,0,0,0,0,0
1,15.62,0.29,2.15,14.11,0,0,0,0,0,0,468.52,0.06773619,57,34,61,38,4,2,0,17,23,25,4,2,0,0,3,0,0,0,0,0,9,3,40.35087719,43.85964912,7.01754386,3.50877193,5.26315789,0,5,6,29,1,4,0,0,1,4,0,0,0,1,0,0,-0.7292991,122.2504,51.88,51.88,4.94635163,5.0035,532.5599893,106.4086968,0,536.1295681,223.102282,399.95,-5.59439888,-6.01903405,-6.17635163,0,0.75,0.66666667,1,0.8,0.5,1,1,0.81666667,0.33333333,0.625,1,0,0,0,0,0,0,0,0,0,0,0,0,0,0,0
1,14.67,0.32,2.08,7.55,0,0,0,0,0,0,435.06,0.08262108,54,27,56,29,6,3,0,5,27,18,2,4,0,2,0,1,0,0,0,3,9,1,50,33.33333333,3.7037037,7.40740741,1.85185185,0,3,4,17,2,2,0,0,2,0,1,1,0,0,0,0,0.34059078,106.8635,84.5,121.12,2.3795279,4.0552,554.4560674,114.8735151,34.41574813,510.5980066,212.6385273,373.45,-3.41259872,-3.58055151,-3.6095279,0,1,1,1,1,1,1,1,1,0.33333333,1,1,0,1,0,0,0,1,0,1,0,0,0,1,0,1,0
1,17.03,0.38,3.09,9.21,0,0,0,0,0,0,391.98,0.0942029,46,24,48,26,6,3,0,5,22,16,1,4,0,2,0,1,0,0,0,3,8,1,47.82608696,34.7826087,2.17391304,8.69565217,2.17391304,0,3,4,17,2,2,0,0,2,0,1,1,0,0,0,0,-0.21856297,94.5169,72.47,109.09,2.68157156,3.7543,476.7317124,96.86276443,16.40499744,447.2093023,186.6595501,327.85,-3.66933583,-3.86749299,-3.91157156,0,1,1,1,1,1,1,1,1,0.33333333,1,1,0,1,0,0,0,1,0,1,0,0,0,1,0,1,0
0,0,0,0,0,0,0,0,0,0,0,385.98,0.09782609,44,24,47,27,4,2,0,10,20,16,3,2,0,2,0,1,0,0,0,3,8,1,45.45454545,36.36363636,6.81818182,4.54545455,2.27272727,0,4,5,22,2,3,0,0,3,0,1,1,0,0,0,0,0.37838627,95.8096,74.85,111.47,2.59905723,3.3624,438.6584913,77.50347906,33.19052699,435.6810631,181.9348619,306.37,-3.59919864,-3.78910437,-3.82905723,0,1,1,1,0.8,0.5,1,1,0.9,0.33333333,1,1,1,1,0,0,0,1,0,1,1,0,0,1,1,1,0
1,17.44,0.35,1.43,16.04,0,0,0,0,0,0,392.94,0.08831909,44,27,48,31,3,0,0,22,17,21,4,0,0,1,0,1,0,0,0,2,6,1,38.63636364,47.72727273,9.09090909,0,2.27272727,0,5,8,29,2,3,0,0,2,2,1,0,0,1,1,0,-0.34555568,112.7741,42.74,70.98,4.75500737,5.3487,432.8967734,51.58180978,18.01075068,461.7275748,192.6096618,317.78,-5.43175626,-5.837257,-5.98500737,0,0.75,0.83333333,1,0.6,0.5,1,1,0.81190476,0.33333333,0.75,1,0,0,0,0,0,0,0,0,0,0,0,0,0,0,0
1,15.72,0.3,3.09,9.81,0,0,0,0,0,0,489.75,0.0605042,79,35,80,36,13,3,0,6,44,28,3,3,0,0,1,0,0,0,0,0,7,1,55.69620253,35.44303797,3.79746835,3.79746835,1.26582278,0,2,2,12,0,2,0,0,0,2,0,0,0,0,0,0,0.13382538,137.163,78.51,78.51,3.6278323,5.5748,750.5755376,129.5407096,36.02150137,676.3621263,280.5746419,506.94,-4.47365745,-4.76644068,-4.8578323,0,1,0.66666667,0.83333333,1,1,0.83333333,0.5,0.83333333,0.16666667,0.75,0,0,0,0,0,0,0,0,0,0,0,0,0,0,0,0
1,15.36,0.32,2.67,8.25,0,0,0,0,0,0,424.44,0.07936508,45,28,47,30,4,2,0,11,17,16,4,2,0,1,5,0,0,0,0,1,12,5,37.77777778,35.55555556,8.88888889,4.44444444,11.11111111,0,3,4,17,1,2,0,0,1,2,0,0,1,0,0,0,-0.14642825,91.137,78.95,87.33,2.36967383,4.0581,444.488892,154.0806161,16.66300743,430.282392,179.7222918,323.72,-3.40422276,-3.57119014,-3.59967383,0,1,1,1,0.8,0.5,1,1,0.9,0.33333333,1,1,0,1,0,0,0,1,0,1,0,0,0,1,0,1,0
1,17.02,0.36,3.08,7.53,0,0,0,0,0,0,367.89,0.0942029,42,24,44,26,4,3,0,11,18,16,3,3,0,1,0,1,0,0,0,2,8,1,42.85714286,38.0952381,7.14285714,7.14285714,2.38095238,0,3,4,17,1,2,0,0,1,2,0,0,1,0,0,0,-0.21856297,93.2683,83.13,91.51,1.93776513,3.8965,435.1662914,87.63944719,16.66300743,422.0265781,176.3387615,303.73,-3.03710036,-3.16087687,-3.16776513,0,1,1,1,0.8,0.5,1,1,0.9,0.33333333,1,1,1,1,0,1,0,1,0,1,0,0,0,1,0,1,0
0,0,0,0,0,0,0,0,0,0,0,353.86,0.09881423,39,23,41,25,3,3,0,11,16,15,3,3,0,1,0,1,0,0,0,2,8,1,41.02564103,38.46153846,7.69230769,7.69230769,2.56410256,0,3,4,17,1,2,0,0,1,2,0,0,1,0,0,0,-0.1977488,88.7977,83.13,91.51,1.69453617,3.3146,408.6607283,87.63944719,16.66300743,398.6212625,166.746419,286.43,-2.83035574,-2.92980936,-2.92453617,0,1,1,1,0.8,0.5,1,1,0.9,0.5,1,1,1,1,1,1,0,0,0,1,1,1,0,1,1,1,1
0,0,0,0,0,0,0,0,0,0,0,386.39,0.08923077,39,26,42,29,3,3,0,11,13,15,4,3,0,1,3,0,0,0,0,1,11,3,33.33333333,38.46153846,10.25641026,7.69230769,7.69230769,0,4,5,20,1,3,1,0,1,2,0,0,1,0,0,0,-0.1416081,85.6355,96.02,104.4,1.05775228,2.4988,380.3938847,149.3053166,16.66300743,385.5980066,161.4090191,288.07,-2.28908944,-2.32486467,-2.28775228,0,1,1,1,0.6,0.5,1,1,0.87142857,0.5,1,1,1,1,0,0,0,0,0,1,1,0,0,1,1,1,1
1,15.14,0.31,2.32,9.66,0,0,0,0,0,0,421.43,0.08201058,44,28,47,31,3,2,0,11,16,17,3,2,0,1,5,0,0,0,0,1,11,5,36.36363636,38.63636364,6.81818182,4.54545455,11.36363636,0,4,5,20,1,3,1,0,1,2,0,0,1,0,0,0,-0.18177035,91.8113,66.06,74.44,3.37150939,4.2042,417.4409584,137.2950865,16.66300743,419.0697674,175.1269539,317.66,-4.25578298,-4.52293392,-4.60150939,0,1,1,1,0.8,0.5,1,1,0.9,0.33333333,1,1,0,1,0,0,0,1,0,1,0,0,0,1,0,1,0
1,18.61,0.4,6.34,8.37,0,0,0,0,0,0,444.9,0.07671958,48,28,49,29,8,3,0,6,20,16,2,5,0,1,3,1,0,0,0,2,12,4,41.66666667,33.33333333,4.16666667,10.41666667,8.33333333,0,2,2,12,0,2,0,0,0,2,0,0,0,0,0,0,0.42370178,95.384,98.93,107.31,1.01633377,2.4016,503.9620781,170.7537428,32.89718747,466.0465116,194.3797179,357.06,-2.2538837,-2.28551708,-2.24633377,0,1,1,1,1,1,1,1,1,0.33333333,1,1,0,1,0,0,0,1,0,1,0,0,0,1,0,1,0
1,19.1,0.41,5.49,9.13,0,0,0,0,0,0,428.9,0.07977208,47,27,48,28,8,3,0,6,20,16,2,4,0,1,3,1,0,0,0,2,11,4,42.55319149,34.04255319,4.25531915,8.5106383,8.5106383,0,2,2,10,0,2,0,1,0,1,0,0,0,0,0,0,0.41385641,93.6241,89.7,98.08,1.77546932,2.9724,490.5447716,159.7538549,32.89718747,456.2956811,190.3834759,348.27,-2.89914892,-3.00669585,-3.00546932,0,1,1,1,1,1,1,1,1,0.33333333,1,1,0,1,0,0,0,1,0,1,1,0,0,1,0,1,0
1,18.05,0.39,4.61,8.88,0,0,0,0,0,0,463.99,0.07635468,49,29,51,31,5,4,0,12,20,19,1,4,0,2,2,1,0,0,0,3,10,3,40.81632653,38.7755102,2.04081633,8.16326531,6.12244898,0,3,3,18,0,3,0,0,0,3,0,0,0,0,0,0,0.33031883,108.327,94.3,111.06,3.74855823,4.2626,516.569944,149.8375649,31.29143423,501.8438538,209.0507598,373.07,-4.5762745,-4.88113032,-4.97855823,0,1,0.83333333,1,0.8,0.5,1,1,0.87619048,0.16666667,0.875,1,0,0,0,0,0,1,0,1,0,0,0,1,0,0,0
1,18.11,0.39,3.8,12.97,0,0,0,0,0,0,489.04,0.07311828,54,31,57,34,6,4,0,12,23,22,0,4,0,2,2,1,0,0,0,3,9,3,42.59259259,40.74074074,0,7.40740741,5.55555556,0,4,4,21,0,4,1,0,0,3,0,0,0,0,0,0,-0.70317625,115.95,68.28,85.04,5.18098536,5.4501,549.4416078,118.5461307,0,537.4418605,223.6401068,401.61,-5.79383756,-6.2419361,-6.41098536,0,0.75,0.66666667,0.83333333,0.7,0.5,0.83333333,1,0.7547619,0.16666667,0.75,0,0,0,0,0,0,0,0,0,0,0,0,0,0,0,0
1,13.29,0.27,4.11,7.5,0,0,0,0,0,0,624.24,0.05342625,81,42,85,46,9,3,0,12,39,30,3,6,0,1,1,1,0,0,0,2,12,2,48.14814815,37.03703704,3.7037037,7.40740741,2.4691358,0,5,5,27,0,5,1,0,0,4,0,0,0,0,0,0,0.17266094,157.8973,110.62,119,2.66497859,4.7766,805.609206,188.551755,85.36668632,738.6544851,306.1042972,551.01,-3.6552318,-3.85172966,-3.89497859,0,0.75,0.66666667,0.66666667,0.9,1,0.83333333,1,0.83095238,0.33333333,0.625,0,0,0,0,0,0,0,0,0,0,0,0,0,0,0,0
1,17.69,0.34,2.81,8.82,0,0,0,0,0,0,432.94,0.07526882,52,31,56,35,3,0,1,21,21,24,4,2,0,0,0,1,0,0,0,1,7,1,40.38461538,46.15384615,7.69230769,3.84615385,1.92307692,0,5,7,28,2,3,0,0,2,3,0,0,2,0,0,0,0.19300009,119.2486,86.86,86.86,3.01700973,4.687,527.0174184,101.5281164,59.46887271,517.1428571,215.3208431,366.11,-3.95445827,-4.18615925,-4.24700973,0,1,1,1,0.8,0.5,1,1,0.9,0.33333333,0.875,1,0,0,0,0,0,1,0,0,0,0,0,1,0,1,0
1,0,0,0,0,0,0,0,0,0,0,497.13,0.07258065,61,32,65,36,7,2,0,11,29,23,2,4,0,2,0,1,0,0,0,3,9,1,47.54098361,37.70491803,3.27868852,6.55737705,1.63934426,0,5,8,29,3,3,0,0,2,2,1,1,0,0,1,1,-0.30974979,128.3753,67.87,104.49,2.76847752,4.1786,582.5683062,85.84203918,16.40499744,577.2591362,239.9586624,419.05,-3.74320589,-3.95005364,-3.99847752,0,1,0.83333333,1,1,1,1,1,0.97619048,0.33333333,0.75,0,0,0,0,0,0,0,0,0,0,0,0,0,0,0,0
0,0,0,0,0,0,0,0,0,0,0,295.46,0.1038961,47,22,49,24,7,0,0,15,25,20,1,1,0,0,0,0,0,0,0,0,2,0,53.19148936,42.55319149,2.12765957,2.12765957,0,0,3,6,17,2,1,0,0,1,2,0,0,2,0,0,0,-0.44402491,92.3402,25.16,25.16,5.13974666,6.4153,428.9949179,42.68334316,42.68334316,415.4983389,173.6632536,288.73,-5.75878466,-6.20275933,-6.36974666,0,0.75,0.83333333,0.83333333,0.7,0.5,0.83333333,1,0.77857143,0.66666667,0.875,0,0,0,0,0,0,0,0,0,0,0,0,0,0,0,0
0,0,0,0,0,0,0,0,0,0,0,393.52,0.07881773,56,29,59,32,9,2,0,15,27,24,1,4,0,0,0,0,0,0,0,0,5,0,48.21428571,42.85714286,1.78571429,7.14285714,0,0,4,7,22,2,2,0,0,2,2,0,0,2,0,0,0,-0.4047197,113.6683,60.69,60.69,3.83889511,5.9424,521.9523963,89.82804597,42.68334316,506.0465116,210.7731605,366.66,-4.65306084,-4.96695036,-5.06889511,0,1,1,0.83333333,0.8,0.5,1,1,0.87619048,0.16666667,1,0,0,0,0,0,0,0,0,0,0,0,0,0,0,0,0
1,18.87,0.38,5.28,8.74,0,0,0,0,0,0,425.4,0.08128079,40,29,44,33,2,2,0,17,11,17,5,2,0,1,4,0,0,0,0,1,12,4,27.5,42.5,12.5,5,10,0,5,11,28,4,2,0,0,2,3,1,0,2,1,1,0,-0.16574635,93.079,91.84,100.22,1.49896946,2.8138,387.2656912,155.9060323,16.66300743,409.833887,171.341757,302.41,-2.66412404,-2.74402099,-2.72896946,0,1,1,1,0.6,0.5,1,1,0.87142857,0.5,0.875,1,0,1,0,0,0,1,0,1,1,0,0,1,0,1,0
1,0,0,0,0,0,0,0,0,0,0,754.09,0.03843466,117,54,118,55,22,5,0,12,63,41,5,8,0,0,0,0,0,0,0,0,13,0,53.84615385,35.04273504,4.27350427,6.83760684,0,0,2,2,12,0,2,0,0,0,2,0,0,0,0,0,0,1.93410073,206.7757,175.4,175.4,2.53733077,6.2545,1179.196467,265.5750707,114.7263459,1023.903654,423.0096945,767.62,-3.54673116,-3.73046423,-3.76733077,1,0.5,0.5,0.5,0.8,1,0.33333333,0,0.51904762,0.16666667,0.625,0,0,0,0,0,0,0,0,0,0,0,0,0,0,0,0
1,8.84,0.17,0.92,3.69,0,0,0,0,0,0,633.91,0.05050505,100,45,105,50,8,3,0,0,55,35,1,9,0,0,0,0,0,0,0,0,10,0,55,35,1,9,0,0,6,24,32,5,1,1,0,1,4,1,0,2,2,2,0,1.33657297,163.1412,151.62,151.62,3.07722794,3.7075,962.6687271,254.4952249,146.0607802,811.8936877,336.1203638,622.09,-4.00564375,-4.24336655,-4.30722794,0,0.75,0.5,0.83333333,0.9,1,0.66666667,0.5,0.73571429,0,0.625,0,0,0,0,0,0,0,0,0,0,0,0,0,0,0,0
1,11.4,0.25,1.01,9.19,0,0,0,0,0,0,582.41,0.06006006,55,37,58,40,4,3,0,17,18,23,3,3,0,1,5,2,0,0,0,3,14,7,32.72727273,41.81818182,5.45454545,5.45454545,12.72727273,0,4,4,23,0,4,0,0,1,3,0,0,0,0,0,0,-0.61706433,128.4391,72.27,80.65,4.66759322,5.3855,594.0132231,164.0457668,0,581.345515,241.6334078,439.21,-5.35745423,-5.75421356,-5.89759322,1,0.5,0.66666667,0.83333333,0.7,0.5,0.83333333,1,0.71904762,0.16666667,0.75,0,0,0,0,0,0,0,0,0,0,0,0,0,0,0,0
1,12.26,0.26,0.32,12.39,0,0,0,0,0,0,550.03,0.06190476,61,36,64,39,4,3,0,12,25,25,1,3,0,1,5,1,0,0,0,2,11,6,40.98360656,40.98360656,1.63934426,4.91803279,9.83606557,0,4,4,24,0,4,0,0,0,4,0,0,0,0,0,0,-0.68917513,125.9104,54.45,62.83,5.75849862,6.2409,614.0848951,147.3827594,0,588.9534884,244.7514297,452.78,-6.28472383,-6.79057369,-6.98849862,1,0.5,0.66666667,0.66666667,0.8,0.5,0.66666667,1,0.68571429,0.16666667,0.75,0,0,0,0,0,0,0,0,0,0,0,0,0,0,0,0
0,10.23,0.19,0.61,5.68,0,0,0,0,0,0,505.63,0.06116643,65,38,70,43,6,1,0,28,27,29,7,2,0,0,0,0,0,0,0,0,9,0,41.53846154,44.61538462,10.76923077,3.07692308,0,0,6,7,35,1,5,0,0,2,3,1,0,0,0,1,0,-0.75774693,145.6175,90.96,90.96,3.31723746,3.9435,615.0484208,106.0436807,0,624.10299,259.1569631,439.22,-4.20965184,-4.47137559,-4.54723746,0,0.75,0.5,0.83333333,0.7,0.5,0.83333333,1,0.73095238,0.16666667,0.75,0,0,0,0,0,0,0,0,0,0,0,0,0,0,0,0
1,0,0,0,0,0,0,0,0,0,0,468.93,0.07526882,50,31,54,35,2,3,0,12,19,22,0,5,0,1,2,1,0,0,0,2,9,3,38,44,0,10,6,0,5,8,29,2,2,0,0,1,4,0,0,0,2,0,0,-0.70317625,108.8476,69.67,78.05,4.46727551,4.5859,505.3175162,121.3778814,0,494.8504983,206.1846305,376.89,-5.18718418,-5.56391173,-5.69727551,0,0.75,0.83333333,1,0.8,0.5,1,1,0.84047619,0.33333333,0.625,1,0,0,0,0,0,0,0,0,0,0,0,1,0,0,0
1,17.17,0.32,0.27,13.54,0,0,0,0,0,0,401.57,0.08128079,52,29,56,33,4,0,0,22,23,24,3,1,0,1,0,0,0,0,0,1,5,0,44.23076923,46.15384615,5.76923077,1.92307692,0,0,5,6,28,1,4,0,0,2,3,0,0,1,0,0,0,-0.4047197,117.4791,50.95,79.19,4.91298536,5.5128,488.8406734,61.08915607,18.01075068,504.7840532,210.2557595,352.26,-5.56603756,-5.9873361,-6.14298536,0,0.75,0.83333333,1,0.8,0.5,1,1,0.84047619,0.16666667,0.75,1,0,0,0,0,0,0,0,0,0,0,0,0,0,0,0
1,17.74,0.34,0.56,13.5,0,0,0,0,0,0,387.54,0.08465608,49,28,53,32,4,0,0,22,21,23,3,1,0,1,0,0,0,0,0,1,5,0,42.85714286,46.93877551,6.12244898,2.04081633,0,0,5,6,28,1,4,0,0,2,3,0,0,1,0,0,0,-0.39382295,112.8876,50.95,79.19,4.7018491,5.2302,462.7639377,61.08915607,18.01075068,481.3787375,200.663417,334.96,-5.38657173,-5.78675664,-5.9318491,0,0.75,0.83333333,1,0.8,0.5,1,1,0.84047619,0.16666667,0.75,1,0,0,0,0,0,0,0,0,0,0,0,0,0,0,0
1,16.79,0.31,1.19,10.39,0,0,0,0,0,0,411.57,0.07816092,51,30,55,34,4,0,1,22,21,24,5,0,0,1,0,0,0,0,0,1,6,0,41.17647059,47.05882353,9.80392157,0,0,0,5,6,28,1,4,0,0,2,3,0,0,1,0,0,0,-0.38193463,120.6821,66.53,94.77,4.32083465,5.0935,497.0038122,82.64116555,18.01075068,513.9036545,213.993301,360.19,-5.06270945,-5.42479291,-5.55083465,0,0.75,1,1,0.8,0.5,1,1,0.86428571,0.16666667,0.75,1,0,0,0,0,0,1,0,0,0,0,0,0,0,1,0
1,0,0,0,0,0,0,0,0,0,0,440.66,0.07311828,63,31,66,34,8,3,0,12,32,25,2,3,0,1,0,0,0,0,0,1,6,0,50.79365079,39.68253968,3.17460317,4.76190476,0,0,4,7,24,3,2,0,0,1,2,1,1,0,0,1,1,0.16103754,123.3147,75.27,83.65,3.7329208,5.279,583.1088429,103.8736272,34.41574813,570.5813954,237.2218833,418.22,-4.56298268,-4.86627476,-4.9629208,0,1,1,1,1,0.5,1,1,0.92857143,0.16666667,1,1,0,0,0,0,0,0,0,0,0,0,0,0,0,0,0
1,0,0,0,0,0,0,0,0,0,0,511.08,0.06554622,62,35,66,39,7,3,0,18,27,27,2,4,0,1,0,1,0,0,0,2,8,1,43.5483871,43.5483871,3.22580645,6.4516129,1.61290323,0,5,8,30,3,3,0,0,1,3,1,1,0,0,1,1,0.1621722,135.9258,84.5,92.88,4.02118765,6.1346,606.679943,114.8735151,34.41574813,608.0066445,252.5601002,445.64,-4.80800951,-5.14012827,-5.25118765,0,0.75,0.83333333,0.83333333,0.7,0.5,0.83333333,1,0.77857143,0.16666667,0.75,0,0,0,0,0,0,0,0,0,0,0,0,0,0,0,0
1,15.62,0.29,2.15,14.11,0,0,0,0,0,0,468.52,0.06773619,57,34,61,38,4,2,0,17,23,25,4,2,0,0,3,0,0,0,0,0,9,3,40.35087719,43.85964912,7.01754386,3.50877193,5.26315789,0,5,6,29,1,4,0,0,1,4,0,0,0,1,0,0,-0.7292991,122.2504,51.88,51.88,4.94635163,5.0035,532.5599893,106.4086968,0,536.1295681,223.102282,399.95,-5.59439888,-6.01903405,-6.17635163,0,0.75,0.66666667,1,0.8,0.5,1,1,0.81666667,0.33333333,0.625,1,0,0,0,0,0,0,0,0,0,0,0,0,0,0,0
1,17.87,0.34,5.93,7.56,0,0,0,0,0,0,503.76,0.05873016,81,36,82,37,13,3,0,6,45,28,3,5,0,0,0,0,0,0,0,0,8,0,55.55555556,34.56790123,3.7037037,6.17283951,0,0,2,2,12,0,2,0,0,0,2,0,0,0,0,0,0,1.46735995,139.8272,118.97,118.97,2.42829713,4.4339,807.0317063,199.9472827,121.3881877,692.9401993,287.3689342,518.45,-3.45405256,-3.62688227,-3.65829713,0,0.75,0.66666667,0.66666667,0.9,1,0.66666667,0.5,0.73571429,0.16666667,0.75,0,0,0,0,0,0,0,0,0,0,0,0,0,0,0,0
1,14.23,0.26,0.17,9.51,0,0,0,0,0,0,400.49,0.07586207,51,30,54,33,6,0,0,24,21,24,4,1,0,0,1,0,0,0,0,0,6,1,41.17647059,47.05882353,7.84313725,1.96078431,1.96078431,0,4,4,24,0,4,0,0,0,4,0,0,0,0,0,0,-0.38193463,118.0976,59.93,59.93,4.08590219,4.5961,503.7375739,94.08229626,18.01075068,500.8803987,208.6559011,357.9,-4.86301686,-5.20160708,-5.31590219,0,1,1,1,0.6,0.5,1,1,0.87142857,0.33333333,1,1,0,0,0,0,0,1,1,0,0,0,0,1,0,1,0
1,13.61,0.25,3.71,7.35,0,0,0,0,0,0,490.55,0.06190476,60,36,63,39,6,4,0,18,24,27,4,3,0,0,2,0,0,0,0,0,9,2,40,45,6.66666667,5,3.33333333,0,4,5,25,1,3,0,0,0,3,1,0,0,0,1,0,0.17597383,129.8151,90.87,90.87,3.86605118,3.8733,601.1478848,161.2863525,36.02150137,586.3787375,243.6962039,441.71,-4.6761435,-4.99274862,-5.09605118,0,1,0.83333333,1,0.6,0.5,1,1,0.84761905,0.16666667,0.875,0,0,0,0,0,0,0,0,0,0,0,0,0,0,0,0
1,0,0,0,0,0,0,0,0,0,0,345.47,0.09782609,44,24,47,27,3,2,0,12,20,19,1,2,0,1,1,0,0,0,0,1,5,1,45.45454545,43.18181818,2.27272727,4.54545455,2.27272727,0,4,7,24,3,2,0,0,1,2,1,1,0,0,1,1,-0.34197771,92.019,46.17,54.55,3.80946413,4.3286,408.1274459,75.67806279,16.40499744,413.8870432,173.0028866,303.34,-4.62804451,-4.93899092,-5.03946413,0,1,1,1,0.8,0.5,1,1,0.9,0.66666667,1,1,0,1,0,1,0,1,0,1,0,0,0,1,0,1,0
1,0,0,0,0,0,0,0,0,0,0,1528.2,0.01869159,238,108,238,108,44,15,0,6,130,76,14,18,0,0,0,0,0,0,0,0,32,0,54.62184874,31.93277311,5.88235294,7.56302521,0,0,1,1,6,0,1,0,0,0,1,0,0,0,0,0,0,7.96145051,402.3169,452.16,452.16,-1.89245227,5.6476,2423.208935,662.3240787,252.1505096,2057.840532,846.7543162,1564.8,0.21858443,0.47782965,0.66245227,1,0.25,0.33333333,0.33333333,0.6,1,0.16666667,0,0.38333333,0.16666667,0.5,0,0,0,0,0,0,0,0,0,0,0,0,0,0,0,0
0,0,0,0,0,0,0,0,0,0,0,1698.44,0.01680672,264,120,264,120,50,17,0,6,144,84,16,20,0,0,0,0,0,0,0,0,36,0,54.54545455,31.81818182,6.06060606,7.57575758,0,0,1,1,6,0,1,0,0,0,1,0,0,0,0,0,0,9.34913381,446.3163,510.36,510.36,-2.74762067,5.8032,2682.473459,748.6354341,288.1720109,2283.45515,939.2193236,1737.5,0.94547757,1.29023964,1.51762067,1,0.25,0.16666667,0.33333333,0.6,1,0.16666667,0,0.35952381,0.16666667,0.5,0,0,0,0,0,0,0,0,0,0,0,0,0,0,0,0
1,0,0,0,0,0,0,0,0,0,0,1286.87,0.02222222,202,91,202,91,37,12,0,6,111,65,11,15,0,0,0,0,0,0,0,0,26,0,54.95049505,32.17821782,5.44554455,7.42574257,0,0,1,1,6,0,1,0,0,0,1,0,0,0,0,0,0,5.88751543,340.9858,364.86,364.86,-0.48665556,6.025,2053.883799,532.8570456,198.1182575,1742.82392,717.6491477,1323.05,-0.97634277,-0.85767721,-0.74334444,1,0.25,0.33333333,0.33333333,0.7,1,0.16666667,0,0.39761905,0.16666667,0.5,0,0,0,0,0,0,0,0,0,0,0,0,0,0,0,0
1,22.53,0.52,3.56,15.61,0,0,0,0,0,0,319.91,0.12280702,37,19,39,21,3,2,0,5,18,13,1,2,0,2,0,1,0,0,0,3,6,1,48.64864865,35.13513514,2.7027027,5.40540541,2.7027027,0,3,4,17,2,2,0,0,2,0,1,1,0,0,0,0,-0.19756116,78.8843,46.17,82.79,2.80221589,3.7626,372.8935699,60.71794951,16.40499744,364.6345515,152.8174391,261.01,-3.77188351,-3.9821051,-4.03221589,0,1,1,1,1,0.5,1,1,0.92857143,0.66666667,1,1,1,1,1,1,1,0,0,1,0,1,0,1,0,1,1
1,19.11,0.43,3.05,9.42,0,0,0,0,0,0,344.92,0.10952381,38,21,40,23,3,2,1,5,17,14,2,2,0,2,0,1,0,0,0,3,7,1,44.73684211,36.84210526,5.26315789,5.26315789,2.63157895,0,3,4,17,2,2,0,0,2,0,1,1,0,0,0,0,-0.19746744,83.9791,69.96,106.58,2.1646152,3.429,408.7835701,91.77730528,16.40499744,390.3322259,163.3492729,284.03,-3.22992292,-3.37638444,-3.3946152,0,1,1,1,0.8,0.5,1,1,0.9,0.5,1,1,1,1,1,1,0,0,0,1,0,1,0,1,1,1,1
1,15.95,0.34,4.56,7.59,0,0,0,0,0,0,541.5,0.06218487,61,35,63,37,12,3,0,17,26,23,4,5,0,1,0,2,0,0,0,3,12,2,42.62295082,37.70491803,6.55737705,8.19672131,3.27868852,0,3,3,17,0,3,0,0,1,2,0,0,0,0,0,0,0.27555949,135.5726,113.76,122.14,2.32204993,3.8851,662.4336836,159.455951,60.69409384,620.8471761,257.8226132,449.8,-3.36374244,-3.52594743,-3.55204993,0,0.75,0.5,0.66666667,0.7,0.5,0.66666667,0.5,0.61190476,0.33333333,0.75,0,0,0,0,0,0,0,0,0,0,0,0,0,0,0,0
0,0,0,0,0,1,0,0,0,1,2,392.87,0.08201058,45,28,48,31,4,3,0,17,17,21,4,2,0,0,0,1,0,0,0,1,7,1,37.77777778,46.66666667,8.88888889,4.44444444,2.22222222,0,4,5,23,1,3,0,0,1,3,0,0,0,1,0,0,-0.32313875,108.8578,72.8,72.8,3.52889954,3.5617,460.714245,87.7266247,18.01075068,464.9667774,193.9372039,337.47,-4.38956461,-4.67245457,-4.75889954,0,1,1,1,0.6,0,1,1,0.8,0.16666667,1,1,0,1,0,0,0,1,0,1,0,0,0,1,0,1,0
1,19.26,0.42,5.55,9.21,0,0,0,0,0,0,428.9,0.07977208,47,27,48,28,8,3,0,6,20,16,2,4,0,1,3,1,0,0,0,2,11,4,42.55319149,34.04255319,4.25531915,8.5106383,8.5106383,0,2,2,11,0,2,0,0,1,1,0,0,0,0,0,0,0.41385641,93.8497,89.7,98.08,1.77546932,3.1749,488.8464839,159.7538549,32.89718747,456.2956811,190.3834759,348.27,-2.89914892,-3.00669585,-3.00546932,0,1,1,1,1,1,1,1,1,0.33333333,1,1,0,1,0,0,0,1,0,1,1,0,0,1,0,1,0
1,16.26,0.36,1.56,13.29,0,0,0,0,0,0,470.82,0.07635468,47,29,49,31,6,2,0,18,18,21,1,3,0,1,0,3,0,0,0,4,8,3,38.29787234,44.68085106,2.12765957,6.38297872,6.38297872,0,3,3,18,0,3,0,0,0,3,0,0,0,0,0,0,-0.30230255,119.1669,57.61,65.99,4.68849846,6.4933,546.121336,88.51485589,42.68334316,525.1328904,218.5954469,379.83,-5.37522369,-5.77407354,-5.91849846,0,0.75,0.66666667,1,0.6,0.5,1,1,0.78809524,0.16666667,0.75,0,0,0,0,0,0,0,0,0,0,0,0,0,0,0,0
1,17.65,0.39,2.37,11.9,0,0,0,0,0,0,388.34,0.09057971,43,24,44,25,7,2,0,12,19,17,1,3,0,1,0,2,0,0,0,3,7,2,44.18604651,39.53488372,2.3255814,6.97674419,4.65116279,0,2,2,12,0,2,0,0,0,2,0,0,0,0,0,0,-0.25970122,99.2045,57.61,65.99,3.81529949,5.1966,481.3273903,88.51485589,42.68334316,450.6478405,188.0687871,326.6,-4.63300457,-4.94453452,-5.04529949,0,1,1,1,0.8,0.5,1,1,0.9,0.16666667,1,1,0,0,0,0,0,1,0,0,0,0,0,0,0,0,0
1,15.41,0.32,3.25,9.7,0,0,0,0,0,0,476.94,0.07096774,51,31,53,33,6,3,0,12,20,20,2,4,0,1,3,1,0,0,0,2,11,4,39.21568627,39.21568627,3.92156863,7.84313725,7.84313725,0,3,3,19,0,3,0,0,0,2,1,0,0,0,0,0,-0.23279952,110.164,75.71,84.09,2.70323874,6.0584,529.1017829,144.8674181,18.01075068,510.448505,212.5772561,386.29,-3.68775293,-3.88807681,-3.93323874,0,1,0.83333333,1,0.8,0.5,1,1,0.87619048,0.33333333,0.875,0,0,0,0,0,0,0,0,0,0,0,0,0,0,0,0
1,8.34,0,0,0,0,0,0,0,0,0,1023.77,0.03146998,131,70,137,76,26,6,0,24,61,51,6,8,0,2,2,1,0,0,0,3,19,3,46.5648855,38.93129771,4.58015267,6.10687023,2.29007634,0,7,8,39,1,6,0,0,3,4,0,1,0,0,0,0,1.16632299,269.0056,175.48,209.16,3.55197827,9.166,1273.990249,273.4985398,72.04300273,1229.119601,507.1145907,919.19,-4.40918153,-4.69437936,-4.78197827,1,0.5,0.33333333,0.5,0.8,1,0.33333333,0,0.4952381,0,0.5,0,0,0,0,0,0,0,0,0,0,0,0,0,0,0,0
1,21.77,0.47,5.22,11.83,0,0,0,0,0,0,428.9,0.08831909,38,27,42,31,3,2,0,16,11,16,4,2,0,2,2,1,0,0,0,3,11,3,28.94736842,42.10526316,10.52631579,5.26315789,7.89473684,0,5,8,25,2,3,1,0,2,2,0,0,1,1,0,0,-0.1623916,99.3887,78.95,115.57,2.36771438,4.0041,393.7245844,109.2002763,16.66300743,418.6378738,174.9499483,298.33,-3.40255723,-3.56932867,-3.59771438,0,1,1,1,0.6,0.5,1,1,0.87142857,0.5,0.875,1,0,1,0,0,0,0,0,1,0,0,0,1,0,1,0
1,20.93,0.42,4.88,11.62,0,0,0,0,0,0,438.44,0.07816092,44,30,48,34,3,2,0,17,14,19,4,2,0,1,4,0,0,0,0,1,11,4,31.81818182,43.18181818,9.09090909,4.54545455,9.09090909,0,5,8,26,2,3,1,0,1,3,0,0,1,1,0,0,-0.2168594,101.8707,78.95,87.33,2.97660113,4.6732,418.2330743,139.1205028,16.66300743,440.0664452,183.7321497,326.01,-3.92011096,-4.14777107,-4.20660113,0,1,1,1,0.6,0.5,1,1,0.87142857,0.5,0.875,1,0,0,0,0,0,1,0,0,0,0,0,1,0,1,0
1,0,0,0,0,0,0,0,0,0,0,388.84,0.08666667,40,25,41,26,6,3,0,12,15,17,0,4,0,1,2,1,0,0,0,2,8,3,37.5,42.5,0,10,7.5,0,2,2,12,0,2,0,0,0,2,0,0,0,0,0,0,-0.67181421,89.4606,60.44,68.82,4.55167989,4.4614,451.8514046,110.3779935,0,422.192691,176.4068406,318.68,-5.25892791,-5.64409589,-5.78167989,0,0.75,0.83333333,1,0.8,0.5,1,1,0.84047619,0.16666667,0.875,1,0,1,0,0,0,1,0,1,0,0,0,1,0,1,0
0,10.9,0.2,1.07,6.04,0,0,0,0,0,0,432.5,0.07258065,53,32,57,36,4,1,0,22,21,23,6,2,0,0,1,0,0,0,0,0,9,1,39.62264151,43.39622642,11.32075472,3.77358491,1.88679245,0,5,6,28,1,4,0,0,2,3,0,0,1,0,0,0,-0.71242451,118.1606,78.07,78.07,4.37229379,2.8796,500.9668151,104.3407865,0,509.4850498,212.1823975,361.67,-5.10644972,-5.4736791,-5.60229379,0,0.75,1,1,0.8,0.5,1,1,0.86428571,0.16666667,0.75,1,0,1,0,0,0,1,0,1,0,0,0,1,0,1,0
1,14.41,0.27,2.31,7.28,0,0,0,0,0,0,394.53,0.07881773,55,29,58,32,6,1,0,16,26,21,6,2,0,0,0,0,0,0,0,0,8,0,47.27272727,38.18181818,10.90909091,3.63636364,0,0,4,5,22,1,3,0,0,2,2,0,0,1,0,0,0,-0.71692006,111.6004,78.07,78.07,4.0547098,2.5891,511.0794284,89.38067323,0,499.2192691,207.9751103,352.18,-4.83650333,-5.17197431,-5.2847098,0,1,1,1,0.8,0.5,1,1,0.9,0.16666667,1,1,0,1,0,0,0,1,0,1,1,0,0,1,0,1,0
1,13.61,0.25,1.39,9.17,0,0,0,0,0,0,404.54,0.07816092,55,30,59,34,4,0,0,21,25,23,6,0,0,0,1,0,0,0,0,0,7,1,45.45454545,41.81818182,10.90909091,0,1.81818182,0,5,7,28,2,3,0,0,2,3,0,0,2,0,0,0,-0.34891959,119.3882,60.04,60.04,5.08419954,5.6137,492.1341721,83.08240837,18.01075068,504.269103,210.0447143,349.37,-5.71156961,-6.14998956,-6.31419954,0,0.75,0.83333333,0.83333333,0.7,0.5,0.83333333,1,0.77857143,0.16666667,0.75,0,0,0,0,0,0,0,0,0,0,0,0,0,0,0,0
1,15.45,0.29,3.65,7.85,0,0,0,0,0,0,445.67,0.06653226,71,32,72,33,11,3,0,6,39,25,3,4,0,0,0,0,0,0,0,0,7,0,54.92957746,35.21126761,4.22535211,5.63380282,0,0,2,2,12,0,2,0,0,0,2,0,0,0,0,0,0,0.17699483,124.6925,87.74,87.74,2.71078274,3.8865,685.8313252,128.4136925,36.02150137,612.9734219,254.5956647,457.76,-3.69416533,-3.89524361,-3.94078274,0,1,0.83333333,0.83333333,1,1,0.83333333,0.5,0.85714286,0.33333333,0.875,0,0,0,0,0,0,0,0,0,0,0,0,0,0,0,0
1,16.1,0.31,3.76,9.55,0,0,0,0,0,0,465.65,0.06439394,70,33,71,34,11,3,0,6,37,25,3,3,0,0,2,0,0,0,0,0,8,2,52.85714286,35.71428571,4.28571429,4.28571429,2.85714286,0,2,2,12,0,2,0,0,0,2,0,0,0,0,0,0,0.19188971,123.7056,78.51,78.51,3.39826665,4.5486,671.4229715,144.5008229,36.02150137,609.0697674,252.9958063,461.11,-4.27852665,-4.54835331,-4.62826665,0,1,0.66666667,0.83333333,1,1,0.83333333,0.5,0.83333333,0.16666667,0.75,1,0,0,0,0,0,0,0,0,0,0,0,0,0,0,0
1,20.74,0.39,6.82,9.78,0,0,0,0,0,0,428.48,0.07096774,53,31,55,33,5,4,0,12,22,22,4,3,0,0,2,0,0,0,0,0,9,2,41.50943396,41.50943396,7.54716981,5.66037736,3.77358491,0,3,4,19,1,2,0,0,0,2,1,0,0,0,1,0,0.25692521,109.9856,90.87,90.87,2.78909263,2.0217,536.0478559,161.0413082,36.02150137,508.820598,211.9100812,386.39,-3.76072874,-3.969638,-4.01909263,0,1,1,1,0.8,0.5,1,1,0.9,0.33333333,1,1,0,1,0,0,0,0,0,1,1,0,0,1,0,1,0
0,10.64,0.21,-2.91,9.84,0,0,0,0,0,0,459.62,0.06854839,70,32,72,34,15,1,0,15,38,26,1,4,1,0,0,0,0,0,0,1,6,0,54.28571429,37.14285714,1.42857143,5.71428571,0,0,3,6,17,2,1,0,0,1,2,0,0,2,0,0,0,-0.80534944,131.6881,49.69,59.5,5.12642827,6.6778,647.5524673,45.10636623,0,619.1694352,257.1350144,438.73,-5.74746403,-6.19010685,-6.35642827,0,0.75,0.5,0.66666667,0.9,1,0.66666667,0.5,0.71190476,0.33333333,0.75,0,0,0,0,0,0,0,0,0,0,0,0,0,0,0,0
0,0,0,0,0,0,0,0,0,0,0,425.57,0.07096774,62,31,64,33,13,2,0,15,31,25,1,5,0,0,0,0,0,0,0,0,6,0,50,40.32258065,1.61290323,8.06451613,0,0,3,6,17,2,1,0,0,1,2,0,0,2,0,0,0,0.16103754,119.2527,88.76,88.76,4.4785833,6.4312,602.2574659,146.6564283,85.36668632,557.2425249,231.7551332,405.11,-5.1967958,-5.57465413,-5.7085833,0,0.75,0.83333333,0.83333333,1,1,0.83333333,0.5,0.82142857,0.16666667,0.75,0,0,0,0,0,0,0,0,0,0,0,0,0,0,0,0
1,15.02,0.29,3.72,9.42,1,0,0,0,1,2,515.56,0.06349206,56,36,60,40,6,4,0,16,20,24,5,3,0,1,3,0,0,0,0,1,12,3,35.71428571,42.85714286,8.92857143,5.35714286,5.35714286,0,5,6,28,1,4,0,0,2,3,0,0,0,1,0,0,-0.66160812,130.021,82.25,110.49,2.35163283,2.3849,554.0502456,145.9897687,0,559.0697674,232.5040031,418.31,-3.38888791,-3.55405119,-3.58163283,0,0.75,0.83333333,0.83333333,0.7,0.5,0.83333333,1,0.77857143,0.33333333,0.75,0,0,0,0,0,0,0,0,0,0,0,0,0,0,0,0
0,15.91,0.31,0.78,8.76,0,0,0,0,0,0,271.71,0.12280702,29,19,31,21,1,2,0,12,10,15,1,2,0,0,0,1,0,0,0,1,4,1,34.48275862,51.72413793,3.44827586,6.89655172,3.44827586,0,3,4,17,1,2,0,0,1,2,0,0,1,0,0,0,0.34144317,74.4494,53.09,53.09,3.23598751,3.1281,315.4851896,85.83902088,60.69409384,314.269103,132.1758619,231.85,-4.14058939,-4.39418814,-4.46598751,0,1,1,1,0.4,0,1,1,0.77142857,0.83333333,1,1,0,1,1,0,0,0,0,1,0,1,0,1,0,1,1
1,15.29,0.3,0.01,12.2,0,0,0,0,0,0,404.6,0.08465608,48,28,52,32,4,0,0,22,20,22,4,0,0,2,0,0,0,0,0,2,6,0,41.66666667,45.83333333,8.33333333,0,0,0,5,6,28,1,4,0,0,2,3,0,0,1,0,0,0,-0.35848085,116.5201,50.7,107.18,4.48700737,5.4714,471.2547321,66.55783164,18.01075068,491.9601329,205.0000545,338.38,-5.20395626,-5.582657,-5.71700737,0,0.75,1,1,0.8,0.5,1,1,0.86428571,0.16666667,0.75,1,0,0,0,0,0,0,0,0,0,0,0,0,0,0,0
0,0,0,0,0,0,0,0,0,0,0,515.12,0.06349206,63,36,67,40,8,0,0,28,27,29,4,1,0,1,0,1,0,0,0,2,7,1,42.85714286,46.03174603,6.34920635,1.58730159,1.58730159,0,5,5,28,0,5,0,0,2,3,0,0,0,0,0,0,-0.79944315,148.3225,43.18,71.42,5.37937522,6.8942,630.3964462,47.69526088,0,637.2923588,264.5624421,446.15,-5.96246894,-6.43040646,-6.60937522,1,0.5,0.66666667,0.66666667,0.4,0.5,0.66666667,1,0.62857143,0.16666667,0.625,0,0,0,0,0,0,0,0,0,0,0,0,0,0,0,0
1,15.69,0.31,0.73,12.83,0,0,0,0,0,0,424.99,0.07881773,50,29,53,32,6,0,0,22,21,22,4,1,0,1,0,1,0,0,0,2,7,1,42,44,8,2,2,0,4,4,22,0,4,0,0,2,2,0,0,0,0,0,0,-0.3364416,118.8132,51.97,80.21,4.18218528,5.1048,510.2126524,62.58169767,18.01075068,512.923588,213.5916344,356.23,-4.94485749,-5.29307602,-5.41218528,0,0.75,1,1,0.6,0.5,1,1,0.83571429,0.16666667,1,1,0,0,0,0,0,1,0,0,0,0,0,0,0,0,0
0,13.41,0.26,1.22,9.84,0,0,0,0,0,0,372.88,0.08615385,47,26,49,28,6,2,0,12,21,20,2,3,0,0,0,1,0,0,0,1,6,1,44.68085106,42.55319149,4.25531915,6.38297872,2.12765957,0,3,4,17,1,2,0,0,1,2,0,0,1,0,0,0,-0.3317137,103.7008,54.56,54.56,3.0721318,3.5014,474.5636691,68.27976738,18.01075068,457.6245847,190.9281085,338.14,-4.00131203,-4.23852521,-4.3021318,0,1,1,1,0.8,0.5,1,1,0.9,0.33333333,1,1,1,1,0,1,0,1,0,1,0,0,0,1,1,1,0
0,0,0,0,0,0,0,0,0,0,0,338.81,0.0942029,39,24,41,26,5,2,1,12,15,19,2,2,0,0,0,1,0,0,0,1,5,1,38.46153846,48.71794872,5.12820513,5.12820513,2.56410256,0,3,4,17,1,2,0,0,1,2,0,0,1,0,0,0,-0.34197771,93.7364,65.88,65.88,3.29318148,3.6791,416.9943249,85.21492137,18.01075068,410.1827243,171.4847231,306.77,-4.18920426,-4.44852241,-4.52318148,0,1,1,1,0.6,0.5,1,1,0.87142857,0.16666667,1,1,1,1,1,1,0,0,0,1,0,1,0,1,1,1,1
1,18.1,0.38,2.7,14.1,0,0,0,0,0,0,471,0.07096774,56,31,58,33,8,3,0,12,25,23,0,4,0,1,2,1,0,0,0,2,8,3,44.64285714,41.07142857,0,7.14285714,5.35714286,0,3,3,18,0,3,0,0,0,3,0,0,0,0,0,0,-0.73513881,115.3519,60.44,68.82,5.46258461,6.2976,578.4789425,110.3779935,0,544.5847176,226.5675072,410.12,-6.03319692,-6.50945538,-6.69258461,0,0.75,0.66666667,0.83333333,0.9,0.5,0.83333333,1,0.78333333,0.16666667,0.75,0,0,0,0,0,0,0,0,0,0,0,0,0,0,0,0
1,18.26,0.4,2.83,12.69,0,0,0,0,0,0,400.35,0.09,44,25,46,27,6,2,0,12,19,18,1,3,0,1,0,2,0,0,0,3,7,2,43.18181818,40.90909091,2.27272727,6.81818182,4.54545455,0,3,3,15,0,3,1,0,0,2,0,0,0,0,0,0,-0.27733075,101.6913,57.61,65.99,3.65080108,5.0656,479.221686,88.51485589,42.68334316,456.013289,190.2677414,331.54,-4.49318092,-4.78826103,-4.88080108,0,1,1,1,0.8,0.5,1,1,0.9,0.16666667,1,1,0,0,0,0,0,1,0,0,0,0,0,0,0,1,0
1,16.4,0.3,2.01,10.07,0,0,0,0,0,0,428.51,0.07258065,53,32,57,36,5,0,0,27,21,24,6,1,0,0,1,0,0,0,0,0,8,1,39.62264151,45.28301887,11.32075472,1.88679245,1.88679245,0,5,6,28,1,4,0,0,2,3,0,0,1,0,0,0,-0.34072476,120.0216,69.79,69.79,3.63480954,4.5565,498.9399951,94.32734049,18.01075068,515.9966777,214.8510974,356.64,-4.47958811,-4.77306906,-4.86480954,0,1,1,1,0.6,0,1,1,0.8,0.16666667,0.875,1,0,0,0,0,0,1,0,0,0,0,0,1,0,1,0
0,12.11,0.22,1.51,6.5,0,0,0,0,0,0,416.53,0.07526882,55,31,59,35,4,2,0,17,24,23,6,2,0,0,0,0,0,0,0,0,8,0,43.63636364,41.81818182,10.90909091,3.63636364,0,0,5,6,29,1,4,0,0,1,4,0,0,0,1,0,0,-0.73513881,116.9154,77.66,77.66,2.17876329,2.5143,513.4196943,95.09941609,0,513.7043189,213.9116061,369.14,-3.2419488,-3.38982513,-3.40876329,0,1,1,1,0.8,0.5,1,1,0.9,0.33333333,0.875,1,0,1,0,0,0,1,0,1,0,0,0,1,0,1,0
1,12.56,0.23,2.04,8.07,0,0,0,0,0,0,463.64,0.06773619,67,34,71,38,5,3,0,11,33,26,5,3,0,0,0,0,0,0,0,0,8,0,49.25373134,38.80597015,7.46268657,4.47761194,0,0,5,6,29,1,4,0,0,1,4,0,0,0,1,0,0,-0.75847107,131.5294,72.19,72.19,3.35746676,3.2346,605.6996524,89.79759792,0,591.3787375,245.7453842,435.01,-4.24384675,-4.50959343,-4.58746676,0,1,0.83333333,1,1,1,1,1,0.97619048,0.16666667,0.75,0,0,0,0,0,0,0,0,0,0,0,0,0,0,0,0
1,14.82,0.27,0.98,13.27,0,0,0,0,0,0,464.61,0.06722689,63,35,68,40,4,2,0,22,28,29,4,2,0,0,0,0,0,0,0,0,6,0,44.44444444,46.03174603,6.34920635,3.17460317,0,0,6,8,35,2,4,0,0,1,5,0,0,0,2,0,0,-0.82205784,138.0514,51.88,51.88,4.76064237,5.2954,571.6992714,61.52835699,0,588.6544851,244.6288873,422.4,-5.43654602,-5.84261026,-5.99064237,0,0.75,0.5,1,0.8,0.5,1,1,0.79285714,0.33333333,0.625,0,0,0,0,0,0,0,0,0,0,0,0,0,0,0,0
1,16.92,0.32,3.6,12.4,0,0,0,0,0,0,455.69,0.06818182,71,33,74,36,9,1,0,11,38,26,5,1,0,0,1,0,0,0,0,0,7,1,53.52112676,36.61971831,7.04225352,1.4084507,1.4084507,0,4,5,22,1,3,0,0,2,2,0,0,0,1,0,0,0.16184321,130.9122,62.19,62.19,4.31126018,4.4756,640.849091,96.03638511,36.02150137,607.1262459,252.1992811,441.14,-5.05457116,-5.41569717,-5.54126018,0,0.75,0.83333333,0.83333333,1,1,1,1,0.91666667,0.16666667,0.875,0,0,0,0,0,0,0,0,0,0,0,0,0,0,0,0
1,17.24,0.32,2.25,14.24,0,0,0,0,0,0,428.58,0.07258065,60,32,64,36,4,2,0,17,28,26,4,2,0,0,0,0,0,0,0,0,6,0,46.66666667,43.33333333,6.66666667,3.33333333,0,0,5,6,30,1,4,0,0,1,3,1,0,0,0,1,0,-0.80534944,126.4666,51.88,51.88,4.30935809,4.4494,550.1353795,61.52835699,0,550.7641196,229.100049,399.04,-5.05295438,-5.41389018,-5.53935809,0,0.75,1,1,0.8,0.5,1,1,0.86428571,0.33333333,0.75,1,0,0,0,0,0,1,0,1,0,0,0,1,0,1,0
1,16.03,0.31,3.11,9.6,0,0,0,0,0,0,452.99,0.07258065,57,32,61,36,5,0,0,18,25,23,6,2,0,0,0,1,0,0,0,1,9,1,43.85964912,40.35087719,10.52631579,3.50877193,1.75438596,0,5,6,30,1,4,0,0,0,5,0,0,0,1,0,0,-0.30974979,126.4269,75.64,75.64,3.40585352,4.2977,543.383922,96.61574289,18.01075068,541.179402,225.1718861,386.99,-4.28497549,-4.55556084,-4.63585352,0,1,0.83333333,1,0.8,0.5,1,1,0.87619048,0.16666667,0.875,1,0,0,0,0,0,1,0,1,0,0,0,1,0,1,0
1,16.4,0.31,2.2,14.69,0,0,0,0,0,0,464.56,0.06773619,60,34,64,38,4,2,0,17,26,26,4,2,0,0,2,0,0,0,0,0,8,2,43.33333333,43.33333333,6.66666667,3.33333333,3.33333333,0,5,6,30,1,4,0,0,1,3,1,0,0,0,1,0,-0.75847107,126.8994,51.88,51.88,5.04658577,4.8604,558.2896237,91.44858353,0,556.6112957,231.4964327,411.18,-5.6795979,-6.11425648,-6.27658577,0,0.75,0.66666667,0.83333333,0.7,0.5,0.83333333,1,0.7547619,0.33333333,0.625,1,0,0,0,0,0,0,0,0,0,0,0,0,0,0,0
1,18.67,0.37,4.25,10.56,0,0,0,0,0,0,446.49,0.07741935,48,31,53,36,3,2,0,17,17,21,4,2,0,1,3,0,0,0,0,1,10,3,35.41666667,43.75,8.33333333,4.16666667,6.25,0,6,12,31,4,3,1,0,2,3,1,0,2,1,1,0,-0.26476208,108.0936,78.95,87.33,2.76728478,4.6921,435.614183,124.1603895,16.66300743,465.9136213,194.3252546,342.18,-3.74219207,-3.94892054,-3.99728478,0,1,0.83333333,1,0.8,0.5,1,1,0.87619048,0.5,0.875,1,0,0,0,0,0,1,0,0,0,0,0,1,0,1,0
0,12.39,0.24,2.52,6,0,0,0,0,0,0,420.44,0.07586207,49,30,52,33,4,1,0,16,19,19,6,2,0,0,3,0,0,0,0,0,11,3,38.7755102,38.7755102,12.24489796,4.08163265,6.12244898,0,4,4,22,0,4,0,0,2,2,0,0,0,0,0,0,-0.2168594,102.6003,86.86,86.86,2.45775649,2.129,473.2345117,149.0249277,18.01075068,461.179402,192.3850008,335.79,-3.47909302,-3.65486867,-3.68775649,0,1,1,1,0.8,0.5,1,1,0.9,0.33333333,1,1,0,1,0,0,0,0,0,1,1,0,0,1,0,1,0
1,0,0,0,0,0,0,0,0,0,0,501.79,0.05873016,83,36,84,37,13,3,0,6,47,29,3,4,0,0,0,0,0,0,0,0,7,0,56.62650602,34.93975904,3.61445783,4.81927711,0,0,2,2,12,0,2,0,0,0,2,0,0,0,0,0,0,0.74546223,142.9975,98.74,98.74,2.69808119,5.0288,808.4868734,157.2639395,78.70484453,706.5946844,292.9650346,526.96,-3.68336901,-3.88317713,-3.92808119,0,0.75,0.66666667,0.66666667,0.9,1,0.66666667,0.5,0.73571429,0.33333333,0.75,0,0,0,0,0,0,0,0,0,0,0,0,0,0,0,0
1,9.82,0.19,-1.47,8.85,0,0,0,0,0,0,603.23,0.05342625,77,42,81,46,12,3,0,24,35,34,2,4,0,1,0,1,0,0,0,2,8,1,45.45454545,44.15584416,2.5974026,5.19480519,1.2987013,0,5,5,29,0,5,0,0,1,4,0,0,0,0,0,0,-0.80445934,170.2048,66.92,75.3,4.58627966,7.8189,758.2215147,85.10064154,0,750.4152824,310.9242961,547.92,-5.28833771,-5.67696568,-5.81627966,1,0.5,0.5,0.66666667,0.7,0.5,0.66666667,0.5,0.57619048,0.16666667,0.5,0,0,0,0,0,0,0,0,0,0,0,0,0,0,0,0
1,0,0,0,0,0,0,0,0,0,0,617.96,0.05285412,103,44,109,50,6,1,0,0,59,36,1,7,0,0,0,0,0,0,0,0,8,0,57.2815534,34.95145631,0.97087379,6.7961165,0,0,7,25,38,5,2,1,0,1,5,1,0,2,2,2,0,0.65051942,165.4692,106.48,106.48,3.71226772,3.5617,938.936205,172.5219156,103.377437,812.0431894,336.181635,614.73,-4.54542757,-4.84665434,-4.94226772,0,0.75,0.66666667,0.83333333,0.9,1,0.83333333,1,0.8547619,0.16666667,0.75,0,0,0,0,0,0,0,0,0,0,0,0,0,0,0,0
1,0,0,0,0,0,0,0,0,0,0,448.62,0.06628788,65,33,67,35,8,4,0,12,32,26,4,3,0,0,0,0,0,0,0,0,7,0,49.23076923,40,6.15384615,4.61538462,0,0,3,4,19,1,2,0,0,0,2,1,0,0,0,1,0,0.16184321,127.9012,90.87,90.87,3.41222254,4.1656,640.3652971,131.3661259,36.02150137,596.5946844,247.8830674,443.45,-4.29038916,-4.56161141,-4.64222254,0,1,1,1,1,1,1,1,1,0.16666667,1,1,0,0,0,0,0,0,0,1,0,0,0,0,0,0,0
1,14.37,0.26,0.36,9.46,0,0,0,0,0,0,428.5,0.07258065,53,32,57,36,6,0,0,27,21,25,4,2,0,0,1,0,0,0,0,0,7,1,39.62264151,47.16981132,7.54716981,3.77358491,1.88679245,0,5,6,28,1,4,0,0,2,3,0,0,1,0,0,0,-0.37169974,119.2721,65.11,65.11,3.78791882,5.007,499.618923,87.04915722,18.01075068,515.9966777,214.8510974,360.73,-4.609731,-4.91852288,-5.01791882,0,1,1,1,0.6,0,1,1,0.8,0.16666667,0.875,1,0,0,0,0,0,1,0,0,0,0,0,0,0,1,0
1,11.47,0.22,1.61,6.29,0,0,0,0,0,0,531.82,0.05547653,87,38,88,39,15,3,0,6,49,30,3,5,0,0,0,0,0,0,0,0,8,0,56.32183908,34.48275862,3.44827586,5.74712644,0,0,2,2,12,0,2,0,0,0,2,0,0,0,0,0,0,0.1227916,149.873,96.97,96.97,2.67852852,5.3365,830.1264155,136.5803721,36.02150137,739.7508306,306.5536191,553.05,-3.66674924,-3.86460209,-3.90852852,0,0.75,0.66666667,0.66666667,0.9,1,0.66666667,0.5,0.73571429,0.33333333,0.75,0,0,0,0,0,0,0,0,0,0,0,0,0,0,0,0
1,14.55,0.28,2.96,8.36,0,0,0,0,0,0,448.5,0.07056452,55,32,58,35,5,1,0,16,23,21,6,2,0,0,3,0,0,0,0,0,11,3,41.81818182,38.18181818,10.90909091,3.63636364,5.45454545,0,4,4,23,0,4,0,0,2,1,1,0,0,0,0,0,-0.65047455,113.0653,78.07,78.07,2.89539346,3.3277,524.3783528,134.1384909,0,507.9900332,211.5696858,370.39,-3.85108444,-4.07062379,-4.12539346,0,1,1,1,0.8,0.5,1,1,0.9,0.33333333,1,1,0,0,0,0,0,1,0,1,0,0,0,1,0,1,0
1,10.77,0.21,1.57,6.14,0,0,0,0,0,0,550.49,0.05802969,58,39,62,43,7,1,0,22,19,24,6,4,0,0,5,0,0,0,0,0,15,5,32.75862069,41.37931034,10.34482759,6.89655172,8.62068966,0,5,6,27,1,4,0,0,3,2,0,0,1,0,0,0,-0.61116106,127.8709,96.53,96.53,2.70856719,5.7608,569.2224772,186.0584933,0,564.0863787,234.5599913,420.83,-3.69228211,-3.89313883,-3.93856719,0,0.75,0.66666667,0.83333333,0.5,0.5,0.83333333,1,0.72619048,0.33333333,0.75,0,0,0,0,0,0,0,0,0,0,0,0,0,0,0,0
1,14.08,0.27,2,12.5,0,0,0,0,0,0,522.55,0.06306306,61,37,66,42,4,0,0,17,24,25,6,0,0,0,6,0,0,0,0,0,12,6,39.3442623,40.98360656,9.83606557,0,9.83606557,0,6,8,34,3,4,0,0,2,4,1,0,1,0,0,0,-0.28446923,127.6363,58.87,58.87,5.80042702,5.7381,545.0980305,161.1298107,18.01075068,554.8006645,230.7543707,415.5,-6.32036297,-6.83040567,-7.03042702,1,0.5,0.5,0.66666667,0.6,0.5,0.66666667,1,0.63333333,0.33333333,0.625,0,0,0,0,0,0,0,0,0,0,0,0,0,0,0,0
1,14.42,0.27,2.99,7.8,0,0,0,0,0,0,459.53,0.0719697,57,33,62,38,4,0,0,16,24,22,7,1,0,0,3,0,0,0,0,0,11,3,42.10526316,38.59649123,12.28070175,1.75438596,5.26315789,0,6,8,33,3,4,0,0,3,3,1,0,1,0,0,0,-0.26194322,119.0311,84.9,84.9,6.29589376,3.6944,503.42896,142.2973025,18.01075068,509.2857143,212.1007026,367.82,-6.7415097,-7.30109907,-7.52589376,0,0.75,0.5,0.83333333,0.7,0.5,0.83333333,1,0.73095238,0.16666667,0.75,1,0,0,0,0,0,1,0,1,0,0,0,1,0,0,0
1,15.42,0.28,2.12,8.27,0,0,0,0,0,0,443.53,0.07007576,55,33,59,37,5,0,0,27,22,24,7,1,0,0,1,0,0,0,0,0,9,1,40,43.63636364,12.72727273,1.81818182,1.81818182,0,5,6,28,1,4,0,0,2,3,0,0,1,0,0,0,-0.32203621,123.0832,82.68,82.68,4.5104802,4.7667,519.6972562,111.11287,18.01075068,532.5747508,221.6453897,367.64,-5.22390817,-5.60495619,-5.7404802,0,0.75,0.83333333,1,0.6,0,1,1,0.74047619,0.16666667,0.75,1,0,0,0,0,0,1,0,0,0,0,0,0,0,1,0
1,18.09,0.33,4.65,11.28,1,0,0,0,1,2,432.49,0.07258065,53,32,57,36,5,4,0,16,21,24,4,3,0,0,1,0,0,0,0,0,8,1,39.62264151,45.28301887,7.54716981,5.66037736,1.88679245,0,5,7,29,2,3,0,0,1,4,0,0,0,2,0,0,-0.74339949,119.3198,69.36,69.36,2.89398844,1.7474,498.7768594,99.28401256,0,509.4850498,212.1823975,376.66,-3.84989017,-4.06928902,-4.12398844,0,1,1,1,0.8,0.5,1,1,0.9,0.33333333,0.875,1,0,0,0,0,0,0,0,1,0,0,0,1,0,1,0
1,15.94,0.3,2.3,10.96,0,0,0,0,0,0,401.42,0.07881773,47,29,50,32,3,1,0,17,18,21,3,2,0,0,3,0,0,0,0,0,8,3,38.29787234,44.68085106,6.38297872,4.25531915,6.38297872,0,4,5,23,1,3,0,0,1,3,0,0,0,1,0,0,-0.30230255,102.2422,58.36,58.36,3.74319585,3.5294,455.4408833,132.6184535,42.68334316,451.1129568,188.2594085,334.75,-4.57171647,-4.87603606,-4.97319585,0,1,1,1,0.8,0.5,1,1,0.9,0.5,1,1,0,1,0,0,0,1,0,1,0,0,0,1,0,1,0
0,0,0,0,0,0,0,0,0,0,0,640.91,0.04541063,98,46,99,47,18,4,0,12,52,35,4,7,0,0,0,0,0,0,0,0,11,0,53.06122449,35.71428571,4.08163265,7.14285714,0,0,2,2,12,0,2,0,0,0,2,0,0,0,0,0,0,1.34130694,175.9068,146.3,146.3,2.58599228,5.2278,993.8690063,222.419393,96.71559521,864.2857143,357.5925059,646.67,-3.58809344,-3.77669267,-3.81599228,1,0.5,0.5,0.5,0.8,1,0.33333333,0,0.51904762,0.16666667,0.625,0,0,0,0,0,0,0,0,0,0,0,0,0,0,0,0
0,0,0,0,0,0,0,0,0,0,0,368.84,0.08615385,43,26,45,28,6,2,1,12,17,20,2,3,0,0,0,1,0,0,0,1,6,1,39.53488372,46.51162791,4.65116279,6.97674419,2.3255814,0,3,4,17,1,2,0,0,1,2,0,0,1,0,0,0,-0.3317137,100.1996,75.11,75.11,2.99651219,3.6627,458.1866548,96.21480926,18.01075068,443.3388704,185.0733076,332.86,-3.93703537,-4.16668658,-4.22651219,0,1,1,1,0.8,0.5,1,1,0.9,0.33333333,1,1,1,1,0,1,0,1,0,1,0,0,0,1,1,1,0
0,13.24,0.28,2.84,4.89,0,0,0,0,0,0,381.87,0.09333333,41,25,44,28,3,3,0,11,16,16,3,4,0,1,0,1,0,0,0,2,9,1,39.02439024,39.02439024,7.31707317,9.75609756,2.43902439,0,4,7,23,3,2,0,0,1,3,0,1,1,0,1,0,0.39132256,92.2149,103.36,111.74,1.72262958,2.377,423.1968489,130.3227904,59.3463506,413.7375415,172.9416154,300.16,-2.85423514,-2.9564981,-2.95262958,0,1,1,1,0.8,0.5,1,1,0.9,0.5,1,1,1,1,0,0,0,1,0,1,1,0,0,1,1,1,1
1,0,0,0,0,0,0,0,0,0,0,466.58,0.07058824,61,35,68,42,2,1,0,24,26,28,4,3,0,0,0,0,0,0,0,0,7,0,42.62295082,45.90163934,6.55737705,4.91803279,0,0,8,80,46,10,1,0,0,3,4,1,0,6,2,1,7,0.13382538,131.8743,69.45,69.45,2.46371791,3.8197,507.9698973,83.16620417,36.02150137,553.2059801,230.1008115,383.55,-3.48416023,-3.66053202,-3.69371791,0,1,0.66666667,1,0.8,0.5,1,1,0.85238095,0.5,0.75,0,0,0,0,0,0,0,0,0,0,0,0,0,0,0,0
1,11.04,0.27,0.54,9.62,0,0,0,0,0,0,503.22,0.08201058,45,28,48,31,5,0,0,22,17,20,5,1,0,0,0,0,2,0,0,2,8,2,37.77777778,44.44444444,11.11111111,2.22222222,4.44444444,0,4,4,22,0,4,0,0,2,2,0,0,0,0,0,0,-0.70684199,117.8116,57.76,57.76,4.22222818,4.9756,488.061408,60.98891019,0,493.3388704,205.5651108,337.47,-4.97889395,-5.33111677,-5.45222818,1,0.5,0.83333333,0.83333333,0.5,0,0.83333333,1,0.64285714,0.33333333,0.75,0,0,0,0,0,0,0,0,0,0,0,0,0,0,0,0
1,13.6,0.25,1.35,7.63,0,0,0,0,0,0,396.49,0.07816092,50,30,54,34,5,0,0,27,20,23,6,1,0,0,0,0,0,0,0,0,7,0,40,46,12,2,0,0,5,6,28,1,4,0,0,2,3,0,0,0,1,0,0,-0.75934606,116.4873,70.65,70.65,3.05142683,3.6651,474.8588638,77.77443974,0,489.6677741,204.0605632,333.27,-3.9837128,-4.21885549,-4.28142683,0,1,1,1,0.6,0,1,1,0.8,0.16666667,0.875,1,0,1,0,0,0,1,1,1,0,0,0,1,0,1,0
0,0,0,0,0,0,0,0,0,0,0,346.42,0.08923077,44,26,47,29,5,0,0,22,18,20,4,2,0,0,0,0,0,0,0,0,6,0,40.90909091,45.45454545,9.09090909,4.54545455,0,0,4,4,22,0,4,0,0,2,2,0,0,0,0,0,0,-0.76042238,99.4434,65.97,65.97,4.1096066,3.0249,427.2845534,70.61877859,0,428.372093,178.9393824,296.7,-4.88316561,-5.22412627,-5.3396066,0,1,1,1,0.6,0,1,1,0.8,0.16666667,1,1,1,1,0,1,0,1,0,1,1,0,0,1,1,1,0
1,12.6,0.23,-0.32,9.98,0,0,0,0,0,0,457.68,0.06595365,69,34,72,37,7,0,0,22,35,28,5,1,0,0,0,0,0,0,0,0,6,0,50.72463768,40.57971014,7.24637681,1.44927536,0,0,4,4,22,0,4,0,0,2,2,0,0,0,0,0,0,-0.81681499,139.8978,57.76,57.76,4.97685346,6.2796,661.2452233,60.98891019,0,622.4418605,258.4761723,437.31,-5.62032544,-6.04801079,-6.20685346,0,0.75,0.66666667,1,0.8,0.5,1,1,0.81666667,0.33333333,0.875,0,0,0,0,0,0,0,0,0,0,0,0,0,0,0,0
1,18.05,0.4,4.33,11.96,0,0,0,0,0,0,532.09,0.06818182,53,33,56,36,6,4,0,17,20,22,1,4,0,3,2,1,0,0,0,4,11,3,37.73584906,41.50943396,1.88679245,7.54716981,5.66037736,0,4,4,23,0,4,0,0,1,3,0,0,0,0,0,0,-0.26194322,125.2958,80.31,125.31,4.24965574,5.5726,570.4341749,134.9511281,16.40499744,566.8936877,235.7105278,414.94,-5.00220738,-5.35717296,-5.47965574,1,0.5,0.83333333,0.83333333,0.7,0.5,0.83333333,1,0.74285714,0.16666667,0.75,0,0,0,0,0,0,0,0,0,0,0,0,0,0,0,0
1,18.74,0.4,4.93,13.2,0,0,0,0,0,0,504.06,0.07056452,56,32,59,35,6,4,0,12,24,22,1,4,0,2,2,1,0,0,0,3,10,3,42.85714286,39.28571429,1.78571429,7.14285714,5.35714286,0,4,4,22,0,4,0,1,0,3,0,0,0,0,0,0,-0.68144953,120.2307,71.52,88.28,4.39332155,4.9569,564.1696228,120.0646913,0,554.0199336,230.434399,412.61,-5.12432332,-5.49365547,-5.62332155,1,0.5,0.83333333,0.83333333,0.7,0.5,0.83333333,1,0.74285714,0.16666667,0.75,0,0,0,0,0,0,0,0,0,0,0,0,0,0,0,0
1,16.5,0.35,3.33,10.69,0,0,0,0,0,0,526.06,0.06595365,56,34,59,37,6,4,0,18,22,24,1,4,0,2,2,1,0,0,0,3,10,3,39.28571429,42.85714286,1.78571429,7.14285714,5.35714286,0,4,4,24,0,4,0,0,0,4,0,0,0,0,0,0,-0.70012714,126.6738,81.17,97.93,4.59164846,5.9255,587.985041,135.3316602,0,579.4019934,240.8368825,428.39,-5.29290119,-5.68206604,-5.82164846,1,0.5,0.66666667,0.83333333,0.7,0.5,0.83333333,1,0.71904762,0.16666667,0.75,0,0,0,0,0,0,0,0,0,0,0,0,0,0,0,0
0,11.41,0.22,0.95,6,0,0,0,0,0,0,456.47,0.06818182,52,33,55,36,5,1,0,22,19,22,6,2,0,0,3,0,0,0,0,0,11,3,36.53846154,42.30769231,11.53846154,3.84615385,5.76923077,0,4,4,22,0,4,0,0,2,2,0,0,0,0,0,0,-0.26194322,113.502,86.86,86.86,3.96629379,3.4855,513.9346818,149.269972,18.01075068,509.9667774,212.3798268,368.87,-4.76134972,-5.0879791,-5.19629379,0,1,0.83333333,1,0.6,0,1,1,0.77619048,0.16666667,1,1,0,0,0,0,0,1,0,1,0,0,0,1,0,0,0
1,15.82,0.3,2.32,10.53,0,0,0,0,0,0,464.44,0.06818182,50,33,53,36,5,0,0,22,17,21,6,1,0,0,5,0,0,0,0,0,12,5,34,42,12,2,10,0,4,4,22,0,4,0,0,2,2,0,0,0,0,0,0,-0.23189672,109.1622,69.79,69.79,4.78711003,4.7969,489.3238412,154.0452715,18.01075068,489.8006645,204.1150264,357.56,-5.45904353,-5.86775453,-6.01711003,0,0.75,0.66666667,1,0.6,0.5,1,1,0.78809524,0.16666667,0.75,1,0,0,0,0,0,0,0,0,0,0,0,0,0,0,0
1,14.56,0.28,3.46,8.78,1,0,0,0,1,2,470.5,0.06773619,55,34,59,38,4,4,0,15,21,23,6,2,0,0,3,0,0,0,0,0,11,3,38.18181818,41.81818182,10.90909091,3.63636364,5.45454545,0,5,7,28,2,3,0,0,2,3,0,0,1,1,0,0,-0.67095517,121.9751,77.95,77.95,3.030146,2.1541,512.9551224,134.8673587,0,522.4750831,217.5061816,387.35,-3.9656241,-4.1986387,-4.260146,0,1,0.83333333,1,0.8,0.5,1,1,0.87619048,0.16666667,0.75,1,0,0,0,0,0,0,0,1,0,0,0,1,0,0,0
1,13.84,0.29,1.58,13.26,0,0,0,0,0,0,521.97,0.06595365,55,34,58,37,4,3,0,12,21,23,1,3,0,1,5,1,0,0,0,2,11,6,38.18181818,41.81818182,1.81818182,5.45454545,10.90909091,0,4,4,22,0,4,0,1,0,3,0,0,0,0,0,0,-0.67095517,116.7084,54.45,62.83,5.36192651,5.3285,561.9314236,147.3827594,0,542.1428571,225.5667447,418.18,-5.94763753,-6.41383018,-6.59192651,1,0.5,0.66666667,0.66666667,0.8,0.5,0.66666667,1,0.68571429,0.16666667,0.75,0,0,0,0,0,0,0,0,0,0,0,0,0,0,0,0
1,13.98,0.26,1.57,8.82,0,0,0,0,0,0,492.74,0.06190476,76,36,79,39,7,1,0,16,40,28,6,2,0,0,0,0,0,0,0,0,8,0,52.63157895,36.84210526,7.89473684,2.63157895,0,0,4,4,23,0,4,0,0,2,1,1,0,0,0,0,0,-0.77187614,143.9308,78.07,78.07,4.02496213,4.9518,722.2639247,89.25815112,0,663.0564784,275.1215075,473.28,-4.81121781,-5.14371403,-5.25496213,0,1,0.83333333,1,1,1,1,1,0.97619048,0.16666667,0.875,0,0,0,0,0,0,0,0,0,0,0,0,0,0,0,0
1,17.34,0.33,5.86,9,0,0,0,0,0,0,521.56,0.05974395,63,38,67,42,7,3,0,18,25,28,3,5,0,0,2,0,0,0,0,0,10,2,39.68253968,44.44444444,4.76190476,7.93650794,3.17460317,0,5,7,30,2,3,0,0,1,3,1,0,1,0,1,0,0.17505001,133.6779,100.46,100.46,3.38317749,4.37,621.6357048,182.8137937,60.69409384,601.8106312,250.0207505,455.87,-4.26570086,-4.53401861,-4.61317749,0,0.75,0.83333333,0.83333333,0.7,0.5,0.83333333,1,0.77857143,0.16666667,0.75,0,0,0,0,0,0,0,0,0,0,0,0,0,0,0,0
0,11.19,0.23,1.73,5.94,0,0,0,0,0,0,450.98,0.07586207,53,30,56,33,5,3,0,12,23,21,2,5,0,1,0,1,0,0,0,2,9,1,43.39622642,39.62264151,3.77358491,9.43396226,1.88679245,0,4,5,25,1,3,0,0,1,2,0,1,1,0,0,0,-0.28288949,112.9577,84.94,93.32,2.51020486,4.1628,525.6692182,110.9869662,18.01075068,516.7940199,215.177877,381.81,-3.52367413,-3.70469462,-3.74020486,0,1,0.83333333,1,1,0.5,1,1,0.9047619,0.33333333,1,1,0,0,0,0,0,1,0,1,0,0,0,1,0,1,0
1,16.14,0.34,4.11,10.17,0,0,0,0,0,0,476.94,0.07096774,51,31,53,33,6,3,0,12,20,20,2,4,0,1,3,1,0,0,0,2,11,4,39.21568627,39.21568627,3.92156863,7.84313725,7.84313725,0,3,3,19,0,3,0,0,0,2,1,0,0,0,0,0,-0.23279952,108.7308,75.71,84.09,2.97123874,4.0318,529.1017829,144.8674181,18.01075068,510.448505,212.5772561,386.29,-3.91555293,-4.14267681,-4.20123874,0,1,0.83333333,1,0.8,0.5,1,1,0.87619048,0.33333333,0.875,1,0,0,0,0,0,0,0,1,0,0,0,0,0,0,0
1,16.74,0.35,3.33,11.99,0,0,0,0,0,0,555.1,0.06190476,61,36,64,39,7,4,0,18,25,26,0,5,0,2,2,1,0,0,0,3,10,3,40.98360656,42.62295082,0,8.19672131,4.91803279,0,4,4,24,0,4,0,0,0,4,0,0,0,0,0,0,-0.71674213,134.9804,77.51,94.27,4.99114383,6.5206,634.4968456,129.5460186,0,619.3853821,257.2235172,460.78,-5.63247226,-6.06158664,-6.22114383,1,0.5,0.66666667,0.83333333,0.7,0.5,0.83333333,1,0.71904762,0.16666667,0.75,0,0,0,0,0,0,0,0,0,0,0,0,0,0,0,0
1,12.99,0.25,1.63,9.14,0,0,0,0,0,0,484.5,0.06554622,55,35,59,39,4,1,0,22,20,24,6,1,0,0,4,0,0,0,0,0,11,4,36.36363636,43.63636364,10.90909091,1.81818182,7.27272727,0,5,6,29,1,4,0,0,2,2,1,0,0,0,1,0,-0.68032373,122.3651,68.84,68.84,4.41973564,4.7399,525.226881,138.0987163,0,531.910299,221.3730734,388.39,-5.14677529,-5.51874886,-5.64973564,0,0.75,0.83333333,1,0.8,0.5,1,1,0.84047619,0.16666667,0.625,0,0,0,0,0,0,0,0,0,0,0,0,0,0,0,0
1,13.45,0.26,2.34,8.86,0,0,0,0,0,0,514.53,0.06156156,59,37,63,41,5,1,0,22,22,25,6,2,0,0,4,0,0,0,0,0,12,4,37.28813559,42.37288136,10.16949153,3.38983051,6.77966102,0,5,6,29,1,4,0,0,2,2,1,0,0,0,1,0,-0.67072209,130.328,78.07,78.07,3.87263398,4.9395,567.0318215,148.9760821,0,565.0664452,234.9616579,414.48,-4.68173888,-4.99900228,-5.10263398,0,0.75,0.83333333,0.83333333,0.7,0.5,0.83333333,1,0.77857143,0.16666667,0.75,0,0,0,0,0,0,0,0,0,0,0,0,0,0,0,0
0,9.72,0.18,0.33,6.4,0,0,0,0,0,0,514.53,0.06156156,59,37,63,41,5,1,0,22,22,25,6,2,0,0,4,0,0,0,0,0,12,4,37.28813559,42.37288136,10.16949153,3.38983051,6.77966102,0,5,6,29,1,4,0,0,2,2,1,0,0,0,1,0,-0.67072209,130.0106,78.07,78.07,3.87263398,5.4839,567.0318215,148.9760821,0,565.0664452,234.9616579,414.48,-4.68173888,-4.99900228,-5.10263398,0,0.75,0.83333333,0.83333333,0.7,0.5,0.83333333,1,0.77857143,0.16666667,0.75,0,0,0,0,0,0,0,0,0,0,0,0,0,0,0,0
1,6.99,0.13,-1.54,3.95,0,0,0,0,0,0,965.29,0.0301252,136,72,141,77,26,6,1,36,64,61,4,7,0,0,0,0,0,0,0,0,11,0,47.05882353,44.85294118,2.94117647,5.14705882,0,0,6,6,36,0,6,0,0,0,6,0,0,0,0,0,0,1.6662078,281.7878,170.77,170.77,5.60500444,11.3641,1360.380196,265.5959081,114.7263459,1286.378738,530.5814498,961.19,-6.15425377,-6.64475422,-6.83500444,1,0.25,0.16666667,0.33333333,0.5,0.5,0.16666667,0,0.27380952,0,0.375,0,0,0,0,0,0,0,0,0,0,0,0,0,0,0,0
1,15.56,0.3,1.92,8.09,1,0,0,0,1,2,378.49,0.08547009,45,27,48,30,4,3,0,16,18,20,4,2,0,1,0,0,0,0,0,1,7,0,40,44.44444444,8.88888889,4.44444444,0,0,4,5,22,1,3,0,0,2,2,0,0,1,0,0,0,-0.30892286,107.3042,72.8,101.04,2.8916066,3.17,450.5177209,87.7266247,18.01075068,455.5315615,190.0703121,326.11,-3.84786561,-4.06702627,-4.1216066,0,1,1,1,0.6,0,1,1,0.8,0.33333333,1,1,1,1,0,1,0,1,0,1,1,0,0,1,0,1,0
0,0,0,0,0,1,0,0,0,1,2,372.46,0.08201058,48,28,51,31,4,3,0,17,20,22,4,2,0,0,0,0,0,0,0,0,6,0,41.66666667,45.83333333,8.33333333,4.16666667,0,0,4,5,23,1,3,0,0,1,3,0,0,0,1,0,0,-0.77752619,108.9497,61.94,61.94,3.26089954,3.1032,468.1355899,72.84018791,0,468.0398671,195.1966669,339.56,-4.16176461,-4.41785457,-4.49089954,0,1,1,1,0.6,0,1,1,0.8,0.16666667,1,1,1,1,0,1,0,1,0,1,1,0,0,1,0,1,0
1,14.32,0.28,1.95,9.79,0,0,0,0,0,0,435.45,0.07356322,46,30,48,32,7,3,0,18,16,21,1,4,0,1,3,0,0,0,0,1,9,3,34.7826087,45.65217391,2.17391304,8.69565217,6.52173913,0,3,3,18,0,3,0,0,0,3,0,0,0,0,0,0,-0.69331597,105.6951,63.68,72.06,4.32357608,5.199,483.4622359,126.8566675,0,475.5149502,198.2602255,358.56,-5.06503967,-5.42739728,-5.55357608,0,0.75,1,1,0.4,0,1,1,0.73571429,0.16666667,0.875,1,0,0,0,0,0,1,0,0,0,0,0,0,0,0,0
1,14.35,0.26,2.17,10.18,0,0,0,0,0,0,432.55,0.07258065,57,32,61,36,6,0,0,22,25,24,6,1,0,0,1,0,0,0,0,0,8,1,43.85964912,42.10526316,10.52631579,1.75438596,1.75438596,0,5,6,28,1,4,0,0,2,3,0,0,1,0,0,0,-0.74339949,123.8048,61,61,4.99647534,3.9559,522.8418822,79.19585947,0,530.282392,220.7058984,372.82,-5.63700404,-6.06665158,-6.22647534,0,0.75,0.83333333,1,0.8,0.5,1,1,0.84047619,0.16666667,0.75,1,0,0,0,0,0,1,0,1,0,0,0,1,0,1,0
1,18.26,0.4,6.18,8.21,0,0,0,0,0,0,444.9,0.07671958,48,28,49,29,8,3,0,6,20,16,2,5,0,1,3,1,0,0,0,2,12,4,41.66666667,33.33333333,4.16666667,10.41666667,8.33333333,0,2,2,12,0,2,0,0,0,2,0,0,0,0,0,0,0.42370178,95.384,98.93,107.31,1.01633377,2.4016,503.9620781,170.7537428,32.89718747,466.0465116,194.3797179,357.06,-2.2538837,-2.28551708,-2.24633377,0,1,1,1,1,1,1,1,1,0.33333333,1,1,0,1,0,0,0,1,0,1,0,0,0,1,0,1,0
0,0,0,0,0,0,0,0,0,0,0,551.57,0.056899,67,38,69,40,8,1,0,12,29,27,1,2,0,0,8,0,0,0,0,0,11,8,43.28358209,40.29850746,1.49253731,2.98507463,11.94029851,0,3,3,18,0,3,0,0,0,3,0,0,0,0,0,0,-0.32210885,126.5257,40.54,40.54,6.25787208,7.7613,656.923845,190.6334903,42.68334316,605.3322259,251.464027,475.44,-6.70919127,-7.26497847,-7.48787208,1,0.5,0.66666667,0.66666667,0.8,1,0.66666667,1,0.75714286,0.5,0.625,0,0,0,0,0,0,0,0,0,0,0,0,0,0,0,0
0,0,0,0,0,0,0,0,0,0,0,530.21,0.05705706,81,37,82,38,19,2,0,12,44,31,1,4,0,0,0,1,0,0,0,1,6,1,54.32098765,38.27160494,1.2345679,4.9382716,1.2345679,0,2,2,12,0,2,0,0,0,2,0,0,0,0,0,0,-0.44544253,151.3793,68.12,68.12,7.42462191,10.3178,810.8269785,109.4467837,42.68334316,726.2956811,301.0392136,538.59,-7.70092862,-8.37339081,-8.65462191,1,0.5,0.5,0.5,0.8,1,0.5,0.5,0.61428571,0.16666667,0.625,0,0,0,0,0,0,0,0,0,0,0,0,0,0,0,0
0,0,0,0,0,0,0,0,0,0,0,586.91,0.05204873,93,43,97,47,10,0,0,18,50,35,6,2,0,0,0,0,0,0,0,0,8,0,53.76344086,37.6344086,6.4516129,2.15053763,0,0,5,5,29,0,5,0,0,1,4,0,0,0,0,0,0,-0.43841035,178.5429,65.99,65.99,5.53331899,8.1193,854.5676489,82.95452724,18.01075068,801.7109635,331.9471162,579.38,-6.09332114,-6.57665304,-6.76331899,1,0.5,0.5,0.5,0.8,1,0.66666667,1,0.70952381,0.16666667,0.625,0,0,0,0,0,0,0,0,0,0,0,0,0,0,0,0
1,24.26,0.46,5.52,10.16,0,0,0,0,0,0,376.47,0.08831909,43,27,47,31,3,2,1,17,16,20,4,2,0,1,0,0,0,0,0,1,7,0,37.20930233,46.51162791,9.30232558,4.65116279,0,0,5,8,26,2,3,1,0,1,3,0,0,1,1,0,0,-0.30892286,103.2617,89.85,98.23,2.6811197,4.0158,415.7400134,93.55387593,16.66300743,437.4916944,182.6769239,313.75,-3.66895174,-3.86706371,-3.9111197,0,1,1,1,0.4,0.5,1,1,0.84285714,0.5,0.875,1,1,1,0,1,0,1,0,1,0,0,0,1,0,1,0
1,16.72,0.31,3.43,9.56,0,0,0,0,0,0,432.58,0.07258065,60,32,64,36,5,0,0,18,28,24,6,2,0,0,0,0,0,0,0,0,8,0,46.66666667,40,10,3.33333333,0,0,5,6,30,1,4,0,0,0,5,0,0,0,1,0,0,-0.34072476,126.6633,75.64,75.64,3.40585352,4.1195,548.0587566,96.61574289,18.01075068,544.2524917,226.4313491,389.08,-4.28497549,-4.55556084,-4.63585352,0,1,1,1,0.8,0.5,1,1,0.9,0.16666667,0.875,1,0,0,0,0,0,1,0,1,0,0,0,1,0,1,0
1,16.99,0.32,4.4,12.37,1,0,0,0,1,2,473.47,0.06773619,53,34,57,38,3,4,0,15,19,23,5,2,0,0,4,0,0,0,0,0,11,4,35.8490566,43.39622642,9.43396226,3.77358491,7.54716981,0,5,7,28,2,3,0,0,2,3,0,0,1,1,0,0,-0.67095517,118.8869,65.06,65.06,3.06987419,2.232,494.4190327,133.1644645,0,508.820598,211.9100812,382.42,-3.99939306,-4.23638048,-4.29987419,0,1,0.83333333,1,0.8,0.5,1,1,0.87619048,0.33333333,0.75,1,0,0,0,0,0,0,0,1,0,0,0,1,0,0,0
1,16.81,0.32,4.15,11.77,1,0,0,0,1,2,455.48,0.07007576,53,33,57,37,3,4,0,15,20,23,5,2,0,0,3,0,0,0,0,0,10,3,37.73584906,43.39622642,9.43396226,3.77358491,5.66037736,0,5,7,28,2,3,0,0,2,3,0,0,1,1,0,0,-0.69106939,118.6705,65.06,65.06,2.96647534,2.0265,491.5852509,118.2043512,0,505.89701,210.7118893,376.35,-3.91150404,-4.13815158,-4.19647534,0,1,0.83333333,1,0.8,0.5,1,1,0.87619048,0.5,0.875,1,0,0,0,0,0,0,0,1,0,0,0,1,0,0,0
1,14.8,0.28,2.1,11.37,0,0,0,0,0,0,468.53,0.06773619,57,34,61,38,5,0,0,22,23,24,6,1,0,0,3,0,0,0,0,0,10,3,40.35087719,42.10526316,10.52631579,1.75438596,5.26315789,0,5,6,28,1,4,0,0,2,3,0,0,1,0,0,0,-0.70012714,123.9012,61,61,5.20244908,4.4232,532.6944141,109.116086,0,536.1295681,223.102282,384.96,-5.81208172,-6.26232662,-6.43244908,0,0.75,0.66666667,0.83333333,0.7,0.5,0.83333333,1,0.7547619,0.16666667,0.625,1,0,0,0,0,0,0,0,1,0,0,0,1,0,0,0
1,13.91,0.26,0.8,11.36,0,0,0,0,0,0,481.57,0.06554622,61,35,65,39,6,0,0,22,26,26,5,1,0,0,3,0,0,0,0,0,9,3,42.62295082,42.62295082,8.19672131,1.63934426,4.91803279,0,5,6,28,1,4,0,0,2,3,0,0,1,0,0,0,-0.34463809,128.9897,58.97,58.97,4.74008012,6.0756,561.3441143,92.45307858,16.66300743,566.3621263,235.4926747,408.56,-5.4190681,-5.82307612,-5.97008012,0,0.75,0.66666667,1,0.8,0.5,1,1,0.81666667,0.33333333,0.625,0,0,0,0,0,0,0,0,0,0,0,0,0,0,0,0
1,15.08,0.28,1.81,8.83,1,0,0,0,1,2,426.43,0.07311828,48,31,51,34,4,3,0,17,17,22,4,2,0,0,3,0,0,0,0,0,9,3,35.41666667,45.83333333,8.33333333,4.16666667,6.25,0,4,5,23,1,3,0,0,1,3,0,0,0,1,0,0,-0.29672464,110.0267,72.8,72.8,3.84975867,3.8396,473.8904252,132.6069645,18.01075068,476.8106312,198.7912423,357.77,-4.66229487,-4.97727074,-5.07975867,0,1,1,1,0.6,0,1,1,0.8,0.16666667,1,1,0,1,0,0,0,1,0,1,0,0,0,1,0,1,0
1,14.66,0.32,1.75,8.26,0,0,0,0,0,0,412.32,0.08615385,41,26,43,28,5,2,0,17,15,17,3,3,0,1,0,2,0,0,0,3,9,2,36.58536585,41.46341463,7.31707317,7.31707317,4.87804878,0,3,3,17,0,3,0,0,1,2,0,0,0,0,0,0,-0.21765034,102.9644,73.22,81.6,2.52610501,4.0548,455.5999893,88.50336695,16.40499744,451.4784053,188.4091825,320.06,-3.53718926,-3.71979976,-3.75610501,0,1,1,1,0.6,0,1,1,0.8,0.33333333,1,1,0,1,0,0,0,1,0,1,0,0,0,1,0,1,0
1,14.26,0.26,1.12,10.13,0,0,0,0,0,0,478.64,0.06349206,66,36,70,40,6,1,0,24,30,30,4,2,0,0,0,0,0,0,0,0,6,0,45.45454545,45.45454545,6.06060606,3.03030303,0,0,5,5,30,0,5,0,0,0,5,0,0,0,0,0,0,-0.43776053,142.8033,67.35,67.35,3.66541811,4.5192,623.5432333,90.85093859,18.01075068,622.9568106,258.6872175,449.42,-4.5056054,-4.80214721,-4.89541811,0,1,0.83333333,1,0.8,0.5,1,1,0.87619048,0.16666667,0.75,0,0,0,0,0,0,0,0,0,0,0,0,0,0,0,0
1,15.05,0.27,0.06,10.79,0,0,0,0,0,0,393.52,0.07586207,53,30,56,33,5,1,0,24,23,26,3,1,0,0,0,0,0,0,0,0,4,0,43.39622642,49.05660377,5.66037736,1.88679245,0,0,4,4,24,0,4,0,0,0,4,0,0,0,0,0,0,-0.44796472,118.9867,54.88,54.88,3.35731227,4.1302,520.344639,76.72673681,18.01075068,521.0465116,216.9207015,372.79,-4.24371543,-4.50944666,-4.58731227,0,1,1,1,0.6,0.5,1,1,0.87142857,0.33333333,1,1,0,1,0,0,0,1,1,1,0,0,0,1,0,1,0
0,0,0,0,0,0,0,0,0,0,0,436.54,0.06818182,57,33,60,36,6,2,0,24,24,28,2,3,0,0,0,0,0,0,0,0,5,0,42.10526316,49.12280702,3.50877193,5.26315789,0,0,4,4,24,0,4,0,0,0,4,0,0,0,0,0,0,0.10175022,127.902,79.29,79.29,3.98021275,4.8852,576.3404838,127.7694775,60.69409384,563.6378738,234.3761778,411.33,-4.77318084,-5.10120211,-5.21021275,0,1,1,1,0.6,0.5,1,1,0.87142857,0.16666667,1,1,0,0,0,0,0,1,0,0,0,0,0,0,0,1,0
1,16.73,0.31,2.25,11.58,0,0,0,0,0,0,450.53,0.07007576,57,33,61,37,6,0,0,22,24,25,4,2,0,0,2,0,0,0,0,0,8,2,42.10526316,43.85964912,7.01754386,3.50877193,3.50877193,0,5,6,28,1,4,0,0,2,3,0,0,1,0,0,0,-0.3520827,121.3003,65.11,65.11,4.03335809,5.0063,528.3838625,105.0471123,18.01075068,533.2059801,221.9040902,382.98,-4.81835438,-5.15169018,-5.26335809,0,1,0.83333333,1,0.8,0.5,1,1,0.87619048,0.16666667,0.875,1,0,0,0,0,0,1,0,0,0,0,0,0,0,1,0
1,15.42,0.29,4.26,6.91,0,0,0,0,0,0,442.62,0.06854839,66,32,68,34,6,4,0,6,34,24,4,4,0,0,0,0,0,0,0,0,8,0,51.51515152,36.36363636,6.06060606,6.06060606,0,0,3,4,19,1,2,0,0,0,2,1,0,0,0,1,0,0.20796981,120.7918,98.82,98.82,2.34901263,2.4234,632.4539766,142.6047931,36.02150137,580.9634552,241.4768259,436.46,-3.38666074,-3.551562,-3.57901263,0,1,1,1,1,1,1,1,1,0.33333333,1,1,0,0,0,0,0,0,0,1,0,0,0,0,0,0,0
1,15.58,0.31,3.1,9.08,1,0,0,0,1,2,442.33,0.07816092,47,30,51,34,3,4,0,15,17,21,5,2,0,0,0,2,0,0,0,2,9,2,36.17021277,44.68085106,10.63829787,4.25531915,4.25531915,0,5,7,28,2,3,0,0,2,3,0,0,1,1,0,0,-0.28288949,117.2872,75.92,75.92,2.65109263,2.4985,470.9877257,73.3240114,16.78552955,490.9800665,204.5983879,353.96,-3.64342874,-3.838538,-3.88109263,0,1,1,1,0.6,0.5,1,1,0.87142857,0.5,0.875,1,0,1,0,0,0,1,0,1,0,0,0,1,0,1,0
1,12.81,0.24,0.15,9.08,0,0,0,0,0,0,421.46,0.07526882,49,31,53,35,2,0,1,21,18,23,5,0,0,0,3,0,0,0,0,0,8,3,36.73469388,46.93877551,10.20408163,0,6.12244898,0,5,7,28,2,3,0,0,2,3,0,0,2,0,0,0,-0.73513881,110.2906,59.43,59.43,5.30956799,5.495,462.3725329,109.3882326,0,479.2524917,199.7920048,345.23,-5.90313279,-6.36408959,-6.53956799,0,0.75,0.83333333,0.83333333,0.7,0.5,0.83333333,1,0.77857143,0.5,0.75,1,0,0,0,0,0,0,0,0,0,0,0,0,0,0,0
1,18.98,0.35,6.11,8.88,0,0,0,0,0,0,490.55,0.06190476,60,36,63,39,6,4,0,18,24,27,4,3,0,0,2,0,0,0,0,0,9,2,40,45,6.66666667,5,3.33333333,0,4,5,25,1,3,0,0,0,3,1,0,0,0,1,0,0.80059624,130.1993,104.86,104.86,3.86605118,4.1435,597.9725471,176.1727892,50.90793816,586.3787375,243.6962039,441.71,-4.6761435,-4.99274862,-5.09605118,0,1,0.83333333,1,0.6,0.5,1,1,0.84761905,0.16666667,0.875,0,0,0,0,0,0,0,0,0,0,0,0,0,0,0,0
1,19.99,0.38,5.7,8.77,0,0,0,0,0,0,422.53,0.07126437,58,30,59,31,10,2,0,11,28,21,4,3,0,0,2,0,0,0,0,0,9,2,48.27586207,36.20689655,6.89655172,5.17241379,3.44827586,0,2,2,11,0,2,0,0,1,1,0,0,0,0,0,0,0.93313049,109.1705,96.25,96.25,3.20736397,2.4288,587.7504234,175.7004547,78.70484453,524.8837209,218.4933283,389.37,-4.11625938,-4.36699577,-4.43736397,0,1,0.83333333,0.83333333,1,1,1,1,0.95238095,0.16666667,1,1,0,1,0,0,0,1,0,1,1,0,0,1,0,1,0
0,12.58,0.23,-0.58,9.91,0,0,0,0,0,0,319.43,0.0942029,45,24,47,26,4,1,0,17,21,21,1,2,0,0,0,0,0,0,0,0,3,0,46.66666667,46.66666667,2.22222222,4.44444444,0,0,3,4,18,1,2,0,0,0,3,0,0,0,1,0,0,-0.42425421,96.3551,40.54,40.54,4.56700644,4.1948,446.5911877,70.95258409,42.68334316,427.2259136,178.4696367,306.9,-5.27195547,-5.65865612,-5.79700644,0,0.75,0.83333333,1,0.8,0.5,1,1,0.84047619,0.5,0.875,1,0,1,0,1,0,1,0,1,0,0,0,1,0,1,0
1,10.9,0.2,0.28,7.07,0,0,0,0,0,0,506.66,0.05974395,68,38,72,42,9,1,0,28,30,30,6,2,0,0,0,0,0,0,0,0,8,0,44.11764706,44.11764706,8.82352941,2.94117647,0,0,5,5,28,0,5,0,0,2,3,0,0,0,0,0,0,-0.78387614,149.4472,78.07,78.07,3.98102215,4.9189,656.4914446,89.25815112,0,648.9700997,269.3484015,457.88,-4.77386883,-5.10197104,-5.21102215,0,0.75,0.83333333,0.66666667,0.7,0.5,0.83333333,1,0.7547619,0.16666667,0.75,0,0,0,0,0,0,0,0,0,0,0,0,0,0,0,0
0,0,0,0,0,0,0,0,0,0,0,402.84,0.08201058,44,28,47,31,4,1,0,17,16,19,4,3,0,0,1,1,0,0,0,1,9,2,36.36363636,43.18181818,9.09090909,6.81818182,4.54545455,0,4,5,22,1,3,0,0,2,2,0,0,1,0,0,0,-0.25245455,99.8019,78.27,78.27,2.58646623,3.0753,450.0126628,113.6866259,18.01075068,445.1162791,185.8017537,323.01,-3.58849629,-3.77714292,-3.81646623,0,1,1,1,0.8,0.5,1,1,0.9,0.33333333,1,1,0,1,0,0,0,1,0,1,1,0,0,1,0,1,0
1,12.59,0.26,2.78,5.57,0,0,0,0,0,0,424.94,0.07936508,49,28,51,30,7,3,0,12,21,19,2,5,0,1,0,1,0,0,0,2,9,1,42.85714286,38.7755102,4.08163265,10.20408163,2.04081633,0,3,4,18,1,2,0,0,0,3,0,0,0,1,0,0,0.31767548,106.6005,95.94,104.32,1.80042502,3.6638,516.6107385,142.6704215,60.69409384,488.0232558,203.3865803,359.57,-2.92036126,-3.03040377,-3.03042502,0,1,1,1,0.8,0.5,1,1,0.9,0.33333333,1,1,0,1,0,0,0,1,0,1,0,0,0,1,0,1,0
0,0,0,0,0,0,0,0,0,0,0,485.58,0.06190476,63,36,66,39,8,2,1,18,27,28,3,5,0,0,0,0,0,0,0,0,8,0,42.85714286,44.44444444,4.76190476,7.93650794,0,0,4,5,23,1,3,0,0,1,3,0,0,1,0,0,0,0.77302923,134.044,120.68,120.68,2.36172277,3.9477,643.8749876,182.0538301,78.70484453,606.8604651,252.0903546,453.45,-3.39746435,-3.56363663,-3.59172277,0,1,0.83333333,1,0.8,0.5,1,1,0.87619048,0.33333333,0.875,0,0,0,0,0,0,0,0,0,0,0,0,0,0,0,0
1,15.24,0.28,1.86,11.16,0,0,0,0,0,0,446.58,0.07007576,60,33,64,37,6,0,0,22,27,25,6,1,0,0,1,0,0,0,0,0,8,1,45,41.66666667,10,1.66666667,1.66666667,0,5,6,28,1,4,0,0,2,3,0,0,1,0,0,0,-0.75116238,127.9926,61,61,5.20244908,4.5359,553.1035861,79.19585947,0,553.6877076,230.2982408,390.12,-5.81208172,-6.26232662,-6.43244908,0,0.75,0.83333333,0.83333333,0.7,0.5,0.83333333,1,0.77857143,0.16666667,0.75,1,0,0,0,0,0,1,0,0,0,0,0,1,0,1,0
0,0,0,0,0,1,0,0,0,1,2,393.9,0.08201058,48,28,51,31,5,2,0,17,20,22,3,2,0,0,0,1,0,0,0,1,6,1,41.66666667,45.83333333,6.25,4.16666667,2.08333333,0,4,5,23,1,3,0,0,1,3,0,0,0,1,0,0,-0.77752619,110.6905,49.05,49.05,3.77618528,3.4377,478.4390025,56.05465836,0,478.9368771,199.6626545,346.41,-4.59975749,-4.90737602,-5.00618528,0,1,1,1,0.6,0.5,1,1,0.87142857,0.33333333,1,1,0,1,0,0,0,1,0,1,0,0,0,1,0,1,0
0,13.86,0.27,1.02,5.28,1,0,1,0,1,3,360.77,0.09,38,25,40,27,5,3,0,12,13,17,2,5,0,0,0,1,0,0,0,1,8,1,34.21052632,44.73684211,5.26315789,13.15789474,2.63157895,0,3,4,18,1,2,0,0,0,3,0,0,0,1,0,0,-0.23781226,91.5033,91.51,91.51,3.21857884,0.5865,416.6975257,117.3650491,18.01075068,399.7674419,167.2161647,301.18,-4.12579201,-4.3776499,-4.44857884,0,1,1,1,0.4,0,1,1,0.77142857,0.16666667,1,1,0,0,0,0,0,0,0,1,0,0,0,1,1,1,0
1,15.87,0.3,2.04,11.01,0,0,0,0,0,0,389.41,0.07936508,46,28,48,30,5,1,0,17,18,20,3,2,0,0,3,0,0,0,0,0,8,3,39.13043478,43.47826087,6.52173913,4.34782609,6.52173913,0,3,3,17,0,3,0,0,1,2,0,0,0,0,0,0,-0.28779665,98.8054,56.15,56.15,3.52641371,3.4998,456.4207868,115.821435,18.01075068,445.7475083,186.0604542,329.81,-4.38745165,-4.67009302,-4.75641371,0,1,1,1,0.8,0.5,1,1,0.9,0.33333333,1,1,1,1,0,0,0,1,0,1,0,0,0,1,0,1,0
1,25.26,0.52,5.05,14.3,0,0,0,0,0,0,373.89,0.09333333,41,25,44,28,3,2,0,17,16,18,3,2,0,1,0,1,0,0,0,2,7,1,39.02439024,43.90243902,7.31707317,4.87804878,2.43902439,0,4,7,23,2,2,0,0,1,3,0,0,1,1,0,0,-0.27733075,99.6592,66.06,74.44,3.29806211,4.8536,413.8332594,62.49452016,16.66300743,426.7607973,178.2790153,301,-4.1933528,-4.45315901,-4.52806211,0,1,1,1,0.6,0.5,1,1,0.87142857,0.33333333,1,1,0,0,0,1,0,1,0,0,0,0,0,0,0,1,0
1,25.32,0.51,5.38,14.79,0,0,0,0,0,0,385.9,0.09230769,42,26,46,30,3,2,0,17,16,19,3,2,0,1,0,1,0,0,0,2,7,1,38.0952381,45.23809524,7.14285714,4.76190476,2.38095238,0,5,8,26,2,3,1,0,1,3,0,0,1,1,0,0,-0.29369258,102.3288,66.06,74.44,3.52556371,4.8013,407.5425869,62.49452016,16.66300743,432.1262459,180.4779696,305.94,-4.38672915,-4.66928552,-4.75556371,0,1,1,1,0.8,0.5,1,1,0.9,0.33333333,0.875,1,0,0,0,0,0,1,0,0,0,0,0,0,0,1,0
1,0,0,0,0,0,0,0,0,0,0,491.7,0.06722689,65,35,70,40,5,0,0,21,30,26,7,0,0,1,1,0,0,0,0,1,9,1,46.15384615,40,10.76923077,0,1.53846154,0,6,7,33,1,5,0,0,3,3,0,0,1,0,0,0,-0.34463809,138.7183,63.8,92.04,4.66717004,4.8875,582.3763874,86.32924438,18.01075068,600.1827243,249.3535755,418.42,-5.35709453,-5.75381154,-5.89717004,0,0.75,0.5,1,0.8,0.5,1,1,0.79285714,0.16666667,0.625,0,0,0,0,0,0,0,0,0,0,0,0,0,0,0,0
1,16.1,0.31,0.8,11.66,0,0,0,0,0,0,438.63,0.07311828,58,31,61,34,6,0,0,21,27,23,6,0,0,1,1,0,0,0,0,1,8,1,46.55172414,39.65517241,10.34482759,0,1.72413793,0,4,4,21,0,4,0,0,3,1,0,0,0,0,0,0,-0.32868719,123.6689,60.56,88.8,4.80819954,5.8116,566.5404854,83.20493048,18.01075068,549.4684385,228.5690322,380.24,-5.47696961,-5.88778956,-6.03819954,0,0.75,0.83333333,1,0.8,0.5,1,1,0.84047619,0.16666667,0.875,0,0,0,0,0,0,0,0,0,0,0,0,0,0,0,0
1,15.62,0.3,0.63,11.68,0,0,0,0,0,0,452.66,0.07056452,61,32,64,35,6,0,0,21,29,24,6,0,0,1,1,0,0,0,0,1,8,1,47.54098361,39.3442623,9.83606557,0,1.63934426,0,4,4,21,0,4,0,0,3,1,0,0,0,0,0,0,-0.34072476,128.3065,60.56,88.8,5.01756485,6.0166,598.9078936,83.20493048,18.01075068,572.8737542,238.1613747,397.54,-5.65493012,-6.08668661,-6.24756485,0,0.75,0.66666667,0.83333333,0.7,0.5,0.83333333,1,0.7547619,0.16666667,0.875,0,0,0,0,0,0,0,0,0,0,0,0,0,0,0,0
1,14.75,0.29,0.82,11.66,0,0,0,0,0,0,478.57,0.06818182,55,33,58,36,6,0,0,21,22,22,6,0,0,1,4,0,0,0,0,1,11,4,40,40,10.90909091,0,7.27272727,0,4,4,21,0,4,0,0,3,1,0,0,0,0,0,0,-0.26194322,119.9528,60.56,88.8,4.91331841,6.0927,544.780127,128.0852703,18.01075068,534.833887,222.5712652,381.15,-5.56632064,-5.98765249,-6.14331841,0,0.75,0.66666667,1,0.8,0.5,1,1,0.81666667,0.16666667,0.75,0,0,0,0,0,0,0,0,0,0,0,0,0,0,0,0
1,0,0,0,0,0,0,0,0,0,0,394.52,0.08465608,47,28,51,32,4,0,0,21,19,20,6,0,0,1,1,0,0,0,0,1,8,1,40.42553191,42.55319149,12.76595745,0,2.12765957,0,5,6,26,1,4,0,0,4,1,0,1,0,0,0,0,-0.28779665,108.6662,60.56,88.8,4.15760178,4.3205,437.9549476,83.20493048,18.01075068,461.2126246,192.3986166,315.98,-4.92396151,-5.26972169,-5.38760178,0,0.75,1,1,0.8,0.5,1,1,0.86428571,0.16666667,0.875,1,0,1,0,0,0,1,0,1,0,0,0,1,0,1,0
1,16.99,0.33,1.73,11.86,0,0,0,0,0,0,422.58,0.07816092,53,30,57,34,5,0,0,21,23,22,6,0,0,1,1,0,0,0,0,1,8,1,43.39622642,41.50943396,11.32075472,0,1.88679245,0,5,6,26,1,4,0,0,4,1,0,1,0,0,0,0,-0.31590454,117.8324,60.56,88.8,4.59523874,5.0468,494.2933873,83.20493048,18.01075068,508.0232558,211.5833016,350.58,-5.29595293,-5.68547681,-5.82523874,0,0.75,0.83333333,1,0.8,0.5,1,1,0.84047619,0.16666667,0.75,1,0,0,0,0,0,1,0,0,0,0,0,0,0,1,0
1,19.15,0.38,4.64,12.43,0,0,0,0,0,0,438.53,0.07816092,51,30,55,34,5,0,0,15,21,19,6,1,0,1,3,0,0,0,0,1,11,3,41.17647059,37.25490196,11.76470588,1.96078431,5.88235294,0,5,7,27,3,3,0,0,3,2,1,0,1,0,0,0,-0.2168594,111.1958,67.58,95.82,3.36342083,4.054,473.5557041,125.4398511,18.01075068,474.833887,197.9811013,338.43,-4.2489077,-4.51524978,-4.59342083,0,1,1,1,0.8,0.5,1,1,0.9,0.16666667,0.875,1,0,1,0,0,0,1,0,1,0,0,0,1,0,1,0
0,14.55,0.28,-1.29,14.06,0,0,0,0,0,0,360.64,0.08923077,66,26,69,29,4,1,0,0,40,24,0,2,0,0,0,0,0,0,0,0,2,0,60.60606061,36.36363636,0,3.03030303,0,0,4,10,23,3,1,0,0,1,3,0,0,1,2,0,0,-0.48379817,106.0118,37.3,37.3,5.7104841,6.3956,584.7011162,67.82827019,42.68334316,519.9667774,216.4781875,389.26,-6.24391149,-6.7449599,-6.9404841,0,0.75,0.83333333,0.83333333,0.7,0.5,0.83333333,1,0.77857143,0.5,0.875,0,0,0,0,0,0,0,0,0,0,0,0,0,0,0,0
1,17.11,0.34,3.48,6.77,0,0,1,0,0,1,432.44,0.07816092,44,30,48,34,4,3,0,17,14,19,4,4,0,1,2,0,0,0,0,1,11,2,31.81818182,43.18181818,9.09090909,9.09090909,4.54545455,0,5,8,26,2,3,1,0,1,3,0,0,1,1,0,0,-0.2168594,102.8344,106.1,114.48,2.79765481,1.5209,432.0719195,144.6243423,16.66300743,446.5780731,186.4008496,328.81,-3.76800659,-3.97777207,-4.02765481,0,1,1,1,0.4,0,1,1,0.77142857,0.33333333,0.875,1,0,1,0,0,0,0,0,1,1,0,0,1,0,1,0
1,21.31,0.42,4.81,11.35,0,0,0,0,0,0,420.45,0.08128079,44,29,48,33,3,2,0,17,15,19,4,2,0,1,3,0,0,0,0,1,10,3,34.09090909,43.18181818,9.09090909,4.54545455,6.81818182,0,5,8,26,2,3,1,0,1,3,0,0,1,1,0,0,-0.23402445,101.6543,78.95,87.33,3.67764782,4.4677,415.3992924,124.1603895,16.66300743,437.1428571,182.5339579,319.94,-4.51600064,-4.81376543,-4.90764782,0,1,1,1,0.6,0.5,1,1,0.87142857,0.33333333,0.875,1,0,1,0,0,0,1,0,1,0,0,0,1,0,1,0
1,19,0.37,4.88,10.03,0,0,0,0,0,0,504.53,0.06722689,54,35,59,40,4,3,0,17,19,23,4,4,0,1,3,0,0,0,0,1,12,3,35.18518519,42.59259259,7.40740741,7.40740741,5.55555556,0,6,9,31,2,4,1,0,2,3,0,0,1,1,0,0,-0.25959763,121.1312,95.6,103.98,2.9576591,4.8673,502.0422943,146.6439888,16.66300743,525.0830565,218.5750232,391.72,-3.90401023,-4.12977614,-4.1876591,0,0.75,0.66666667,0.83333333,0.5,0.5,0.83333333,1,0.72619048,0.33333333,0.75,0,0,0,0,0,0,0,0,0,0,0,0,0,0,0,0
1,14.25,0.26,1.39,12.26,0,0,0,0,0,0,407.53,0.07586207,56,30,59,33,5,1,0,17,26,24,3,2,0,0,1,0,0,0,0,0,6,1,46.42857143,42.85714286,5.35714286,3.57142857,1.78571429,0,4,4,23,0,4,0,0,1,3,0,0,0,0,0,0,-0.79236111,114.6412,47.36,47.36,4.16552195,4.1103,525.4392681,71.01477163,0,515.4817276,214.6400523,374.51,-4.93069366,-5.27724586,-5.39552195,0,0.75,1,1,0.8,0.5,1,1,0.86428571,0.33333333,1,1,0,1,0,0,0,1,1,1,0,0,0,1,0,1,0
1,16.1,0.3,1.73,11.28,0,0,0,0,0,0,393.5,0.07635468,53,29,55,31,7,2,0,17,24,23,3,2,0,0,1,0,0,0,0,0,6,1,45.28301887,43.39622642,5.66037736,3.77358491,1.88679245,0,3,3,17,0,3,0,0,1,2,0,0,0,0,0,0,-0.37058065,112.3091,56.15,56.15,3.61420268,4.132,523.5096259,85.90120842,18.01075068,502.9734219,209.5136975,366.93,-4.46207228,-4.75349255,-4.84420268,0,1,1,1,0.8,0.5,1,1,0.9,0.33333333,1,1,0,1,0,0,0,1,1,1,0,0,0,1,0,1,0
1,18.77,0.41,5.47,8.68,0,0,0,0,0,0,414.87,0.08307692,44,26,45,27,8,3,0,6,18,15,2,4,0,1,3,1,0,0,0,2,11,4,40.90909091,34.09090909,4.54545455,9.09090909,9.09090909,0,2,2,10,0,2,0,1,0,1,0,0,0,0,0,0,0.44112257,89.2059,89.7,98.08,1.54056342,2.5949,462.7697482,159.7538549,32.89718747,432.8903655,180.7911334,330.97,-2.69947891,-2.78353525,-2.77056342,0,1,1,1,1,1,1,1,1,0.33333333,1,1,0,1,0,0,0,1,0,1,1,0,0,1,0,1,0
1,19.22,0.42,5.21,7.34,0,0,0,0,0,0,397.84,0.08333333,40,25,40,25,8,3,1,6,15,14,3,3,0,1,3,1,0,0,0,2,11,4,37.5,35,7.5,7.5,10,0,1,1,6,0,1,0,0,0,1,0,0,0,0,0,0,0.47035952,85.3591,104.26,112.64,1.61242734,2.7949,459.5252716,179.8133228,32.89718747,420.0664452,175.5354284,322.96,-2.76056324,-2.85180597,-2.84242734,0,1,1,1,0.8,0.5,1,1,0.9,0.33333333,1,1,0,1,0,0,0,1,0,1,1,0,0,1,0,1,0
0,12.31,0.23,-0.85,9.38,0,0,0,0,0,0,427.91,0.07526882,49,31,53,35,4,2,0,23,18,25,3,2,0,0,0,1,0,0,0,1,6,1,36.73469388,51.02040816,6.12244898,4.08163265,2.04081633,0,5,6,28,1,4,0,0,2,3,0,0,1,0,0,0,-0.39261231,121.2167,59.91,59.91,4.18564846,4.908,488.8228328,70.94109515,18.01075068,509.6843854,212.2640924,367.13,-4.94780119,-5.29636604,-5.41564846,0,0.75,1,1,0.6,0,1,1,0.76428571,0.33333333,0.875,1,0,0,0,0,0,1,0,0,0,0,0,0,0,1,0
0,12.32,0.24,0.38,9.72,0,0,0,0,0,0,400.94,0.07936508,53,28,55,30,8,2,0,12,25,22,2,3,0,0,0,1,0,0,0,1,6,1,47.16981132,41.50943396,3.77358491,5.66037736,1.88679245,0,3,4,17,1,2,0,0,1,2,0,0,1,0,0,0,-0.35848085,113.1968,54.56,54.56,3.50575884,4.199,526.7171406,68.27976738,18.01075068,504.435216,210.1127934,372.74,-4.36989502,-4.6504709,-4.73575884,0,1,1,1,1,1,1,1,1,0.33333333,1,1,0,1,0,0,0,1,1,1,0,0,0,1,0,1,0
0,0,0,0,0,0,0,0,0,0,0,339.52,0.09,54,25,56,27,10,0,0,15,29,22,1,2,0,0,0,0,0,0,0,0,3,0,53.7037037,40.74074074,1.85185185,3.7037037,0,0,3,6,17,2,1,0,0,1,2,0,0,2,0,0,0,-0.43540468,103.4016,34.39,34.39,4.74574635,6.1269,496.9150268,53.68323105,42.68334316,472.0598007,196.8441806,332.12,-5.4238844,-5.82845904,-5.97574635,0,0.75,0.66666667,0.83333333,1,0.5,1,1,0.82142857,0.5,0.875,0,0,0,0,0,0,0,0,0,0,0,0,0,0,0,0
1,18.61,0.34,3.64,8.46,0,0,0,0,0,0,403.45,0.07816092,48,30,52,34,3,0,1,21,18,22,5,2,0,0,1,0,0,0,0,0,8,1,37.5,45.83333333,10.41666667,4.16666667,2.08333333,0,5,7,28,2,3,0,0,2,3,0,0,2,0,0,0,-0.31590454,107.893,88.75,88.75,3.35614924,4.1965,456.0550583,101.4677818,16.78552955,469.5016611,195.7957628,333.37,-4.24272685,-4.50834177,-4.58614924,0,1,1,1,0.8,0.5,1,1,0.9,0.33333333,0.875,1,0,1,0,0,0,1,0,1,0,0,0,1,0,1,0
1,18.55,0.35,2.7,10.24,0,0,0,0,0,0,418.91,0.07816092,49,30,53,34,3,0,1,21,19,23,4,2,0,0,0,1,0,0,0,1,7,1,38.7755102,46.93877551,8.16326531,4.08163265,2.04081633,0,5,7,28,2,3,0,0,2,3,0,0,2,0,0,0,-0.34891959,114.4197,75.86,75.86,2.80936445,5.0008,481.0283293,69.84466109,16.78552955,493.7375415,205.7285006,348.81,-3.77795978,-3.98889622,-4.03936445,0,1,1,1,0.8,0.5,1,1,0.9,0.5,0.875,1,0,0,0,0,0,1,0,0,0,0,0,0,0,1,0
1,15.35,0.29,3.34,9.59,0,0,0,0,0,0,472.52,0.06773619,57,34,61,38,5,0,0,18,23,23,6,2,0,0,3,0,0,0,0,0,11,3,40.35087719,40.35087719,10.52631579,3.50877193,5.26315789,0,5,6,30,1,4,0,0,0,5,0,0,0,1,0,0,-0.27530304,122.2713,75.64,75.64,3.51009996,4.2498,530.4833665,141.4960827,18.01075068,529.6179402,220.4335821,389.99,-4.37358497,-4.65459496,-4.74009996,0,1,0.83333333,1,0.8,0.5,1,1,0.87619048,0.16666667,0.75,1,0,0,0,0,0,0,0,1,0,0,0,1,0,0,0
1,16.7,0.31,3.82,10.04,0,0,0,0,0,0,454.53,0.07007576,57,33,61,37,5,0,0,18,24,23,6,2,0,0,2,0,0,0,0,0,10,2,42.10526316,40.35087719,10.52631579,3.50877193,3.50877193,0,5,6,30,1,4,0,0,0,5,0,0,0,1,0,0,-0.29198971,122.0549,75.64,75.64,3.40585352,4.0443,527.6495846,126.5359694,18.01075068,526.6943522,219.2353902,383.92,-4.28497549,-4.55556084,-4.63585352,0,1,0.83333333,1,0.8,0.5,1,1,0.87619048,0.16666667,0.875,1,0,0,0,0,0,1,0,1,0,0,0,1,0,1,0
1,13.48,0.29,2.57,10.25,0,0,0,0,0,0,593.42,0.05974395,59,38,63,42,5,1,0,22,21,25,6,2,0,0,4,0,1,0,0,1,13,5,35.59322034,42.37288136,10.16949153,3.38983051,8.47457627,0,5,6,29,1,4,0,0,2,2,1,0,0,0,1,0,-0.65323011,136.4511,78.07,78.07,4.16897195,5.4719,594.1810595,149.0986042,0,594.1362126,246.875497,433.76,-4.93362616,-5.28052335,-5.39897195,1,0.5,0.83333333,0.83333333,0.7,0.5,0.83333333,1,0.74285714,0.16666667,0.75,0,0,0,0,0,0,0,0,0,0,0,0,0,0,0,0
1,14.79,0.27,1.11,11.72,0,0,0,0,0,0,446.57,0.07007576,60,33,64,37,6,0,0,22,27,26,4,2,0,0,1,0,0,0,0,0,7,1,45,43.33333333,6.66666667,3.33333333,1.66666667,0,5,6,28,1,4,0,0,2,3,0,0,1,0,0,0,-0.78120888,126.3786,56.32,56.32,4.13435163,5.3367,554.3733267,75.20056226,0,553.6877076,230.2982408,394.21,-4.90419888,-5.24763405,-5.36435163,0,1,1,1,0.8,0.5,1,1,0.9,0.33333333,0.875,1,0,0,0,0,0,0,0,0,0,0,0,0,0,0,0
1,11.29,0.21,0.07,9.65,0,0,0,0,0,0,522.65,0.05974395,70,38,74,42,7,2,0,17,32,29,4,3,0,0,2,0,0,0,0,0,9,2,45.71428571,41.42857143,5.71428571,4.28571429,2.85714286,0,5,6,30,1,4,0,0,1,3,1,0,0,0,1,0,-0.75774693,142.0199,61.11,61.11,4.8739493,5.5683,653.3337127,102.4484714,0,636.5780731,264.2697021,471.87,-5.53285691,-5.95025184,-6.1039493,1,0.5,0.66666667,0.83333333,0.9,0.5,0.83333333,1,0.74761905,0.16666667,0.625,0,0,0,0,0,0,0,0,0,0,0,0,0,0,0,0
1,13.78,0.26,2.23,9.18,0,0,0,0,0,0,480.56,0.06554622,61,35,65,39,4,2,0,17,26,26,4,3,0,0,2,0,0,0,0,0,9,2,42.62295082,42.62295082,6.55737705,4.91803279,3.27868852,0,5,6,30,1,4,0,0,1,3,1,0,0,0,1,0,-0.34463809,127.9965,72.11,72.11,4.28745022,4.2873,586.6673332,134.1319267,42.68334316,566.3621263,235.4926747,419.97,-5.03433269,-5.39307771,-5.51745022,0,0.75,0.83333333,1,0.8,0.5,1,1,0.84047619,0.16666667,0.625,0,0,0,0,0,0,0,0,1,0,0,0,0,0,0,0
1,15.38,0.3,1.46,14.26,0,0,0,0,0,0,481.01,0.06773619,60,34,64,38,4,2,0,17,26,26,4,2,0,0,1,1,0,0,0,1,8,2,43.33333333,43.33333333,6.66666667,3.33333333,3.33333333,0,5,6,30,1,4,0,0,1,3,1,0,0,0,1,0,-0.75847107,131.4878,51.88,51.88,5.14608012,5.3193,576.857743,76.48847026,0,574.0199336,238.6311203,420.32,-5.7641681,-6.20877612,-6.37608012,0,0.75,0.66666667,0.83333333,0.7,0.5,0.83333333,1,0.7547619,0.33333333,0.625,0,0,0,0,0,0,0,0,0,0,0,0,0,0,0,0
1,13.95,0.27,3.81,7.16,0,0,0,0,0,0,570.67,0.05487805,74,41,78,45,6,4,0,12,33,30,4,4,0,0,3,0,0,0,0,0,11,3,44.59459459,40.54054054,5.40540541,5.40540541,4.05405405,0,5,6,29,1,4,0,1,0,3,1,0,0,0,1,0,0.76443666,145.0296,111.1,111.1,4.41003265,5.1273,713.4891651,218.9298089,78.70484453,672.6578073,279.0564784,514.93,-5.13852775,-5.50953101,-5.64003265,1,0.5,0.83333333,0.83333333,0.9,1,0.83333333,1,0.84285714,0.16666667,0.625,0,0,0,0,0,0,0,0,0,0,0,0,0,0,0,0
1,18.05,0.33,4,9.97,0,0,0,0,0,0,433.6,0.07056452,63,32,66,35,6,3,0,12,31,26,3,3,0,0,0,0,0,0,0,0,6,0,49.20634921,41.26984127,4.76190476,4.76190476,0,0,4,7,23,2,2,0,1,0,2,1,0,0,0,2,0,0.14601985,123.7107,78.51,78.51,2.89731205,3.6634,596.4705729,114.5805964,36.02150137,569.1196013,236.6227874,422.73,-3.85271524,-4.07244645,-4.12731205,0,1,1,1,1,1,1,1,1,0.33333333,1,1,0,0,0,0,0,1,0,1,0,0,0,1,0,1,0
1,16.75,0.31,3.44,8.2,0,0,0,0,0,0,419.5,0.07311828,53,31,56,34,5,3,0,17,22,23,5,2,0,0,1,0,0,0,0,0,8,1,41.50943396,43.39622642,9.43396226,3.77358491,1.88679245,0,4,4,22,0,4,0,0,2,2,0,0,0,0,0,0,0.22496265,116.7344,87.96,87.96,3.49662313,3.0683,515.6376612,120.6974887,32.89718747,510.9468439,212.7814934,373.93,-4.36212966,-4.64179197,-4.72662313,0,1,1,1,0.6,0.5,1,1,0.87142857,0.16666667,1,1,0,1,0,0,0,1,0,1,0,0,0,1,0,1,0
0,13.53,0.29,-0.52,11.79,0,0,0,0,0,0,325.17,0.10952381,32,21,34,23,3,1,0,12,11,16,0,2,0,0,1,2,0,0,0,2,5,3,34.375,50,0,6.25,9.375,0,3,3,15,0,3,1,0,0,2,0,0,0,0,0,0,-0.29127221,79.6011,37.3,37.3,4.76090534,5.0297,367.3120703,82.78838346,42.68334316,351.4950166,147.4323839,262.07,-5.43676954,-5.84286007,-5.99090534,0,0.75,0.83333333,1,0.8,0.5,1,1,0.84047619,0.66666667,0.875,1,0,0,0,0,0,0,0,0,0,0,0,0,0,1,0
1,15.54,0.29,3.99,7.83,0,0,0,0,0,0,463.56,0.06595365,60,34,63,37,8,3,0,17,26,25,5,3,0,0,1,0,0,0,0,0,9,1,43.33333333,41.66666667,8.33333333,5,1.66666667,0,4,4,22,0,4,0,0,2,2,0,0,0,0,0,0,0.20581834,127.8013,94.2,94.2,3.16363283,2.9607,592.6246799,148.494395,60.69409384,567.5083057,235.9624204,417.32,-4.07908791,-4.32545119,-4.39363283,0,1,0.83333333,1,0.8,0.5,1,1,0.87619048,0.16666667,0.875,1,0,0,0,0,0,1,0,1,0,0,0,1,0,0,0
1,14.56,0.27,3.35,7.56,0,0,0,0,0,0,477.59,0.06386555,63,35,66,38,9,3,0,17,28,26,5,3,0,0,1,0,0,0,0,0,9,1,44.44444444,41.26984127,7.93650794,4.76190476,1.58730159,0,4,4,22,0,4,0,0,2,2,0,0,0,0,0,0,0.19051903,132.6667,94.2,94.2,3.36639984,3.0231,618.7014157,148.494395,60.69409384,590.9136213,245.5547628,434.62,-4.25143986,-4.51807985,-4.59639984,0,1,0.83333333,0.83333333,0.8,0.5,1,1,0.85238095,0.16666667,0.875,0,0,0,0,0,0,0,0,0,0,0,0,0,0,0,0
1,15.02,0.3,3.18,11.67,1,0,0,0,1,2,538.97,0.06156156,60,37,64,41,4,4,0,11,23,25,4,3,0,0,4,1,0,0,0,1,12,5,38.33333333,41.66666667,6.66666667,5,8.33333333,0,5,6,28,1,4,0,0,2,3,0,0,0,1,0,0,-0.67072209,130.0508,69.36,69.36,3.74767187,3.162,582.8811515,144.1643524,0,576.2790698,239.5569958,443.56,-4.57552109,-4.88028828,-4.97767187,0,0.75,0.83333333,0.83333333,0.7,0.5,0.83333333,1,0.77857143,0.16666667,0.75,0,0,0,0,0,0,0,0,0,0,0,0,0,0,0,0
1,14.77,0.27,3.69,6.27,0,0,0,0,0,0,449.53,0.06818182,57,33,60,36,7,3,0,17,24,24,5,3,0,0,1,0,0,0,0,0,9,1,42.10526316,42.10526316,8.77192982,5.26315789,1.75438596,0,4,4,22,0,4,0,0,2,2,0,0,0,0,0,0,0.86169398,123.1441,108.19,108.19,2.9576591,2.2425,563.8014339,163.3808318,75.58053063,544.10299,226.3700779,400.02,-3.90401023,-4.12977614,-4.1876591,0,1,1,1,0.8,0.5,1,1,0.9,0.33333333,1,1,0,0,0,0,0,0,0,1,0,0,0,1,0,1,0
1,17.09,0.36,1.53,14.99,0,0,0,0,0,0,327.91,0.10952381,43,21,45,23,2,2,0,6,22,16,1,2,0,1,0,1,0,0,0,2,5,1,51.1627907,37.20930233,2.3255814,4.65116279,2.3255814,0,3,4,18,1,2,0,0,0,3,0,0,0,1,0,0,-0.75043814,85.9845,37.38,45.76,3.46506581,4.7357,416.7405623,45.83151273,0,400.5481728,167.5361364,291.76,-4.33530594,-4.61181252,-4.69506581,0,1,1,1,1,1,1,1,1,0.66666667,1,1,0,0,0,1,0,1,0,0,0,0,0,0,0,1,0
1,15.9,0.3,1.97,14.24,0,0,0,0,0,0,464.56,0.06773619,60,34,64,38,4,2,0,17,26,26,4,2,0,0,2,0,0,0,0,0,8,2,43.33333333,43.33333333,6.66666667,3.33333333,3.33333333,0,5,6,30,1,4,0,0,1,3,1,0,0,0,1,0,-0.75847107,126.8994,51.88,51.88,5.04658577,4.8604,555.8029432,91.44858353,0,556.6112957,231.4964327,411.18,-5.6795979,-6.11425648,-6.27658577,0,0.75,0.66666667,0.83333333,0.7,0.5,0.83333333,1,0.7547619,0.33333333,0.625,1,0,0,0,0,0,0,0,0,0,0,0,0,0,0,0
1,15.99,0.29,2.05,13.21,0,0,0,0,0,0,428.58,0.07258065,60,32,64,36,4,2,0,17,28,26,4,2,0,0,0,0,0,0,0,0,6,0,46.66666667,43.33333333,6.66666667,3.33333333,0,0,5,6,30,1,4,0,0,1,3,1,0,0,0,1,0,-0.80534944,126.6952,51.88,51.88,4.30935809,4.3181,552.1932326,61.52835699,0,550.7641196,229.100049,399.04,-5.05295438,-5.41389018,-5.53935809,0,0.75,1,1,0.8,0.5,1,1,0.86428571,0.33333333,0.75,1,0,0,0,0,0,1,0,1,0,0,0,1,0,1,0
1,16,0.3,2.01,14.32,0,0,0,0,0,0,464.56,0.06773619,60,34,64,38,4,2,0,17,26,26,4,2,0,0,2,0,0,0,0,0,8,2,43.33333333,43.33333333,6.66666667,3.33333333,3.33333333,0,5,6,30,1,4,0,0,1,3,1,0,0,0,1,0,-0.75847107,126.8994,51.88,51.88,5.04658577,4.8604,558.2896237,91.44858353,0,556.6112957,231.4964327,411.18,-5.6795979,-6.11425648,-6.27658577,0,0.75,0.66666667,0.83333333,0.7,0.5,0.83333333,1,0.7547619,0.33333333,0.625,1,0,0,0,0,0,0,0,0,0,0,0,0,0,0,0
1,16.08,0.3,2.36,10.51,0,0,0,0,0,0,377.46,0.08201058,48,28,51,31,5,0,0,22,20,21,5,1,0,0,1,0,0,0,0,0,7,1,41.66666667,43.75,10.41666667,2.08333333,2.08333333,0,4,4,22,0,4,0,0,2,2,0,0,0,0,0,0,-0.74218409,104.1752,57.76,57.76,4.71050264,3.5172,460.8356179,76.19406769,0,461.5282392,192.5279669,322.28,-5.39392725,-5.79497751,-5.94050264,0,0.75,0.83333333,1,0.6,0.5,1,1,0.81190476,0.33333333,0.875,1,1,1,0,1,0,1,0,1,0,0,0,1,1,1,0
1,18.86,0.36,3.96,9.79,0,0,0,0,0,0,429.45,0.07311828,49,31,52,34,5,0,0,22,18,20,7,1,0,0,3,0,0,0,0,0,11,3,36.73469388,40.81632653,14.28571429,2.04081633,6.12244898,0,4,4,22,0,4,0,0,2,2,0,0,0,0,0,0,-0.23279952,106.514,82.68,82.68,4.42103776,4.2029,478.3368028,140.9105745,18.01075068,477.1262459,198.9205926,339.12,-5.14788209,-5.51998587,-5.65103776,0,0.75,1,1,0.6,0,1,1,0.76428571,0.16666667,0.875,1,0,1,0,0,0,1,0,1,0,0,0,1,0,1,0
1,15.1,0.27,1.36,12.56,0,0,0,0,0,0,397.48,0.07816092,50,30,54,34,3,1,0,23,20,25,3,1,0,0,1,0,0,0,0,0,5,1,40,50,6,2,2,0,5,8,30,2,3,0,0,1,3,1,0,0,0,2,0,-0.82537615,114.1352,47.78,47.78,4.53553974,5.2524,468.402057,73.6760994,0,489.6677741,204.0605632,351.84,-5.24520878,-5.62876275,-5.76553974,0,0.75,0.83333333,1,0.6,0.5,1,1,0.81190476,0.5,0.75,1,0,0,0,0,0,0,0,0,0,0,0,0,0,0,0
1,15.32,0.29,-0.03,14.35,0,0,0,0,0,0,400.59,0.08128079,53,29,57,33,4,0,0,22,24,24,4,0,0,1,0,0,0,0,0,1,5,0,45.28301887,45.28301887,7.54716981,0,0,0,5,6,28,1,4,0,0,2,3,0,0,1,0,0,0,-0.4047197,119.9856,42.74,70.98,4.91298536,5.7008,493.4812203,51.58180978,18.01075068,511.6112957,213.0538097,354.47,-5.56603756,-5.9873361,-6.14298536,0,0.75,0.83333333,1,0.8,0.5,1,1,0.84047619,0.16666667,0.75,0,0,0,0,0,0,0,0,0,0,0,0,0,0,0,0
1,18.13,0.33,2.75,11.13,0,0,0,0,0,0,428.51,0.07258065,53,32,57,36,5,0,0,27,21,24,6,1,0,0,1,0,0,0,0,0,8,1,39.62264151,45.28301887,11.32075472,1.88679245,1.88679245,0,5,6,28,1,4,0,0,2,3,0,0,1,0,0,0,-0.34072476,120.0216,69.79,69.79,3.63480954,4.5565,498.9399951,94.32734049,18.01075068,515.9966777,214.8510974,356.64,-4.47958811,-4.77306906,-4.86480954,0,1,1,1,0.6,0,1,1,0.8,0.16666667,0.875,1,0,0,0,0,0,1,0,0,0,0,0,1,0,1,0
1,20.78,0.41,4.65,12.89,0,0,0,0,0,0,306.47,0.11428571,43,21,46,24,1,2,0,6,22,16,2,2,0,1,0,0,0,0,0,1,5,0,51.1627907,37.20930233,4.65116279,4.65116279,0,0,4,7,23,3,1,0,0,2,1,1,1,0,0,1,1,-0.29127221,83.2883,49.41,57.79,3.09600642,2.6856,382.4494437,62.23651017,16.40499744,378.7541528,158.604161,275.19,-4.02160545,-4.2612061,-4.32600642,0,1,1,1,0.8,0.5,1,1,0.9,0.5,1,1,1,1,0,1,1,0,0,1,1,1,0,1,1,1,0
1,14.88,0.28,1.44,14.24,0,0,0,0,0,0,496.58,0.06349206,63,36,67,40,4,2,0,17,27,27,4,2,0,0,3,0,0,0,0,0,9,3,42.85714286,42.85714286,6.34920635,3.17460317,4.76190476,0,5,6,30,1,4,0,0,1,3,1,0,0,0,1,0,-0.74430914,131.534,51.88,51.88,5.34292374,5.4434,588.898429,106.4086968,0,582.9401993,242.2869669,434.55,-5.93148518,-6.39577756,-6.57292374,0,0.75,0.66666667,0.83333333,0.7,0.5,0.83333333,1,0.7547619,0.33333333,0.625,0,0,0,0,0,0,0,0,0,0,0,0,0,0,0,0
1,18.85,0.35,5.35,10.22,0,0,0,0,0,0,514.57,0.05974395,62,38,66,42,5,3,0,23,24,29,4,3,0,0,2,0,0,0,0,0,9,2,38.70967742,46.77419355,6.4516129,4.83870968,3.22580645,0,5,7,31,2,3,0,0,0,4,1,0,0,1,1,0,0.1489208,137.9196,94.89,94.89,4.59135149,5.1708,617.4735312,177.5995474,60.69409384,608.0066445,252.5601002,450.41,-5.29264877,-5.68178391,-5.82135149,1,0.5,0.66666667,0.83333333,0.5,0.5,0.83333333,1,0.69047619,0.16666667,0.625,0,0,0,0,0,0,0,0,0,0,0,0,0,0,0,0
0,12.43,0.23,-1.14,11.29,0,0,0,0,0,0,367.53,0.08262108,56,27,58,29,11,1,0,15,29,23,1,3,0,0,0,0,0,0,0,0,4,0,51.78571429,41.07142857,1.78571429,5.35714286,0,0,3,6,17,2,1,0,0,1,2,0,0,2,0,0,0,-0.84255475,108.1132,40.46,40.46,4.88496217,6.5868,520.2219884,47.14470281,0,498.0730897,207.5053646,355.57,-5.54221784,-5.96071406,-6.11496217,0,0.75,0.66666667,0.83333333,1,0.5,0.83333333,0.5,0.72619048,0.33333333,0.75,0,0,0,0,0,0,0,0,0,0,0,0,0,0,0,0
0,0,0,0,0,0,0,0,0,0,0,530.56,0.05855856,65,37,67,39,11,2,0,15,28,26,2,3,0,0,6,0,0,0,0,0,11,6,43.07692308,40,3.07692308,4.61538462,9.23076923,0,3,6,17,2,1,0,0,1,2,0,0,2,0,0,0,-0.69755098,126.0892,51.54,51.54,5.23783885,8.0251,624.4405675,154.1747355,0,595.2657807,247.3384347,452.25,-5.84216302,-6.2959469,-6.46783885,1,0.5,0.5,0.5,0.8,1,0.5,0.5,0.61428571,0.33333333,0.625,0,0,0,0,0,0,0,0,0,0,0,0,0,0,0,0
1,13.97,0.26,0.96,12.02,0,0,0,0,0,0,446.57,0.07007576,60,33,64,37,4,2,0,17,27,26,4,2,0,0,1,0,0,0,0,0,7,1,45,43.33333333,6.66666667,3.33333333,1.66666667,0,5,6,30,1,4,0,0,1,3,1,0,0,0,1,0,-0.78120888,126.4186,51.88,51.88,4.67835163,5.0487,555.4558419,76.48847026,0,553.6877076,230.2982408,405.11,-5.36659888,-5.76443405,-5.90835163,0,0.75,0.83333333,1,0.8,0.5,1,1,0.84047619,0.33333333,0.75,1,0,0,0,0,0,1,0,0,0,0,0,0,0,1,0
1,16,0.34,3.76,6.94,0,0,0,0,0,0,451.94,0.07389163,50,29,51,30,8,3,1,6,21,18,3,3,0,1,3,1,0,0,0,2,11,4,42,36,6,6,8,0,2,2,10,0,2,0,1,0,1,0,0,0,0,0,0,0.36445788,101.8588,104.26,112.64,2.15076089,3.9432,541.5116196,179.8133228,32.89718747,495.6478405,206.5114101,379.8,-3.21814676,-3.36322284,-3.38076089,0,1,0.83333333,1,1,1,1,1,0.97619048,0.33333333,1,1,0,0,0,0,0,1,0,1,0,0,0,1,0,1,0
1,14.66,0.3,3.44,9.04,0,0,0,0,0,0,497.98,0.06818182,55,33,58,36,6,4,0,12,22,23,1,5,0,1,2,1,0,0,0,2,10,3,40,41.81818182,1.81818182,9.09090909,5.45454545,0,4,4,21,0,4,1,0,0,3,0,0,0,0,0,0,-0.69106939,117.6612,80.75,89.13,4.23500973,3.7854,572.7473408,138.6472345,0,545.730897,227.0372529,414.91,-4.98975827,-5.34325925,-5.46500973,0,0.75,0.83333333,1,1,0.5,1,1,0.86904762,0.16666667,0.75,0,0,0,0,0,0,0,0,1,0,0,0,0,0,0,0
0,9.68,0,0,0,0,0,0,0,0,0,516.55,0.05974395,79,38,83,42,9,2,0,12,41,31,2,4,0,0,0,0,0,0,1,0,7,0,51.89873418,39.24050633,2.53164557,5.06329114,0,0,5,8,27,3,3,0,1,1,4,0,0,2,0,0,0,0.09666239,143.548,76.66,76.66,3.54488122,6.2646,0,86.31135543,36.02150137,691.5116279,286.7834541,533.18,-4.40314904,-4.68763716,-4.77488122,0,0.75,0.83333333,0.66666667,0.9,1,0.83333333,1,0.8547619,0.16666667,0.75,0,0,0,0,0,0,0,0,0,0,0,0,0,0,0,0
1,13.68,0.26,2.19,9.85,0,0,0,0,0,0,447.64,0.06854839,67,32,69,34,11,1,0,11,35,24,5,1,0,0,2,0,0,0,0,0,8,2,52.23880597,35.82089552,7.46268657,1.49253731,2.98507463,0,3,3,16,0,3,0,0,2,1,0,0,0,0,0,0,0.20796981,123.5482,62.19,62.19,4.27391829,4.1215,623.4679822,110.9964984,36.02150137,581.2790698,241.6061761,424.97,-5.02283055,-5.38022238,-5.50391829,0,0.75,0.83333333,0.83333333,1,1,0.83333333,0.5,0.82142857,0.16666667,0.75,1,0,0,0,0,0,0,0,0,0,0,0,0,0,0,0
1,16.67,0.32,4.68,11.43,0,0,0,0,0,0,489.68,0.06386555,72,35,75,38,9,1,0,11,37,26,5,2,0,0,2,0,0,0,0,0,9,2,51.38888889,36.11111111,6.94444444,2.77777778,2.77777778,0,4,5,23,1,3,0,0,1,3,0,0,0,1,0,0,0.19051903,132.6629,71.42,71.42,3.92035877,3.9078,658.798467,121.9963863,36.02150137,619.8006645,257.3937149,456,-4.72230496,-5.04434084,-5.15035877,0,1,0.83333333,0.83333333,1,1,1,1,0.95238095,0.16666667,0.875,0,0,0,0,0,0,0,0,0,0,0,0,0,0,0,0
1,14.62,0.27,0.94,9.1,0,0,0,0,0,0,403.5,0.07586207,52,30,55,33,6,0,0,23,22,23,5,1,0,0,1,0,0,0,0,0,7,1,42.30769231,44.23076923,9.61538462,1.92307692,1.92307692,0,4,4,23,0,4,0,0,1,3,0,0,0,0,0,0,-0.34891959,113.1433,64.86,64.86,3.44375867,3.5824,505.3813852,94.32734049,18.01075068,501.1960133,208.7852514,354.24,-4.31719487,-4.59157074,-4.67375867,0,1,1,1,0.6,0.5,1,1,0.87142857,0.16666667,1,1,0,1,0,0,0,1,1,1,0,0,0,1,0,1,0
1,16.76,0.3,1.87,11.14,0,0,0,0,0,0,439.56,0.07007576,58,33,62,37,6,0,0,27,25,26,5,2,0,0,0,0,0,0,0,0,7,0,43.10344828,44.82758621,8.62068966,3.44827586,0,0,5,6,28,1,4,0,0,2,3,0,0,1,0,0,0,-0.3821292,128.1118,66.13,66.13,3.13055674,4.9461,542.6180179,73.58158555,18.01075068,553.0564784,230.0395403,382.96,-4.05097323,-4.2940289,-4.36055674,0,1,1,1,0.6,0.5,1,1,0.87142857,0.16666667,0.875,1,0,0,0,0,0,1,0,0,0,0,0,0,0,1,0
1,14.96,0.28,1.42,10.25,1,0,0,0,1,2,418.51,0.07311828,54,31,57,34,6,3,0,17,23,24,4,2,0,0,1,0,0,0,0,0,7,1,42.59259259,44.44444444,7.40740741,3.7037037,1.85185185,0,4,4,23,0,4,0,0,1,3,0,0,0,0,0,0,-0.36064975,120.8309,61.08,61.08,3.24712399,3.0741,523.7036463,89.02552232,18.01075068,517.7740864,215.5795436,380.23,-4.15005539,-4.40476779,-4.47712399,0,1,1,1,0.6,0.5,1,1,0.87142857,0.16666667,1,1,0,0,0,0,0,1,0,1,0,0,0,1,0,1,0
1,14,0.28,2.25,11.54,0,0,0,0,0,0,578.21,0.05802969,76,39,80,43,7,3,0,12,37,29,3,4,0,1,1,1,0,0,0,2,10,2,48.68421053,38.15789474,3.94736842,5.26315789,2.63157895,0,5,5,30,0,5,0,0,0,5,0,0,0,0,0,0,-0.73848628,151.0289,70.16,78.54,3.96332652,5.969,716.8937956,103.1850687,0,695.7475083,288.5194706,516.13,-4.75882754,-5.0851602,-5.19332652,0,0.75,0.83333333,0.83333333,0.9,1,0.83333333,1,0.87857143,0.16666667,0.75,0,0,0,0,0,0,0,0,0,0,0,0,0,0,0,0
1,14.44,0.27,4.3,7.52,0,0,0,0,0,0,514.63,0.05855856,69,37,71,39,8,4,0,12,32,27,4,4,0,0,2,0,0,0,0,0,10,2,46.37681159,39.13043478,5.79710145,5.79710145,2.89855072,0,3,4,19,1,2,0,0,0,2,1,0,0,0,1,0,0.18895392,133.843,98.82,98.82,3.46938857,3.3933,687.3754299,172.5250196,36.02150137,635.5980066,263.8680355,481.68,-4.33898029,-4.61591914,-4.69938857,0,0.75,0.83333333,0.83333333,0.9,1,0.83333333,1,0.87857143,0.16666667,0.875,0,0,0,0,0,0,0,0,0,0,0,0,0,0,0,0
0,15.08,0,0,0,0,0,0,1,0,1,341.54,0.0942029,47,24,49,26,5,0,0,16,23,17,5,1,0,0,0,0,0,0,0,1,7,0,48.93617021,36.17021277,10.63829787,2.12765957,0,0,3,3,16,0,3,0,0,2,1,0,0,0,0,0,0,-0.6993502,93.9362,57.76,57.76,2.82730464,3.635,0,60.98891019,0,445.2657807,185.8630249,313.7,-3.79320894,-4.00593941,-4.05730464,0,1,1,1,0.8,0.5,1,1,0.9,0.5,1,1,1,1,0,1,0,1,0,1,0,0,0,1,1,1,0
1,0,0,0,0,0,0,0,0,0,0,511.08,0.06554622,62,35,66,39,7,3,0,18,27,27,2,4,0,1,0,1,0,0,0,2,8,1,43.5483871,43.5483871,3.22580645,6.4516129,1.61290323,0,5,8,30,3,3,0,0,1,3,1,1,0,0,1,1,0.1621722,135.9258,84.5,92.88,4.02118765,6.1346,606.679943,114.8735151,34.41574813,608.0066445,252.5601002,445.64,-4.80800951,-5.14012827,-5.25118765,0,0.75,0.83333333,0.83333333,0.7,0.5,0.83333333,1,0.77857143,0.16666667,0.75,0,0,0,0,0,0,0,0,0,0,0,0,0,0,0,0
1,19.95,0.42,3.1,13.23,0,0,0,0,0,0,381.96,0.08666667,49,25,50,26,7,2,0,12,24,19,1,3,0,1,0,1,0,0,0,2,6,1,48.97959184,38.7755102,2.04081633,6.12244898,2.04081633,0,2,2,12,0,2,0,0,0,2,0,0,0,0,0,0,-0.31684923,103.8591,57.61,65.99,3.77480108,5.3959,516.2639289,88.51485589,42.68334316,477.1262459,198.9205926,345.99,-4.59858092,-4.90606103,-5.00480108,0,1,1,1,1,0.5,1,1,0.92857143,0.16666667,1,1,0,0,0,0,0,0,0,0,0,0,0,0,0,0,0
1,14.95,0.28,3.61,8.7,0,0,0,0,0,0,528.63,0.05832148,69,38,72,41,6,4,0,12,31,28,4,3,0,0,3,0,0,0,0,0,10,3,44.92753623,40.57971014,5.79710145,4.34782609,4.34782609,0,4,5,24,1,3,0,0,1,2,1,0,0,0,1,0,0.17505001,136.5445,90.87,90.87,4.37188772,5.0556,668.6527059,176.2464657,36.02150137,634.1362126,263.2689396,483.9,-5.10610457,-5.47329334,-5.60188772,1,0.5,0.83333333,0.83333333,0.9,1,0.83333333,1,0.84285714,0.16666667,0.75,0,0,0,0,0,0,0,0,0,0,0,0,0,0,0,0
1,19.63,0.36,4.81,10.49,0,0,0,0,0,0,419.57,0.07311828,60,31,63,34,5,3,0,12,29,25,3,3,0,0,0,0,0,0,0,0,6,0,48.33333333,41.66666667,5,5,0,0,4,7,23,2,2,0,1,0,2,1,0,0,0,2,0,0.16103754,119.0329,78.51,78.51,2.69296369,3.2747,570.3938372,114.5805964,36.02150137,545.7142857,227.030445,405.43,-3.67901914,-3.87831551,-3.92296369,0,1,1,1,1,1,1,1,1,0.33333333,1,1,0,0,0,0,0,1,0,1,0,0,0,1,0,1,0
1,16.23,0.4,2.27,12.59,0,0,0,0,0,0,446.82,0.08666667,46,25,47,26,7,2,0,12,21,18,1,3,0,1,0,1,1,0,0,3,7,2,45.65217391,39.13043478,2.17391304,6.52173913,4.34782609,0,2,2,12,0,2,0,0,0,2,0,0,0,0,0,0,-0.27733075,106.4407,57.61,65.99,4.1548423,5.6581,517.9490417,88.51485589,42.68334316,482.7906977,201.2420892,347.97,-4.92161595,-5.26710018,-5.3848423,0,0.75,1,1,0.8,0.5,1,1,0.86428571,0.16666667,1,0,0,0,0,0,0,0,0,0,0,0,0,0,0,0,0
1,18.67,0.38,4.37,12.58,0,0,0,0,0,0,481.98,0.07056452,54,32,57,35,5,4,0,12,22,23,1,4,0,1,2,1,0,0,0,2,9,3,40.74074074,42.59259259,1.85185185,7.40740741,5.55555556,0,4,4,23,0,4,0,0,1,3,0,0,0,0,0,0,-0.71242451,115.8827,71.52,79.9,4.60096684,4.5946,551.3410741,127.6473466,0,535.9800665,223.0410108,406.12,-5.30082181,-5.6909185,-5.83096684,0,0.75,0.66666667,1,0.8,0.5,1,1,0.81666667,0.16666667,0.75,0,0,0,0,0,0,0,0,0,0,0,0,0,0,0,0
1,13.38,0.25,0.39,10.71,0,0,0,0,0,0,450.53,0.07007576,57,33,61,37,5,0,0,22,24,25,4,2,0,0,2,0,0,0,0,0,8,2,42.10526316,43.85964912,7.01754386,3.50877193,3.50877193,0,5,6,28,1,4,0,0,2,3,0,0,1,0,0,0,-0.75116238,122.0037,56.32,56.32,4.43935809,5.3565,531.1303728,90.16067553,0,533.2059801,221.9040902,382.98,-5.16345438,-5.53739018,-5.66935809,0,0.75,0.83333333,1,0.8,0.5,1,1,0.84047619,0.33333333,0.75,1,0,0,0,0,0,0,0,0,0,0,0,0,0,0,0
1,12.16,0.26,0.96,7.3,1,0,0,0,1,2,437.32,0.08201058,45,28,48,31,4,3,0,17,17,21,4,2,0,0,0,0,1,0,0,1,7,1,37.77777778,46.66666667,8.88888889,4.44444444,2.22222222,0,4,5,23,1,3,0,0,1,3,0,0,0,1,0,0,-0.32313875,111.6758,72.8,72.8,3.63679788,3.6457,467.0741924,87.7266247,18.01075068,473.7043189,197.5181635,341.54,-4.4812782,-4.77495799,-4.86679788,0,1,1,1,0.6,0,1,1,0.8,0.16666667,1,1,0,1,0,0,0,1,0,1,0,0,0,1,0,1,0
1,14.55,0.27,1.73,10.32,0,0,0,0,0,0,432.55,0.07258065,57,32,61,36,5,0,0,22,25,24,6,1,0,0,1,0,0,0,0,0,8,1,43.85964912,42.10526316,10.52631579,1.75438596,1.75438596,0,5,6,28,1,4,0,0,2,3,0,0,1,0,0,0,-0.74339949,123.4684,61,61,4.99647534,4.0122,527.0268504,79.19585947,0,530.282392,220.7058984,372.82,-5.63700404,-6.06665158,-6.22647534,0,0.75,0.83333333,1,0.8,0.5,1,1,0.84047619,0.16666667,0.75,1,0,0,0,0,0,1,0,1,0,0,0,1,0,1,0
1,16.47,0.31,3.3,9.9,0,0,0,0,0,0,471.76,0.06238859,79,34,80,35,13,3,0,6,45,28,3,3,0,0,0,0,0,0,0,0,6,0,56.96202532,35.44303797,3.79746835,3.79746835,0,0,2,2,12,0,2,0,0,0,2,0,0,0,0,0,0,0.11830245,136.9466,78.51,78.51,3.26176202,5.3693,747.7417557,114.5805964,36.02150137,673.4385382,279.3764501,500.87,-4.16249771,-4.41867391,-4.49176202,0,1,0.66666667,0.83333333,1,1,0.83333333,0.5,0.83333333,0.16666667,0.75,0,0,0,0,0,0,0,0,0,0,0,0,0,0,0,0
1,14.83,0.33,2.26,11.23,0,0,0,0,0,0,516.97,0.06854839,50,32,52,34,5,4,0,12,18,20,0,4,0,2,5,1,0,0,0,3,12,6,36,40,0,8,12,0,3,3,18,0,3,0,0,0,3,0,0,0,0,0,0,-0.61949957,109.8506,68.28,85.04,5.0758665,7.0967,536.5220492,163.4264705,0,517.4418605,215.4433854,397.58,-5.70448652,-6.14207317,-6.3058665,1,0.5,0.66666667,0.66666667,0.6,0.5,0.66666667,1,0.65714286,0.16666667,0.75,0,0,0,0,0,0,0,0,0,0,0,0,0,0,0,0
1,20.77,0.44,3.86,15.32,0,0,0,0,0,0,400.9,0.08615385,45,26,47,28,4,2,0,12,19,19,0,3,0,1,2,1,0,0,0,2,7,3,42.22222222,42.22222222,0,6.66666667,6.66666667,0,3,3,18,0,3,0,0,0,3,0,0,0,0,0,0,-0.29369258,96.9659,54.37,62.75,4.68162604,4.823,476.9417737,116.9165218,42.68334316,448.3554817,187.1292958,334.77,-5.36938213,-5.76754474,-5.91162604,0,0.75,0.83333333,1,0.8,0.5,1,1,0.84047619,0.33333333,0.875,1,0,0,0,0,0,1,0,0,0,0,0,0,0,1,0
1,14.41,0.27,2.62,9.16,0,0,0,0,0,0,496.54,0.06349206,59,36,63,40,5,1,0,22,23,25,6,2,0,0,3,0,0,0,0,0,11,3,38.98305085,42.37288136,10.16949153,3.38983051,5.08474576,0,5,6,29,1,4,0,0,2,2,1,0,0,0,1,0,-0.68917513,128.6119,78.07,78.07,3.77239984,4.518,563.5854291,134.1384909,0,562.1428571,233.763466,408.41,-4.59653986,-4.90377985,-5.00239984,0,1,0.83333333,1,0.8,0.5,1,1,0.87619048,0.16666667,0.75,0,0,0,0,0,0,0,0,0,0,0,0,0,0,0,0
1,13,0.27,1.54,8.24,0,0,0,0,0,0,549.56,0.06031746,66,36,68,38,12,3,0,18,30,27,2,4,0,1,0,2,0,0,0,3,9,2,45.45454545,40.90909091,3.03030303,6.06060606,3.03030303,0,3,3,18,0,3,0,0,0,3,0,0,0,0,0,0,0.17597383,145.9752,86.71,95.09,4.47064237,6.2355,702.5346137,131.6705336,60.69409384,664.4186047,275.679756,485.57,-5.19004602,-5.56711026,-5.70064237,1,0.5,0.66666667,0.66666667,0.7,0.5,0.66666667,0.5,0.6,0.16666667,0.625,0,0,0,0,0,0,0,0,0,0,0,0,0,0,0,0
1,16.71,0.31,3.19,12.76,0,0,0,0,0,0,466.53,0.06773619,58,34,62,38,4,2,0,17,24,25,4,3,0,0,2,0,0,0,0,0,9,2,41.37931034,43.10344828,6.89655172,5.17241379,3.44827586,0,5,6,29,1,4,0,0,1,4,0,0,0,1,0,0,-0.7292991,123.9757,61.11,61.11,4.08622254,4.0044,549.0267698,102.4484714,0,542.9568106,225.9003322,402.67,-4.86328916,-5.20191141,-5.31622254,0,1,0.83333333,1,0.8,0.5,1,1,0.87619048,0.16666667,0.75,1,0,0,0,0,0,0,0,1,0,0,0,1,0,0,0
1,11.7,0.24,-0.16,8.4,0,0,0,0,0,0,490.46,0.06628788,49,33,51,35,5,2,0,18,16,21,2,3,0,1,6,0,0,0,0,1,12,6,32.65306122,42.85714286,4.08163265,6.12244898,12.24489796,0,3,3,18,0,3,0,0,0,3,0,0,0,0,0,0,-0.23189672,110.6524,68.29,76.67,3.50883465,5.3087,505.7726636,178.2640466,16.40499744,498.255814,207.5802516,381.62,-4.37250945,-4.65339291,-4.73883465,0,1,0.83333333,1,0.4,0.5,1,1,0.81904762,0.16666667,0.875,0,0,0,0,0,0,0,0,0,0,0,0,0,0,0,0
0,13.15,0.29,0.74,7.86,0,0,0,0,0,0,382.29,0.0942029,37,24,39,26,4,2,0,17,13,16,3,2,0,1,0,2,0,0,0,3,8,2,35.13513514,43.24324324,8.10810811,5.40540541,5.40540541,0,3,3,17,0,3,0,0,1,2,0,0,0,0,0,0,-0.21856297,96.3504,63.99,72.37,3.06571753,4.0494,414.4076594,77.50347906,16.40499744,418.3222591,174.820598,293.97,-3.9958599,-4.23243165,-4.29571753,0,1,1,1,0.4,0,1,1,0.77142857,0.16666667,1,1,1,1,0,0,0,0,0,1,0,0,0,1,0,1,0
0,0,0,0,0,0,0,0,0,0,0,483.1,0.07311828,58,31,61,34,6,3,0,11,27,22,2,4,0,2,0,1,0,0,0,3,9,1,46.55172414,37.93103448,3.44827586,6.89655172,1.72413793,0,4,7,23,3,2,0,0,2,1,1,1,0,0,1,1,0.25692521,122.7977,84.5,121.12,3.02380174,4.6612,593.6631437,114.8735151,34.41574813,564.7508306,234.8323076,411.47,-3.96023148,-4.19261165,-4.25380174,0,1,0.83333333,1,1,0.5,1,1,0.9047619,0.16666667,0.875,0,0,0,0,0,0,0,0,0,0,0,0,0,0,0,0
1,15.76,0.29,3.67,6.86,0,0,0,0,0,0,378.48,0.08465608,50,28,54,32,4,1,0,16,22,20,6,2,0,0,0,0,0,0,0,0,8,0,44,40,12,4,0,0,5,6,27,2,4,0,0,3,2,1,0,0,0,0,0,-0.28779665,105.1285,86.86,86.86,2.34571528,2.0509,458.871321,104.1445879,18.01075068,457.7740864,190.9893797,322.52,-3.38385799,-3.54842951,-3.57571528,0,1,1,1,0.8,0.5,1,1,0.9,0.33333333,0.875,1,1,1,0,1,0,0,0,1,1,0,0,1,1,1,0
0,0,0,0,0,0,0,0,0,0,0,464.57,0.06554622,59,35,63,39,7,1,0,28,24,27,6,2,0,0,0,0,0,0,0,0,8,0,40.6779661,45.76271186,10.16949153,3.38983051,0,0,5,5,28,0,5,0,0,2,3,0,0,0,0,0,0,-0.76536419,135.359,78.07,78.07,3.66252307,4.5276,574.0762692,89.25815112,0,578.7541528,240.5713741,405.98,-4.50314461,-4.79939691,-4.89252307,0,1,0.83333333,1,0.6,0,1,1,0.77619048,0.16666667,0.75,0,0,0,0,0,0,0,0,0,0,0,0,0,0,0,0
0,0,0,0,0,0,0,0,0,0,0,393.52,0.07586207,53,30,56,33,5,1,0,24,23,26,3,1,0,0,0,0,0,0,0,0,4,0,43.39622642,49.05660377,5.66037736,1.88679245,0,0,4,4,24,0,4,0,0,0,4,0,0,0,0,0,0,-0.44796472,118.6147,54.88,54.88,3.62531227,4.5587,520.344639,76.72673681,18.01075068,521.0465116,216.9207015,372.79,-4.47151543,-4.76404666,-4.85531227,0,1,1,1,0.6,0.5,1,1,0.87142857,0.33333333,1,1,0,0,0,0,0,1,1,0,0,0,0,1,0,1,0
1,14.98,0.27,0.85,13.14,0,0,0,0,0,0,477.65,0.06349206,67,36,71,40,6,1,0,24,31,31,3,2,0,0,0,0,0,0,0,0,5,0,46.26865672,46.26865672,4.47761194,2.98507463,0,0,5,5,30,0,5,0,0,0,5,0,0,0,0,0,0,-0.46532753,144.6467,54.46,54.46,3.81559803,5.1307,628.862708,74.06540905,18.01075068,629.7840532,261.4852677,455.72,-4.63325832,-4.94481813,-5.04559803,0,1,0.83333333,1,0.8,0.5,1,1,0.87619048,0.33333333,0.75,0,0,0,0,0,0,0,0,0,0,0,0,0,0,0,0
1,0,0,0,0,0,0,0,0,0,0,384.85,0.09,40,25,42,27,3,3,0,12,15,18,0,3,0,1,2,1,0,0,0,2,7,3,37.5,45,0,7.5,7.5,0,3,3,18,0,3,0,0,0,3,0,0,0,0,0,0,-0.7113327,91.2072,51.21,59.59,4.38301191,4.1666,429.2235289,99.37810564,0,417.807309,174.6095529,314.83,-5.11556013,-5.48386132,-5.61301191,0,0.75,1,1,0.8,0.5,1,1,0.86428571,0.66666667,0.875,1,0,1,0,0,0,1,0,1,0,0,0,1,0,1,0
1,0,0,0,0,0,0,0,0,0,0,352.88,0.09881423,41,23,43,25,3,2,0,12,18,18,0,2,0,1,1,1,0,0,0,2,5,2,43.90243902,43.90243902,0,4.87804878,4.87804878,0,3,3,18,0,3,0,0,0,3,0,0,0,0,0,0,-0.77212822,90.3494,34.14,42.52,4.91324428,5.5239,422.1880784,59.27306534,0,412.2757475,172.3425195,302.61,-5.56625764,-5.98758207,-6.14324428,0,0.75,0.83333333,1,0.8,0.5,1,1,0.84047619,0.66666667,0.875,1,0,0,0,0,0,0,0,0,0,0,0,0,0,0,0
0,15.11,0.28,0.5,12,0,0,0,0,0,0,344.54,0.09333333,57,25,60,28,3,3,0,0,32,22,0,3,0,0,0,0,0,0,0,0,3,0,56.14035088,38.59649123,0,5.26315789,0,0,4,10,23,3,1,0,0,1,3,0,0,1,2,0,0,-0.86940663,98.7464,43.37,43.37,4.24453337,4.1943,514.2958877,61.28974195,0,468.6212625,195.4349436,358.17,-4.99785336,-5.3523067,-5.47453337,0,0.75,1,1,1,1,1,1,0.96428571,0.66666667,0.875,1,0,1,0,0,0,1,1,1,0,0,0,1,0,1,0
1,12.31,0.24,0.39,10.26,0,0,0,0,0,0,481.44,0.06595365,51,34,54,37,5,0,0,22,17,22,5,1,0,0,6,0,0,0,0,0,12,6,33.33333333,43.1372549,9.80392157,1.96078431,11.76470588,0,4,4,22,0,4,0,0,2,2,0,0,0,0,0,0,-0.64178321,114.5134,57.76,57.76,4.64100973,5.3634,501.6938735,150.7495898,0,499.551495,208.1112685,369.93,-5.33485827,-5.72895925,-5.87100973,0,0.75,0.66666667,1,0.8,0.5,1,1,0.81666667,0.33333333,0.75,0,0,0,0,0,0,0,0,0,0,0,0,0,0,0,0
0,19.71,0.4,2.11,9.71,1,0,0,0,1,2,253.7,0.13235294,29,17,30,18,3,2,0,6,12,12,1,3,0,0,0,1,0,0,0,1,5,1,41.37931034,41.37931034,3.44827586,10.34482759,3.44827586,0,2,3,12,1,1,0,0,0,2,0,0,0,1,0,0,-0.19819166,66.7611,51.47,51.47,2.97890936,2.3788,311.1500437,65.15545349,18.01075068,293.2724253,123.5706661,219.92,-3.92207296,-4.14996389,-4.20890936,0,1,1,1,0.8,0.5,1,1,0.9,0.83333333,1,1,0,1,0,0,0,0,0,1,0,1,1,1,0,1,0
1,19.96,0.36,3.57,11.92,0,0,0,0,0,0,358.49,0.08831909,49,27,53,31,4,0,0,21,22,21,6,0,0,0,0,0,0,0,0,0,6,0,44.89795918,42.85714286,12.24489796,0,0,0,5,7,28,2,3,0,0,2,3,0,0,2,0,0,0,-0.34555568,109.8138,60.04,60.04,4.27655509,4.1863,437.1469188,68.1222951,18.01075068,454.5348837,189.6618376,308.7,-5.02507183,-5.38272734,-5.50655509,0,0.75,1,1,0.8,0.5,1,1,0.86428571,0.16666667,0.75,1,0,1,0,1,0,1,1,1,0,0,0,1,0,1,0
1,18.38,0.35,2.98,12.03,0,0,0,0,0,0,392.93,0.08465608,49,28,53,32,4,0,0,21,21,21,6,0,0,0,0,1,0,0,0,1,7,1,42.85714286,42.85714286,12.24489796,0,2.04081633,0,5,7,28,2,3,0,0,2,3,0,0,2,0,0,0,-0.32313875,114.6186,60.04,60.04,4.76334041,4.8507,458.5488199,68.1222951,18.01075068,474.8671096,197.9947171,323.91,-5.43883935,-5.84517339,-5.99334041,0,0.75,0.83333333,1,0.8,0.5,1,1,0.84047619,0.16666667,0.75,1,0,0,0,0,0,1,1,0,0,0,0,0,0,1,0
1,18.01,0.34,1.29,17.04,0,0,0,0,0,0,404.55,0.08128079,50,29,54,33,4,0,0,22,21,23,4,0,0,1,1,0,0,0,0,1,6,1,42,46,8,0,2,0,5,6,28,1,4,0,0,2,3,0,0,1,0,0,0,-0.37058065,115.1608,42.74,70.98,5.0758665,5.4201,470.2382664,66.54192305,18.01075068,491.1295681,204.6596591,343.24,-5.70448652,-6.14207317,-6.3058665,0,0.75,0.83333333,0.83333333,0.7,0.5,0.83333333,1,0.77857143,0.16666667,0.75,1,0,0,0,0,0,0,0,0,0,0,0,0,0,0,0
1,13.21,0.25,2.21,8.64,0,0,0,0,0,0,510.57,0.06156156,62,37,66,41,7,1,0,22,25,26,6,2,0,0,3,0,0,0,0,0,11,3,40.32258065,41.93548387,9.67741935,3.22580645,4.83870968,0,5,6,27,1,4,0,0,3,2,0,0,1,0,0,0,-0.69755098,133.9127,78.07,78.07,3.97212833,5.0154,585.4771966,134.1384909,0,585.5481728,243.3558085,425.71,-4.76630908,-5.09352191,-5.20212833,0,0.75,0.83333333,0.83333333,0.7,0.5,0.83333333,1,0.77857143,0.16666667,0.75,0,0,0,0,0,0,0,0,0,0,0,0,0,0,0,0
1,13.94,0.27,-1.57,17.96,0,0,0,0,0,0,480.48,0.06417112,56,34,58,36,6,1,0,18,22,26,0,2,0,0,6,0,0,0,0,0,8,6,39.28571429,46.42857143,0,3.57142857,10.71428571,0,3,3,18,0,3,0,0,0,3,0,0,0,0,0,0,-0.36281893,117.9105,37.3,37.3,6.87553969,8.0173,567.9336854,157.5889498,42.68334316,538.0730897,223.8988073,416.18,-7.23420873,-7.8517627,-8.10553969,0,0.75,0.66666667,0.83333333,0.7,0.5,0.83333333,1,0.7547619,0.5,0.75,0,0,0,0,0,0,0,0,0,0,0,0,0,0,0,0
1,15.8,0.3,3.43,6.97,0,0,0,0,0,0,411.57,0.07586207,59,30,62,33,6,0,0,16,29,21,7,2,0,0,0,0,0,0,0,0,9,0,49.15254237,35.59322034,11.86440678,3.38983051,0,0,4,5,22,1,3,0,0,2,2,0,0,1,0,0,0,0.27596899,117.4968,93.26,93.26,3.3932413,2.8084,562.8842058,125.0523622,60.69409384,522.9401993,217.696803,365.82,-4.2742551,-4.54357923,-4.6232413,0,1,0.83333333,1,1,1,1,1,0.97619048,0.16666667,1,1,0,1,0,0,0,1,0,1,0,0,0,1,0,1,0
1,16.69,0.31,3.02,8.47,0,0,0,0,0,0,419.51,0.07526882,53,31,57,35,5,0,0,22,22,22,7,1,0,0,1,0,0,0,0,0,9,1,41.50943396,41.50943396,13.20754717,1.88679245,1.88679245,0,5,6,28,1,4,0,0,2,3,0,0,1,0,0,0,-0.29672464,115.1934,82.68,82.68,5.4498199,4.0214,493.0679128,110.8678258,18.01075068,500.0498339,208.3155057,349.22,-6.02234691,-6.4973289,-6.6798199,0,0.75,0.83333333,0.83333333,0.7,0.5,0.83333333,1,0.77857143,0.16666667,0.75,1,0,1,0,0,0,1,1,1,0,0,0,1,0,1,0
1,17.75,0.35,5.96,7.95,0,0,0,0,0,0,442.59,0.07096774,57,31,59,33,6,4,0,11,26,22,4,4,0,1,0,0,0,0,0,1,9,0,45.61403509,38.59649123,7.01754386,7.01754386,0,0,3,4,18,1,2,0,0,1,1,1,0,0,0,1,0,0.25692521,118.6931,98.82,127.06,1.76987552,1.4126,584.8501596,142.6047931,36.02150137,547.0265781,227.5682697,404.19,-2.89439419,-3.00138174,-2.99987552,0,1,1,1,1,1,1,1,1,0.33333333,1,1,0,1,0,0,0,0,0,1,0,0,0,1,0,1,0
0,0,0,0,0,0,0,0,0,0,0,476.1,0.06595365,68,34,71,37,12,1,0,21,34,30,1,2,0,0,0,1,0,0,0,1,4,1,50,44.11764706,1.47058824,2.94117647,1.47058824,0,4,7,23,2,2,0,0,1,3,0,0,2,0,0,0,-0.87515892,140.7147,31.23,31.23,7.06675901,9.2833,647.7017197,36.14481492,0,633.0232558,262.8128098,451.91,-7.39674516,-8.03342106,-8.29675901,0,0.75,0.5,0.66666667,0.7,0.5,0.66666667,0.5,0.61190476,0.5,0.625,0,0,0,0,0,0,0,0,0,0,0,0,0,0,0,0
0,11.09,0.21,-0.92,7.5,0,0,0,0,0,0,369.55,0.08262108,58,27,60,29,11,0,0,15,31,23,1,3,0,0,0,0,0,0,0,0,4,0,53.44827586,39.65517241,1.72413793,5.17241379,0,0,3,6,17,2,1,0,0,1,2,0,0,2,0,0,0,0.15742671,110.2175,54.62,54.62,4.15275765,5.5224,545.0787994,96.36657421,85.36668632,505.2159468,210.4327651,358.21,-4.91984401,-5.26511977,-5.38275765,0,0.75,0.83333333,0.83333333,1,1,0.83333333,0.5,0.82142857,0.33333333,0.875,1,0,0,0,0,0,0,0,0,0,0,0,0,0,0,0
1,17.02,0.33,3.79,11.41,1,0,0,0,1,2,435.95,0.07526882,53,31,57,35,4,4,0,15,22,23,5,2,0,0,0,1,0,0,0,1,8,1,41.50943396,43.39622642,9.43396226,3.77358491,1.88679245,0,5,7,28,2,3,0,0,2,3,0,0,1,1,0,0,-0.73513881,122.2496,65.06,65.06,2.8622289,2.0974,504.4858064,73.3240114,0,517.4584718,215.4501933,373.35,-3.82289456,-4.03911745,-4.0922289,0,1,1,1,0.8,0.5,1,1,0.9,0.33333333,0.875,1,0,0,0,0,0,0,0,1,0,0,0,1,0,1,0
1,14.45,0.28,3.18,8.31,0,0,0,0,0,0,451.62,0.06653226,67,32,68,33,11,3,0,6,35,24,3,3,0,0,2,0,0,0,0,0,8,2,52.23880597,35.82089552,4.47761194,4.47761194,2.98507463,0,2,2,12,0,2,0,0,0,2,0,0,0,0,0,0,0.20796981,119.2874,78.51,78.51,3.19391829,4.1711,641.1612676,144.5008229,36.02150137,585.6644518,243.4034639,443.81,-4.10483055,-4.35422238,-4.42391829,0,1,0.66666667,0.83333333,1,1,0.83333333,0.5,0.83333333,0.16666667,0.875,1,0,0,0,0,0,0,0,0,0,0,0,0,0,0,0
0,0,0,0,0,0,0,0,0,0,0,409.62,0.07356322,65,30,67,32,13,1,0,15,35,26,1,3,0,0,0,0,0,0,0,0,4,0,53.84615385,40,1.53846154,4.61538462,0,0,3,6,17,2,1,0,0,1,2,0,0,2,0,0,0,-0.8583912,121.8572,40.46,40.46,5.50809208,7.7786,602.2083364,47.14470281,0,568.2890365,236.282392,407.47,-6.07187827,-6.55268748,-6.73809208,0,0.75,0.66666667,0.66666667,0.9,1,0.66666667,0.5,0.73571429,0.33333333,0.75,0,0,0,0,0,0,0,0,0,0,0,0,0,0,0,0
1,15.56,0.3,2.23,8.99,0,0,0,0,0,0,466.64,0.07007576,60,33,64,37,6,0,0,21,27,24,6,1,0,1,1,0,0,0,0,1,9,1,45,40,10,1.66666667,1.66666667,0,5,6,27,1,4,0,0,3,2,0,0,1,0,0,0,0.2219362,128.6153,80.79,109.03,4.2584293,4.8198,576.9302725,125.8882737,60.69409384,564.5847176,234.7642285,393.97,-5.00966491,-5.36550784,-5.4884293,0,0.75,0.83333333,1,0.8,0.5,1,1,0.84047619,0.16666667,0.625,1,0,0,0,0,0,0,0,0,0,0,0,0,0,0,0
0,10.91,0.23,1.91,5.14,0,0,0,0,0,0,441,0.07635468,54,29,56,31,9,3,0,11,25,19,4,4,0,1,0,1,0,0,0,2,10,1,46.2962963,35.18518519,7.40740741,7.40740741,1.85185185,0,3,3,17,0,3,0,0,1,2,0,0,0,0,0,0,-0.23402445,110.8466,93.53,101.91,1.67171528,2.7215,543.6141202,116.7726079,18.01075068,518.5714286,215.9063232,375.42,-2.81095799,-2.90812951,-2.90171528,0,1,1,0.83333333,1,1,1,1,0.97619048,0.33333333,1,1,0,1,0,0,0,1,0,1,0,0,0,1,0,1,0
1,12.96,0.26,2.57,7.02,0,0,0,0,0,0,507.03,0.06595365,58,34,61,37,9,3,0,17,24,23,4,4,0,1,1,1,0,0,0,2,11,2,41.37931034,39.65517241,6.89655172,6.89655172,3.44827586,0,4,5,23,1,3,0,0,1,3,0,0,0,1,0,0,-0.27530304,127.3305,93.53,101.91,2.9576591,4.2128,585.6549784,131.7327212,18.01075068,575.6478405,239.2982953,419.51,-3.90401023,-4.12977614,-4.1876591,0,0.75,0.83333333,0.66666667,0.7,0.5,0.83333333,1,0.7547619,0.33333333,0.875,0,0,0,0,0,0,0,0,0,0,0,0,0,0,0,0
1,16.49,0.31,2.24,12.1,0,0,0,0,0,0,380.54,0.08201058,56,28,59,31,4,2,0,11,28,22,4,2,0,0,0,0,0,0,0,0,6,0,50,39.28571429,7.14285714,3.57142857,0,0,4,5,23,1,3,0,0,1,3,0,0,0,1,0,0,-0.77752619,110.7326,51.88,51.88,3.69849952,3.9953,517.1711245,61.52835699,0,496.6112957,206.9062687,361.02,-4.53372459,-4.83357454,-4.92849952,0,1,1,1,1,1,1,1,1,0.33333333,1,1,0,1,0,0,0,1,1,1,0,0,0,1,0,1,0
1,18.55,0.36,3.09,12.52,0,0,0,0,0,0,408.98,0.08374384,54,29,59,34,4,0,0,16,25,22,6,0,0,0,0,1,0,0,0,1,7,1,46.2962963,40.74074074,11.11111111,0,1.85185185,0,6,8,31,3,4,0,3,2,1,1,0,0,1,0,0,-0.3364416,116.2777,60.56,60.56,5.13134125,3.3318,488.9546162,68.24481721,18.01075068,494.5182724,206.0484723,345.03,-5.75164006,-6.19477419,-6.36134125,0,0.75,0.66666667,0.83333333,0.9,0.5,0.83333333,1,0.78333333,0.16666667,0.75,1,0,1,0,0,0,1,1,1,0,0,0,1,0,1,0
1,16.15,0.3,2.02,12.07,0,0,0,0,0,0,452.61,0.0719697,63,33,68,38,4,0,0,16,30,25,6,0,0,0,2,0,0,0,0,0,8,2,47.61904762,39.68253968,9.52380952,0,3.17460317,0,6,8,35,4,4,0,0,2,4,1,0,0,1,0,0,-0.3520827,125.8371,60.56,60.56,6.02247116,4.8184,551.450486,98.16504376,18.01075068,550.2491694,228.8890039,393.86,-6.50910049,-7.0413476,-7.25247116,0,0.75,0.5,0.83333333,0.7,0.5,0.83333333,1,0.73095238,0.16666667,0.75,1,0,0,0,0,0,1,0,0,0,0,0,0,0,1,0
1,16.39,0.35,1.9,12.4,0,0,0,0,0,0,435.93,0.07671958,49,28,50,29,7,2,0,12,21,19,1,3,0,1,3,1,0,0,0,2,9,4,42.85714286,38.7755102,2.04081633,6.12244898,8.16326531,0,2,2,12,0,2,0,0,0,2,0,0,0,0,0,0,-0.25245455,104.7916,57.61,65.99,4.37569712,5.852,524.7652745,133.3951957,42.68334316,485.89701,202.515168,364.2,-5.10934255,-5.47691227,-5.60569712,0,0.75,1,1,1,0.5,1,1,0.89285714,0.16666667,0.875,0,0,0,0,0,0,0,0,0,0,0,0,0,0,0,0
1,14.39,0.3,0.93,9.89,0,0,0,0,0,0,395.99,0.08307692,52,26,53,27,7,2,0,12,26,20,1,3,0,1,0,1,0,0,0,2,6,1,50,38.46153846,1.92307692,5.76923077,1.92307692,0,2,2,12,0,2,0,0,0,2,0,0,0,0,0,0,-0.3317137,108.4646,57.61,65.99,3.99779561,5.4764,548.2025097,88.51485589,42.68334316,500.5315615,208.512935,363.29,-4.78812627,-5.11790583,-5.22779561,0,1,1,1,1,1,1,1,1,0.16666667,1,1,0,0,0,0,0,0,0,0,0,0,0,0,0,0,0
1,13.79,0.28,1.73,11.91,0,0,0,0,0,0,606.27,0.05487805,82,41,86,45,7,3,0,12,41,31,3,4,0,1,1,1,0,0,0,2,10,2,50,37.80487805,3.65853659,4.87804878,2.43902439,0,5,5,30,0,5,0,0,0,5,0,0,0,0,0,0,-0.75122284,160.0847,70.16,78.54,4.3389202,6.5515,777.0362273,103.1850687,0,742.5581395,307.7041556,550.73,-5.07808217,-5.44197419,-5.5689202,1,0.5,0.83333333,0.83333333,0.9,1,0.83333333,1,0.84285714,0.16666667,0.625,0,0,0,0,0,0,0,0,0,0,0,0,0,0,0,0
1,16.12,0.29,1.6,10.46,0,0,0,0,0,0,425.53,0.07258065,55,32,59,36,6,0,0,27,23,25,5,2,0,0,0,0,0,0,0,0,7,0,41.81818182,45.45454545,9.09090909,3.63636364,0,0,5,6,28,1,4,0,0,2,3,0,0,1,0,0,0,-0.37169974,122.9231,65.61,65.61,2.92620838,4.5489,516.5412822,73.58158555,18.01075068,529.6511628,220.4471979,365.66,-3.87727712,-4.09989796,-4.15620838,0,1,1,1,0.6,0,1,1,0.8,0.33333333,0.875,1,0,0,0,0,0,1,0,0,0,0,0,1,0,1,0
1,13.43,0.25,3.98,6.8,0,0,0,0,0,0,500.6,0.06031746,66,36,68,38,7,4,0,12,30,26,4,4,0,0,2,0,0,0,0,0,10,2,45.45454545,39.39393939,6.06060606,6.06060606,3.03030303,0,3,4,19,1,2,0,0,0,2,1,0,0,0,1,0,0.20354084,129.1652,98.82,98.82,3.27112088,3.0046,661.2986942,172.5250196,36.02150137,612.192691,254.2756931,464.38,-4.17045275,-4.42756484,-4.50112088,0,0.75,0.83333333,0.83333333,0.9,1,0.83333333,1,0.87857143,0.16666667,0.875,0,0,0,0,0,0,0,0,0,0,0,0,0,0,0,0
1,13.26,0.28,1.17,11.63,0,0,0,0,0,0,533.56,0.06386555,65,35,68,38,9,2,0,18,30,27,2,3,0,1,0,2,0,0,0,3,8,2,46.15384615,41.53846154,3.07692308,4.61538462,3.07692308,0,4,5,24,1,3,0,0,0,4,0,0,0,1,0,0,-0.37298492,145.1996,60.85,69.23,4.51577838,6.6847,664.9559064,91.63916978,42.68334316,643.7707641,267.2175263,467.06,-5.22841162,-5.60998946,-5.74577838,1,0.5,0.66666667,0.66666667,0.7,0.5,0.83333333,1,0.6952381,0.16666667,0.75,0,0,0,0,0,0,0,0,0,0,0,0,0,0,0,0
0,0,0,0,0,0,0,0,0,0,0,325.44,0.0942029,47,24,49,26,5,1,0,12,23,20,1,3,0,0,0,0,0,0,0,0,4,0,48.93617021,42.55319149,2.12765957,6.38297872,0,0,3,3,18,0,3,0,0,0,3,0,0,0,0,0,0,-0.38311596,93.0356,49.77,49.77,2.65634059,3.6901,463.1145281,81.95247197,42.68334316,427.8571429,178.7283372,314.57,-3.6478895,-3.84352356,-3.88634059,0,1,1,1,1,0.5,1,1,0.92857143,0.5,1,1,1,1,0,1,1,1,0,1,0,0,0,1,1,1,0
1,16.72,0.31,2.9,8.28,0,0,0,0,0,0,439.43,0.07258065,48,32,52,36,3,0,1,21,16,22,5,2,0,0,3,0,0,0,0,0,10,3,33.33333333,45.83333333,10.41666667,4.16666667,6.25,0,5,7,28,2,3,0,0,2,3,0,0,2,0,0,0,-0.27877481,108.6091,88.75,88.75,3.56911003,4.4471,461.722622,131.3880083,16.78552955,475.3488372,198.1921464,345.51,-4.42374353,-4.71065453,-4.79911003,0,1,1,1,0.6,0.5,1,1,0.87142857,0.33333333,0.875,1,0,1,0,0,0,1,0,1,0,0,0,1,0,1,0
1,18.07,0.38,5.68,8.88,0,0,0,0,0,0,513.5,0.06628788,59,33,61,35,10,2,0,17,26,21,6,3,0,1,0,2,0,0,0,3,12,2,44.06779661,35.59322034,10.16949153,5.08474576,3.38983051,0,3,3,17,0,3,0,0,1,2,0,0,0,0,0,0,-0.23189672,135.9132,104.45,112.83,4.00575527,4.8995,637.0618134,141.3831479,42.68334316,594.833887,247.1614291,422.26,-4.79489198,-5.12546751,-5.23575527,0,0.75,0.5,0.66666667,0.7,0.5,0.83333333,1,0.70714286,0.16666667,0.875,0,0,0,0,0,0,0,0,0,0,0,0,0,0,0,0
1,17.46,0.37,4.33,12.14,0,0,0,0,0,0,487.49,0.07096774,59,31,61,33,9,2,0,12,28,22,2,4,0,1,0,2,0,0,0,3,9,2,47.45762712,37.28813559,3.38983051,6.77966102,3.38983051,0,3,3,18,0,3,0,0,0,3,0,0,0,0,0,0,-0.29672464,126.3523,70.08,78.46,2.95893801,4.7142,614.7876885,102.6390577,42.68334316,575.9634552,239.4276456,420.53,-3.90509731,-4.13099111,-4.18893801,0,1,0.83333333,0.83333333,1,1,1,1,0.95238095,0.33333333,0.875,0,0,0,0,0,0,0,0,0,0,0,0,0,0,0,0
1,15.08,0.32,1.48,10.69,0,0,0,0,0,0,493.49,0.06854839,58,32,60,34,10,2,0,18,26,24,2,3,0,1,0,2,0,0,0,3,8,2,44.82758621,41.37931034,3.44827586,5.17241379,3.44827586,0,3,3,18,0,3,0,0,0,3,0,0,0,0,0,0,0.20796981,133.5415,69.64,78.02,4.31282829,6.3451,620.1027379,106.5256066,60.69409384,591.5946844,245.833887,427.52,-5.05590405,-5.41718687,-5.54282829,0,0.75,0.66666667,0.83333333,0.8,0.5,1,1,0.79285714,0.16666667,0.75,0,0,0,0,0,0,0,0,0,0,0,0,0,0,0,0
1,17.57,0.37,4.05,7.47,0,0,0,0,0,0,383.94,0.08666667,47,25,48,26,7,3,1,6,22,17,3,3,0,1,0,1,0,0,0,2,8,1,46.80851064,36.17021277,6.38297872,6.38297872,2.12765957,0,2,2,13,0,2,0,0,0,1,1,0,0,0,0,0,-0.23781226,97.0961,90.27,98.65,1.5788735,3.1112,495.8770945,120.0465462,18.01075068,463.4717608,193.3244921,344.29,-2.73204247,-2.81992982,-2.8088735,0,1,1,1,1,0.5,1,1,0.92857143,0.33333333,1,1,1,1,0,0,0,1,0,1,1,0,0,1,1,1,0
1,0,0,0,0,0,0,0,0,0,0,754.09,0.03843466,117,54,118,55,22,5,0,12,63,41,5,8,0,0,0,0,0,0,0,0,13,0,53.84615385,35.04273504,4.27350427,6.83760684,0,0,2,2,12,0,2,0,0,0,2,0,0,0,0,0,0,1.93410073,206.7757,175.4,175.4,2.53733077,6.2545,1179.196467,265.5750707,114.7263459,1023.903654,423.0096945,767.62,-3.54673116,-3.73046423,-3.76733077,1,0.5,0.5,0.5,0.8,1,0.33333333,0,0.51904762,0.16666667,0.625,0,0,0,0,0,0,0,0,0,0,0,0,0,0,0,0
0,0,0,0,0,0,0,0,0,0,0,541.76,0.05398111,82,39,83,40,15,3,0,12,43,30,3,6,0,0,0,0,0,0,0,0,9,0,52.43902439,36.58536585,3.65853659,7.31707317,0,0,2,2,12,0,2,0,0,0,2,0,0,0,0,0,0,0.74760829,149.3621,117.2,117.2,2.7805659,4.8784,833.7606268,179.2637153,78.70484453,728.0730897,301.7676597,543.02,-3.75348102,-3.96153761,-4.0105659,0,0.75,0.5,0.66666667,0.9,1,0.66666667,0.5,0.71190476,0.33333333,0.75,0,0,0,0,0,0,0,0,0,0,0,0,0,0,0,0
1,15.54,0.3,3.33,8.66,0,0,0,0,0,0,473.56,0.06951872,60,34,65,39,4,0,0,16,26,23,7,1,0,0,3,0,0,0,0,0,11,3,43.33333333,38.33333333,11.66666667,1.66666667,5,0,6,8,34,3,4,0,0,3,2,2,0,0,1,0,0,-0.27530304,121.0054,84.9,84.9,6.50525907,4.2416,530.0965084,145.5801886,18.01075068,532.6910299,221.693045,385.12,-6.91947021,-7.49999612,-7.73525907,0,0.75,0.5,0.83333333,0.7,0.5,0.83333333,1,0.73095238,0.16666667,0.625,1,0,0,0,0,0,0,0,1,0,0,0,1,0,0,0
1,15.59,0.29,4.58,8.58,1,0,0,0,1,2,432.52,0.07459677,56,32,61,37,4,4,0,11,24,24,4,4,0,0,0,0,0,0,0,0,8,0,42.85714286,42.85714286,7.14285714,7.14285714,0,0,6,10,32,3,3,1,0,1,4,1,0,0,2,1,0,-0.74339949,119.6013,78.59,78.59,2.18785352,0.5462,509.280843,95.32378718,0,512.5581395,213.4418605,383.2,-3.24967549,-3.39846084,-3.41785352,0,1,0.83333333,1,0.8,0.5,1,1,0.87619048,0.33333333,0.875,1,0,0,0,0,0,0,0,1,0,0,0,1,0,1,0
1,17.54,0.33,5.08,11.9,1,0,0,0,1,2,470.49,0.06951872,55,34,60,39,3,4,0,11,21,24,4,3,0,0,3,0,0,0,0,0,10,3,38.18181818,43.63636364,7.27272727,5.45454545,5.45454545,0,6,10,32,3,3,1,0,1,4,1,0,0,2,1,0,-0.70012714,119.1118,69.36,69.36,3.24640304,1.5049,502.6665944,129.2042391,0,511.5780731,213.0401939,392.62,-4.14944258,-4.40408288,-4.47640304,0,1,0.66666667,1,0.8,0.5,1,1,0.85238095,0.33333333,0.75,1,0,0,0,0,0,0,0,1,0,0,0,1,0,0,0
1,16.67,0.32,3.85,11.98,1,0,0,0,1,2,498.55,0.06349206,61,36,65,40,3,5,0,11,25,26,4,3,0,0,3,0,0,0,0,0,10,3,40.98360656,42.62295082,6.55737705,4.91803279,4.91803279,0,5,7,29,2,3,0,0,1,4,0,0,0,2,0,0,-0.71674213,130.7385,69.36,69.36,3.57494457,2.6522,579.6558166,129.2042391,0,569.2857143,236.6908665,436.94,-4.42870289,-4.71619735,-4.80494457,0,1,0.83333333,1,0.8,0.5,1,1,0.87619048,0.33333333,0.75,0,0,0,0,0,0,0,0,0,0,0,0,0,0,0,0
1,16.48,0.31,4.23,10.85,1,0,0,0,1,2,456.46,0.07007576,52,33,56,37,3,5,0,11,19,23,4,3,0,0,3,0,0,0,0,0,10,3,36.53846154,44.23076923,7.69230769,5.76923077,5.76923077,0,5,7,29,2,3,0,0,1,4,0,0,0,2,0,0,-0.69106939,117.2645,69.36,69.36,2.96647534,1.6922,489.2516811,129.2042391,0,499.0697674,207.9138391,385.04,-3.91150404,-4.13815158,-4.19647534,0,1,0.83333333,1,0.8,0.5,1,1,0.87619048,0.5,0.875,1,0,0,0,0,0,0,0,1,0,0,0,1,0,0,0
1,17.23,0.34,4.16,9.57,0,0,0,0,0,0,420.55,0.07635468,54,29,56,31,7,3,0,12,25,21,2,4,0,1,1,0,0,0,0,1,8,1,46.2962963,38.88888889,3.7037037,7.40740741,1.85185185,0,3,3,19,0,3,0,0,0,2,1,0,0,0,0,0,-0.30230255,109.2126,75.71,84.09,2.4864566,3.812,528.1090538,114.9471916,18.01075068,507.6744186,211.4403355,376.24,-3.50348811,-3.68213377,-3.7164566,0,1,1,1,1,0.5,1,1,0.92857143,0.33333333,1,1,0,1,0,0,0,1,1,1,0,0,0,1,0,1,0
1,18.48,0.4,5.14,7.51,0,0,0,0,0,0,423.88,0.07977208,44,27,45,28,8,3,1,6,17,16,3,3,0,1,3,1,0,0,0,2,11,4,38.63636364,36.36363636,6.81818182,6.81818182,9.09090909,0,2,2,9,0,2,1,0,0,1,0,0,0,0,0,0,0.41385641,92.7568,104.26,112.64,1.69567383,3.0701,483.0674756,179.8133228,32.89718747,448.8372093,187.3267251,345.2,-2.83132276,-2.93089014,-2.92567383,0,1,1,1,1,1,1,1,1,0.33333333,1,1,0,1,0,0,0,1,0,1,1,0,0,1,0,1,0
1,10.05,0.19,0.18,5.54,0,0,0,0,0,0,629.97,0.05151515,104,45,110,51,7,2,0,0,59,37,1,7,0,0,0,0,0,0,0,0,8,0,56.73076923,35.57692308,0.96153846,6.73076923,0,0,7,25,36,5,2,1,1,1,4,1,0,2,2,2,0,0.63780698,168.7178,114.32,114.32,4.18784427,4.9839,958.2839833,186.6669547,103.377437,828.3056478,342.846577,629.39,-4.94966763,-5.29845205,-5.41784427,1,0.5,0.66666667,0.83333333,0.9,1,0.83333333,1,0.81904762,0.16666667,0.75,0,0,0,0,0,0,0,0,0,0,0,0,0,0,0,0
1,14.36,0.27,2.17,9.48,0,0,0,0,0,0,473.6,0.06554622,63,35,67,39,8,3,0,17,28,27,5,2,0,0,1,0,0,0,0,0,8,1,44.44444444,42.85714286,7.93650794,3.17460317,1.58730159,0,5,5,25,0,5,1,0,2,2,0,0,0,0,0,0,-0.37298492,133.4508,73.97,73.97,4.31445767,4.3203,590.3237062,105.8110519,18.01075068,586.5282392,243.7574751,430.77,-5.05728902,-5.41873479,-5.54445767,0,0.75,0.83333333,1,0.8,0.5,1,1,0.84047619,0.16666667,0.625,0,0,0,0,0,0,0,0,0,0,0,0,0,0,0,0
1,14.37,0.27,2.63,9.93,0,0,0,0,0,0,498.55,0.06349206,61,36,65,40,5,2,0,17,25,26,4,3,0,0,3,0,0,0,0,0,10,3,40.98360656,42.62295082,6.55737705,4.91803279,4.91803279,0,5,6,29,1,4,0,0,1,4,0,0,0,1,0,0,-0.32749251,128.2129,72.11,72.11,4.38694457,4.4928,584.9087301,149.09204,42.68334316,569.2857143,236.6908665,426.04,-5.11890289,-5.48759735,-5.61694457,0,0.75,0.83333333,1,0.8,0.5,1,1,0.84047619,0.16666667,0.625,0,0,0,0,0,0,0,0,0,0,0,0,0,0,0,0
1,17.64,0.32,1.98,10.48,0,0,0,0,0,0,385.51,0.07881773,52,29,55,32,6,0,0,23,23,23,5,1,0,0,0,0,0,0,0,0,6,0,44.23076923,44.23076923,9.61538462,1.92307692,0,0,4,4,23,0,4,0,0,1,3,0,0,0,0,0,0,-0.37058065,116.7505,64.86,64.86,4.14974128,4.4036,503.1602139,79.12218299,18.01075068,498.2724253,207.5870595,348.17,-4.91728008,-5.26225421,-5.37974128,0,1,1,1,0.6,0.5,1,1,0.87142857,0.16666667,1,1,0,1,0,0,0,1,1,1,0,0,0,1,0,1,0
1,18.09,0.38,5.38,7.51,0,0,0,0,0,0,396.89,0.08923077,43,26,46,29,3,3,0,11,17,16,4,4,0,1,0,1,0,0,0,2,10,1,39.53488372,37.20930233,9.30232558,9.30232558,2.3255814,0,4,7,23,3,2,0,0,1,3,0,1,1,0,1,0,-0.17962922,95.7787,95.6,103.98,0.97430024,2.1606,434.0579427,101.763649,16.66300743,430.3156146,179.7359076,311.16,-2.21815521,-2.24558523,-2.20430024,0,1,1,1,0.8,0.5,1,1,0.9,0.5,1,1,0,1,0,0,0,0,0,1,1,0,0,1,0,1,0
1,17.56,0.37,3.34,11.48,0,0,0,0,0,0,431.9,0.08201058,45,28,48,31,3,3,0,11,17,18,3,2,0,1,3,1,0,0,0,2,10,4,37.77777778,40,6.66666667,4.44444444,8.88888889,0,4,7,23,3,2,0,0,1,3,0,1,1,0,1,0,-0.21711245,101.7747,66.06,74.44,3.25117848,4.3934,449.593259,107.37486,16.66300743,449.8172758,187.7283917,335.39,-4.15350171,-4.40861956,-4.48117848,0,1,1,1,0.8,0.5,1,1,0.9,0.33333333,1,1,0,1,0,0,0,1,0,1,0,0,0,1,0,1,0
1,21.84,0.48,4.82,13.17,0,0,0,0,0,0,398.34,0.09333333,42,25,45,28,3,3,0,11,17,17,3,2,0,1,0,2,0,0,0,3,8,2,40.47619048,40.47619048,7.14285714,4.76190476,4.76190476,0,4,7,23,3,2,0,0,1,3,0,1,1,0,1,0,-0.23781226,99.9703,66.06,74.44,2.91163568,3.5898,436.4170788,62.49452016,16.66300743,437.9734219,182.8743533,315.09,-3.86489032,-4.08605389,-4.14163568,0,1,1,1,0.8,0.5,1,1,0.9,0.5,1,1,0,1,0,0,0,1,0,1,0,0,0,1,0,1,0
1,16.71,0.32,3.56,10.87,0,0,0,0,0,0,461.67,0.06628788,70,33,72,35,10,1,0,11,37,25,5,1,0,0,2,0,0,0,0,0,8,2,52.85714286,35.71428571,7.14285714,1.42857143,2.85714286,0,3,4,17,1,2,0,0,1,2,0,0,0,1,0,0,0.83164749,127.4599,70.98,70.98,4.47826665,4.4105,655.168144,125.8829352,54.03225205,604.6843854,251.1985186,442.27,-5.19652665,-5.57435331,-5.70826665,0,0.75,0.66666667,0.83333333,1,1,1,1,0.89285714,0.16666667,0.75,1,0,0,0,0,0,0,0,0,0,0,0,0,0,0,0
1,17.11,0.31,2.01,12.11,0,0,0,0,0,0,397.51,0.07586207,53,30,56,33,6,1,0,23,23,25,3,2,0,0,0,0,0,0,0,0,5,0,43.39622642,47.16981132,5.66037736,3.77358491,0,0,4,4,23,0,4,0,0,1,3,0,0,0,0,0,0,-0.41494968,117.9679,56.15,56.15,3.78330103,4.0759,513.2032532,70.94109515,18.01075068,514.5348837,214.2520015,366.92,-4.60580588,-4.91413598,-5.01330103,0,1,1,1,0.6,0.5,1,1,0.87142857,0.33333333,1,1,0,1,0,0,0,1,1,1,0,0,0,1,0,1,0
0,0,0,0,0,0,0,0,0,0,0,514.55,0.06156156,62,37,66,41,6,0,0,22,25,26,4,4,0,0,3,0,0,0,0,0,11,3,40.32258065,41.93548387,6.4516129,6.4516129,4.83870968,0,5,6,28,1,4,0,0,2,3,0,0,1,0,0,0,-0.31129811,129.0164,95.43,95.43,4.45061523,4.2557,613.8957007,169.1823495,42.68334316,579.0365449,240.6871086,423.93,-5.17302295,-5.54808447,-5.68061523,1,0.5,0.83333333,0.83333333,0.7,0.5,0.83333333,1,0.74285714,0.16666667,0.625,0,0,0,0,0,0,0,0,0,0,0,0,0,0,0,0
1,14.22,0.28,2.54,9.61,0,0,0,0,0,0,481.5,0.07007576,49,33,53,37,4,0,0,21,16,20,7,0,0,1,5,0,0,0,0,1,13,5,32.65306122,40.81632653,14.28571429,0,10.20408163,0,5,6,28,1,4,0,0,2,3,0,0,1,0,0,0,-0.20185023,114.766,71.24,99.48,5.4601032,4.5076,474.4530713,161.1457193,18.01075068,489.4850498,203.9856762,351.26,-6.03108772,-6.50709804,-6.6901032,0,0.75,0.66666667,0.83333333,0.5,0.5,0.83333333,1,0.72619048,0.16666667,0.625,0,0,0,0,0,0,0,0,0,0,0,0,0,0,0,0
1,15.22,0.3,3.77,7.99,0,0,0,0,0,0,491.45,0.06773619,53,34,57,38,5,0,0,15,19,19,7,2,0,0,6,0,0,0,0,0,15,6,35.8490566,35.8490566,13.20754717,3.77358491,11.32075472,0,5,7,27,3,3,0,0,3,2,1,0,1,0,0,0,-0.15861519,107.5298,93.61,93.61,5.3158221,4.1358,490.2074649,201.4604163,18.01075068,482.7740864,201.2352813,357.92,-5.90844878,-6.37003099,-6.5458221,0,0.75,0.5,0.83333333,0.7,0.5,0.83333333,1,0.73095238,0.16666667,0.625,0,0,0,0,0,0,0,0,1,0,0,0,0,0,0,0
1,15.88,0.31,3.86,9.54,0,0,0,0,0,0,483.5,0.06773619,56,34,60,38,5,0,0,16,22,21,7,1,0,0,5,0,0,0,0,0,13,5,39.28571429,37.5,12.5,1.78571429,8.92857143,0,5,7,28,3,3,0,0,2,3,1,0,1,0,0,0,-0.21695911,116.0285,80.47,80.47,5.07789376,4.417,514.6311205,173.9551149,18.01075068,509.7674419,212.2981319,375.02,-5.7062097,-6.14399907,-6.30789376,0,0.75,0.66666667,0.83333333,0.7,0.5,0.83333333,1,0.7547619,0.16666667,0.625,0,0,0,0,0,0,0,0,1,0,0,0,0,0,0,0
1,15.58,0.31,3.07,10.94,0,0,0,0,0,0,504.01,0.06722689,60,35,65,40,4,0,0,17,25,24,7,0,0,0,3,1,0,0,0,1,11,4,41.66666667,40,11.66666667,0,6.66666667,0,6,8,35,3,4,0,0,2,3,2,0,0,1,0,0,-0.28794445,131.6684,71.76,71.76,6.36678964,5.6081,552.6791113,133.0350005,18.01075068,559.5348837,232.6946245,406.2,-6.8017712,-7.36845016,-7.59678964,1,0.5,0.5,0.66666667,0.6,0.5,0.66666667,1,0.63333333,0.16666667,0.625,0,0,0,0,0,0,0,0,0,0,0,0,0,0,0,0
1,15.49,0.29,3.07,10.29,0,0,0,0,0,0,498.62,0.06507937,65,36,70,41,4,0,0,17,29,25,8,0,0,0,3,0,0,0,0,0,11,3,44.61538462,38.46153846,12.30769231,0,4.61538462,0,6,8,35,3,4,0,0,2,3,2,0,0,1,0,0,-0.2999255,134.9076,75,75,6.0244603,5.1783,573.4974113,136.1593144,18.01075068,579.1860465,240.7483797,419.29,-6.51079126,-7.04323729,-7.2544603,0,0.75,0.5,0.83333333,0.7,0.5,0.83333333,1,0.73095238,0.16666667,0.625,0,0,0,0,0,0,0,0,0,0,0,0,0,0,0,0
1,11.77,0.23,0.41,8.92,0,0,0,0,0,0,567.51,0.05641026,60,40,64,44,5,1,0,22,20,26,5,2,0,0,7,0,0,0,0,0,14,7,33.33333333,43.33333333,8.33333333,3.33333333,11.66666667,0,5,6,29,1,4,0,0,2,2,1,0,0,0,1,0,-0.64567796,131.3278,74.83,74.83,4.70540082,7.3254,584.8538268,190.8546301,0,580.6644518,241.3542835,438.99,-5.3895907,-5.79013078,-5.93540082,1,0.5,0.66666667,0.83333333,0.7,0.5,0.83333333,1,0.71904762,0.16666667,0.625,0,0,0,0,0,0,0,0,0,0,0,0,0,0,0,0
1,12.76,0.25,1.87,9.29,0,0,0,0,0,0,568.5,0.05641026,59,40,63,44,5,1,0,22,19,25,6,2,0,0,7,0,0,0,0,0,15,7,32.20338983,42.37288136,10.16949153,3.38983051,11.86440678,0,5,6,29,1,4,0,0,2,2,1,0,0,0,1,0,-0.62084419,129.8385,78.07,78.07,4.16897195,5.8117,574.9205565,193.978944,0,573.8372093,238.5562333,432.69,-4.93362616,-5.28052335,-5.39897195,1,0.5,0.83333333,0.83333333,0.5,0.5,0.83333333,1,0.71428571,0.16666667,0.75,0,0,0,0,0,0,0,0,0,0,0,0,0,0,0,0
1,17.46,0.33,5.1,8.43,0,0,0,0,0,0,438.55,0.06854839,59,32,61,34,7,4,0,12,27,24,4,3,0,0,1,0,0,0,0,0,8,1,45.76271186,40.6779661,6.77966102,5.08474576,1.69491525,0,3,4,19,1,2,0,0,0,2,1,0,0,0,1,0,0.20796981,119.6312,90.87,90.87,2.83647534,3.0674,589.1236863,146.081195,36.02150137,552.7076412,229.8965743,414.92,-3.80100404,-4.01465158,-4.06647534,0,1,1,1,1,0.5,1,1,0.92857143,0.33333333,1,1,0,0,0,0,0,1,0,1,0,0,0,1,0,1,0
1,17.91,0.34,5.29,8.64,0,0,0,0,0,0,438.55,0.06854839,59,32,61,34,7,4,0,12,27,24,4,3,0,0,1,0,0,0,0,0,8,1,45.76271186,40.6779661,6.77966102,5.08474576,1.69491525,0,3,4,19,1,2,0,0,0,2,1,0,0,0,1,0,0.20796981,119.6312,90.87,90.87,2.83647534,3.0674,589.1236863,146.081195,36.02150137,552.7076412,229.8965743,414.92,-3.80100404,-4.01465158,-4.06647534,0,1,1,1,1,0.5,1,1,0.92857143,0.33333333,1,1,0,0,0,0,0,1,0,1,0,0,0,1,0,1,0
1,15.33,0.28,4.02,7.23,0,0,0,0,0,0,428.53,0.07056452,56,32,59,35,5,4,0,17,24,25,4,3,0,0,0,0,0,0,0,0,7,0,42.85714286,44.64285714,7.14285714,5.35714286,0,0,4,6,25,2,2,0,0,0,3,1,0,0,1,1,0,0.17699483,122.1912,90.87,90.87,2.52820838,2.5386,551.9441842,131.1210817,36.02150137,540.8637874,225.0425358,397.61,-3.53897712,-3.72179796,-3.75820838,0,1,1,1,0.8,0.5,1,1,0.9,0.33333333,1,1,0,0,0,0,0,1,0,1,0,0,0,1,0,1,0
1,12.9,0.27,1.15,11.75,0,0,0,0,0,0,495.93,0.06854839,51,32,53,34,5,3,0,12,19,21,1,3,0,1,5,1,0,0,0,2,11,6,37.25490196,41.17647059,1.96078431,5.88235294,11.76470588,0,3,3,18,0,3,0,0,0,3,0,0,0,0,0,0,-0.65047455,109.2859,54.45,62.83,4.95318577,4.6201,535.8546879,147.3827594,0,513.372093,213.775448,395.94,-5.6002079,-6.02552648,-6.18318577,0,0.75,0.66666667,1,0.8,0.5,1,1,0.81666667,0.16666667,0.75,0,0,0,0,0,0,0,0,0,0,0,0,0,0,0,0
1,14.38,0.27,2.73,9.48,0,0,0,0,0,0,514.53,0.06156156,59,37,63,41,5,1,0,22,22,25,6,2,0,0,4,0,0,0,0,0,12,4,37.28813559,42.37288136,10.16949153,3.38983051,6.77966102,0,5,6,29,1,4,0,0,2,2,1,0,0,0,1,0,-0.67072209,128.8283,78.07,78.07,3.87263398,4.7235,566.4192109,149.0986042,0,565.0664452,234.9616579,414.48,-4.68173888,-4.99900228,-5.10263398,0,0.75,0.83333333,0.83333333,0.7,0.5,0.83333333,1,0.77857143,0.16666667,0.75,0,0,0,0,0,0,0,0,0,0,0,0,0,0,0,0
0,11.51,0.21,-0.58,8.08,0,0,0,0,0,0,349.46,0.08615385,49,26,51,28,5,1,0,17,23,22,1,3,0,0,0,0,0,0,0,0,4,0,46.93877551,44.89795918,2.04081633,6.12244898,0,0,3,4,18,1,2,0,0,0,3,0,0,0,1,0,0,-0.40775594,102.8183,49.77,49.77,4.24596133,4.1784,487.7835176,81.95247197,42.68334316,460.3820598,192.0582212,332.99,-4.99906713,-5.35366326,-5.47596133,0,0.75,1,1,0.8,0.5,1,1,0.86428571,0.33333333,0.875,1,0,1,0,1,0,1,1,1,0,0,0,1,0,1,0
1,14.42,0.27,2.78,10.41,1,0,0,0,1,2,469.51,0.06773619,56,34,60,38,4,4,0,15,22,24,5,2,0,0,3,0,0,0,0,0,10,3,39.28571429,42.85714286,8.92857143,3.57142857,5.35714286,0,5,7,28,2,3,0,0,2,3,0,0,1,1,0,0,-0.70012714,123.4185,65.06,65.06,3.17244908,2.3753,517.6619866,118.2043512,0,529.3023256,220.3042318,393.65,-4.08658172,-4.33382662,-4.40244908,0,1,0.83333333,1,0.8,0.5,1,1,0.87619048,0.16666667,0.75,1,0,0,0,0,0,0,0,1,0,0,0,1,0,0,0
1,13.61,0.27,2.25,10.59,0,0,0,0,0,0,546.19,0.06156156,73,37,77,41,8,3,0,12,36,28,3,4,0,1,0,1,0,0,0,2,9,1,49.31506849,38.35616438,4.10958904,5.47945205,1.36986301,0,5,5,27,0,5,1,0,0,4,0,0,0,0,0,0,-0.75120874,145.6303,70.16,78.54,3.40712659,5.8905,691.7394188,88.22495543,0,669.4186047,277.7289363,492.76,-4.2860576,-4.55677026,-4.63712659,0,0.75,0.83333333,0.83333333,0.9,1,0.83333333,1,0.87857143,0.16666667,0.75,0,0,0,0,0,0,0,0,0,0,0,0,0,0,0,0
1,16.19,0.29,1.07,9.88,0,0,0,0,0,0,413.49,0.07526882,51,31,55,35,5,0,0,27,20,24,5,1,0,0,1,0,0,0,0,0,7,1,39.21568627,47.05882353,9.80392157,1.96078431,1.96078431,0,5,6,28,1,4,0,0,2,3,0,0,1,0,0,0,0.19300009,116.9683,67.76,67.76,3.58194508,4.9621,475.4362238,77.54181094,34.79628023,499.4186047,208.0568052,345.64,-4.43465332,-4.72284783,-4.81194508,0,1,1,1,0.6,0,1,1,0.8,0.16666667,0.875,1,0,0,0,0,0,1,1,0,0,0,0,0,0,1,0
1,17.42,0.37,4.58,9.85,0,0,0,0,0,0,527.05,0.06595365,55,34,58,37,6,4,0,18,21,23,2,4,0,2,2,1,0,0,0,3,11,3,38.18181818,41.81818182,3.63636364,7.27272727,5.45454545,0,4,4,24,0,4,0,0,0,4,0,0,0,0,0,0,-0.27530304,125.2424,93.2,109.96,3.615343,5.1746,579.7096191,151.7366577,16.40499744,572.5747508,238.0388323,422.09,-4.46304155,-4.75457585,-4.845343,0,0.75,0.83333333,0.83333333,0.7,0.5,0.83333333,1,0.77857143,0.16666667,0.875,0,0,0,0,0,0,0,0,0,0,0,0,0,0,0,0
1,15.42,0.28,2.39,11.22,0,0,0,0,0,0,444.58,0.07007576,61,33,65,37,6,2,0,17,28,26,4,3,0,0,0,0,0,0,0,0,7,0,45.90163934,42.62295082,6.55737705,4.91803279,0,0,5,6,29,1,4,0,0,1,4,0,0,0,1,0,0,-0.78120888,127.5408,61.11,61.11,3.81822254,4.4357,565.2509736,72.52824488,0,560.5149502,233.0962911,407.83,-4.63548916,-4.94731141,-5.04822254,0,1,1,1,0.8,0.5,1,1,0.9,0.16666667,0.875,1,0,0,0,0,0,1,0,1,0,0,0,1,0,1,0
1,13.18,0.27,2.17,10.34,0,0,0,0,0,0,550.15,0.06156156,70,37,74,41,6,3,0,12,33,27,3,4,0,1,1,1,0,0,0,2,10,2,47.14285714,38.57142857,4.28571429,5.71428571,2.85714286,0,5,6,30,1,4,0,0,0,5,0,0,0,1,0,0,-0.72437986,143.0136,70.16,78.54,3.84574216,5.6426,660.555356,103.1850687,0,648.9368771,269.3347857,481.53,-4.65888083,-4.97345505,-5.07574216,0,0.75,0.83333333,0.83333333,0.9,1,0.83333333,1,0.87857143,0.16666667,0.75,0,0,0,0,0,0,0,0,0,0,0,0,0,0,0,0
1,11.72,0.24,1.44,9.49,0,0,0,0,0,0,568.14,0.05974395,70,38,74,42,6,3,0,12,32,27,3,4,0,1,2,1,0,0,0,2,11,3,45.71428571,38.57142857,4.28571429,5.71428571,4.28571429,0,5,6,30,1,4,0,0,0,5,0,0,0,1,0,0,-0.70548852,143.23,70.16,78.54,3.94312659,5.8481,663.3891379,118.145182,0,651.8604651,270.5329775,487.6,-4.7416576,-5.06597026,-5.17312659,0,0.75,0.83333333,0.83333333,0.9,1,0.83333333,1,0.87857143,0.16666667,0.75,0,0,0,0,0,0,0,0,0,0,0,0,0,0,0,0
1,18.68,0.36,3.14,12.61,0,0,0,0,0,0,408.98,0.08374384,54,29,59,34,4,0,0,16,25,22,6,0,0,0,0,1,0,0,0,1,7,1,46.2962963,40.74074074,11.11111111,0,1.85185185,0,6,8,31,3,4,0,3,2,1,1,0,0,1,0,0,-0.3364416,116.2777,60.56,60.56,5.13134125,3.3318,488.9546162,68.24481721,18.01075068,494.5182724,206.0484723,345.03,-5.75164006,-6.19477419,-6.36134125,0,0.75,0.66666667,0.83333333,0.9,0.5,0.83333333,1,0.78333333,0.16666667,0.75,1,0,1,0,0,0,1,1,1,0,0,0,1,0,1,0
1,17.2,0.32,3.71,8.15,0,0,0,0,0,0,389.51,0.08128079,52,29,56,33,5,0,0,21,23,21,7,1,0,0,0,0,0,0,0,0,8,0,44.23076923,40.38461538,13.46153846,1.92307692,0,0,5,7,28,2,3,0,0,2,3,0,0,2,0,0,0,-0.30230255,114.1201,82.16,82.16,3.0370902,3.0193,473.019774,95.90771254,18.01075068,480.8637874,200.4523719,328.49,-3.97152667,-4.20523569,-4.2670902,0,1,1,1,0.8,0.5,1,1,0.9,0.16666667,0.875,1,0,1,0,0,0,1,0,1,1,0,0,1,0,1,0
1,0,0,0,0,0,0,0,0,0,0,397.98,0.09333333,45,25,48,28,4,2,0,11,20,18,1,3,0,2,0,1,0,0,0,3,7,1,44.44444444,40,2.22222222,6.66666667,2.22222222,0,4,7,23,3,2,0,0,2,1,1,1,0,0,1,1,-0.27733075,101.2817,55.4,92.02,3.232839,4.3522,453.2929761,71.7178374,16.40499744,451.9435216,188.5998039,325.12,-4.13791315,-4.39119705,-4.462839,0,1,1,1,0.8,0.5,1,1,0.9,0.16666667,1,1,0,1,0,0,0,1,0,1,0,0,0,1,0,1,0
1,0,0,0,0,0,0,0,0,0,0,384.54,0.08547009,51,27,54,30,4,3,0,12,24,21,2,3,0,1,0,0,0,0,0,1,6,0,47.05882353,41.17647059,3.92156863,5.88235294,0,0,4,7,24,3,2,0,0,1,2,1,1,0,0,1,1,0.23069234,104.8848,75.27,83.65,2.88051219,3.2435,478.8019,103.8736272,34.41574813,476.9601329,198.8525135,349.02,-3.83843537,-4.05648658,-4.11051219,0,1,1,1,0.8,0.5,1,1,0.9,0.33333333,1,1,1,1,0,0,0,1,0,1,1,0,0,1,1,1,0
1,0,0,0,0,0,0,0,0,0,0,414.57,0.07881773,55,29,58,32,6,3,0,12,26,22,2,4,0,1,0,0,0,0,0,1,7,0,47.27272727,40,3.63636364,7.27272727,0,0,4,7,24,3,2,0,0,1,2,1,1,0,0,1,1,0.22790168,111.4884,84.5,92.88,2.32734041,3.1934,519.9942299,114.8735151,34.41574813,510.1162791,212.441098,375.11,-3.36823935,-3.53097339,-3.55734041,0,1,1,1,0.8,0.5,1,1,0.9,0.33333333,1,1,0,1,0,0,0,1,0,1,1,0,0,1,0,1,0
1,0,0,0,0,0,0,0,0,0,0,447.6,0.07258065,57,32,61,36,5,3,0,18,25,25,3,3,0,1,0,0,0,0,0,1,7,0,43.85964912,43.85964912,5.26315789,5.26315789,0,0,5,8,30,3,3,0,0,1,3,1,1,0,0,1,1,0.17699483,122.9006,88.16,96.54,3.01134393,3.7572,538.7662373,120.6591568,34.41574813,547.6910299,227.840586,398.04,-3.94964234,-4.18077673,-4.24134393,0,1,1,1,0.8,0.5,1,1,0.9,0.16666667,0.875,1,0,0,0,0,0,1,0,1,0,0,0,1,0,1,0
1,0,0,0,0,0,0,0,0,0,0,496.15,0.07056452,62,32,65,35,8,3,0,11,30,23,3,3,0,2,0,1,0,0,0,3,9,1,48.38709677,37.09677419,4.83870968,4.83870968,1.61290323,0,4,7,23,3,2,0,0,2,1,1,1,0,0,1,1,0.23894479,130.9759,78.51,115.13,3.09693801,4.4061,609.8154314,106.9979411,34.41574813,594.9833887,247.2227003,430.98,-4.02239731,-4.26209111,-4.32693801,0,1,0.83333333,1,1,1,1,1,0.97619048,0.16666667,0.875,0,0,0,0,0,0,0,0,0,0,0,0,0,0,0,0
0,11.41,0.24,1.91,5.55,0,0,0,0,0,0,455.03,0.07356322,57,30,59,32,9,3,0,11,27,20,4,4,0,1,0,1,0,0,0,2,10,1,47.36842105,35.0877193,7.01754386,7.01754386,1.75438596,0,3,3,17,0,3,0,0,1,2,0,0,0,0,0,0,-0.24987445,115.2648,93.53,101.91,1.8947098,3.099,573.8758241,116.7726079,18.01075068,541.9767442,225.4986657,392.72,-3.00050333,-3.11997431,-3.1247098,0,1,0.83333333,0.83333333,1,1,1,1,0.95238095,0.33333333,1,1,0,0,0,0,0,1,0,1,0,0,0,1,0,0,0
0,12.41,0.26,1.47,7.43,0,0,0,0,0,0,400.97,0.08615385,51,26,53,28,5,3,0,6,25,18,2,4,0,1,0,1,0,0,0,2,8,1,49.01960784,35.29411765,3.92156863,7.84313725,1.96078431,0,3,3,17,0,3,0,0,1,2,0,0,0,0,0,0,-0.68438014,100.8958,66.92,75.3,2.29701357,3.9618,504.354762,85.10064154,0,476.2956811,198.5801972,352.3,-3.34246153,-3.50216289,-3.52701357,0,1,1,1,1,1,1,1,1,0.33333333,1,1,0,1,0,0,0,1,1,1,0,0,0,1,0,1,0
0,0,0,0,0,0,0,0,0,0,0,491.62,0.06349206,66,36,70,40,8,2,0,17,30,27,5,3,0,0,1,0,0,0,0,0,9,1,45.45454545,40.90909091,7.57575758,4.54545455,1.51515152,0,5,6,28,1,4,0,0,2,3,0,0,1,0,0,0,0.17597383,136.0093,84.14,84.14,4.04461523,3.8054,625.0055298,137.1825641,60.69409384,603.4219269,250.6811176,442.2,-4.82792295,-5.16238447,-5.27461523,0,1,0.83333333,1,0.8,0.5,1,1,0.87619048,0.16666667,0.75,0,0,0,0,0,0,0,0,0,0,0,0,0,0,0,0
1,14.53,0.27,1.21,8.92,0,0,0,0,0,0,428.51,0.07258065,53,32,57,36,5,0,0,27,21,24,6,1,0,0,1,0,0,0,0,0,8,1,39.62264151,45.28301887,11.32075472,1.88679245,1.88679245,0,5,6,28,1,4,0,0,2,3,0,0,1,0,0,0,-0.34072476,120.0216,69.79,69.79,3.63480954,4.5565,498.9399951,94.32734049,18.01075068,515.9966777,214.8510974,356.64,-4.47958811,-4.77306906,-4.86480954,0,1,1,1,0.6,0,1,1,0.8,0.16666667,0.875,1,0,0,0,0,0,1,0,0,0,0,0,1,0,1,0
1,0,0,0,0,0,0,0,0,0,0,495.16,0.07258065,63,32,67,36,7,2,0,11,31,24,2,3,0,2,0,1,0,0,0,3,8,1,49.20634921,38.0952381,3.17460317,4.76190476,1.58730159,0,5,8,28,3,3,0,0,3,1,1,1,0,0,1,1,-0.34072476,131.2592,58.64,95.26,3.74807991,5.3294,597.7144159,74.8421513,16.40499744,590.9136213,245.5547628,427.56,-4.57586792,-4.88067592,-4.97807991,0,1,0.83333333,1,1,1,1,1,0.97619048,0.16666667,0.75,0,0,0,0,0,0,0,0,0,0,0,0,0,0,0,0
1,13.8,0.26,1.63,10.6,0,0,0,0,0,0,468.53,0.06773619,57,34,61,38,5,0,0,22,23,24,6,1,0,0,3,0,0,0,0,0,10,3,40.35087719,42.10526316,10.52631579,1.75438596,5.26315789,0,5,6,28,1,4,0,0,2,3,0,0,1,0,0,0,-0.70012714,123.9012,61,61,5.20244908,4.4232,532.6944141,109.116086,0,536.1295681,223.102282,384.96,-5.81208172,-6.26232662,-6.43244908,0,0.75,0.66666667,0.83333333,0.7,0.5,0.83333333,1,0.7547619,0.16666667,0.625,1,0,0,0,0,0,0,0,1,0,0,0,1,0,0,0
1,14.27,0.27,2.28,8.91,0,0,0,0,0,0,461.47,0.06818182,52,33,55,36,5,0,0,22,19,21,7,1,0,0,4,0,0,0,0,0,12,4,36.53846154,40.38461538,13.46153846,1.92307692,7.69230769,0,4,4,22,0,4,0,0,2,2,0,0,0,0,0,0,-0.6309764,111.6271,73.89,73.89,4.74476329,4.6143,509.9938307,140.9842509,0,503.4551495,209.7111268,362.49,-5.4230488,-5.82752513,-5.97476329,0,0.75,0.66666667,1,0.8,0.5,1,1,0.81666667,0.16666667,0.75,1,0,0,0,0,0,1,0,0,0,0,0,1,0,0,0
1,15.13,0.28,0.91,11.13,0,0,0,0,0,0,414.55,0.07526882,57,31,61,35,5,0,0,22,26,25,4,2,0,0,0,0,0,0,0,0,6,0,45.61403509,43.85964912,7.01754386,3.50877193,0,0,5,6,28,1,4,0,0,2,3,0,0,1,0,0,0,-0.79906392,122.8806,56.32,56.32,4.64100973,5.223,525.4628091,60.24044899,0,527.358804,219.5077066,370.84,-5.33485827,-5.72895925,-5.87100973,0,0.75,0.83333333,1,0.8,0.5,1,1,0.84047619,0.33333333,0.75,1,0,0,0,0,0,0,0,0,0,0,0,0,0,0,0
1,15.11,0.28,1.46,7.23,0,0,0,0,0,0,390.46,0.08128079,48,29,52,33,4,0,0,22,19,21,6,1,0,0,1,0,0,0,0,0,8,1,39.58333333,43.75,12.5,2.08333333,2.08333333,0,5,6,28,1,4,0,0,2,3,0,0,1,0,0,0,-0.30230255,109.0506,81.66,81.66,5.9813671,4.0995,447.2350361,109.2527621,18.01075068,460.0664452,191.928871,320.92,-6.47416203,-7.00229874,-7.2113671,0,0.75,0.83333333,0.83333333,0.7,0.5,0.83333333,1,0.77857143,0.16666667,0.75,1,0,1,0,0,0,1,0,1,0,0,0,1,0,1,0
1,14.69,0.28,2.19,7.97,0,0,0,0,0,0,438.58,0.07526882,54,31,58,35,6,0,0,21,23,22,6,1,0,1,1,0,0,0,0,1,9,1,42.59259259,40.74074074,11.11111111,1.85185185,1.85185185,0,5,6,27,1,4,0,0,3,2,0,0,1,0,0,0,0.25692521,119.5595,80.79,109.03,3.8361032,4.2373,512.195456,125.8882737,60.69409384,517.7740864,215.5795436,359.37,-4.65068772,-4.96429804,-5.0661032,0,1,1,1,0.8,0.5,1,1,0.9,0.16666667,0.875,1,0,0,0,0,0,1,0,1,0,0,0,1,0,1,0
1,18.84,0.4,5.28,9.02,0,0,0,0,0,0,484.45,0.07096774,54,31,56,33,9,2,0,17,23,20,5,3,0,1,0,2,0,0,0,3,11,2,42.59259259,37.03703704,9.25925926,5.55555556,3.7037037,0,3,3,17,0,3,0,0,1,2,0,0,0,0,0,0,-0.23279952,126.452,101.21,109.59,4.12392156,4.4564,591.0854715,138.258834,42.68334316,554.8504983,230.7747944,393.96,-4.89533333,-5.23772548,-5.35392156,0,1,0.83333333,0.83333333,0.8,0.5,1,1,0.85238095,0.16666667,0.875,0,0,0,0,0,0,0,0,1,0,0,0,0,0,0,0
1,13.2,0.27,2.01,7.13,0,0,0,0,0,0,546.52,0.06190476,61,36,64,39,10,2,0,23,25,25,5,3,0,1,0,2,0,0,0,3,11,2,40.98360656,40.98360656,8.19672131,4.91803279,3.27868852,0,4,4,23,0,4,0,0,1,3,0,0,0,0,0,0,-0.2999255,143.998,101.21,109.59,4.94945415,6.2117,656.3692835,138.3813561,42.68334316,632.4086379,262.5609172,449.28,-5.59703602,-6.02198144,-6.17945415,1,0.5,0.5,0.66666667,0.7,0.5,0.83333333,1,0.67142857,0.16666667,0.75,0,0,0,0,0,0,0,0,0,0,0,0,0,0,0,0
1,17.2,0.38,4.15,10.04,0,0,0,0,0,0,545.91,0.06417112,57,34,59,36,11,3,0,17,23,22,4,4,0,1,0,3,0,0,0,4,12,3,40.35087719,38.59649123,7.01754386,7.01754386,5.26315789,0,3,3,17,0,3,0,0,1,2,0,0,0,0,0,0,-0.24613108,133.5615,93.53,101.91,3.06105794,5.154,635.6718121,116.7726079,18.01075068,608.0232558,252.5669081,438.92,-3.99189925,-4.22800505,-4.29105794,0,0.75,0.66666667,0.66666667,0.7,0.5,0.66666667,0.5,0.63571429,0.16666667,0.75,0,0,0,0,0,0,0,0,0,0,0,0,0,0,0,0
1,15,0.31,2.54,9.02,0,0,0,0,0,0,521.5,0.06417112,60,34,62,36,10,3,0,18,26,25,2,4,0,1,0,2,0,0,0,3,9,2,43.33333333,41.66666667,3.33333333,6.66666667,3.33333333,0,3,3,18,0,3,0,0,0,3,0,0,0,0,0,0,0.20581834,136.825,86.71,95.09,4.07691996,5.7445,650.3811423,131.6705336,60.69409384,617.6079734,256.4950711,450.97,-4.85538197,-5.19307396,-5.30691996,0,0.75,0.66666667,0.66666667,0.7,0.5,0.83333333,1,0.73095238,0.16666667,0.875,0,0,0,0,0,0,0,0,0,0,0,0,0,0,0,0
1,16.53,0.35,2.99,10.27,0,0,0,0,0,0,468.44,0.07356322,53,30,55,32,9,2,0,17,23,21,3,3,0,1,0,2,0,0,0,3,9,2,43.39622642,39.62264151,5.66037736,5.66037736,3.77358491,0,3,3,17,0,3,0,0,1,2,0,0,0,0,0,0,-0.28288949,121.9318,75.43,83.81,3.41022818,5.1863,574.422464,105.1778633,42.68334316,545.0996678,226.7785524,389.26,-4.28869395,-4.55971677,-4.64022818,0,1,0.83333333,0.83333333,0.8,0.5,1,1,0.85238095,0.16666667,0.875,1,0,0,0,0,0,0,0,0,0,0,0,0,0,0,0
1,16.42,0.33,3.46,9.7,0,0,0,0,0,0,466.5,0.07258065,50,32,54,36,3,2,0,17,18,21,4,2,0,1,4,0,0,0,0,1,11,4,36,42,8,4,8,0,5,8,29,3,3,0,0,1,4,0,1,1,0,1,0,-0.24779983,109.475,78.95,87.33,3.14222818,4.263,474.5715139,139.1205028,16.66300743,486.8770764,202.9168346,360.61,-4.06089395,-4.30511677,-4.37222818,0,1,0.83333333,1,0.8,0.5,1,1,0.87619048,0.33333333,0.75,1,0,0,0,0,0,0,0,1,0,0,0,1,0,0,0
1,19.45,0.42,6.05,11.76,0,0,0,0,0,0,505.05,0.07056452,55,32,58,35,6,4,0,12,23,21,2,4,0,2,2,1,0,0,0,3,11,3,41.81818182,38.18181818,3.63636364,7.27272727,5.45454545,0,4,4,22,0,4,0,1,0,3,0,0,0,0,0,0,-0.24779983,118.7993,83.55,100.31,4.62822818,4.206,555.8942009,136.4696888,16.40499744,547.192691,227.6363488,406.31,-5.32399395,-5.71681677,-5.85822818,1,0.5,0.66666667,0.83333333,0.7,0.5,0.83333333,1,0.71904762,0.16666667,0.75,0,0,0,0,0,0,0,0,1,0,0,0,0,0,0,0
1,10.51,0.21,-0.12,8.14,0,0,0,0,0,0,607.76,0.04994193,85,42,86,43,13,3,0,6,43,30,3,3,0,0,6,0,0,0,0,0,12,6,50.58823529,35.29411765,3.52941176,3.52941176,7.05882353,0,2,2,12,0,2,0,0,0,2,0,0,0,0,0,0,0.17266094,148.894,78.51,78.51,4.74945024,7.2539,816.8979184,204.341276,36.02150137,737.7906977,305.7502859,571.89,-5.42703271,-5.83197773,-5.97945024,1,0.5,0.5,0.66666667,0.9,1,0.66666667,0.5,0.67619048,0.16666667,0.625,0,0,0,0,0,0,0,0,0,0,0,0,0,0,0,0
1,15.66,0.29,2.71,8.41,0,0,0,0,0,0,391.5,0.08128079,51,29,55,33,4,0,0,21,22,21,7,0,0,0,1,0,0,0,0,0,8,1,43.1372549,41.17647059,13.7254902,0,1.96078431,0,5,7,28,2,3,0,0,2,3,0,0,2,0,0,0,-0.30230255,114.1269,72.93,72.93,4.70732106,4.7552,461.3505722,99.62289369,18.01075068,474.0365449,197.6543217,325.77,-5.3912229,-5.791955,-5.93732106,0,0.75,0.83333333,1,0.8,0.5,1,1,0.84047619,0.16666667,0.75,1,0,0,0,0,0,1,1,0,0,0,0,0,0,1,0
1,13.67,0.26,1.15,10.03,0,0,0,0,0,0,440.52,0.07258065,55,32,59,36,4,0,0,21,23,23,6,0,0,0,3,0,0,0,0,0,9,3,41.81818182,41.81818182,10.90909091,0,5.45454545,0,5,7,28,2,3,0,0,2,3,0,0,2,0,0,0,-0.30974979,120.0787,60.04,60.04,5.82956485,5.7515,501.5578766,113.0026349,18.01075068,510.1162791,212.441098,361.51,-6.34513012,-6.85808661,-7.05956485,0,0.75,0.83333333,0.83333333,0.7,0.5,0.83333333,1,0.77857143,0.16666667,0.75,0,0,0,0,0,0,0,0,0,0,0,0,0,0,0,0
1,13.28,0.24,0.75,9.26,0,0,0,0,0,0,418.57,0.07526882,58,31,62,35,6,0,0,21,27,24,6,0,0,0,1,0,0,0,0,0,7,1,46.55172414,41.37931034,10.34482759,0,1.72413793,0,5,7,28,2,3,0,0,2,3,0,0,2,0,0,0,-0.36064975,124.1966,60.04,60.04,5.29356485,5.8579,518.2109079,83.08240837,18.01075068,527.6744186,219.6370568,366.67,-5.88953012,-6.34888661,-6.52356485,0,0.75,0.83333333,0.83333333,0.7,0.5,0.83333333,1,0.77857143,0.16666667,0.75,0,0,0,0,0,0,0,0,0,0,0,0,0,0,0,0
1,13.07,0.24,0.8,9.11,0,0,0,0,0,0,418.57,0.07526882,58,31,62,35,5,0,0,21,27,24,6,0,0,0,1,0,0,0,0,0,7,1,46.55172414,41.37931034,10.34482759,0,1.72413793,0,5,7,28,2,3,0,0,2,3,0,0,2,0,0,0,-0.36064975,124.0674,60.04,60.04,5.29356485,5.721,521.9670486,83.08240837,18.01075068,527.6744186,219.6370568,366.67,-5.88953012,-6.34888661,-6.52356485,0,0.75,0.83333333,0.83333333,0.7,0.5,0.83333333,1,0.77857143,0.16666667,0.75,0,0,0,0,0,0,0,0,0,0,0,0,0,0,0,0
1,18.58,0.34,3.62,8.44,0,0,0,0,0,0,403.45,0.07816092,48,30,52,34,3,0,1,21,18,22,5,2,0,0,1,0,0,0,0,0,8,1,37.5,45.83333333,10.41666667,4.16666667,2.08333333,0,5,7,28,2,3,0,0,2,3,0,0,2,0,0,0,-0.31590454,107.893,88.75,88.75,3.35614924,4.1965,456.0550583,101.4677818,16.78552955,469.5016611,195.7957628,333.37,-4.24272685,-4.50834177,-4.58614924,0,1,1,1,0.8,0.5,1,1,0.9,0.33333333,0.875,1,0,1,0,0,0,1,0,1,0,0,0,1,0,1,0
0,14.07,0.27,0.32,9.45,0,0,0,0,0,0,373.52,0.08831909,46,27,50,31,4,0,0,22,19,21,5,0,0,1,0,0,0,0,0,1,6,0,41.30434783,45.65217391,10.86956522,0,0,0,5,6,28,1,4,0,0,2,3,0,0,1,0,0,0,-0.34555568,110.2916,55.63,83.87,5.10455823,4.8048,436.6208847,68.24481721,18.01075068,457.9734219,191.0710746,313.57,-5.7288745,-6.16933032,-6.33455823,0,0.75,0.83333333,0.83333333,0.5,0.5,0.83333333,1,0.75,0.16666667,0.75,1,0,0,0,1,0,1,0,0,0,0,0,0,0,1,0
1,16.57,0.3,2.47,7.48,0,0,0,0,0,0,382.46,0.08128079,47,29,51,33,3,1,0,23,18,22,6,1,0,0,0,0,0,0,0,0,7,0,38.29787234,46.80851064,12.76595745,2.12765957,0,0,5,8,30,2,3,0,0,1,3,1,0,0,0,2,0,0.22790168,108.8704,92.25,92.25,3.7865851,3.2032,443.0141313,111.4004949,36.02150137,466.2624585,194.4682207,326.87,-4.60859733,-4.91725584,-5.0165851,0,1,1,1,0.6,0,1,1,0.8,0.33333333,0.875,1,1,1,0,0,0,1,0,1,1,0,0,1,0,1,0
1,14.15,0.27,2.31,10.33,0,0,0,0,0,0,502.49,0.06349206,55,36,59,40,4,1,0,22,19,24,6,1,0,0,5,0,0,0,0,0,12,5,34.54545455,43.63636364,10.90909091,1.81818182,9.09090909,0,5,6,29,1,4,0,0,2,2,1,0,0,0,1,0,-0.66160812,122.5815,68.84,68.84,4.52072918,4.9454,528.0606629,153.0588296,0,534.833887,222.5712652,394.46,-5.2326198,-5.61469272,-5.75072918,1,0.5,0.66666667,0.83333333,0.7,0.5,0.83333333,1,0.71904762,0.16666667,0.625,0,0,0,0,0,0,0,0,0,0,0,0,0,0,0,0
1,18.14,0.33,4.26,9.59,0,0,0,0,0,0,402.56,0.07816092,56,30,60,34,5,0,0,21,26,22,8,0,0,0,0,0,0,0,0,0,8,0,46.42857143,39.28571429,14.28571429,0,0,0,5,7,28,2,3,0,0,2,3,0,0,2,0,0,0,-0.31590454,122.399,76.17,76.17,4.06787552,3.737,503.8805218,88.03213854,18.01075068,511.0963455,212.8427646,348,-4.84769419,-5.18448174,-5.29787552,0,1,1,1,0.8,0.5,1,1,0.9,0.16666667,0.875,1,0,0,0,0,0,1,0,1,0,0,0,1,0,1,0
1,15.68,0.3,2.78,10.29,0,0,0,0,0,0,472.57,0.06951872,61,34,66,39,4,0,0,16,27,24,6,1,0,0,3,0,0,0,0,0,10,3,44.26229508,39.3442623,9.83606557,1.63934426,4.91803279,0,6,8,34,3,4,0,0,3,2,2,0,0,1,0,0,-0.30447501,124.0793,72.01,72.01,5.83556215,4.8353,535.4159831,128.794659,18.01075068,539.5182724,224.4910953,391.42,-6.35022783,-6.86378404,-7.06556215,0,0.75,0.5,0.83333333,0.7,0.5,0.83333333,1,0.73095238,0.16666667,0.625,1,0,0,0,0,0,0,0,0,0,0,0,0,0,0,0
1,20.67,0.41,4.41,13.99,0,0,0,0,0,0,334.53,0.1027668,49,23,52,26,3,2,0,6,26,18,2,2,0,1,0,0,0,0,0,1,5,0,53.06122449,36.73469388,4.08163265,4.08163265,0,0,4,7,23,3,1,0,0,2,1,1,1,0,0,1,1,-0.32643684,92.4135,49.41,57.79,3.57680424,3.6655,434.6029151,62.23651017,16.40499744,425.5647841,177.7888459,309.79,-4.4302836,-4.71796402,-4.80680424,0,1,1,1,1,1,1,1,1,0.5,1,1,1,1,0,1,0,1,0,1,0,0,0,1,1,1,0
1,17.44,0.35,5.86,13.69,0,0,0,0,0,0,485.63,0.07007576,63,33,67,37,4,3,0,6,30,23,3,3,0,1,3,0,0,0,0,1,10,3,47.61904762,36.50793651,4.76190476,4.76190476,4.76190476,0,5,8,29,3,2,0,0,2,2,1,1,0,0,1,1,-0.29198971,121.9262,61.88,70.26,3.36651945,3.5733,562.7208182,121.2410518,16.40499744,552.5083057,229.8148794,419.29,-4.25154153,-4.51819347,-4.59651945,0,1,0.83333333,1,1,1,1,1,0.97619048,0.16666667,0.75,0,0,0,0,0,0,0,0,1,0,0,0,0,0,0,0
1,0,0,0,0,0,0,0,0,0,0,550.15,0.06156156,70,37,74,41,6,3,0,12,33,27,3,4,0,1,1,1,0,0,0,2,10,2,47.14285714,38.57142857,4.28571429,5.71428571,2.85714286,0,5,6,30,1,4,0,0,0,5,0,0,0,1,0,0,-0.72437986,143.0136,70.16,78.54,3.84574216,5.6426,660.555356,103.1850687,0,648.9368771,269.3347857,481.53,-4.65888083,-4.97345505,-5.07574216,0,0.75,0.83333333,0.83333333,0.9,1,0.83333333,1,0.87857143,0.16666667,0.75,0,0,0,0,0,0,0,0,0,0,0,0,0,0,0,0
1,13.02,0.27,2.34,8.11,0,0,0,0,0,0,492.09,0.06818182,63,33,66,36,9,3,0,12,30,24,3,4,0,1,0,1,0,0,0,2,9,1,47.61904762,38.0952381,4.76190476,6.34920635,1.58730159,0,4,5,23,1,3,0,0,1,3,0,0,0,1,0,0,-0.32203621,130.7329,78.95,87.33,2.87582815,4.8653,608.6834375,103.1113922,18.01075068,593.8372093,246.7529546,435.92,-3.83445393,-4.05203674,-4.10582815,0,1,0.83333333,0.83333333,1,1,1,1,0.95238095,0.33333333,0.875,0,0,0,0,0,0,0,0,0,0,0,0,0,0,0,0
1,17.01,0.32,1.69,9.86,0,0,0,0,0,0,407.43,0.07816092,46,30,50,34,2,0,1,21,16,22,5,0,0,0,3,0,0,0,0,0,8,3,34.7826087,47.82608696,10.86956522,0,6.52173913,0,5,7,28,2,3,0,0,2,3,0,0,2,0,0,0,-0.31590454,105.3939,70.29,70.29,5.10020268,5.2891,433.5492868,109.3882326,16.78552955,455.8471761,190.1996623,327.93,-5.72517228,-6.16519255,-6.33020268,0,0.75,0.83333333,0.83333333,0.5,0.5,0.83333333,1,0.75,0.33333333,0.75,1,0,0,0,0,0,0,0,0,0,0,0,0,0,0,0
1,18.98,0.35,3.16,10.07,0,0,0,0,0,0,402.46,0.07816092,49,30,53,34,3,0,1,21,19,23,4,2,0,0,1,0,0,0,0,0,7,1,38.7755102,46.93877551,8.16326531,4.08163265,2.04081633,0,5,7,28,2,3,0,0,2,3,0,0,2,0,0,0,-0.34891959,110.4543,75.86,75.86,2.70424558,4.6506,460.7619224,84.80477436,16.78552955,476.3289037,198.593813,339.67,-3.68860874,-3.8890333,-3.93424558,0,1,1,1,0.8,0.5,1,1,0.9,0.5,0.875,1,0,0,0,0,0,1,1,0,0,0,0,1,0,1,0
1,18.53,0.34,3.77,10.54,0,0,0,0,0,0,415.55,0.07526882,56,31,60,35,6,0,0,22,25,23,7,1,0,0,0,0,0,0,0,0,8,0,44.64285714,41.07142857,12.5,1.78571429,0,0,5,6,28,1,4,0,0,2,3,0,0,1,0,0,0,-0.32868719,122.3431,73.03,73.03,4.33876329,3.9713,511.0844605,82.369019,18.01075068,520.5315615,216.7096563,360.45,-5.0779488,-5.44182513,-5.56876329,0,0.75,1,1,0.8,0.5,1,1,0.86428571,0.16666667,0.75,1,0,0,0,0,0,1,0,1,0,0,0,1,0,1,0
1,17.89,0.35,4.6,9.62,0,0,0,0,0,0,469.45,0.06628788,53,33,55,35,5,3,0,12,20,22,3,3,0,0,5,0,0,0,0,0,11,5,37.73584906,41.50943396,5.66037736,5.66037736,9.43396226,0,3,6,19,2,1,0,0,0,2,1,0,0,0,2,0,0.92178697,107.7115,87.3,87.3,2.58956485,3.2914,535.9534373,204.2675995,54.03225205,508.1561462,211.6377648,396.24,-3.59113012,-3.78008661,-3.81956485,0,1,0.83333333,1,1,0.5,1,1,0.9047619,0.33333333,0.875,1,0,0,0,0,0,0,0,1,0,0,0,1,0,0,0
1,14.67,0.28,2,8.22,0,0,0,0,0,0,452.61,0.07258065,57,32,61,36,7,0,0,21,25,23,6,1,0,1,1,0,0,0,0,1,9,1,43.85964912,40.35087719,10.52631579,1.75438596,1.75438596,0,5,6,27,1,4,0,0,3,2,0,0,1,0,0,0,0.23894479,124.4249,80.79,109.03,4.04906399,4.2997,538.2721917,125.8882737,60.69409384,541.179402,225.1718861,376.67,-4.83170439,-5.16661079,-5.27906399,0,1,0.83333333,1,0.8,0.5,1,1,0.87619048,0.16666667,0.875,1,0,0,0,0,0,1,0,1,0,0,0,1,0,1,0
0,0,0,0,0,0,0,0,0,0,0,366.55,0.08262108,57,27,59,29,11,1,0,15,30,23,2,2,0,0,0,0,0,0,0,0,4,0,52.63157895,40.35087719,3.50877193,3.50877193,0,0,3,6,17,2,1,0,0,1,2,0,0,2,0,0,0,-0.41882131,109.9105,43.26,43.26,4.47896217,5.8117,522.2594901,54.1555656,18.01075068,504.9003322,210.3034149,357.78,-5.19711784,-5.57501406,-5.70896217,0,0.75,0.83333333,0.83333333,1,0.5,0.83333333,0.5,0.75,0.33333333,0.75,0,0,0,0,0,0,0,0,0,0,0,0,0,0,0,0
0,11.2,0.21,2.4,7.76,1,0,0,0,1,2,459.57,0.06773619,60,34,64,38,5,3,0,17,26,26,5,2,0,0,1,0,0,0,0,0,8,1,43.33333333,43.33333333,8.33333333,3.33333333,1.66666667,0,5,6,28,1,4,0,0,2,3,0,0,1,0,0,0,-0.75847107,129.7001,66.34,66.34,4.11472918,3.917,563.2373401,90.92461508,0,563.1229236,234.1651326,413.47,-4.8875198,-5.22899272,-5.34472918,0,1,0.83333333,1,0.8,0.5,1,1,0.87619048,0.16666667,0.875,1,0,0,0,0,0,1,0,0,0,0,0,0,0,0,0
1,15.87,0.31,1.86,14.28,0,0,0,0,0,0,466.98,0.07007576,57,33,61,37,4,2,0,17,24,25,4,2,0,0,1,1,0,0,0,1,8,2,42.10526316,43.85964912,7.01754386,3.50877193,3.50877193,0,5,6,29,1,4,0,0,1,4,0,0,0,1,0,0,-0.75116238,126.6224,51.88,51.88,4.94635163,5.2569,550.7810073,76.48847026,0,550.6146179,229.0387778,403.02,-5.59439888,-6.01903405,-6.17635163,0,0.75,0.66666667,1,0.8,0.5,1,1,0.81666667,0.33333333,0.625,1,0,0,0,0,0,0,0,0,0,0,0,0,0,0,0
0,11.2,0.21,0.55,8.02,0,0,0,0,0,0,463.66,0.07007576,62,33,66,37,6,2,0,16,29,25,5,2,0,1,0,0,0,0,0,1,8,0,46.77419355,40.32258065,8.06451613,3.22580645,0,0,5,6,28,1,4,0,0,2,3,0,0,0,1,0,0,-0.75116238,131.9987,64.77,93.01,3.41982815,4.2335,584.5846981,78.31388654,0,578.2392027,240.360329,413.89,-4.29685393,-4.56883674,-4.64982815,0,1,0.83333333,1,0.8,0.5,1,1,0.87619048,0.16666667,0.75,0,0,0,0,0,0,0,0,0,0,0,0,0,0,0,0
1,17.54,0.33,2.49,13.34,0,0,0,0,0,0,394.57,0.07881773,59,29,62,32,4,2,0,11,30,23,4,2,0,0,0,0,0,0,0,0,6,0,50.84745763,38.98305085,6.77966102,3.38983051,0,0,4,5,23,1,3,0,0,1,3,0,0,0,1,0,0,-0.78519816,115.1309,51.88,51.88,3.91334125,4.269,549.5385327,61.52835699,0,520.0166113,216.4986112,378.32,-4.71634006,-5.03767419,-5.14334125,0,1,1,1,1,1,1,1,1,0.33333333,1,1,0,1,0,0,0,1,1,1,0,0,0,1,0,1,0
1,11.95,0,0,0,0,0,0,1,0,1,606.91,0.05179704,86,44,91,49,9,2,0,23,42,36,4,3,0,0,0,0,0,0,0,1,8,0,48.8372093,41.86046512,4.65116279,3.48837209,0,0,6,7,35,1,5,0,0,1,5,0,0,0,1,0,0,-0.81335163,172.7845,61.11,61.11,5.76704218,8.4805,0,61.52835699,0,795.9136213,329.5711563,585.16,-6.29198585,-6.79869007,-6.99704218,1,0.5,0.5,0.5,0.6,0.5,0.66666667,1,0.60952381,0.16666667,0.625,0,0,0,0,0,0,0,0,0,0,0,0,0,0,0,0
1,14.87,0.27,1.57,12.8,0,0,0,0,0,0,446.57,0.07007576,60,33,64,37,4,2,0,17,27,26,4,2,0,0,1,0,0,0,0,0,7,1,45,43.33333333,6.66666667,3.33333333,1.66666667,0,5,6,29,1,4,0,0,1,4,0,0,0,1,0,0,-0.78120888,126.4552,51.88,51.88,4.67835163,4.7975,561.7465144,76.48847026,0,553.6877076,230.2982408,405.11,-5.36659888,-5.76443405,-5.90835163,0,0.75,0.83333333,1,0.8,0.5,1,1,0.84047619,0.33333333,0.75,1,0,0,0,0,0,1,0,0,0,0,0,0,0,1,0
1,14.56,0.27,1.28,11.29,0,0,0,0,0,0,436.5,0.07258065,54,32,58,36,5,0,0,22,22,24,4,2,0,0,2,0,0,0,0,0,8,2,40.74074074,44.44444444,7.40740741,3.7037037,3.7037037,0,5,6,28,1,4,0,0,2,3,0,0,1,0,0,0,-0.74339949,118.8952,56.32,56.32,4.64100973,5.2565,500.8686689,90.16067553,0,509.8006645,212.3117477,365.68,-5.33485827,-5.72895925,-5.87100973,0,0.75,0.83333333,1,0.8,0.5,1,1,0.84047619,0.33333333,0.75,1,0,0,0,0,0,0,0,0,0,0,0,0,0,0,0
0,0,0,0,0,0,0,0,0,0,0,417.6,0.08201058,51,28,54,31,7,2,0,16,23,20,3,3,0,2,0,0,0,0,0,2,8,0,45.09803922,39.21568627,5.88235294,5.88235294,0,0,4,5,21,1,3,0,1,1,2,0,0,1,0,0,0,0.95266614,111.5222,96.52,133.14,1.21156056,2.7737,511.0704993,138.1975729,75.58053063,497.2923588,207.185393,350.33,-2.41982648,-2.47098253,-2.44156056,0,1,1,1,0.8,0.5,1,1,0.9,0.33333333,1,1,0,1,0,0,0,1,0,1,1,0,0,1,0,1,0
1,9.37,0.18,0.06,4.91,0,0,0,0,0,0,666.99,0.04787234,106,48,112,54,8,2,0,6,58,39,2,7,0,0,0,0,0,0,0,0,9,0,54.71698113,36.79245283,1.88679245,6.60377358,0,0,7,25,38,5,2,1,0,1,5,1,0,2,2,2,0,0.62306022,178.9901,127.21,127.21,3.52426124,4.8994,998.0334301,203.4524843,103.377437,870.2657807,360.0433528,656.17,-4.38562205,-4.66804818,-4.75426124,0,0.75,0.5,0.83333333,0.9,1,0.83333333,1,0.83095238,0.16666667,0.75,0,0,0,0,0,0,0,0,0,0,0,0,0,0,0,0
1,16.18,0.31,3.38,10.9,0,0,0,0,0,0,483.6,0.06722689,63,35,68,40,4,0,0,17,28,25,7,0,0,0,3,0,0,0,0,0,10,3,44.44444444,39.68253968,11.11111111,0,4.76190476,0,6,8,35,3,4,0,0,2,3,2,0,0,1,0,0,-0.31629127,130.3938,71.76,71.76,6.36678964,5.0171,557.3539459,133.0350005,18.01075068,562.6079734,233.9540875,408.29,-6.8017712,-7.36845016,-7.59678964,0,0.75,0.5,0.83333333,0.7,0.5,0.83333333,1,0.73095238,0.16666667,0.625,0,0,0,0,0,0,0,0,0,0,0,0,0,0,0,0
1,15.93,0.29,1.98,10.85,0,0,0,0,0,0,466.55,0.06554622,58,35,62,39,6,1,0,28,23,28,4,2,0,0,1,0,0,0,0,0,7,1,39.65517241,48.27586207,6.89655172,3.44827586,1.72413793,0,5,6,29,1,4,0,0,1,4,0,0,1,0,0,0,-0.40133174,131.5077,68.52,68.52,3.84232593,5.0018,558.3581881,102.686738,18.01075068,571.9269103,237.7733239,407.35,-4.65597704,-4.97020963,-5.07232593,0,1,0.83333333,1,0.6,0,1,1,0.77619048,0.16666667,0.75,0,0,0,0,0,0,0,0,0,0,0,0,0,0,0,0
1,17.05,0.31,4,10.29,1,0,0,0,1,2,418.54,0.07526882,57,31,61,35,6,4,0,11,26,24,4,3,0,0,0,0,0,0,0,0,7,0,45.61403509,42.10526316,7.01754386,5.26315789,0,0,5,6,27,1,4,0,1,1,3,0,0,0,1,0,0,-0.76710136,119.6428,69.36,69.36,2.93618286,1.9123,520.2419845,84.32389929,0,520.8471761,216.8390066,386.77,-3.88575543,-4.10937372,-4.16618286,0,1,1,1,0.8,0.5,1,1,0.9,0.33333333,0.875,1,0,0,0,0,0,0,0,1,0,0,0,1,0,1,0
1,18.08,0.33,4.55,8.36,0,0,0,0,0,0,431.55,0.07258065,57,32,61,36,6,0,0,22,25,23,7,2,0,0,0,0,0,0,0,0,9,0,43.85964912,40.35087719,12.28070175,3.50877193,0,0,5,6,28,1,4,0,0,2,3,0,0,1,0,0,0,0.23894479,122.9594,93.26,93.26,4.00575527,3.8248,539.8909973,125.0523622,60.69409384,530.282392,220.7058984,369.24,-4.79489198,-5.12546751,-5.23575527,0,1,0.83333333,1,0.8,0.5,1,1,0.87619048,0.16666667,0.875,1,0,0,0,0,0,1,0,1,0,0,0,1,0,1,0
0,10.77,0.2,1.17,4.32,0,0,0,0,0,0,445.53,0.07007576,56,33,60,37,6,1,0,22,23,23,7,3,0,0,0,0,0,0,0,0,10,0,41.07142857,41.07142857,12.5,5.35714286,0,0,5,6,28,1,4,0,0,2,3,0,0,1,0,0,0,-0.29198971,121.3109,111.2,111.2,4.82644374,3.3734,532.6062666,136.8446637,18.01075068,532.8903655,221.7747399,375.39,-5.49247718,-5.90512155,-6.05644374,0,0.75,0.66666667,1,0.8,0.5,1,1,0.81666667,0.16666667,0.75,1,0,0,0,0,0,1,0,1,0,0,0,1,0,1,0
0,10.98,0.2,0.96,5.1,0,0,0,0,0,0,455.57,0.06773619,59,34,63,38,6,1,0,23,25,25,7,2,0,0,0,0,0,0,0,0,9,0,42.37288136,42.37288136,11.86440678,3.38983051,0,0,5,6,29,1,4,0,0,1,4,0,0,1,0,0,0,-0.33364697,131.4697,98.06,98.06,4.28087102,4.5376,560.4763146,124.0544314,18.01075068,562.807309,234.0357824,398.56,-5.02874037,-5.38682747,-5.51087102,0,0.75,0.66666667,1,0.8,0.5,1,1,0.81666667,0.16666667,0.75,0,0,0,0,0,0,0,0,0,0,0,0,0,0,0,0
0,13.11,0.25,-0.78,13.82,0,0,0,0,0,0,358.84,0.09230769,41,26,45,30,1,2,0,21,15,22,2,1,0,0,0,1,0,0,0,1,4,1,36.58536585,53.65853659,4.87804878,2.43902439,2.43902439,0,5,9,28,3,2,0,0,2,3,0,0,3,0,0,0,-0.40775594,105.0662,37.79,37.79,4.34319262,5.0947,391.5868732,43.15567772,18.01075068,427.4252492,178.5513316,300.72,-5.08171373,-5.44603299,-5.57319262,0,0.75,1,1,0.6,0,1,1,0.76428571,0.66666667,0.75,1,0,0,0,0,0,1,0,0,0,0,0,0,0,1,0
0,11.23,0.31,-0.24,9.78,0,0,0,0,0,0,429.49,0.10952381,29,21,31,23,1,2,0,12,8,15,1,2,0,0,0,1,2,0,0,3,6,3,27.5862069,51.72413793,3.44827586,6.89655172,10.34482759,0,3,4,17,1,2,0,0,1,2,0,0,1,0,0,0,0.37781977,89.695,53.09,53.09,4.21712992,4.6249,371.0088867,85.83902088,60.69409384,372.4086379,156.0035401,270.41,-4.97456043,-5.32627342,-5.44712992,0,0.75,1,1,0.4,0,1,1,0.73571429,0.66666667,0.875,1,0,0,0,0,0,0,0,0,0,0,0,1,0,1,0
0,0,0,0,0,0,0,0,0,0,0,327.83,0.09881423,41,23,43,25,5,2,0,12,18,19,1,2,0,0,0,1,0,0,0,1,4,1,43.90243902,46.34146341,2.43902439,4.87804878,2.43902439,0,3,4,17,1,2,0,0,1,2,0,0,1,0,0,0,-0.36933285,93.0917,42.09,42.09,4.17663151,4.7078,413.471733,54.1555656,18.01075068,407.8903655,170.5452317,301.05,-4.94013679,-5.28779994,-5.40663151,0,0.75,1,1,0.8,0.5,1,1,0.86428571,0.5,1,1,0,0,0,1,0,1,0,0,0,0,0,0,0,1,0
0,8.3,0.16,-1.34,6.88,0,0,0,0,0,0,546.84,0.05512821,86,40,89,43,10,0,0,18,46,32,6,2,0,0,0,0,0,0,0,0,8,0,53.48837209,37.20930233,6.97674419,2.3255814,0,0,4,4,24,0,4,0,0,0,4,0,0,0,0,0,0,-0.41670944,166.4671,65.99,65.99,4.98358031,7.5672,808.2760225,82.95452724,18.01075068,749.5348837,310.5634769,539.84,-5.62604327,-6.0544013,-6.21358031,1,0.5,0.5,0.66666667,0.9,1,0.83333333,1,0.77142857,0.16666667,0.75,0,0,0,0,0,0,0,0,0,0,0,0,0,0,0,0
1,16.24,0.31,2.16,9.79,0,0,0,0,0,0,420.59,0.07816092,54,30,58,34,5,0,0,21,24,22,6,1,0,1,0,0,0,0,0,1,8,0,44.44444444,40.74074074,11.11111111,1.85185185,0,0,5,6,27,1,4,0,0,3,2,0,0,1,0,0,0,-0.31590454,119.514,69.79,98.03,3.72820486,4.5548,502.3902314,79.2447051,18.01075068,514.8504983,214.3813518,353.3,-4.55897413,-4.86179462,-4.95820486,0,1,1,1,0.8,0.5,1,1,0.9,0.16666667,0.875,1,0,0,0,0,0,1,1,0,0,0,0,1,0,1,0
1,15.15,0.29,3.32,6.65,0,0,0,0,0,0,451.61,0.07258065,57,32,61,36,7,0,0,21,25,22,7,2,0,1,0,0,0,0,0,1,10,0,43.85964912,38.59649123,12.28070175,3.50877193,0,0,5,6,27,1,4,0,0,3,2,0,0,1,0,0,0,0.26991977,123.5909,102.91,131.15,3.0528675,3.8324,545.2345293,138.7135778,60.69409384,541.179402,225.1718861,373.09,-3.98493738,-4.22022413,-4.2828675,0,1,0.66666667,1,0.8,0.5,1,1,0.85238095,0.16666667,0.875,1,0,0,0,0,0,1,0,1,0,0,0,1,0,1,0
0,15.14,0.28,2.44,6.73,0,0,0,0,0,0,310.4,0.1027668,41,23,44,26,3,0,0,16,18,16,6,1,0,0,0,0,0,0,0,0,7,0,43.90243902,39.02439024,14.63414634,2.43902439,0,0,4,5,22,1,3,0,0,2,2,0,0,1,0,0,0,-0.24064481,89.9864,69.79,69.79,3.31094013,1.4922,373.7475708,79.12218299,18.01075068,379.5847176,158.9445564,259.53,-4.20429911,-4.46539312,-4.54094013,0,1,1,1,0.8,0.5,1,1,0.9,0.33333333,1,1,1,1,0,1,0,0,0,1,1,1,0,1,1,1,1
1,17.33,0.34,5.48,8.5,0,0,0,0,0,0,484.68,0.06417112,66,34,68,36,8,4,0,11,32,25,4,4,0,1,0,0,0,0,0,1,9,0,48.48484848,37.87878788,6.06060606,6.06060606,0,0,3,4,18,1,2,0,0,1,1,1,0,0,0,1,0,0.20581834,132.3669,98.82,127.06,2.40349881,2.6443,666.8365076,142.6047931,36.02150137,617.2425249,256.3452971,456.09,-3.43297399,-3.60332387,-3.63349881,0,1,0.83333333,1,1,1,1,1,0.97619048,0.33333333,0.875,0,0,0,0,0,0,0,0,0,0,0,0,0,0,0,0
1,18.5,0.37,5.61,15.2,0,0,0,0,0,0,552.62,0.06116643,63,38,68,43,3,2,0,17,25,26,4,2,0,1,5,0,0,0,0,1,12,5,39.68253968,41.26984127,6.34920635,3.17460317,7.93650794,0,6,9,34,3,3,0,0,3,2,1,1,0,0,1,1,-0.29597964,132.7852,67.23,75.61,5.74892374,6.1618,576.8890063,153.700084,16.40499744,588.7873754,244.6833506,440.82,-6.27658518,-6.78147756,-6.97892374,1,0.5,0.5,0.66666667,0.6,0.5,0.66666667,1,0.63333333,0.33333333,0.625,0,0,0,0,0,0,0,0,0,0,0,0,0,0,0,0
1,18.5,0.37,5.61,15.2,0,0,0,0,0,0,552.62,0.06116643,63,38,68,43,3,2,0,17,25,26,4,2,0,1,5,0,0,0,0,1,12,5,39.68253968,41.26984127,6.34920635,3.17460317,7.93650794,0,6,9,34,3,3,0,0,3,2,1,1,0,0,1,1,-0.29597964,132.7852,67.23,75.61,5.74892374,6.1618,576.8890063,153.700084,16.40499744,588.7873754,244.6833506,440.82,-6.27658518,-6.78147756,-6.97892374,1,0.5,0.5,0.66666667,0.6,0.5,0.66666667,1,0.63333333,0.33333333,0.625,0,0,0,0,0,0,0,0,0,0,0,0,0,0,0,0
1,14.98,0.27,0.85,13.14,0,0,0,0,0,0,477.65,0.06349206,67,36,71,40,6,1,0,24,31,31,3,2,0,0,0,0,0,0,0,0,5,0,46.26865672,46.26865672,4.47761194,2.98507463,0,0,5,5,30,0,5,0,0,0,5,0,0,0,0,0,0,-0.46532753,144.6467,54.46,54.46,3.81559803,5.1307,628.862708,74.06540905,18.01075068,629.7840532,261.4852677,455.72,-4.63325832,-4.94481813,-5.04559803,0,1,0.83333333,1,0.8,0.5,1,1,0.87619048,0.33333333,0.75,0,0,0,0,0,0,0,0,0,0,0,0,0,0,0,0
1,17.48,0.32,0.38,14.93,0,0,0,0,0,0,358.52,0.08262108,53,27,55,29,6,1,0,18,26,24,2,1,0,0,0,0,0,0,0,0,3,0,49.05660377,45.28301887,3.77358491,1.88679245,0,0,3,3,18,0,3,0,0,0,3,0,0,0,0,0,0,-0.45545413,110.2506,41.99,41.99,3.9668158,5.161,512.5337731,59.94120726,18.01075068,497.1262459,207.1173139,358.37,-4.76179343,-5.08847501,-5.1968158,0,1,1,1,0.8,0.5,1,1,0.9,0.5,1,1,0,0,0,0,0,1,0,0,0,0,0,0,0,0,0
0,0,0,0,0,0,0,0,0,0,0,466.46,0.06628788,53,33,55,35,4,1,0,18,20,24,2,1,0,0,6,0,0,0,0,0,9,6,37.73584906,45.28301887,3.77358491,1.88679245,11.32075472,0,3,3,18,0,3,0,0,0,3,0,0,0,0,0,0,-0.32203621,112.4558,41.99,41.99,5.11603711,6.0639,535.8271368,149.7018869,18.01075068,514.6677741,214.3064648,394.79,-5.73863155,-6.18023526,-6.34603711,0,0.75,0.66666667,0.83333333,0.7,0.5,0.83333333,1,0.7547619,0.5,0.75,0,0,0,0,0,0,0,0,0,0,0,0,0,0,0,0
1,12.48,0.24,-0.1,9.12,0,0,0,0,0,0,454.4,0.06854839,48,32,50,34,4,1,0,18,16,22,2,2,0,0,6,0,0,0,0,0,10,6,33.33333333,45.83333333,4.16666667,4.16666667,12.5,0,3,3,18,0,3,0,0,0,3,0,0,0,0,0,0,0.26991977,104.7936,62.22,62.22,3.90263065,4.639,502.0045615,192.3852301,60.69409384,477.6079734,199.1180219,368.98,-4.70723606,-5.02749912,-5.13263065,0,1,0.83333333,1,0.8,0.5,1,1,0.87619048,0.16666667,1,1,0,0,0,0,0,1,0,0,0,0,0,1,0,1,0
1,17.24,0.33,2.56,11.36,0,0,0,0,0,0,369.88,0.08615385,46,26,48,28,6,1,0,17,20,20,3,2,0,0,0,1,0,0,0,1,6,1,43.47826087,43.47826087,6.52173913,4.34782609,2.17391304,0,3,3,17,0,3,0,0,1,2,0,0,0,0,0,0,-0.3317137,102.3911,56.15,56.15,3.41651219,3.5431,469.3213423,70.94109515,18.01075068,457.3089701,190.7987582,326.81,-4.29403537,-4.56568658,-4.64651219,0,1,1,1,0.8,0.5,1,1,0.9,0.33333333,1,1,1,1,0,1,0,1,0,1,0,0,0,1,1,1,0
0,0,0,0,0,0,0,0,0,0,0,438.4,0.07096774,47,31,49,33,4,1,0,18,16,22,2,1,0,0,6,0,0,0,0,0,9,6,34.04255319,46.80851064,4.25531915,2.12765957,12.76595745,0,3,3,18,0,3,0,0,0,3,0,0,0,0,0,0,-0.29672464,103.3803,41.99,41.99,4.71046108,5.1845,473.6268521,149.7018869,18.01075068,467.8571429,195.1217799,360.19,-5.39389192,-5.79493803,-5.94046108,0,0.75,0.83333333,1,0.8,0.5,1,1,0.84047619,0.5,0.875,1,0,0,0,0,0,1,0,0,0,0,0,0,0,0,0
1,13.36,0.26,0.2,10.7,0,0,0,0,0,0,439.39,0.07096774,46,31,48,33,4,1,0,18,15,21,3,1,0,0,6,0,0,0,0,0,10,6,32.60869565,45.65217391,6.52173913,2.17391304,13.04347826,0,3,3,18,0,3,0,0,0,3,0,0,0,0,0,0,-0.26476208,100.8514,54.88,54.88,3.96298536,4.4624,468.3073773,166.4874164,18.01075068,461.0299003,192.3237296,353.89,-4.75853756,-5.0848361,-5.19298536,0,1,1,1,0.8,0.5,1,1,0.9,0.33333333,1,1,0,1,0,0,0,1,0,1,0,0,0,1,0,1,0
0,0,0,0,0,0,0,0,0,0,0,452.43,0.06854839,50,32,52,34,4,1,0,18,18,23,2,1,0,0,6,0,0,0,0,0,9,6,36,46,4,2,12,0,3,3,18,0,3,0,0,0,3,0,0,0,0,0,0,-0.30974979,107.9548,41.99,41.99,4.91480944,5.647,503.4597286,149.7018869,18.01075068,491.2624585,204.7141223,377.49,-5.56758802,-5.98906897,-6.14480944,0,0.75,0.66666667,1,0.8,0.5,1,1,0.81666667,0.5,0.875,0,0,0,0,0,0,0,0,0,0,0,0,0,0,0,0
0,0,0,0,0,0,0,0,0,0,0,384.26,0.0942029,35,24,37,26,4,2,0,17,11,15,3,3,0,1,0,2,0,0,0,3,9,2,31.42857143,42.85714286,8.57142857,8.57142857,5.71428571,0,3,3,17,0,3,0,0,1,2,0,0,0,0,0,0,-0.17742472,91.6336,85.09,93.47,3.68019157,3.7698,405.6510611,106.8341967,16.40499744,404.6677741,169.2244976,285.46,-4.51816283,-4.81618199,-4.91019157,0,1,1,1,0.4,0,1,1,0.77142857,0.16666667,1,1,1,1,0,0,0,0,0,1,0,0,0,1,0,1,1
0,13.25,0.26,1.16,9.72,0,0,0,0,0,0,372.88,0.08615385,47,26,49,28,6,2,0,12,21,20,2,3,0,0,0,1,0,0,0,1,6,1,44.68085106,42.55319149,4.25531915,6.38297872,2.12765957,0,3,4,17,1,2,0,0,1,2,0,0,1,0,0,0,-0.3317137,103.7008,54.56,54.56,3.0721318,3.5014,474.5636691,68.27976738,18.01075068,457.6245847,190.9281085,338.14,-4.00131203,-4.23852521,-4.3021318,0,1,1,1,0.8,0.5,1,1,0.9,0.33333333,1,1,1,1,0,1,0,1,0,1,0,0,0,1,1,1,0
1,16.86,0.31,2.11,8.58,0,0,0,0,0,0,349.4,0.08923077,42,26,45,29,4,0,0,22,16,19,5,1,0,0,1,0,0,0,0,0,7,1,38.0952381,45.23809524,11.9047619,2.38095238,2.38095238,0,4,4,22,0,4,0,0,2,2,0,0,0,0,0,0,-0.29369258,97.356,68.62,68.62,4.26443922,3.1855,405.9356361,76.07154558,16.78552955,414.717608,173.343282,287.68,-5.01477333,-5.37121725,-5.49443922,0,0.75,1,1,0.6,0,1,1,0.76428571,0.16666667,0.875,1,1,1,0,1,0,1,0,1,1,0,0,1,1,1,1
0,12.36,0.23,1.68,7.42,0,0,0,0,0,0,418.55,0.07526882,57,31,61,35,4,2,0,16,26,23,6,2,0,0,0,0,0,0,0,0,8,0,45.61403509,40.35087719,10.52631579,3.50877193,0,0,5,6,28,1,4,0,0,2,3,0,0,0,1,0,0,-0.73513881,118.9299,69.7,69.7,3.06471725,2.8868,520.9955909,78.31388654,0,520.8471761,216.8390066,371.78,-3.99500966,-4.23148139,-4.29471725,0,1,1,1,0.8,0.5,1,1,0.9,0.16666667,0.875,1,0,1,0,0,0,1,0,1,0,0,0,1,0,1,0
1,0,0,0,0,0,0,0,0,0,0,494.13,0.07258065,60,32,64,36,6,3,0,11,28,23,3,3,0,2,0,1,0,0,0,3,9,1,46.66666667,38.33333333,5,5,1.66666667,0,5,8,28,3,3,0,0,3,1,1,1,0,0,1,1,0.23894479,129.0201,78.51,115.13,3.09693801,4.1695,573.6918823,106.9979411,34.41574813,576.9435216,239.8293121,418.62,-4.02239731,-4.26209111,-4.32693801,0,1,0.83333333,1,0.8,0.5,1,1,0.87619048,0.16666667,0.75,0,0,0,0,0,0,0,0,0,0,0,0,0,0,0,0
1,14.73,0.27,2.54,8.9,0,0,0,0,0,0,433.53,0.07056452,56,32,59,35,6,3,0,17,24,24,5,2,0,0,1,0,0,0,0,0,8,1,42.85714286,42.85714286,8.92857143,3.57142857,1.78571429,0,4,4,22,0,4,0,0,2,2,0,0,0,0,0,0,-0.34072476,121.509,73.97,73.97,3.70598844,3.5001,544.4609073,105.8110519,18.01075068,534.3521595,222.3738359,391.23,-4.54009017,-4.84068902,-4.93598844,0,1,1,1,0.8,0.5,1,1,0.9,0.16666667,1,1,0,0,0,0,0,1,0,1,0,0,0,1,0,1,0
0,0,0,0,0,0,0,0,0,0,0,451.55,0.06818182,59,33,62,36,6,2,0,17,26,24,5,3,0,0,1,0,0,0,0,0,9,1,44.06779661,40.6779661,8.47457627,5.08474576,1.69491525,0,4,4,23,0,4,0,0,1,3,0,0,0,0,0,0,0.86169398,121.2623,103.47,103.47,2.762146,2.6294,583.5070197,163.3808318,92.36606018,551.2458472,229.2974784,402.66,-3.7378241,-3.9440387,-3.992146,0,1,0.83333333,1,0.8,0.5,1,1,0.87619048,0.33333333,1,1,0,0,0,0,0,1,0,1,0,0,0,1,0,1,0
1,14.31,0.26,0.37,15.02,0,0,0,0,0,0,491.6,0.06306306,63,37,68,42,6,1,0,28,26,31,3,2,0,0,1,0,0,0,0,0,6,1,41.26984127,49.20634921,4.76190476,3.17460317,1.58730159,0,6,8,34,2,4,0,0,2,4,0,0,2,0,0,0,-0.83169539,142.2359,46.84,46.84,5.18885682,6.0321,582.4540956,71.01477163,0,607.5249169,252.3626709,435.89,-5.8005283,-6.24941398,-6.41885682,0,0.75,0.5,0.83333333,0.5,0.5,0.83333333,1,0.70238095,0.33333333,0.625,0,0,0,0,0,0,0,0,0,0,0,0,0,0,0,0
1,17.15,0.31,1.36,11.32,0,0,0,0,0,0,375.52,0.08201058,53,28,56,31,7,0,0,21,25,22,5,1,0,0,0,0,0,0,0,0,6,0,47.16981132,41.50943396,9.43396226,1.88679245,0,0,4,5,22,1,3,0,0,2,2,0,0,1,0,0,0,-0.35848085,111.7635,56.9,56.9,3.26934041,4.6315,488.907958,62.45917555,18.01075068,489.1528239,203.849518,336.15,-4.16893935,-4.42587339,-4.49934041,0,1,1,1,0.8,0.5,1,1,0.9,0.33333333,1,1,0,0,0,1,0,1,1,0,0,0,0,1,0,1,0
1,15.06,0.32,3.44,11.76,0,0,0,0,0,0,500.54,0.06854839,63,32,65,34,9,2,0,12,31,23,3,3,0,1,0,2,0,0,0,3,9,2,49.20634921,36.50793651,4.76190476,4.76190476,3.17460317,0,3,3,18,0,3,0,0,0,3,0,0,0,0,0,0,-0.30974979,133.3279,64.09,72.47,3.1665833,4.9838,645.6484363,94.76348367,42.68334316,606.1960133,251.8180382,440.04,-4.0815958,-4.32825413,-4.3965833,0,0.75,0.83333333,0.66666667,0.9,1,0.83333333,1,0.8547619,0.16666667,0.875,0,0,0,0,0,0,0,0,0,0,0,0,0,0,0,0
1,15.95,0.33,4.1,8.23,0,0,0,0,0,0,551.53,0.06031746,64,36,66,38,11,3,0,18,28,26,2,5,0,1,0,2,0,0,0,3,10,2,43.75,40.625,3.125,7.8125,3.125,0,3,3,18,0,3,0,0,0,3,0,0,0,0,0,0,0.82816324,142.7875,106.94,115.32,3.51605211,5.2338,704.8355874,174.3538768,103.377437,650.7641196,270.0836556,477.06,-4.37864429,-4.6602495,-4.74605211,0,0.75,0.66666667,0.66666667,0.7,0.5,0.66666667,0.5,0.63571429,0.16666667,0.75,0,0,0,0,0,0,0,0,0,0,0,0,0,0,0,0
1,19.27,0.41,4.91,10.24,0,0,0,0,0,0,469.43,0.07356322,52,30,54,32,9,2,0,17,22,20,4,3,0,1,0,2,0,0,0,3,10,2,42.30769231,38.46153846,7.69230769,5.76923077,3.84615385,0,3,3,17,0,3,0,0,1,2,0,0,0,0,0,0,-0.24987445,121.7951,88.32,96.7,3.2482509,4.7189,569.7155999,121.7183486,42.68334316,538.2724253,223.9805022,382.96,-4.15101327,-4.40583836,-4.4782509,0,1,0.83333333,0.83333333,0.8,0.5,1,1,0.85238095,0.16666667,0.875,1,0,0,0,0,0,0,0,0,0,0,0,0,0,0,0
0,10.44,0.19,-0.16,7.85,0,0,0,0,0,0,458.59,0.06951872,61,34,66,39,6,0,0,22,27,26,6,1,0,0,1,0,0,0,0,0,8,1,44.26229508,42.62295082,9.83606557,1.63934426,1.63934426,0,6,7,31,1,5,1,0,2,3,0,0,1,0,0,0,-0.75847107,130.6622,61,61,5.40521608,4.4836,546.8129136,79.19585947,0,559.0531562,232.4971951,395.06,-5.98443367,-6.45495528,-6.63521608,0,0.75,0.5,0.83333333,0.7,0.5,0.83333333,1,0.73095238,0.16666667,0.75,0,0,0,0,0,0,1,0,0,0,0,0,0,0,0,0
0,9.07,0.18,-2.14,7.19,0,0,0,0,0,0,518.06,0.06349206,60,36,64,40,7,3,0,27,24,29,1,4,0,1,0,1,0,0,0,2,7,1,40,48.33333333,1.66666667,6.66666667,1.66666667,0,5,8,29,2,3,0,0,1,4,0,0,2,0,0,0,-0.79944315,141.8979,65.37,73.75,5.0984917,7.7674,603.833739,80.45776699,0,616.8106312,256.1682915,439.52,-5.72371795,-6.16356712,-6.3284917,1,0.5,0.66666667,0.66666667,0.4,0.5,0.66666667,1,0.62857143,0.16666667,0.625,0,0,0,0,0,0,0,0,0,0,0,0,0,0,0,0
1,11.17,0.23,-0.69,12.04,0,0,0,0,0,0,537.12,0.06031746,67,36,69,38,12,2,0,18,31,27,2,3,0,1,2,1,0,0,0,2,9,3,46.26865672,40.29850746,2.98507463,4.47761194,4.47761194,0,3,3,18,0,3,0,0,0,3,0,0,0,0,0,0,-0.74430914,142.0179,49.85,58.23,4.90777838,7.0623,678.3736753,89.87594105,0,647.3255814,268.6744186,476.35,-5.56161162,-5.98238946,-6.13777838,1,0.5,0.5,0.66666667,0.9,0.5,0.66666667,0.5,0.6047619,0.33333333,0.625,0,0,0,0,0,0,0,0,0,0,0,0,0,0,0,0
1,15.41,0.29,4.95,7.36,0,0,0,0,0,0,530.6,0.05832148,67,38,70,41,6,4,0,12,29,27,4,4,0,0,3,0,0,0,0,0,11,3,43.28358209,40.29850746,5.97014925,5.97014925,4.47761194,0,4,5,23,1,3,0,1,0,2,1,0,0,0,1,0,0.81673816,133.0288,111.1,111.1,3.83545886,4.1303,671.382507,218.9298089,78.70484453,620.4817276,257.6728392,475.39,-4.65014003,-4.96368591,-5.06545886,0,0.75,0.83333333,0.83333333,0.9,1,0.83333333,1,0.87857143,0.16666667,0.875,0,0,0,0,0,0,0,0,0,0,0,0,0,0,0,0
1,15.28,0.29,3.66,10.85,1,0,0,0,1,2,492.52,0.06386555,59,35,62,38,6,4,0,11,24,24,4,3,0,0,4,0,0,0,0,0,11,4,40.6779661,40.6779661,6.77966102,5.08474576,6.77966102,0,4,5,23,1,3,0,0,1,3,0,0,0,1,0,0,-0.68032373,122.468,69.36,69.36,3.3481765,2.6955,573.9913336,144.1643524,0,550.5813954,229.025162,423.41,-4.23595003,-4.50076768,-4.5781765,0,1,0.83333333,1,0.8,0.5,1,1,0.87619048,0.16666667,0.875,0,0,0,0,0,0,0,0,1,0,0,0,0,0,0,0
1,15.48,0.29,4.11,10.5,1,0,0,0,1,2,470.49,0.06951872,55,34,60,39,3,4,0,11,21,24,4,3,0,0,3,0,0,0,0,0,10,3,38.18181818,43.63636364,7.27272727,5.45454545,5.45454545,0,6,10,32,3,3,1,0,1,4,1,0,0,2,1,0,-0.70012714,119.1118,69.36,69.36,3.24640304,1.5049,502.6665944,129.2042391,0,511.5780731,213.0401939,392.62,-4.14944258,-4.40408288,-4.47640304,0,1,0.66666667,1,0.8,0.5,1,1,0.85238095,0.33333333,0.75,1,0,0,0,0,0,0,0,1,0,0,0,1,0,0,0
1,15.91,0.31,1.31,10.79,0,0,0,0,0,0,410.57,0.07881773,52,29,55,32,5,0,0,21,23,21,6,0,0,1,1,0,0,0,0,1,8,1,44.23076923,40.38461538,11.53846154,0,1.92307692,0,4,4,21,0,4,0,0,3,1,0,0,0,0,0,0,-0.30230255,114.5027,60.56,88.8,4.3784566,5.0853,510.2020457,83.20493048,18.01075068,502.6578073,209.3843473,345.64,-5.11168811,-5.47953377,-5.6084566,0,0.75,1,1,0.8,0.5,1,1,0.86428571,0.16666667,0.875,1,0,0,0,0,0,1,0,0,0,0,0,0,0,1,0
1,14.37,0.28,0.27,10.98,0,0,0,0,0,0,462.65,0.0719697,60,33,65,38,5,0,0,21,27,25,6,0,0,1,1,0,0,0,0,1,8,1,45,41.66666667,10,0,1.66666667,0,6,7,32,1,5,0,0,4,2,0,0,1,0,0,0,-0.3520827,129.6796,60.56,88.8,5.22353858,6.1788,536.4000454,83.20493048,18.01075068,560.1993356,232.9669408,390.12,-5.8300078,-6.28236165,-6.45353858,0,0.75,0.5,0.83333333,0.7,0.5,0.83333333,1,0.73095238,0.16666667,0.625,0,0,0,0,0,0,0,0,0,0,0,0,0,0,0,0
1,18.17,0.34,3.73,10.49,0,0,0,0,0,0,421.53,0.07311828,55,31,58,34,6,0,0,22,24,22,7,1,0,0,1,0,0,0,0,0,9,1,43.63636364,40,12.72727273,1.81818182,1.81818182,0,4,4,22,0,4,0,0,2,2,0,0,0,0,0,0,-0.29672464,117.4007,73.03,73.03,3.8258199,3.8113,523.9650557,97.32913227,18.01075068,518.089701,215.7088939,361.58,-4.64194691,-4.9545289,-5.0558199,0,1,1,1,0.8,0.5,1,1,0.9,0.16666667,1,1,0,1,0,0,0,1,1,1,0,0,0,1,0,1,0
1,11.99,0.26,3.78,5.13,0,0,0,0,0,0,442.99,0.08465608,47,28,51,32,4,4,0,11,19,17,4,4,0,2,0,1,0,0,0,3,11,1,40.42553191,36.17021277,8.5106383,8.5106383,2.12765957,0,5,8,26,3,3,1,0,1,3,0,1,1,0,1,0,-0.18177035,105.7359,103.44,120.2,1.1362495,2.3223,457.3934701,108.3260329,16.66300743,469.9833887,195.9931921,337.25,-2.35581207,-2.39943702,-2.3662495,0,1,1,1,0.8,0.5,1,1,0.9,0.33333333,0.875,1,0,1,0,0,0,1,0,1,0,0,0,1,0,1,0
0,0,0,0,0,0,0,0,0,0,0,389.63,0.07635468,64,29,66,31,9,0,0,17,35,27,1,1,0,0,0,0,0,0,0,0,2,0,54.6875,42.1875,1.5625,1.5625,0,0,3,4,18,1,2,0,0,0,3,0,0,0,1,0,0,-0.50713685,123.6189,23.47,23.47,5.28339083,6.4377,615.8384625,45.80765705,42.68334316,565.0498339,234.95485,404.55,-5.88088221,-6.33922129,-6.51339083,0,0.75,0.83333333,0.66666667,0.9,1,0.83333333,1,0.8547619,0.5,0.875,0,0,0,0,0,0,0,0,0,0,0,0,0,0,0,0
1,15.78,0.3,2.81,10.94,0,0,0,0,0,0,497.63,0.06507937,66,36,71,41,4,0,0,17,30,26,7,0,0,0,3,0,0,0,0,0,10,3,45.45454545,39.39393939,10.60606061,0,4.54545455,0,6,8,35,3,4,0,0,2,3,2,0,0,1,0,0,-0.32749251,135.7183,71.76,71.76,6.29851814,5.3429,583.4306816,133.0350005,18.01075068,586.013289,243.5464299,425.59,-6.74374042,-7.30359223,-7.52851814,0,0.75,0.5,0.83333333,0.7,0.5,0.83333333,1,0.73095238,0.16666667,0.625,0,0,0,0,0,0,0,0,0,0,0,0,0,0,0,0
1,0,0,0,0,0,0,0,0,0,0,436.61,0.07526882,56,31,60,35,5,0,0,21,25,23,6,0,0,1,1,0,0,0,0,1,8,1,44.64285714,41.07142857,10.71428571,0,1.78571429,0,5,6,27,1,4,0,0,3,2,0,0,1,0,0,0,-0.73513881,122.9119,51.77,80.01,4.80819954,5.3314,518.9316652,68.3184937,0,531.4285714,221.175644,367.88,-5.47696961,-5.88778956,-6.03819954,0,0.75,0.83333333,1,0.8,0.5,1,1,0.84047619,0.16666667,0.75,1,0,0,0,0,0,0,0,0,0,0,0,0,0,0,0
1,16.51,0.32,1.58,11.9,0,0,0,0,0,0,436.61,0.07526882,56,31,60,35,5,0,0,21,25,23,6,0,0,1,1,0,0,0,0,1,8,1,44.64285714,41.07142857,10.71428571,0,1.78571429,0,5,6,26,1,4,0,0,4,1,0,1,0,0,0,0,-0.32868719,122.4897,60.56,88.8,4.80819954,5.5487,526.2319681,83.20493048,18.01075068,531.4285714,221.175644,367.88,-5.47696961,-5.88778956,-6.03819954,0,0.75,0.83333333,1,0.8,0.5,1,1,0.84047619,0.16666667,0.75,1,0,0,0,0,0,0,0,0,0,0,0,0,0,0,0
1,16.68,0.32,2.01,12.92,0,0,0,0,0,0,469.06,0.0719697,63,33,68,38,4,0,0,16,30,25,6,0,0,0,1,1,0,0,0,1,8,2,47.61904762,39.68253968,9.52380952,0,3.17460317,0,6,8,35,4,4,0,0,2,4,1,0,0,1,0,0,-0.3520827,130.4255,60.56,60.56,6.1234647,5.2773,570.0186053,83.20493048,18.01075068,567.6578073,236.0236915,403,-6.59494499,-7.13729146,-7.3534647,0,0.75,0.5,0.83333333,0.7,0.5,0.83333333,1,0.73095238,0.16666667,0.625,0,0,0,0,0,0,0,0,0,0,0,0,0,0,0,0
0,0,0,0,0,0,0,0,0,0,0,413.56,0.07311828,58,31,61,34,6,1,0,22,27,26,3,2,0,0,0,0,0,0,0,0,5,0,46.55172414,44.82758621,5.17241379,3.44827586,0,0,4,5,23,1,3,0,0,1,3,0,0,1,0,0,0,-0.83102648,123.3699,46.84,46.84,4.05882829,5.0409,550.4600507,56.05465836,0,545.0830565,226.7717445,386.86,-4.84000405,-5.17588687,-5.28882829,0,1,1,1,0.8,0.5,1,1,0.9,0.33333333,1,1,0,0,0,0,0,1,0,0,0,0,0,0,0,1,0
1,13.6,0.25,0.49,10.53,0,0,0,0,0,0,530.59,0.05802969,64,39,68,43,7,1,0,28,25,30,4,2,0,0,3,0,0,0,0,0,9,3,39.0625,46.875,6.25,3.125,4.6875,0,5,6,29,1,4,0,0,1,4,0,0,1,0,0,0,-0.38332968,142.013,68.52,68.52,4.41689972,6.0874,616.1792233,132.6069645,18.01075068,624.5847176,259.3543925,454.09,-5.14436476,-5.51605473,-5.64689972,1,0.5,0.83333333,0.83333333,0.5,0.5,0.83333333,1,0.71428571,0.16666667,0.625,0,0,0,0,0,0,0,0,0,0,0,0,0,0,0,0
1,12.59,0.23,-0.04,9.75,0,0,0,0,0,0,530.59,0.05802969,64,39,68,43,7,1,0,28,25,30,4,2,0,0,3,0,0,0,0,0,9,3,39.0625,46.875,6.25,3.125,4.6875,0,5,6,29,1,4,0,0,1,4,0,0,1,0,0,0,-0.38332968,142.013,68.52,68.52,4.41689972,6.0874,616.1792233,132.6069645,18.01075068,624.5847176,259.3543925,454.09,-5.14436476,-5.51605473,-5.64689972,1,0.5,0.83333333,0.83333333,0.5,0.5,0.83333333,1,0.71428571,0.16666667,0.625,0,0,0,0,0,0,0,0,0,0,0,0,0,0,0,0
1,18.92,0.41,5.19,7.69,0,0,0,0,0,0,423.88,0.07977208,44,27,45,28,8,3,1,6,17,16,3,3,0,1,3,1,0,0,0,2,11,4,38.63636364,36.36363636,6.81818182,6.81818182,9.09090909,0,2,2,9,0,2,1,0,0,1,0,0,0,0,0,0,0.41385641,92.6324,104.26,112.64,1.69567383,3.3027,485.6020073,179.8133228,32.89718747,448.8372093,187.3267251,345.2,-2.83132276,-2.93089014,-2.92567383,0,1,1,1,1,1,1,1,1,0.33333333,1,1,0,1,0,0,0,1,0,1,1,0,0,1,0,1,0
1,17.98,0.38,4.66,7.79,0,0,0,0,0,0,451.94,0.07389163,50,29,51,30,8,3,1,6,21,18,3,3,0,1,3,1,0,0,0,2,11,4,42,36,6,6,8,0,2,2,10,0,2,0,1,0,1,0,0,0,0,0,0,0.36445788,101.8588,104.26,112.64,2.15076089,3.9432,541.5116196,179.8133228,32.89718747,495.6478405,206.5114101,379.8,-3.21814676,-3.36322284,-3.38076089,0,1,0.83333333,1,1,1,1,1,0.97619048,0.33333333,1,1,0,0,0,0,0,1,0,1,0,0,0,1,0,1,0
0,0,0,0,0,0,0,0,0,0,0,423.94,0.07816092,52,30,56,34,5,1,0,17,22,22,5,2,0,0,0,1,0,0,0,1,8,1,42.30769231,42.30769231,9.61538462,3.84615385,1.92307692,0,5,5,26,0,5,1,0,1,3,0,0,0,0,0,0,-0.31590454,113.0383,73.56,73.56,4.34904659,4.2225,502.8409698,93.20032333,18.01075068,501.1960133,208.7852514,358.69,-5.0866896,-5.45159426,-5.57904659,0,0.75,1,1,0.8,0.5,1,1,0.86428571,0.16666667,0.75,1,0,1,0,0,0,1,0,1,0,0,0,1,0,1,0
1,17.85,0.33,2.8,12.03,0,0,0,0,0,0,404.54,0.07816092,55,30,59,34,5,0,0,21,25,23,6,0,0,0,1,0,0,0,0,0,7,1,45.45454545,41.81818182,10.90909091,0,1.81818182,0,5,7,28,2,3,0,0,2,3,0,0,2,0,0,0,-0.34891959,119.5956,60.04,60.04,5.08419954,5.4017,492.1341721,83.08240837,18.01075068,504.269103,210.0447143,349.37,-5.71156961,-6.14998956,-6.31419954,0,0.75,0.83333333,0.83333333,0.7,0.5,0.83333333,1,0.77857143,0.16666667,0.75,1,0,0,0,0,0,0,0,0,0,0,0,0,0,0,0
1,15.85,0.29,1.79,12.76,0,0,0,0,0,0,455.6,0.06595365,63,34,66,37,9,2,0,22,29,28,3,3,0,0,0,0,0,0,0,0,6,0,46.03174603,44.44444444,4.76190476,4.76190476,0,0,4,5,23,1,3,0,0,1,3,0,0,0,1,0,0,-0.81681499,135.5711,56.59,56.59,3.61518765,4.0642,608.0703438,67.05454625,0,594.5016611,247.025271,427.61,-4.46290951,-4.75442827,-4.84518765,0,1,0.83333333,0.83333333,0.8,0.5,1,1,0.85238095,0.33333333,1,0,0,0,0,0,0,0,0,0,0,0,0,0,0,0,0
1,19.06,0.37,3.3,12.87,0,0,0,0,0,0,408.98,0.08374384,54,29,59,34,4,0,0,16,25,22,6,0,0,0,0,1,0,0,0,1,7,1,46.2962963,40.74074074,11.11111111,0,1.85185185,0,6,8,31,3,4,0,3,2,1,1,0,0,1,0,0,-0.3364416,116.2777,60.56,60.56,5.13134125,3.3318,488.9546162,68.24481721,18.01075068,494.5182724,206.0484723,345.03,-5.75164006,-6.19477419,-6.36134125,0,0.75,0.66666667,0.83333333,0.9,0.5,0.83333333,1,0.78333333,0.16666667,0.75,1,0,1,0,0,0,1,1,1,0,0,0,1,0,1,0
1,16.96,0.34,4.1,8.97,0,0,0,0,0,0,425.49,0.08128079,47,29,51,33,4,0,0,15,18,17,7,1,0,1,3,0,0,0,0,1,12,3,38.29787234,36.17021277,14.89361702,2.12765957,6.38297872,0,5,7,27,3,3,0,0,3,2,1,0,1,0,0,0,-0.16574635,103.7828,80.47,108.71,3.78400443,4.5892,442.1594937,142.2253807,18.01075068,444.6013289,185.5907086,314.83,-4.60640377,-4.91480421,-5.01400443,0,1,1,1,0.8,0.5,1,1,0.9,0.16666667,0.875,1,0,0,0,0,0,1,0,0,0,0,0,1,0,1,0
1,16.8,0.34,3.91,9.76,0,0,0,0,0,0,467.58,0.07258065,56,32,60,36,7,0,0,15,24,20,7,1,0,1,3,0,0,0,0,1,12,3,42.85714286,35.71428571,12.5,1.78571429,5.35714286,0,5,7,27,3,3,0,0,3,2,1,0,1,0,0,0,-0.21682485,117.3283,80.47,108.71,4.45994631,4.0371,520.3897009,142.2253807,18.01075068,514.8172758,214.367736,366.73,-5.18095437,-5.556949,-5.68994631,0,0.75,0.83333333,1,0.8,0.5,1,1,0.84047619,0.16666667,0.625,1,0,0,0,0,0,0,0,1,0,0,0,1,0,0,0
1,17.19,0.34,4.25,9.69,0,0,0,0,0,0,453.55,0.07526882,53,31,57,35,5,0,0,15,22,19,7,1,0,1,3,0,0,0,0,1,12,3,41.50943396,35.8490566,13.20754717,1.88679245,5.66037736,0,5,7,27,3,3,0,0,3,2,1,0,1,0,0,0,-0.20083697,112.5401,80.47,108.71,4.23909149,3.8378,496.0112528,142.2253807,18.01075068,491.4119601,204.7753935,349.43,-4.99322776,-5.34713691,-5.46909149,0,0.75,0.83333333,1,0.8,0.5,1,1,0.84047619,0.16666667,0.75,1,0,0,0,0,0,1,0,1,0,0,0,1,0,1,0
1,18.17,0.36,4.07,12.17,0,0,0,0,0,0,452.56,0.07526882,54,31,58,35,5,0,0,15,23,20,6,1,0,1,3,0,0,0,0,1,11,3,42.59259259,37.03703704,11.11111111,1.85185185,5.55555556,0,5,7,27,3,3,0,0,3,2,1,0,1,0,0,0,-0.23279952,115.614,67.58,95.82,3.58427565,4.4315,501.3307275,125.4398511,18.01075068,498.2392027,207.5734437,355.73,-4.4366343,-4.72506187,-4.81427565,0,1,0.83333333,1,0.8,0.5,1,1,0.87619048,0.16666667,0.875,1,0,0,0,0,0,1,0,1,0,0,0,1,0,1,0
1,15.67,0.31,3.21,11.28,0,0,0,0,0,0,486.47,0.06773619,54,34,58,38,5,0,0,16,20,21,6,1,0,0,6,0,0,0,0,0,13,6,37.03703704,38.88888889,11.11111111,1.85185185,11.11111111,0,5,7,28,3,3,0,0,2,3,1,0,1,0,0,0,-0.21695911,112.9105,67.58,67.58,4.30734197,4.8548,496.7076414,172.1296986,18.01075068,496.1129568,206.7020315,370.09,-5.05124068,-5.41197487,-5.53734197,0,0.75,0.83333333,1,0.8,0.5,1,1,0.84047619,0.16666667,0.625,0,0,0,0,0,0,0,0,0,0,0,0,0,0,0,0
1,15.93,0.31,3.89,7.44,0,0,0,0,0,0,437.48,0.07526882,53,31,57,35,5,0,0,15,22,19,7,2,0,0,3,0,0,0,0,0,12,3,41.50943396,35.8490566,13.20754717,3.77358491,5.66037736,0,5,7,27,3,3,0,0,3,2,1,0,1,0,0,0,-0.20083697,108.7235,93.61,93.61,4.71808347,3.1886,482.8135943,153.2971904,18.01075068,474.0033223,197.6407058,339.71,-5.40037095,-5.80217929,-5.94808347,0,0.75,0.66666667,1,0.8,0.5,1,1,0.81666667,0.16666667,0.75,1,0,1,0,0,0,1,0,1,0,0,0,1,0,1,0
0,12.07,0.26,1.84,5.63,0,0,0,0,0,0,433.39,0.07977208,49,27,50,28,8,2,0,12,22,18,2,4,0,1,0,2,0,0,0,3,9,2,44.89795918,36.73469388,4.08163265,8.16326531,4.08163265,0,2,2,12,0,2,0,0,0,2,0,0,0,0,0,0,1.01807025,106.9973,92.86,101.24,3.02718016,3.645,550.3044166,135.2451395,75.58053063,500.3820598,208.4516639,363.69,-3.96310314,-4.19582116,-4.25718016,0,1,1,1,1,1,1,1,1,0.16666667,1,1,0,1,0,0,0,1,0,1,0,0,0,1,0,1,0
0,11.71,0.25,1.2,6.21,0,0,0,0,0,0,443.43,0.07936508,52,28,54,30,7,2,0,12,24,20,2,3,0,1,0,2,0,0,0,3,8,2,46.15384615,38.46153846,3.84615385,5.76923077,3.84615385,0,3,3,16,0,3,0,1,0,2,0,0,0,0,0,0,0.95266614,112.661,83.63,92.01,3.03691711,4.2237,558.7919155,121.4120434,75.58053063,519.4019934,216.2467186,377.14,-3.97137955,-4.20507126,-4.26691711,0,1,1,1,1,1,1,1,1,0.16666667,1,1,0,1,0,0,0,1,0,1,0,0,0,1,0,1,0
1,18.21,0.39,4.59,12.53,0,0,0,0,0,0,492.05,0.07096774,55,31,57,33,6,4,0,12,24,21,1,4,0,2,2,1,0,0,0,3,10,3,43.63636364,38.18181818,1.81818182,7.27272727,5.45454545,0,3,3,18,0,3,0,0,0,3,0,0,0,0,0,0,-0.67121369,117.3343,71.52,88.28,4.18218528,5.0759,574.2164361,120.0646913,0,548.6544851,228.2354447,407.67,-4.94485749,-5.29307602,-5.41218528,0,0.75,0.83333333,1,0.8,0.5,1,1,0.84047619,0.16666667,0.875,0,0,0,0,0,0,0,0,0,0,0,0,0,0,0,0
1,20.29,0.43,4.39,10.09,0,0,0,0,0,0,429.9,0.07936508,46,28,48,30,5,3,0,12,18,19,1,4,0,1,2,1,0,0,0,2,9,3,39.13043478,41.30434783,2.17391304,8.69565217,6.52173913,0,3,3,18,0,3,0,0,0,3,0,0,0,0,0,0,0.31767548,100.0627,86.46,94.84,3.82251219,4.6616,486.520732,143.275181,32.89718747,467.5415282,194.9924296,351.92,-4.63913537,-4.95138658,-5.05251219,0,1,1,1,0.8,0.5,1,1,0.9,0.16666667,1,1,0,0,0,0,0,1,0,0,0,0,0,1,0,1,0
1,16.53,0.3,2.88,8.47,0,0,0,0,0,0,373.51,0.08465608,51,28,55,32,4,0,0,21,23,21,7,0,0,0,0,0,0,0,0,0,7,0,45.09803922,41.17647059,13.7254902,0,0,0,5,7,28,2,3,0,0,2,3,0,0,2,0,0,0,-0.32313875,112.2484,72.93,72.93,3.51741954,3.3183,457.9041798,84.90782465,18.01075068,471.1129568,196.4561298,319.7,-4.37980661,-4.66154857,-4.74741954,0,1,1,1,0.8,0.5,1,1,0.9,0.16666667,0.875,1,0,1,0,1,0,1,1,1,1,0,0,1,0,1,0
1,17.94,0.33,3.41,9.19,0,0,0,0,0,0,373.51,0.08465608,51,28,55,32,4,0,0,21,23,21,7,0,0,0,0,0,0,0,0,0,7,0,45.09803922,41.17647059,13.7254902,0,0,0,5,7,28,2,3,0,0,2,3,0,0,2,0,0,0,-0.32313875,112.6981,72.93,72.93,3.51741954,3.5219,457.9041798,84.90782465,18.01075068,471.1129568,196.4561298,319.7,-4.37980661,-4.66154857,-4.74741954,0,1,1,1,0.8,0.5,1,1,0.9,0.16666667,0.875,1,0,1,0,1,0,1,1,1,0,0,0,1,0,1,0
1,14.45,0.27,2.24,7.76,0,0,0,0,0,0,391.5,0.08128079,51,29,55,33,4,0,0,21,22,21,7,0,0,0,1,0,0,0,0,0,8,1,43.1372549,41.17647059,13.7254902,0,1.96078431,0,5,7,28,2,3,0,0,2,3,0,0,2,0,0,0,-0.30230255,114.3573,72.93,72.93,4.70732106,4.5527,461.3505722,99.62289369,18.01075068,474.0365449,197.6543217,325.77,-5.3912229,-5.791955,-5.93732106,0,0.75,0.83333333,1,0.8,0.5,1,1,0.84047619,0.16666667,0.75,1,0,0,0,0,0,1,1,0,0,0,0,1,0,1,0
0,0,0,0,0,0,0,0,0,0,0,376.48,0.08465608,49,28,53,32,3,0,0,21,21,21,6,0,0,0,1,0,0,0,0,0,7,1,42.85714286,42.85714286,12.24489796,0,2.04081633,0,5,7,28,2,3,0,0,2,3,0,0,2,0,0,0,-0.32313875,110.1698,60.04,60.04,4.6544566,4.6642,439.9807007,83.08240837,18.01075068,457.4584718,190.8600294,314.77,-5.34628811,-5.74173377,-5.8844566,0,0.75,0.83333333,1,0.8,0.5,1,1,0.84047619,0.33333333,0.75,1,0,0,0,1,0,1,1,0,0,0,0,1,0,1,0
1,15.9,0.29,1.45,9.86,0,0,0,0,0,0,372.44,0.08465608,45,28,49,32,3,0,0,26,17,21,6,0,0,0,1,0,0,0,0,0,7,1,37.77777778,46.66666667,13.33333333,0,2.22222222,0,5,7,28,2,3,0,0,2,3,0,0,2,0,0,0,-0.32313875,108.1702,60.04,60.04,4.77601574,5.1361,415.2529663,83.08240837,18.01075068,443.1727575,185.0052285,298.59,-5.44961338,-5.85721495,-6.00601574,0,0.75,0.83333333,1,0.6,0,1,1,0.74047619,0.33333333,0.75,1,0,0,0,0,0,1,0,0,0,0,0,0,0,0,0
1,16.51,0.3,2.88,8.46,0,0,0,0,0,0,373.51,0.08465608,51,28,55,32,4,0,0,21,23,21,7,0,0,0,0,0,0,0,0,0,7,0,45.09803922,41.17647059,13.7254902,0,0,0,5,7,28,2,3,0,0,2,3,0,0,2,0,0,0,-0.32313875,112.2484,72.93,72.93,3.51741954,3.3183,457.9041798,84.90782465,18.01075068,471.1129568,196.4561298,319.7,-4.37980661,-4.66154857,-4.74741954,0,1,1,1,0.8,0.5,1,1,0.9,0.16666667,0.875,1,0,1,0,1,0,1,1,1,1,0,0,1,0,1,0
0,9.91,0.19,0.34,6.73,0,0,0,0,0,0,470.55,0.06773619,59,34,63,38,6,0,0,21,25,24,6,1,0,0,3,0,0,0,0,0,10,3,42.37288136,40.6779661,10.16949153,1.69491525,5.08474576,0,5,7,28,2,3,0,0,2,3,0,0,2,0,0,0,-0.30447501,126.2113,69.27,69.27,5.27640304,5.2144,540.6923534,124.0025228,18.01075068,543.2724253,226.0296825,387.6,-5.87494258,-6.33258288,-6.50640304,0,0.75,0.66666667,0.83333333,0.7,0.5,0.83333333,1,0.7547619,0.16666667,0.625,1,0,0,0,0,0,0,0,0,0,0,0,0,0,0,0
1,16.27,0.3,1.72,14.41,0,0,0,0,0,0,419.54,0.07311828,57,31,60,34,5,2,0,17,26,25,3,2,0,0,1,0,0,0,0,0,6,1,45.61403509,43.85964912,5.26315789,3.50877193,1.75438596,0,4,4,23,0,4,0,0,1,3,0,0,0,0,0,0,-0.79906392,119.8326,47.36,47.36,4.02954173,4.3053,542.2860587,71.01477163,0,531.7441861,221.3049943,389.17,-4.81511047,-5.14806464,-5.25954173,0,1,1,1,0.8,0.5,1,1,0.9,0.33333333,1,1,0,0,0,0,0,1,1,1,0,0,0,1,0,1,0
1,10.91,0.21,1.1,5.68,0,0,0,0,0,0,516.5,0.06156156,57,37,61,41,5,1,0,22,20,24,6,3,0,0,4,0,0,0,0,0,13,4,35.0877193,42.10526316,10.52631579,5.26315789,7.01754386,0,5,6,29,1,4,0,0,2,2,1,0,0,0,1,0,-0.64389321,126.5874,99.17,99.17,4.55639828,4.3311,557.0718,175.1464358,0,551.4119601,229.3655574,405.97,-5.26293854,-5.64857837,-5.78639828,1,0.5,0.5,0.83333333,0.7,0.5,0.83333333,1,0.6952381,0.16666667,0.625,0,0,0,0,0,0,0,0,0,0,0,0,0,0,0,0
1,15.37,0.3,0.87,11.08,0,0,0,0,0,0,436.61,0.07526882,56,31,60,35,5,0,0,21,25,23,6,0,0,1,1,0,0,0,0,1,8,1,44.64285714,41.07142857,10.71428571,0,1.78571429,0,5,6,27,1,4,0,0,3,2,0,0,1,0,0,0,-0.32868719,122.4334,60.56,88.8,4.80819954,5.503,520.370123,83.20493048,18.01075068,531.4285714,221.175644,367.88,-5.47696961,-5.88778956,-6.03819954,0,0.75,0.83333333,1,0.8,0.5,1,1,0.84047619,0.16666667,0.75,1,0,0,0,0,0,0,0,0,0,0,0,0,0,0,0
1,13.75,0.26,-0.22,10.82,0,0,0,0,0,0,476.68,0.06951872,63,34,68,39,5,0,0,21,29,26,6,0,0,1,1,0,0,0,0,1,8,1,46.03174603,41.26984127,9.52380952,0,1.58730159,0,6,7,33,1,5,0,0,3,3,0,0,1,0,0,0,-0.36281893,134.2806,60.56,88.8,5.42630559,6.635,562.4767812,83.20493048,18.01075068,583.6046512,242.5592833,407.42,-6.00235975,-6.47499031,-6.65630559,0,0.75,0.5,0.83333333,0.7,0.5,0.83333333,1,0.73095238,0.16666667,0.625,0,0,0,0,0,0,0,0,0,0,0,0,0,0,0,0
1,14.51,0.28,1.66,9.41,0,0,0,0,0,0,452.61,0.07258065,57,32,61,36,7,0,0,21,25,23,6,1,0,1,1,0,0,0,0,1,9,1,43.85964912,40.35087719,10.52631579,1.75438596,1.75438596,0,5,6,27,1,4,0,0,3,2,0,0,1,0,0,0,-0.30974979,124.3107,69.79,98.03,4.04906399,4.6458,531.300749,94.20481837,18.01075068,541.179402,225.1718861,376.67,-4.83170439,-5.16661079,-5.27906399,0,1,0.83333333,1,0.8,0.5,1,1,0.87619048,0.16666667,0.875,1,0,0,0,0,0,1,0,0,0,0,0,1,0,1,0
1,16.75,0.33,2.04,12.97,0,0,0,0,0,0,469.06,0.0719697,63,33,68,38,4,0,0,16,30,25,6,0,0,0,1,1,0,0,0,1,8,2,47.61904762,39.68253968,9.52380952,0,3.17460317,0,6,8,35,4,4,0,0,2,4,1,0,0,1,0,0,-0.3520827,130.4255,60.56,60.56,6.1234647,5.2773,570.0186053,83.20493048,18.01075068,567.6578073,236.0236915,403,-6.59494499,-7.13729146,-7.3534647,0,0.75,0.5,0.83333333,0.7,0.5,0.83333333,1,0.73095238,0.16666667,0.625,0,0,0,0,0,0,0,0,0,0,0,0,0,0,0,0
1,17.18,0.33,3.73,9.88,0,0,0,0,0,0,466.04,0.0719697,61,33,66,38,5,0,0,17,28,24,7,1,0,0,0,1,0,0,0,1,9,1,45.90163934,39.3442623,11.47540984,1.63934426,1.63934426,0,6,8,34,3,4,0,0,2,4,1,0,1,0,0,0,-0.32203621,131.1057,80.99,80.99,5.31311841,4.6052,557.2355067,99.15454854,18.01075068,560.5149502,233.0962911,396.78,-5.90615065,-6.36746249,-6.54311841,0,0.75,0.5,0.83333333,0.7,0.5,0.83333333,1,0.73095238,0.16666667,0.625,0,0,0,0,0,0,0,0,0,0,0,0,0,0,0,0
1,18.78,0.36,3.77,10.14,0,0,0,0,0,0,393.92,0.08465608,48,28,52,32,4,0,0,21,20,20,7,0,0,0,0,1,0,0,0,1,8,1,41.66666667,41.66666667,14.58333333,0,2.08333333,0,5,7,28,2,3,0,0,2,3,0,0,2,0,0,0,-0.28779665,112.4617,72.93,72.93,3.78541954,3.7001,453.2293452,84.90782465,18.01075068,468.0398671,195.1966669,317.61,-4.60760661,-4.91614857,-5.01541954,0,1,1,1,0.8,0.5,1,1,0.9,0.16666667,0.875,1,0,1,0,0,0,1,0,1,0,0,0,1,0,1,0
1,16.4,0.34,5.06,8.79,0,0,0,0,0,0,512.02,0.06595365,58,34,61,37,7,4,0,12,24,23,3,4,0,1,2,1,0,0,0,2,11,3,41.37931034,39.65517241,5.17241379,6.89655172,5.17241379,0,4,4,22,0,4,1,0,0,2,1,0,0,0,0,0,0.26416227,122.7389,95.58,103.96,2.80187419,3.5405,578.7987978,162.0630947,36.02150137,569.1362126,236.6295953,428.12,-3.77159306,-3.98178048,-4.03187419,0,0.75,0.83333333,0.83333333,0.9,0.5,0.83333333,1,0.80714286,0.33333333,0.875,0,0,0,0,0,0,0,0,0,0,0,0,0,0,0,0
0,0,0,0,0,0,0,0,0,0,0,382.97,0.09782609,43,24,46,27,3,2,0,11,19,17,2,2,0,2,0,1,0,0,0,3,7,1,44.18604651,39.53488372,4.65116279,4.65116279,2.3255814,0,4,7,23,3,2,0,0,2,1,1,1,0,0,1,1,1.03889673,97.9265,72.19,108.81,2.73249442,3.0653,433.2267317,93.61513699,49.30218492,435.3654485,181.8055117,310.03,-3.71262025,-3.91586969,-3.96249442,0,1,1,1,0.8,0.5,1,1,0.9,0.5,1,1,1,1,0,0,0,1,0,1,1,0,0,1,1,1,0
1,15.94,0.3,1.72,8.77,0,0,0,0,0,0,437.46,0.07258065,50,32,54,36,3,0,1,21,18,23,5,1,0,0,3,0,0,0,0,0,9,3,36,46,10,2,6,0,5,7,28,2,3,0,0,2,3,0,0,2,0,0,0,-0.30974979,111.8571,79.52,79.52,4.53761089,5.2727,474.7416167,120.3881205,16.78552955,489.0033223,203.7882468,354.02,-5.24696926,-5.63073034,-5.76761089,0,0.75,0.83333333,1,0.8,0.5,1,1,0.84047619,0.33333333,0.75,1,0,0,0,0,0,0,0,0,0,0,0,0,0,0,0
1,14.73,0.28,1.41,8.52,0,0,0,0,0,0,438.44,0.07258065,49,32,53,36,3,0,1,21,17,23,4,2,0,0,3,0,0,0,0,0,9,3,34.69387755,46.93877551,8.16326531,4.08163265,6.12244898,0,5,7,28,2,3,0,0,2,3,0,0,2,0,0,0,-0.30974979,111.1704,75.86,75.86,2.91361089,4.9012,466.4294862,114.7250009,16.78552955,482.1760797,200.9901966,351.81,-3.86656926,-4.08793034,-4.14361089,0,1,1,1,0.6,0.5,1,1,0.87142857,0.5,0.875,1,0,0,0,0,0,1,0,0,0,0,0,0,0,1,0
1,17.06,0.31,2.87,10.69,0,0,0,0,0,0,376.48,0.08465608,49,28,53,32,3,0,0,21,21,21,6,0,0,0,1,0,0,0,0,0,7,1,42.85714286,42.85714286,12.24489796,0,2.04081633,0,5,7,28,2,3,0,0,2,3,0,0,2,0,0,0,-0.32313875,110.3234,60.04,60.04,4.6544566,4.5292,439.9807007,83.08240837,18.01075068,457.4584718,190.8600294,314.77,-5.34628811,-5.74173377,-5.8844566,0,0.75,0.83333333,1,0.8,0.5,1,1,0.84047619,0.33333333,0.75,1,0,0,0,1,0,1,1,0,0,0,0,1,0,1,0
1,17.32,0.32,3.92,10,0,0,0,0,0,0,453.58,0.06773619,61,34,65,38,4,3,0,18,27,28,3,3,0,0,0,0,0,0,0,0,6,0,44.26229508,45.90163934,4.91803279,4.91803279,0,0,5,9,30,3,2,0,0,1,3,1,0,1,0,2,0,0.11830245,130.1821,78.51,78.51,3.07918765,3.7245,577.6623327,114.5805964,36.02150137,576.461794,239.6318828,426.15,-4.00730951,-4.24522827,-4.30918765,0,1,0.83333333,1,0.8,0.5,1,1,0.87619048,0.16666667,0.875,0,0,0,0,0,0,1,0,0,0,0,0,0,0,1,0
1,12.36,0.24,1.46,7.86,0,0,0,0,0,0,607.56,0.05315615,66,43,71,48,4,1,0,22,23,28,5,4,0,0,6,0,0,0,0,0,15,6,34.84848485,42.42424242,7.57575758,6.06060606,9.09090909,0,6,8,35,2,3,0,0,2,3,1,0,1,0,1,0,-0.64720688,141.1168,95.51,95.51,4.72234785,4.5919,627.8598616,199.648587,0,626.013289,259.9398726,472.74,-5.40399567,-5.80623046,-5.95234785,1,0.5,0.33333333,0.83333333,0.7,0.5,0.83333333,1,0.67142857,0.16666667,0.625,0,0,0,0,0,0,0,0,0,0,0,0,0,0,0,0
1,15.98,0.3,3.88,10.46,1,0,0,0,1,2,514.55,0.06156156,62,37,66,41,4,5,0,11,25,26,4,4,0,0,3,0,0,0,0,0,11,3,40.32258065,41.93548387,6.4516129,6.4516129,4.83870968,0,5,7,29,2,3,0,0,1,4,0,0,0,2,0,0,-0.69755098,132.339,78.59,78.59,2.82661523,3.8298,594.7714108,140.204127,0,579.0365449,240.6871086,445.73,-3.79262295,-4.00528447,-4.05661523,0,0.75,0.83333333,0.83333333,0.7,0.5,0.83333333,1,0.77857143,0.33333333,0.75,0,0,0,0,0,0,0,0,0,0,0,0,0,0,0,0
0,12.5,0.23,1.34,6.7,0,0,0,0,0,0,416.52,0.07311828,55,31,58,34,8,1,0,22,24,24,4,3,0,0,0,0,0,0,0,0,7,0,43.63636364,43.63636364,7.27272727,5.45454545,0,0,4,5,23,1,3,0,0,1,3,0,0,1,0,0,0,-0.36064975,117.5067,77.75,77.75,2.11574199,3.5766,531.4329241,98.72651259,18.01075068,524.6013289,218.3775938,372.05,-3.1883807,-3.3299549,-3.34574199,0,1,1,1,0.8,0.5,1,1,0.9,0.33333333,1,1,0,1,0,0,0,1,1,1,0,0,0,1,0,1,0
1,14.32,0.3,2.62,7.73,0,0,0,0,0,0,546.52,0.06190476,61,36,64,39,10,2,0,23,25,25,5,3,0,1,0,2,0,0,0,3,11,2,40.98360656,40.98360656,8.19672131,4.91803279,3.27868852,0,4,4,23,0,4,0,0,1,3,0,0,0,0,0,0,-0.2999255,146.6247,101.21,109.59,4.94945415,6.1207,656.3692835,138.258834,42.68334316,632.4086379,262.5609172,449.28,-5.59703602,-6.02198144,-6.17945415,1,0.5,0.5,0.66666667,0.7,0.5,0.83333333,1,0.67142857,0.16666667,0.75,0,0,0,0,0,0,0,0,0,0,0,0,0,0,0,0
1,10.77,0.21,-0.78,10.29,0,0,0,0,0,0,639.21,0.05073996,77,44,81,48,12,3,0,24,33,34,2,4,0,1,2,1,0,0,0,2,10,3,42.85714286,44.15584416,2.5974026,5.19480519,3.8961039,0,5,5,29,0,5,0,0,1,4,0,0,0,0,0,0,-0.76816543,170.6376,66.92,75.3,4.76529421,8.2299,763.8890784,115.0208681,0,756.2624585,313.3206797,560.06,-5.44050008,-5.8470295,-5.99529421,1,0.5,0.5,0.66666667,0.7,0.5,0.66666667,0.5,0.57619048,0.16666667,0.5,0,0,0,0,0,0,0,0,0,0,0,0,0,0,0,0
1,14.58,0.27,1.16,10.22,0,0,0,0,0,0,480.58,0.06349206,61,36,65,40,7,1,0,28,25,29,4,2,0,0,1,0,0,0,0,0,7,1,40.98360656,47.54098361,6.55737705,3.27868852,1.63934426,0,5,6,29,1,4,0,0,1,4,0,0,1,0,0,0,-0.41019352,136.2557,68.52,68.52,4.03642546,5.3506,584.4349238,102.686738,18.01075068,595.3322259,247.3656664,424.65,-4.82096164,-5.15460419,-5.26642546,0,1,0.83333333,1,0.6,0.5,1,1,0.84761905,0.16666667,0.75,0,0,0,0,0,0,0,0,0,0,0,0,0,0,0,0
1,15.68,0.29,1.86,14.04,0,0,0,0,0,0,464.56,0.06773619,60,34,64,38,4,2,0,17,26,26,4,2,0,0,2,0,0,0,0,0,8,2,43.33333333,43.33333333,6.66666667,3.33333333,3.33333333,0,5,6,29,1,4,0,0,1,4,0,0,0,1,0,0,-0.75847107,126.4522,51.88,51.88,5.04658577,5.1755,559.9879114,91.44858353,0,556.6112957,231.4964327,411.18,-5.6795979,-6.11425648,-6.27658577,0,0.75,0.66666667,0.83333333,0.7,0.5,0.83333333,1,0.7547619,0.33333333,0.625,1,0,0,0,0,0,0,0,0,0,0,0,0,0,0,0
1,14.97,0.27,0.06,10.08,0,0,0,0,0,0,450.63,0.06595365,64,34,67,37,7,1,0,24,30,29,4,1,0,0,0,0,0,0,0,0,5,0,46.875,45.3125,6.25,1.5625,0,0,4,4,24,0,4,0,0,0,4,0,0,0,0,0,0,0.08913048,138.6602,66.91,66.91,4.24459855,5.2043,619.9129102,94.73748749,36.02150137,607.8405316,252.4920211,435.69,-4.99790877,-5.35236862,-5.47459855,0,0.75,0.83333333,1,0.8,0.5,1,1,0.84047619,0.16666667,0.875,0,0,0,0,0,0,0,0,0,0,0,0,0,0,0,0
0,16.5,0.3,0.42,12.44,0,0,0,0,0,0,316.43,0.0942029,44,24,46,26,4,1,0,18,20,21,2,1,0,0,0,0,0,0,0,0,3,0,45.45454545,47.72727273,4.54545455,2.27272727,0,0,3,3,18,0,3,0,0,0,3,0,0,0,0,0,0,-0.42425421,96.0074,41.99,41.99,3.32205248,3.7624,434.3035659,59.94120726,18.01075068,426.910299,178.3402865,306.47,-4.21374461,-4.47594986,-4.55205248,0,1,1,1,0.6,0.5,1,1,0.87142857,0.5,1,1,1,1,0,1,0,1,0,1,0,1,0,1,0,1,0
1,17.36,0.31,0.48,14.24,0,0,0,0,0,0,344.49,0.08615385,50,26,52,28,5,1,0,18,24,23,2,1,0,0,0,0,0,0,0,0,3,0,48,46,4,2,0,0,3,3,18,0,3,0,0,0,3,0,0,0,0,0,0,-0.44577706,105.6496,41.99,41.99,3.75567953,4.7048,486.4570374,59.94120726,18.01075068,473.7209302,197.5249714,341.07,-4.5823276,-4.88789555,-4.98567953,0,1,1,1,0.8,0.5,1,1,0.9,0.5,1,1,0,0,0,1,0,1,1,0,0,0,0,0,0,1,0
0,0,0,0,0,0,0,0,0,0,0,453.42,0.06854839,49,32,51,34,4,1,0,18,17,22,3,1,0,0,6,0,0,0,0,0,10,6,34.69387755,44.89795918,6.12244898,2.04081633,12.24489796,0,3,3,18,0,3,0,0,0,3,0,0,0,0,0,0,-0.27877481,105.0539,54.88,54.88,3.90263065,5.3534,498.1402539,166.4874164,18.01075068,484.435216,201.9160721,371.19,-4.70723606,-5.02749912,-5.13263065,0,1,0.83333333,1,0.8,0.5,1,1,0.87619048,0.33333333,1,1,0,0,0,0,0,0,0,0,0,0,0,0,0,0,0
1,13.06,0.25,-0.55,12.3,0,0,0,0,0,0,482.46,0.06417112,54,34,56,36,5,1,0,18,20,24,2,2,0,0,6,0,0,0,0,0,10,6,37.03703704,44.44444444,3.7037037,3.7037037,11.11111111,0,3,3,18,0,3,0,0,0,3,0,0,0,0,0,0,-0.30447501,114.418,51.22,51.22,4.57620668,5.6306,544.6520585,160.7017748,18.01075068,524.4186047,218.3027068,403.58,-5.27977568,-5.66739635,-5.80620668,0,0.75,0.66666667,1,0.8,0.5,1,1,0.81666667,0.33333333,0.75,0,0,0,0,0,0,0,0,0,0,0,0,0,0,0,0
1,14.08,0.29,0.53,11.31,0,0,0,0,0,0,474.46,0.06854839,48,32,50,34,5,2,0,18,16,21,2,2,0,1,6,0,0,0,0,1,11,6,33.33333333,43.75,4.16666667,4.16666667,12.5,0,3,3,18,0,3,0,0,0,3,0,0,0,0,0,0,-0.24779983,108.8161,59.06,67.44,4.29649846,5.992,490.6570694,167.2641587,16.40499744,488.5049834,203.5840096,372.83,-5.04202369,-5.40167354,-5.52649846,0,0.75,0.83333333,1,0.8,0.5,1,1,0.84047619,0.16666667,0.75,0,0,0,0,0,0,0,0,0,0,0,0,0,0,0,0
1,15.62,0.34,0.98,10.4,0,0,0,0,0,0,393.31,0.09,39,25,41,27,4,2,0,18,14,18,2,2,0,1,0,2,0,0,0,3,7,2,35.8974359,46.15384615,5.12820513,5.12820513,5.12820513,0,3,3,18,0,3,0,0,0,3,0,0,0,0,0,0,-0.27733075,101.8514,59.06,67.44,3.42874062,4.7693,438.2279732,77.50347906,16.40499744,441.4119601,184.2835902,314.93,-4.30442953,-4.57730359,-4.65874062,0,1,1,1,0.6,0,1,1,0.8,0.16666667,1,1,0,0,0,0,0,0,0,0,0,0,0,0,0,1,0
0,0,0,0,0,0,0,0,0,0,0,380.27,0.0942029,35,24,37,26,4,2,0,18,11,16,3,2,0,1,0,2,0,0,0,3,8,2,31.42857143,45.71428571,8.57142857,5.71428571,5.71428571,0,3,3,18,0,3,0,0,0,3,0,0,0,0,0,0,-0.21856297,93.2411,71.95,80.33,2.99323062,3.9602,406.8317628,94.28900861,16.40499744,411.179402,171.8931975,291.33,-3.93424603,-4.16356909,-4.22323062,0,1,1,1,0.4,0,1,1,0.77142857,0.33333333,1,1,1,1,0,0,0,0,0,1,0,0,0,1,0,1,0
0,0,0,0,0,0,0,0,0,0,0,368.25,0.09881423,34,23,36,25,4,2,0,17,11,16,1,3,0,1,0,2,0,0,0,3,7,2,32.35294118,47.05882353,2.94117647,8.82352941,5.88235294,0,3,3,17,0,3,0,0,1,2,0,0,0,0,0,0,-0.24064481,91.8077,59.31,67.69,3.04138134,5.0325,389.0098515,70.2252958,16.40499744,394.9169435,165.2282555,280.76,-3.97517414,-4.20931228,-4.27138134,0,1,1,1,0.4,0,1,1,0.77142857,0.16666667,1,1,0,0,0,0,0,0,0,0,0,0,0,0,0,1,0
1,15.64,0.3,1.16,11.28,0,0,0,0,0,0,436.61,0.07526882,56,31,60,35,6,0,0,21,25,23,6,0,0,1,1,0,0,0,0,1,8,1,44.64285714,41.07142857,10.71428571,0,1.78571429,0,5,6,27,1,4,0,0,3,2,0,0,1,0,0,0,-0.32868719,122.5394,60.56,88.8,4.80819954,5.6492,516.1851548,83.20493048,18.01075068,531.4285714,221.175644,367.88,-5.47696961,-5.88778956,-6.03819954,0,0.75,0.83333333,1,0.8,0.5,1,1,0.84047619,0.16666667,0.75,0,0,0,0,0,0,0,0,0,0,0,0,0,0,0,0
1,0,0,0,0,0,0,0,0,0,0,394.52,0.08465608,47,28,51,32,4,0,0,21,19,20,6,0,0,1,1,0,0,0,0,1,8,1,40.42553191,42.55319149,12.76595745,0,2.12765957,0,5,6,27,1,4,0,0,3,2,0,0,1,0,0,0,0.28233338,108.3705,71.42,99.66,4.15760178,4.5708,435.2084373,83.20493048,34.67375812,461.2126246,192.3986166,315.98,-4.92396151,-5.26972169,-5.38760178,0,0.75,1,1,0.8,0.5,1,1,0.86428571,0.16666667,0.875,1,0,0,0,0,0,1,0,0,0,0,0,1,0,1,0
1,16.22,0.31,1.12,12.07,0,0,0,0,0,0,450.64,0.07258065,59,32,63,36,5,0,0,21,27,24,6,0,0,1,1,0,0,0,0,1,8,1,45.76271186,40.6779661,10.16949153,0,1.69491525,0,5,6,26,1,4,0,0,4,1,0,1,0,0,0,0,-0.34072476,127.0383,60.56,88.8,5.01756485,5.8005,556.0648446,83.20493048,18.01075068,554.833887,230.7679865,385.18,-5.65493012,-6.08668661,-6.24756485,0,0.75,0.66666667,0.83333333,0.7,0.5,0.83333333,1,0.7547619,0.16666667,0.75,0,0,0,0,0,0,0,0,0,0,0,0,0,0,0,0
1,12.12,0.23,1.65,8.27,0,0,0,0,0,0,532.52,0.05974395,59,38,63,42,5,1,0,22,21,25,6,2,0,0,5,0,0,0,0,0,13,5,35.59322034,42.37288136,10.16949153,3.38983051,8.47457627,0,5,6,29,1,4,0,0,2,2,1,0,0,0,1,0,-0.65323011,129.0447,78.07,78.07,3.97212833,4.929,569.2529928,164.0587175,0,567.9900332,236.1598497,420.55,-4.76630908,-5.09352191,-5.20212833,0,0.75,0.83333333,0.83333333,0.7,0.5,0.83333333,1,0.77857143,0.16666667,0.75,0,0,0,0,0,0,0,0,0,0,0,0,0,0,0,0
1,16.64,0.33,2.39,7.34,0,0,0,0,0,0,400.91,0.08465608,49,28,53,32,6,0,0,16,21,19,6,2,0,0,0,1,0,0,0,1,9,1,42.85714286,38.7755102,12.24489796,4.08163265,2.04081633,0,5,6,24,2,4,0,3,2,1,0,0,0,0,0,0,-0.25245455,107.5723,90.89,90.89,5.53325479,3.5405,478.692877,105.2925367,18.01075068,461.8438538,192.6573171,323.07,-6.09326657,-6.57659205,-6.76325479,0,0.75,0.83333333,0.83333333,0.9,1,0.83333333,1,0.87857143,0.16666667,0.75,1,0,1,0,0,0,1,1,1,0,0,0,1,0,1,0
1,16.84,0.31,2.21,12.17,0,0,0,0,0,0,417.53,0.07526882,55,31,59,35,4,0,0,22,24,24,5,1,0,0,1,0,0,0,0,0,7,1,43.63636364,43.63636364,9.09090909,1.81818182,1.81818182,0,5,6,28,1,4,0,0,2,3,0,0,1,0,0,0,-0.76710136,116.6599,57.76,57.76,5.34961089,4.5106,506.6984168,76.19406769,0,513.7043189,213.9116061,361.82,-5.93716926,-6.40213034,-6.57961089,0,0.75,0.83333333,0.83333333,0.7,0.5,0.83333333,1,0.77857143,0.33333333,0.75,1,0,0,0,0,0,1,1,0,0,0,0,1,0,1,0
1,16.16,0.31,2.83,8.86,0,0,0,0,0,0,453.6,0.07258065,56,32,60,36,6,0,0,21,24,22,7,1,0,1,1,0,0,0,0,1,10,1,42.85714286,39.28571429,12.5,1.78571429,1.78571429,0,5,6,27,1,4,0,0,3,2,0,0,1,0,0,0,-0.27877481,121.8988,82.68,110.92,3.89977386,4.7724,525.9812743,110.9903479,18.01075068,534.3521595,222.3738359,370.37,-4.70480778,-5.02478516,-5.12977386,0,1,0.83333333,1,0.8,0.5,1,1,0.87619048,0.16666667,0.875,1,0,0,0,0,0,1,0,0,0,0,0,0,0,1,0
1,15.57,0.3,1.62,9.7,0,0,0,0,0,0,434.62,0.07526882,57,31,61,35,6,0,0,21,26,23,6,1,0,1,0,0,0,0,0,1,8,0,45.61403509,40.35087719,10.52631579,1.75438596,0,0,5,6,27,1,4,0,0,3,2,0,0,1,0,0,0,-0.32868719,124.262,69.79,98.03,3.94304659,4.9036,528.4669671,79.2447051,18.01075068,538.255814,223.9736942,370.6,-4.7415896,-5.06589426,-5.17304659,0,1,1,1,0.8,0.5,1,1,0.9,0.16666667,0.875,1,0,0,0,0,0,1,0,0,0,0,0,0,0,1,0
1,3.59,0,0,0,0,0,0,0,0,0,2249.19,0.01273585,342,160,344,162,72,22,0,18,182,111,26,23,0,0,0,0,0,0,0,0,49,0,53.21637427,32.45614035,7.60233918,6.7251462,0,0,3,3,18,0,3,0,0,0,3,0,0,0,0,0,0,20.26141247,597.0039,755.72,755.72,-6.74211753,2.217,3409.777632,1108.810566,552.4978574,2995.780731,1231.156037,2265.41,0,0,0,1,0.25,0.16666667,0.16666667,0.6,1,0.16666667,0,0.33571429,0.16666667,0.375,0,0,0,0,0,0,0,0,0,0,0,0,0,0,0,0
1,15.36,0.29,2.03,9.17,0,0,0,0,0,0,437.48,0.07258065,53,32,57,36,4,0,0,22,21,24,3,3,0,0,2,0,0,0,0,0,8,2,39.62264151,45.28301887,5.66037736,5.66037736,3.77358491,0,5,6,28,1,4,0,0,2,3,0,0,1,0,0,0,-0.34072476,114.7578,73.31,73.31,3.82900973,4.7203,515.6374446,129.7197048,42.68334316,502.9734219,209.5136975,363.47,-4.64465827,-4.95755925,-5.05900973,0,1,1,1,0.8,0.5,1,1,0.9,0.16666667,0.875,1,0,0,0,0,0,1,0,0,0,0,0,0,0,1,0
1,4.93,0,0,0,0,0,0,0,0,0,1648.37,0.01738874,255,117,256,118,47,15,0,12,138,83,16,18,0,0,0,0,0,0,0,0,34,0,54.11764706,32.54901961,6.2745098,7.05882353,0,0,2,2,12,0,2,0,0,0,2,0,0,0,0,0,0,11.02382262,437.9081,503.42,503.42,-2.46726854,5.9176,2590.953149,761.7124906,370.4143834,2215.365449,911.3137084,1676.72,0.70717825,1.02390511,1.23726854,1,0.25,0.16666667,0.33333333,0.6,1,0.16666667,0,0.35952381,0.16666667,0.5,0,0,0,0,0,0,0,0,0,0,0,0,0,0,0,0
1,0,0,0,0,0,0,0,0,0,0,356.47,0.08831909,47,27,51,31,3,0,0,22,20,21,6,0,0,0,0,0,0,0,0,0,6,0,42.55319149,44.68085106,12.76595745,0,0,0,5,8,29,2,3,0,0,2,2,1,0,0,1,1,0,-0.34555568,104.9337,60.56,60.56,4.73860113,3.837,424.5283992,68.1222951,18.01075068,447.3920266,186.7344371,306.06,-5.41781096,-5.82167107,-5.96860113,0,0.75,0.83333333,1,0.6,0.5,1,1,0.81190476,0.33333333,0.75,1,1,1,0,1,0,1,0,1,0,0,0,1,0,1,0
1,18.01,0.33,3.83,6.57,0,0,0,0,0,0,374.45,0.08201058,46,28,49,31,6,0,0,23,18,19,8,1,0,0,0,0,0,0,0,0,9,0,39.13043478,41.30434783,17.39130435,2.17391304,0,0,4,4,23,0,4,0,0,1,3,0,0,0,0,0,0,0.31767548,107.4208,102.67,102.67,4.2671452,3.4926,453.3359207,130.8265149,36.02150137,454.3853821,189.6005664,311.97,-5.01707342,-5.37378794,-5.4971452,0,0.75,0.83333333,1,0.6,0,1,1,0.74047619,0.16666667,0.875,1,1,1,0,1,0,1,0,1,0,0,0,1,0,1,0
1,8.92,0.17,0.96,3.94,0,0,0,0,0,0,618.95,0.05179704,102,44,107,49,8,2,0,0,58,35,2,7,0,0,0,0,0,0,0,0,9,0,56.8627451,34.31372549,1.96078431,6.8627451,0,0,6,24,32,5,1,1,0,1,4,1,0,2,2,2,0,2.04263749,164.8562,140.34,140.34,3.09278549,3.209,952.4756783,219.5641422,136.2746245,816.1129568,337.8495725,618.15,-4.01886767,-4.25814622,-4.32278549,0,0.75,0.5,0.83333333,0.9,1,0.66666667,0.5,0.73571429,0,0.75,0,0,0,0,0,0,0,0,0,0,0,0,0,0,0,0
1,14.16,0.27,3.11,9.36,1,0,0,0,1,2,458.48,0.07007576,54,33,58,37,3,4,0,11,21,23,4,3,0,0,3,0,0,0,0,0,10,3,38.88888889,42.59259259,7.40740741,5.55555556,5.55555556,0,5,7,29,2,3,0,0,1,4,0,0,0,2,0,0,-0.69106939,116.6449,69.36,69.36,3.0404293,1.7397,502.6665944,129.2042391,0,506.2126246,210.8412396,387.68,-3.97436491,-4.20840784,-4.2704293,0,1,0.83333333,1,0.8,0.5,1,1,0.87619048,0.33333333,0.875,1,0,0,0,0,0,0,0,1,0,0,0,1,0,0,0
1,16.12,0.31,4.46,10.55,1,0,0,0,1,2,514.55,0.06306306,62,37,67,42,4,4,0,11,25,26,4,4,0,0,3,0,0,0,0,0,11,3,40.32258065,41.93548387,6.4516129,6.4516129,4.83870968,0,6,10,32,3,3,1,0,1,4,1,0,0,2,1,0,-0.69755098,129.7681,78.59,78.59,2.90056919,3.265,577.9246202,140.204127,0,568.1395349,236.2211209,436.01,-3.85548382,-4.07554074,-4.13056919,0,0.75,0.66666667,0.83333333,0.7,0.5,0.83333333,1,0.7547619,0.33333333,0.75,0,0,0,0,0,0,0,0,0,0,0,0,0,0,0,0
1,12.33,0.27,1.62,6.36,0,0,0,0,0,0,431.42,0.07977208,51,27,52,28,8,2,0,12,24,19,2,3,0,1,0,2,0,0,0,3,8,2,47.05882353,37.25490196,3.92156863,5.88235294,3.92156863,0,2,2,12,0,2,0,0,0,2,0,0,0,0,0,0,0.98143744,109.956,83.63,92.01,3.2101318,4.2646,562.1192288,121.4120434,75.58053063,514.0365449,214.0477643,372.2,-4.11861203,-4.36962521,-4.4401318,0,1,1,1,1,1,1,1,1,0.16666667,1,1,0,1,0,0,0,1,0,1,0,0,0,1,0,1,0
1,15.48,0.3,2.98,12.6,0,0,0,0,0,0,505.55,0.06507937,60,36,65,41,4,0,0,17,24,24,7,0,0,0,5,0,0,0,0,0,12,5,40,40,11.66666667,0,8.33333333,0,6,8,34,3,4,0,0,2,4,1,0,1,0,0,0,-0.2723585,126.5664,62.11,62.11,5.14878964,5.2442,532.3309783,149.2940114,18.01075068,545.0498339,226.7581286,403.13,-5.7664712,-6.21135016,-6.37878964,1,0.5,0.5,0.66666667,0.6,0.5,0.66666667,1,0.63333333,0.16666667,0.625,0,0,0,0,0,0,0,0,0,0,0,0,0,0,0,0
1,15.09,0.29,3.4,9.31,0,0,0,0,0,0,499.6,0.06507937,64,36,69,41,5,0,0,17,28,25,7,1,0,0,3,0,0,0,0,0,11,3,43.75,39.0625,10.9375,1.5625,4.6875,0,6,8,35,3,4,0,0,2,3,2,0,0,1,0,0,-0.2999255,132.579,80.99,80.99,6.4304603,5.2572,572.4695401,144.0348884,18.01075068,572.358804,237.9503295,417.08,-6.85589126,-7.42893729,-7.6604603,0,0.75,0.5,0.83333333,0.7,0.5,0.83333333,1,0.73095238,0.16666667,0.625,0,0,0,0,0,0,0,0,0,0,0,0,0,0,0,0
1,16.88,0.32,4.12,10.18,0,0,0,0,0,0,452.57,0.0719697,59,33,64,38,4,0,0,17,26,23,8,0,0,0,2,0,0,0,0,0,10,2,44.06779661,38.98305085,13.55932203,0,3.38983051,0,6,8,34,3,4,0,0,2,4,1,0,1,0,0,0,-0.29198971,125.4195,75,75,4.69947312,3.6886,519.1227686,120.9541569,18.01075068,529.4518272,220.365503,378.62,-5.38455215,-5.78449946,-5.92947312,0,0.75,0.5,1,0.8,0.5,1,1,0.79285714,0.16666667,0.75,1,0,0,0,0,0,1,0,1,0,0,0,1,0,1,0
0,14.42,0.27,1.45,9.07,0,0,0,0,0,0,363.43,0.08547009,45,27,48,30,4,0,0,22,18,20,5,1,0,0,1,0,0,0,0,0,7,1,40,44.44444444,11.11111111,2.22222222,2.22222222,0,4,4,22,0,4,0,0,2,2,0,0,0,0,0,0,-0.7326563,99.626,57.76,57.76,4.48964782,3.4824,434.7588821,76.19406769,0,438.1229236,182.9356244,304.98,-5.20620064,-5.58516543,-5.71964782,0,0.75,1,1,0.6,0,1,1,0.76428571,0.33333333,0.875,1,1,1,0,1,0,1,0,1,0,0,0,1,1,1,0
1,17.26,0.34,4.22,10.1,0,0,0,0,0,0,472.47,0.07007576,54,33,58,37,6,0,0,15,21,20,6,2,0,0,5,0,0,0,0,0,13,5,38.88888889,37.03703704,11.11111111,3.7037037,9.25925926,0,5,7,27,3,3,0,0,3,2,1,0,1,0,0,0,-0.20185023,109.4205,80.72,80.72,4.27072845,3.9874,492.6931578,169.7147735,18.01075068,486.6777409,202.8351397,358.15,-5.02011919,-5.37719203,-5.50072845,0,0.75,0.83333333,1,0.8,0.5,1,1,0.84047619,0.16666667,0.625,1,0,0,0,0,0,0,0,1,0,0,0,1,0,0,0
1,13.85,0.25,0.82,9.72,0,0,0,0,0,0,480.58,0.06349206,61,36,65,40,7,1,0,28,25,29,4,2,0,0,1,0,0,0,0,0,7,1,40.98360656,47.54098361,6.55737705,3.27868852,1.63934426,0,5,6,29,1,4,0,0,1,4,0,0,1,0,0,0,-0.41019352,136.2557,68.52,68.52,4.03642546,5.3506,584.4349238,102.686738,18.01075068,595.3322259,247.3656664,424.65,-4.82096164,-5.15460419,-5.26642546,0,1,0.83333333,1,0.6,0.5,1,1,0.84761905,0.16666667,0.75,0,0,0,0,0,0,0,0,0,0,0,0,0,0,0,0
1,16.4,0.32,4.25,7.42,0,0,0,0,0,0,423.45,0.07816092,50,30,54,34,5,0,0,15,20,18,7,2,0,0,3,0,0,0,0,0,12,3,40,36,14,4,6,0,5,7,27,3,3,0,0,3,2,1,0,1,0,0,0,-0.18384435,101.6786,93.61,93.61,4.49287487,2.9021,455.6293836,156.5800765,18.01075068,450.5980066,188.0483634,322.41,-5.20894364,-5.58823112,-5.72287487,0,0.75,0.83333333,1,0.8,0.5,1,1,0.84047619,0.16666667,0.75,1,0,1,0,0,0,1,0,1,1,0,0,1,0,1,0
1,15.71,0.3,3.37,9.44,0,0,0,0,0,0,454.53,0.07007576,57,33,61,37,5,0,0,18,24,23,6,2,0,0,2,0,0,0,0,0,10,2,42.10526316,40.35087719,10.52631579,3.50877193,3.50877193,0,5,6,30,1,4,0,0,0,5,0,0,0,1,0,0,-0.29198971,122.0549,75.64,75.64,3.40585352,4.0443,527.6495846,126.5359694,18.01075068,526.6943522,219.2353902,383.92,-4.28497549,-4.55556084,-4.63585352,0,1,0.83333333,1,0.8,0.5,1,1,0.87619048,0.16666667,0.875,1,0,0,0,0,0,1,0,1,0,0,0,1,0,1,0
1,13.86,0.25,0.71,9.35,0,0,0,0,0,0,462.59,0.06554622,61,35,65,39,7,1,0,28,26,29,4,2,0,0,0,0,0,0,0,0,6,0,42.62295082,47.54098361,6.55737705,3.27868852,0,0,5,6,29,1,4,0,0,1,4,0,0,1,0,0,0,-0.42967856,136.0393,68.52,68.52,3.67171037,5.1451,581.6011419,87.7266247,18.01075068,592.4086379,246.1674745,418.58,-4.51095381,-4.80812485,-4.90171037,0,1,0.83333333,1,0.6,0.5,1,1,0.84761905,0.16666667,0.75,0,0,0,0,0,0,0,0,0,0,0,0,0,0,0,0
0,14.3,0.27,2.9,7.3,0,0,0,0,0,0,368.48,0.08547009,51,27,54,30,4,2,0,11,24,20,4,3,0,0,0,0,0,0,0,0,7,0,47.05882353,39.21568627,7.84313725,5.88235294,0,0,4,5,23,1,3,0,0,1,3,0,0,0,1,0,0,-0.30892286,103.2809,72.11,72.11,2.49758413,2.2641,480.8618686,104.2117002,42.68334316,459.551495,191.7178258,335.21,-3.51294651,-3.69270492,-3.72758413,0,1,1,1,1,0.5,1,1,0.92857143,0.33333333,1,1,1,1,0,1,0,0,0,1,1,0,0,1,1,1,0
1,15.71,0.29,2.45,11.84,0,0,0,0,0,0,460.55,0.06951872,59,34,64,39,3,2,0,17,25,26,4,3,0,0,1,0,0,0,0,0,8,1,42.37288136,44.06779661,6.77966102,5.08474576,1.69491525,0,6,8,34,2,3,0,0,2,4,0,0,1,1,0,0,-0.75847107,125.9386,61.11,61.11,4.59321608,4.7998,538.6807064,87.48835815,0,545.3986711,226.9010947,401.54,-5.29423367,-5.68355528,-5.82321608,0,0.75,0.5,1,0.8,0.5,1,1,0.79285714,0.33333333,0.625,1,0,0,0,0,0,1,0,0,0,0,0,0,0,0,0
1,16.8,0.32,2.23,13.19,0,0,0,0,0,0,453.51,0.07007576,55,33,59,37,4,0,0,22,22,24,5,1,0,0,3,0,0,0,0,0,9,3,40,43.63636364,9.09090909,1.81818182,5.45454545,0,5,6,28,1,4,0,0,2,3,0,0,1,0,0,0,-0.72111588,117.376,57.76,57.76,5.55558462,4.7612,512.3659805,106.1142942,0,519.551495,216.3079898,373.96,-6.11224693,-6.59780539,-6.78558462,0,0.75,0.66666667,0.83333333,0.7,0.5,0.83333333,1,0.7547619,0.33333333,0.75,1,0,0,0,0,0,1,0,0,0,0,0,0,0,1,0
1,15.32,0.29,2.43,7.9,0,0,0,0,0,0,457.42,0.07007576,48,33,52,37,3,0,1,21,15,22,5,2,0,0,4,0,0,0,0,0,11,4,31.25,45.83333333,10.41666667,4.16666667,8.33333333,0,5,7,28,2,3,0,0,2,3,0,0,2,0,0,0,-0.26194322,108.8255,88.75,88.75,3.6742289,4.6526,464.5564039,146.3481216,16.78552955,478.2724253,199.3903382,351.58,-4.51309456,-4.81051745,-4.9042289,0,1,0.83333333,1,0.6,0.5,1,1,0.84761905,0.33333333,0.875,1,0,0,0,0,0,1,0,0,0,0,0,1,0,0,0
1,14.08,0.27,1.32,9.37,0,0,0,0,0,0,464.62,0.0719697,58,33,63,38,5,0,0,21,25,24,6,1,0,1,1,0,0,0,0,1,9,1,43.10344828,41.37931034,10.34482759,1.72413793,1.72413793,0,6,7,32,1,5,0,0,4,2,0,0,1,0,0,0,-0.32203621,126.8773,69.79,98.03,4.2584293,4.5555,525.4389039,94.20481837,18.01075068,546.5448505,227.3708404,381.61,-5.00966491,-5.36550784,-5.4884293,0,0.75,0.66666667,1,0.8,0.5,1,1,0.81666667,0.16666667,0.625,1,0,0,0,0,0,0,0,0,0,0,0,1,0,0,0
1,12.59,0.24,1.59,8.99,0,0,0,0,0,0,521.73,0.06306306,69,37,74,42,8,0,0,21,32,27,7,1,0,1,1,0,0,0,0,1,10,1,46.37681159,39.13043478,10.14492754,1.44927536,1.44927536,0,6,7,33,1,5,0,0,3,3,0,0,1,0,0,0,-0.338127,145.2262,73.03,101.27,4.11856919,4.6655,619.3837491,97.32913227,18.01075068,633.3388704,262.94216,444.51,-4.89078382,-5.23264074,-5.34856919,0,0.75,0.66666667,0.83333333,0.7,0.5,0.83333333,1,0.7547619,0.16666667,0.75,0,0,0,0,0,0,0,0,0,0,0,0,0,0,0,0
1,16.98,0.33,1.72,11.85,0,0,0,0,0,0,422.58,0.07816092,53,30,57,34,6,0,0,21,23,22,6,0,0,1,1,0,0,0,0,1,8,1,43.39622642,41.50943396,11.32075472,0,1.88679245,0,5,5,24,0,5,1,0,3,1,0,0,0,0,0,0,-0.31590454,117.4485,60.56,88.8,4.59523874,5.0625,500.1552324,83.20493048,18.01075068,508.0232558,211.5833016,350.58,-5.29595293,-5.68547681,-5.82523874,0,0.75,0.83333333,1,0.8,0.5,1,1,0.84047619,0.16666667,0.75,1,0,0,0,0,0,1,0,0,0,0,0,0,0,1,0
0,14.12,0.29,1.9,7.09,0,0,0,0,0,0,363.84,0.0942029,38,24,40,26,3,4,0,12,14,17,1,4,0,1,0,1,0,0,0,2,7,1,36.84210526,44.73684211,2.63157895,10.52631579,2.63157895,0,3,4,17,1,2,0,0,1,2,0,0,1,0,0,0,-0.25970122,92.9731,76.23,84.61,3.05171753,2.9051,408.4074927,98.46851767,18.01075068,407.7408638,170.4839606,302.54,-3.9839599,-4.21913165,-4.28171753,0,1,1,1,0.6,0,1,1,0.8,0.33333333,1,1,1,1,1,1,0,0,0,1,1,0,0,1,1,1,1
0,12.81,0.25,0.2,11.43,0,0,0,0,0,0,370.91,0.08615385,49,26,51,28,7,2,0,12,23,21,2,2,0,0,0,1,0,0,0,1,5,1,46.93877551,42.85714286,4.08163265,4.08163265,2.04081633,0,3,4,17,1,2,0,0,1,2,0,0,1,0,0,0,-0.36973482,106.7336,45.33,45.33,3.81058093,4.2154,485.5248107,57.2798795,18.01075068,471.2790698,196.5242089,346.65,-4.62899379,-4.94005188,-5.04058093,0,1,1,1,0.8,0.5,1,1,0.9,0.33333333,1,1,0,1,0,1,0,1,1,1,0,0,0,1,0,1,0
1,17.26,0.33,3.44,9.34,0,0,0,0,0,0,447.44,0.07056452,49,32,52,35,5,0,0,22,17,20,7,1,0,0,4,0,0,0,0,0,12,4,34.69387755,40.81632653,14.28571429,2.04081633,8.16326531,0,4,4,22,0,4,0,0,2,2,0,0,0,0,0,0,-0.21682485,106.7304,82.68,82.68,4.52992156,4.4084,481.1705846,155.8706877,18.01075068,480.0498339,200.1187844,345.19,-5.24043333,-5.62342548,-5.75992156,0,0.75,0.83333333,1,0.6,0,1,1,0.74047619,0.16666667,0.875,1,0,0,0,0,0,1,0,1,0,0,0,1,0,1,0
1,17.42,0.33,3.43,8.58,0,0,0,0,0,0,407.55,0.08128079,50,29,54,33,5,0,0,21,21,20,7,1,0,1,0,0,0,0,0,1,9,0,42,40,14,2,0,0,5,6,26,1,4,0,0,4,1,0,1,0,0,0,0,-0.2681635,112.6976,82.68,110.92,3.35009568,3.9156,470.994021,96.03023465,18.01075068,484.6179402,201.9909591,329.7,-4.23758132,-4.50259089,-4.58009568,0,1,1,1,0.8,0.5,1,1,0.9,0.16666667,0.875,1,0,1,0,0,0,1,1,1,0,0,0,1,0,1,0
1,16.21,0.3,2.07,9.81,0,0,0,0,0,0,414.55,0.07311828,57,31,60,34,6,1,0,22,26,25,4,2,0,0,0,0,0,0,0,0,6,0,45.61403509,43.85964912,7.01754386,3.50877193,0,0,4,5,23,1,3,0,0,1,3,0,0,1,0,0,0,-0.39261231,120.9855,68.52,68.52,3.08252283,4.5991,542.3940656,87.7266247,18.01075068,538.255814,223.9736942,380.56,-4.01014441,-4.24839669,-4.31252283,0,1,1,1,0.8,0.5,1,1,0.9,0.16666667,1,1,0,0,0,0,0,1,0,0,0,0,0,1,0,1,0
1,15.8,0.29,1.81,9.88,0,0,0,0,0,0,428.58,0.07056452,60,32,63,35,6,1,0,22,28,26,4,2,0,0,0,0,0,0,0,0,6,0,46.66666667,43.33333333,6.66666667,3.33333333,0,0,4,5,23,1,3,0,0,1,3,0,0,1,0,0,0,-0.40267472,126.0267,68.52,68.52,3.28687118,5.0853,568.4708014,87.7266247,18.01075068,561.6611296,233.5660367,397.86,-4.18384051,-4.44252763,-4.51687118,0,1,1,1,0.8,0.5,1,1,0.9,0.16666667,1,1,0,0,0,0,0,1,0,0,0,0,0,0,0,1,0
1,14.33,0.27,2.77,7.88,0,0,0,0,0,0,509.51,0.06156156,56,37,60,41,4,1,1,22,19,25,7,1,0,0,4,0,0,0,0,0,12,4,33.92857143,44.64285714,12.5,1.78571429,7.14285714,0,5,6,29,1,4,0,0,2,2,1,0,0,0,1,0,-0.67072209,128.1028,92.63,92.63,3.80145507,4.6188,554.8262087,169.1580721,0,557.6079734,231.9049071,411.41,-4.62123681,-4.93138232,-5.03145507,0,0.75,0.83333333,0.83333333,0.5,0.5,0.83333333,1,0.75,0.16666667,0.75,0,0,0,0,0,0,0,0,0,0,0,0,0,0,0,0
1,15.56,0.29,1.95,11,0,0,0,0,0,0,484.54,0.06349206,58,36,62,40,6,1,0,28,22,28,4,2,0,0,2,0,0,0,0,0,8,2,37.93103448,48.27586207,6.89655172,3.44827586,3.44827586,0,5,6,29,1,4,0,0,1,4,0,0,1,0,0,0,-0.38262652,131.7241,68.52,68.52,3.93971037,5.2073,561.1919699,117.6468512,18.01075068,574.8504983,238.9715157,413.42,-4.73875381,-5.06272485,-5.16971037,0,1,0.83333333,1,0.6,0,1,1,0.77619048,0.16666667,0.75,0,0,0,0,0,0,0,0,0,0,0,0,0,0,0,0
1,16.51,0.31,1.37,13.11,0,0,0,0,0,0,421.48,0.07526882,52,31,56,35,4,0,0,22,21,24,3,2,0,0,2,0,0,0,0,0,7,2,40.38461538,46.15384615,5.76923077,3.84615385,3.84615385,0,5,6,28,1,4,0,0,2,3,0,0,1,0,0,0,-0.76710136,113.3582,53.08,53.08,4.60096684,5.4558,484.7252035,87.03636163,0,493.2225914,205.5174555,354.68,-5.30082181,-5.6909185,-5.83096684,0,0.75,0.83333333,1,0.8,0.5,1,1,0.84047619,0.33333333,0.75,1,0,0,0,0,0,0,0,0,0,0,0,0,0,0,0
1,15.59,0.29,1.1,10.49,0,0,0,0,0,0,419.49,0.07526882,53,31,57,35,5,0,0,22,22,24,3,3,0,0,1,0,0,0,0,0,7,1,41.50943396,45.28301887,5.66037736,5.66037736,1.88679245,0,5,6,28,1,4,0,0,2,3,0,0,1,0,0,0,-0.76710136,114.2991,62.31,62.31,3.72561089,5.2467,494.9491626,83.07613625,0,500.0498339,208.3155057,357.4,-4.55676926,-4.85933034,-4.95561089,0,1,1,1,0.8,0.5,1,1,0.9,0.16666667,0.875,1,0,0,0,0,0,0,0,0,0,0,0,0,0,0,0
1,15.58,0.31,3.07,10.94,0,0,0,0,0,0,504.01,0.06722689,60,35,65,40,4,0,0,17,25,24,7,0,0,0,3,1,0,0,0,1,11,4,41.66666667,40,11.66666667,0,6.66666667,0,6,8,35,3,4,0,0,2,3,2,0,0,1,0,0,-0.28794445,132.365,71.76,71.76,5.55478964,5.2297,553.2917218,132.7899562,18.01075068,559.5348837,232.6946245,406.2,-6.1115712,-6.59705016,-6.78478964,1,0.5,0.5,0.66666667,0.6,0.5,0.66666667,1,0.63333333,0.16666667,0.625,0,0,0,0,0,0,0,0,0,0,0,0,0,0,0,0
0,0,0,0,0,0,0,0,0,0,0,403.49,0.07586207,52,30,55,33,6,1,0,22,22,24,3,2,0,0,1,0,0,0,0,0,6,1,42.30769231,46.15384615,5.76923077,3.84615385,1.92307692,0,4,5,23,1,3,0,0,1,3,0,0,1,0,0,0,-0.38193463,113.6484,55.63,55.63,4.01908109,4.5543,498.3938507,85.90120842,18.01075068,501.1960133,208.7852514,358.33,-4.80621893,-5.13812703,-5.24908109,0,1,1,1,0.6,0.5,1,1,0.87142857,0.33333333,1,1,0,0,0,0,0,1,1,0,0,0,0,1,0,1,0
1,14.52,0.29,1.63,8.63,0,0,0,0,0,0,491.6,0.06595365,58,34,61,37,7,0,0,21,24,22,7,1,0,1,3,0,0,0,0,1,12,3,41.37931034,37.93103448,12.06896552,1.72413793,5.17241379,0,4,4,21,0,4,0,0,3,1,0,0,0,0,0,0,-0.24613108,123.9842,82.68,110.92,4.11273465,5.6878,577.8192004,140.9105745,18.01075068,558.2392027,232.1636077,394.87,-4.88582445,-5.22709792,-5.34273465,0,1,0.83333333,1,0.8,0.5,1,1,0.87619048,0.16666667,0.875,0,0,0,0,0,0,0,0,0,0,0,0,0,0,0,0
1,16.1,0.32,2.55,8.75,0,0,0,0,0,0,449.51,0.07311828,49,31,52,34,6,0,0,21,18,19,7,1,0,1,3,0,0,0,0,1,12,3,36.73469388,38.7755102,14.28571429,2.04081633,6.12244898,0,4,4,21,0,4,0,0,3,1,0,0,0,0,0,0,-0.20083697,110.5899,82.68,110.92,3.46213689,4.5711,489.5421799,140.9105745,18.01075068,488.0232558,203.3865803,342.97,-4.33281636,-4.60903004,-4.69213689,0,1,1,1,0.8,0.5,1,1,0.9,0.16666667,1,1,0,0,0,0,0,1,0,0,0,0,0,1,0,1,0
0,10.83,0.2,-0.39,9.7,0,0,0,0,0,0,464.56,0.06773619,60,34,64,38,4,2,0,17,26,26,4,2,0,0,2,0,0,0,0,0,8,2,43.33333333,43.33333333,6.66666667,3.33333333,3.33333333,0,5,6,29,1,4,0,0,1,4,0,0,0,1,0,0,-0.75847107,126.4522,51.88,51.88,5.04658577,5.1755,559.9879114,91.44858353,0,556.6112957,231.4964327,411.18,-5.6795979,-6.11425648,-6.27658577,0,0.75,0.66666667,0.83333333,0.7,0.5,0.83333333,1,0.7547619,0.33333333,0.625,1,0,0,0,0,0,0,0,0,0,0,0,0,0,0,0
1,15.72,0.31,0.27,18.12,0,0,0,0,0,0,467.55,0.06653226,63,32,64,33,9,1,0,6,31,23,1,2,0,0,6,0,0,0,0,0,9,6,49.20634921,36.50793651,1.58730159,3.17460317,9.52380952,0,2,2,12,0,2,0,0,0,2,0,0,0,0,0,0,-0.30974979,110.5503,40.54,40.54,5.26013978,6.8462,612.049205,160.7132637,42.68334316,545.3322259,226.8738631,425.28,-5.86111882,-6.31713279,-6.49013978,0,0.75,0.66666667,0.66666667,0.9,1,0.83333333,1,0.83095238,0.5,0.75,0,0,0,0,0,0,0,0,0,0,0,0,0,0,0,0
1,13.57,0.26,1.93,11.72,0,0,0,0,0,0,508.52,0.06507937,58,36,63,41,4,0,0,17,22,24,6,0,0,0,6,0,0,0,0,0,12,6,37.93103448,41.37931034,10.34482759,0,10.34482759,0,6,8,33,3,4,0,0,3,3,1,1,0,0,0,0,-0.2723585,123.0353,58.87,58.87,5.60215933,5.2819,519.0212947,161.1298107,18.01075068,531.3953488,221.1620282,398.2,-6.15183543,-6.64205136,-6.83215933,1,0.5,0.5,0.66666667,0.6,0.5,0.66666667,1,0.63333333,0.33333333,0.625,0,0,0,0,0,0,0,0,0,0,0,0,0,0,0,0
1,15.52,0.29,2.68,10.76,0,0,0,0,0,0,497.63,0.06507937,66,36,71,41,4,0,0,17,30,26,7,0,0,0,3,0,0,0,0,0,10,3,45.45454545,39.39393939,10.60606061,0,4.54545455,0,6,8,35,3,4,0,0,2,3,2,0,0,1,0,0,-0.32749251,135.7183,71.76,71.76,6.29851814,5.3429,583.4306816,133.0350005,18.01075068,586.013289,243.5464299,425.59,-6.74374042,-7.30359223,-7.52851814,0,0.75,0.5,0.83333333,0.7,0.5,0.83333333,1,0.73095238,0.16666667,0.625,0,0,0,0,0,0,0,0,0,0,0,0,0,0,0,0
1,14.4,0.27,2.66,9.13,0,0,0,0,0,0,513.63,0.06306306,67,37,72,42,5,0,0,17,30,26,7,1,0,0,3,0,0,0,0,0,11,3,44.7761194,38.80597015,10.44776119,1.49253731,4.47761194,0,6,8,35,3,4,0,0,2,3,2,0,0,1,0,0,-0.31129811,138.6001,80.99,80.99,5.8181888,5.2046,599.1588864,143.7898441,18.01075068,595.7641196,247.542672,434.38,-6.33546048,-6.84727936,-7.0481888,1,0.5,0.5,0.66666667,0.6,0.5,0.66666667,1,0.63333333,0.16666667,0.625,0,0,0,0,0,0,0,0,0,0,0,0,0,0,0,0
1,16.01,0.3,1.37,10,0,0,0,0,0,0,406.58,0.07816092,60,30,64,34,5,0,0,16,30,24,4,2,0,0,0,0,0,0,0,0,6,0,50,40,6.66666667,3.33333333,0,0,5,6,28,1,4,0,0,2,3,0,0,1,0,0,0,-0.38193463,117.2683,65.11,65.11,3.58047752,4.8701,529.8008488,75.12688578,18.01075068,525.3820598,218.6975655,372.36,-4.43340589,-4.72145364,-4.81047752,0,1,1,1,1,0.5,1,1,0.92857143,0.16666667,0.875,1,0,0,0,0,0,1,1,0,0,0,0,0,0,1,0
1,0,0,0,0,0,0,0,0,0,0,425.57,0.07258065,59,32,63,36,5,1,0,22,27,27,3,2,0,0,0,0,0,0,0,0,5,0,45.76271186,45.76271186,5.08474576,3.38983051,0,0,5,7,28,2,3,0,0,2,3,0,0,2,0,0,0,-0.83632442,125.9391,46.84,46.84,4.26005597,4.8907,550.8888781,56.05465836,0,550.448505,228.9706988,391.8,-5.01104757,-5.36705317,-5.49005597,0,0.75,1,1,0.8,0.5,1,1,0.86428571,0.33333333,0.75,1,0,0,0,0,0,1,0,0,0,0,0,0,0,1,0
0,0,0,0,0,0,0,0,0,0,0,411.54,0.07526882,56,31,60,35,5,1,0,22,25,26,3,2,0,0,0,0,0,0,0,0,5,0,44.64285714,46.42857143,5.35714286,3.57142857,0,0,5,7,29,2,3,0,0,1,4,0,0,1,1,0,0,-0.83102648,121.6379,46.84,46.84,4.05882829,4.6294,514.3365016,56.05465836,0,527.0431894,219.3783563,374.5,-4.84000405,-5.17588687,-5.28882829,0,1,1,1,0.8,0.5,1,1,0.9,0.33333333,0.875,1,0,0,0,0,0,1,0,0,0,0,0,1,0,1,0
1,16.37,0.3,2.45,9.66,0,0,0,0,0,0,404.48,0.07586207,51,30,54,33,6,1,0,22,21,23,4,2,0,0,1,0,0,0,0,0,7,1,41.17647059,45.09803922,7.84313725,3.92156863,1.96078431,0,4,5,23,1,3,0,0,1,3,0,0,1,0,0,0,-0.34891959,111.1195,68.52,68.52,3.03775867,3.8322,493.074376,102.686738,18.01075068,494.3687708,205.9872011,352.03,-3.97209487,-4.20587074,-4.26775867,0,1,1,1,0.6,0.5,1,1,0.87142857,0.16666667,1,1,0,1,0,0,0,1,1,1,0,0,0,1,0,1,0
1,19.32,0.37,4.98,6.63,0,0,0,0,0,0,389.37,0.07936508,42,28,44,30,3,2,1,12,14,18,5,2,0,0,3,0,0,0,0,0,10,3,33.33333333,42.85714286,11.9047619,4.76190476,7.14285714,0,3,3,18,0,3,0,0,0,3,0,0,0,0,0,0,1.02335034,91.4649,113.39,113.39,1.95525763,2.3146,444.4137819,196.5635078,50.90793816,424.9501661,177.5369533,325.47,-3.05196898,-3.17749475,-3.18525763,0,1,1,1,0.6,0.5,1,1,0.87142857,0.5,1,1,1,1,0,0,0,1,0,1,1,0,0,1,0,1,1
1,15.65,0.31,2.74,9,0,0,0,0,0,0,475.55,0.07007576,53,33,57,37,6,0,0,21,20,21,7,1,0,1,3,0,0,0,0,1,12,3,37.73584906,39.62264151,13.20754717,1.88679245,5.66037736,0,5,6,26,1,4,0,0,4,1,0,1,0,0,0,0,-0.23189672,118.1477,82.68,110.92,3.89977386,4.923,505.5721023,140.9105745,18.01075068,516.7940199,215.177877,365.21,-4.70480778,-5.02478516,-5.12977386,0,1,0.83333333,1,0.8,0.5,1,1,0.87619048,0.16666667,0.75,1,0,0,0,0,0,0,0,0,0,0,0,0,0,0,0
1,15.85,0.3,2.52,8.08,0,0,0,0,0,0,421.58,0.07816092,53,30,57,34,6,0,0,21,23,21,7,1,0,1,0,0,0,0,0,1,9,0,43.39622642,39.62264151,13.20754717,1.88679245,0,0,5,6,26,1,4,0,0,4,1,0,1,0,0,0,0,-0.28288949,117.4456,82.68,110.92,3.5730902,4.2644,497.0707567,96.03023465,18.01075068,508.0232558,211.5833016,347,-4.42712667,-4.71443569,-4.8030902,0,1,1,1,0.8,0.5,1,1,0.9,0.16666667,0.875,1,0,1,0,0,0,1,1,1,0,0,0,1,0,1,0
0,12.33,0.27,1.69,6.33,0,0,0,0,0,0,429.4,0.08262108,49,27,51,29,7,2,0,12,22,19,2,3,0,1,0,2,0,0,0,3,8,2,44.89795918,38.7755102,4.08163265,6.12244898,4.08163265,0,3,3,16,0,3,0,1,0,2,0,0,0,0,0,0,0.98143744,108.0234,83.63,92.01,2.8181318,4.0187,526.4245072,121.4120434,75.58053063,495.9966777,206.6543761,359.84,-3.78541203,-3.99722521,-4.0481318,0,1,1,1,1,1,1,1,1,0.33333333,1,1,0,1,0,0,0,1,0,1,0,0,0,1,0,1,0
1,15.3,0.29,1.77,9.81,0,0,0,0,0,0,429.44,0.07311828,49,31,52,34,5,0,0,22,18,21,5,2,0,0,3,0,0,0,0,0,10,3,36.73469388,42.85714286,10.20408163,4.08163265,6.12244898,0,4,4,22,0,4,0,0,2,2,0,0,0,0,0,0,-0.67121369,106.484,66.99,66.99,4.57414924,4.396,481.6187758,117.1141821,0,477.1262459,198.9205926,343.21,-5.27802685,-5.66544177,-5.80414924,0,0.75,0.83333333,1,0.6,0.5,1,1,0.81190476,0.16666667,0.875,1,0,1,0,0,0,1,0,1,0,0,0,1,0,1,0
1,0,0,0,0,0,0,0,0,0,0,410.67,0.07142857,71,29,71,29,12,3,0,0,42,23,2,4,0,0,0,0,0,0,0,0,6,0,59.15492958,32.3943662,2.81690141,5.63380282,0,0,1,1,6,0,1,0,0,0,1,0,0,0,0,0,0,0.85733405,114.627,95.5,95.5,2.09192375,3.8382,694.6921877,154.1396256,78.70484453,589.0531562,244.7922771,443.34,-3.16813519,-3.30732756,-3.32192375,0,1,0.83333333,0.83333333,1,1,0.83333333,0.5,0.85714286,0.33333333,0.875,0,0,0,0,0,0,0,0,0,0,0,0,0,0,0,0
1,17.7,0.35,4.05,11.72,0,0,0,0,0,0,471.56,0.0719697,53,33,58,38,4,0,0,21,20,22,7,0,0,1,3,0,0,0,0,1,11,3,37.73584906,41.50943396,13.20754717,0,5.66037736,0,6,8,33,3,4,0,0,3,3,1,0,1,0,0,0,-0.26194322,121.994,71.24,99.48,5.67306399,4.6042,492.3277116,131.2254928,18.01075068,512.4086379,213.3805893,361.36,-6.21210439,-6.70941079,-6.90306399,0,0.75,0.5,0.83333333,0.7,0.5,0.83333333,1,0.73095238,0.16666667,0.625,1,0,0,0,0,0,0,0,0,0,0,0,1,0,0,0
1,17.87,0.35,4.42,8.25,0,0,0,0,0,0,371.52,0.09230769,47,26,51,30,4,0,0,15,21,17,7,1,0,1,0,0,0,0,0,1,9,0,44.68085106,36.17021277,14.89361702,2.12765957,0,0,5,7,27,3,3,0,0,3,2,1,0,1,0,0,0,-0.21765034,102.6718,80.47,108.71,3.42963524,2.4529,433.6581481,97.34504085,18.01075068,435.8305648,181.9961331,296.62,-4.30518995,-4.57815347,-4.65963524,0,1,1,1,0.8,0.5,1,1,0.9,0.16666667,0.875,1,1,1,0,1,0,1,0,1,1,0,0,1,1,1,0
1,16.03,0.31,1.57,8.9,0,0,0,0,0,0,407.6,0.07881773,54,29,57,32,6,0,0,21,25,21,7,0,0,1,0,0,0,0,0,1,8,0,46.2962963,38.88888889,12.96296296,0,0,0,4,4,21,0,4,0,0,3,1,0,0,0,0,0,0,-0.30230255,117.1909,73.45,101.69,4.32141954,4.6171,528.1255249,85.03034676,18.01075068,516.3122924,214.9804477,350.57,-5.06320661,-5.42534857,-5.55141954,0,0.75,1,1,0.8,0.5,1,1,0.86428571,0.16666667,0.875,1,0,0,0,0,0,1,1,0,0,0,0,1,0,1,0
1,15.68,0.3,3.39,7.09,0,0,0,0,0,0,465.64,0.07007576,60,33,64,37,8,0,0,21,27,23,7,2,0,1,0,0,0,0,0,1,10,0,45,38.33333333,11.66666667,3.33333333,0,0,5,6,27,1,4,0,0,3,2,0,0,1,0,0,0,0.2519827,128.4563,102.91,131.15,3.26770923,3.8948,571.3112651,138.7135778,60.69409384,564.5847176,234.7642285,390.39,-4.16755285,-4.42432377,-4.49770923,0,1,0.66666667,1,0.8,0.5,1,1,0.85238095,0.16666667,0.75,1,0,0,0,0,0,0,0,0,0,0,0,0,0,0,0
1,17.15,0.33,2.82,9.29,0,0,0,0,0,0,447.62,0.07459677,57,32,62,37,6,0,0,21,25,23,7,1,0,1,0,0,0,0,0,1,9,0,43.85964912,40.35087719,12.28070175,1.75438596,0,0,6,7,30,1,5,0,1,4,1,0,1,0,0,0,0,-0.30974979,124.509,82.68,110.92,4.00671725,4.8615,517.2856473,96.03023465,18.01075068,536.7940199,223.3745983,369.24,-4.79570966,-5.12638139,-5.23671725,0,1,0.83333333,1,0.8,0.5,1,1,0.87619048,0.16666667,0.875,1,0,0,0,0,0,1,0,0,0,0,0,0,0,1,0
1,15.08,0.3,2.96,10.19,0,0,0,0,0,0,481.5,0.07007576,49,33,53,37,4,0,0,21,16,20,7,0,0,1,5,0,0,0,0,1,13,5,32.65306122,40.81632653,14.28571429,0,10.20408163,0,5,6,28,1,4,0,0,2,3,0,0,1,0,0,0,-0.20185023,114.766,71.24,99.48,5.4601032,4.5076,474.4530713,161.1457193,18.01075068,489.4850498,203.9856762,351.26,-6.03108772,-6.50709804,-6.6901032,0,0.75,0.66666667,0.83333333,0.5,0.5,0.83333333,1,0.72619048,0.16666667,0.625,0,0,0,0,0,0,0,0,0,0,0,0,0,0,0,0
1,16.48,0.32,4.4,10.38,1,0,0,0,1,2,436.93,0.07741935,52,31,57,36,3,4,0,11,21,23,4,3,0,0,0,1,0,0,0,1,8,1,40.38461538,44.23076923,7.69230769,5.76923077,1.92307692,0,6,10,32,3,3,1,0,1,4,1,0,0,2,1,0,-0.73513881,117.9429,69.36,69.36,2.93618286,1.227,489.4904142,84.32389929,0,499.7342193,208.1861554,372.32,-3.88575543,-4.10937372,-4.16618286,0,1,0.83333333,1,0.8,0.5,1,1,0.87619048,0.5,0.875,1,0,0,0,0,0,0,0,1,0,0,0,1,0,1,0
1,3.65,0,0,0,0,0,0,0,0,0,2019.95,0.01418026,315,144,317,146,59,18,0,18,171,105,19,20,0,0,0,0,0,0,0,0,39,0,54.28571429,33.33333333,6.03174603,6.34920635,0,0,3,3,18,0,3,0,0,0,3,0,0,0,0,0,0,12.12294626,544.8705,570.49,570.49,-2.14099238,10.3777,3159.051379,848.4961806,381.7632922,2738.621262,1125.762812,2068.8,0.42984352,0.71394276,0.91099238,1,0.25,0.16666667,0.33333333,0.6,1,0.16666667,0,0.35952381,0.16666667,0.5,0,0,0,0,0,0,0,0,0,0,0,0,0,0,0,0
1,4.91,0,0,0,0,0,0,0,0,0,1845.73,0.01550206,292,131,293,132,59,16,0,12,161,95,17,19,0,0,0,0,0,0,0,0,36,0,55.1369863,32.53424658,5.82191781,6.50684932,0,0,2,2,12,0,2,0,0,0,2,0,0,0,0,0,0,11.55120804,496.9736,532.52,532.52,-1.91904624,9.1964,2925.228742,804.8681683,388.425134,2515.415282,1034.284952,1901.47,0.2411893,0.50309392,0.68904624,1,0.25,0.33333333,0.33333333,0.6,1,0.16666667,0,0.38333333,0.16666667,0.5,0,0,0,0,0,0,0,0,0,0,0,0,0,0,0,0
1,11.75,0.25,1.22,6.54,0,0,0,0,0,0,465.43,0.07356322,52,30,54,32,8,2,0,18,22,22,2,3,0,1,0,2,0,0,0,3,8,2,42.30769231,42.30769231,3.84615385,5.76923077,3.84615385,0,3,3,18,0,3,0,0,0,3,0,0,0,0,0,0,0.90011544,120.8246,83.63,92.01,3.63283465,4.6563,571.4934286,121.4120434,75.58053063,544.7840532,226.6492021,392.92,-4.47790945,-4.77119291,-4.86283465,0,1,0.83333333,1,0.6,0.5,1,1,0.84761905,0.16666667,0.875,1,0,0,0,0,0,0,0,0,0,0,0,1,0,0,0
1,15.36,0.3,2.66,7.2,0,0,0,0,0,0,397.91,0.08730159,48,28,53,33,4,0,0,16,20,19,7,1,0,0,0,1,0,0,0,1,9,1,41.66666667,39.58333333,14.58333333,2.08333333,2.08333333,0,6,8,30,3,4,0,3,2,2,0,0,1,0,0,0,-0.25245455,108.4446,84.9,84.9,5.53325479,2.891,443.1683718,97.41696272,18.01075068,450.6312292,188.0619792,312.92,-6.09326657,-6.57659205,-6.76325479,0,0.75,0.66666667,0.83333333,0.7,0.5,0.83333333,1,0.7547619,0.16666667,0.75,1,0,1,0,0,0,1,0,1,1,0,0,1,0,1,0
0,0,0,0,0,0,0,0,0,0,0,384.56,0.07881773,57,29,60,32,7,0,0,22,28,26,2,1,0,0,0,0,0,0,0,0,3,0,49.12280702,45.61403509,3.50877193,1.75438596,0,0,4,5,23,1,3,0,0,1,3,0,0,1,0,0,0,-0.88761531,119.0921,26.53,26.53,5.05280944,7.1329,526.3587758,27.78541744,0,525.89701,218.9086106,369.71,-5.68488802,-6.12016897,-6.28280944,0,0.75,0.83333333,0.83333333,0.7,0.5,0.83333333,1,0.77857143,0.5,0.875,0,0,0,0,0,0,0,0,0,0,0,0,0,0,0,0
0,15.63,0.28,0.56,13.06,0,0,0,0,0,0,329.43,0.09333333,44,25,47,28,4,0,0,22,19,21,3,1,0,0,0,0,0,0,0,0,4,0,43.18181818,47.72727273,6.81818182,2.27272727,0,0,4,5,23,1,3,0,0,1,3,0,0,1,0,0,0,-0.82988815,98.091,39.42,39.42,3.18822205,4.1275,416.7323582,44.57094698,0,425.448505,177.7411906,294.21,-4.09998874,-4.34881095,-4.41822205,0,1,1,1,0.6,0.5,1,1,0.87142857,0.33333333,1,1,0,1,0,1,0,1,0,1,0,0,0,1,0,1,0
1,16.11,0.3,1.32,9.32,0,0,0,0,0,0,415.91,0.07816092,48,30,52,34,3,1,0,23,18,23,5,1,0,0,0,1,0,0,0,1,7,1,37.5,47.91666667,10.41666667,2.08333333,2.08333333,0,5,8,30,2,3,0,0,1,3,1,0,0,0,2,0,0.20993889,117.2808,79.36,79.36,3.61569864,4.7108,472.8790374,94.73748749,36.02150137,493.4219269,205.5991504,348.38,-4.46334384,-4.75491371,-4.84569864,0,1,1,1,0.6,0,1,1,0.8,0.33333333,0.875,1,0,0,0,0,0,1,0,0,0,0,0,0,0,1,0
1,12.25,0.25,2.51,9.26,0,0,0,0,0,0,555.26,0.06006006,80,37,83,40,8,3,0,6,43,27,4,4,0,1,0,1,0,0,0,2,10,1,53.75,33.75,5,5,1.25,0,4,4,24,0,4,0,0,0,4,0,0,0,0,0,0,-0.72437986,148.782,73.4,81.78,2.69629713,4.2461,751.0909833,91.34926933,0,702.0598007,291.1064757,517.64,-3.68185256,-3.88148227,-3.92629713,0,0.75,0.83333333,0.83333333,0.9,1,0.83333333,1,0.87857143,0.33333333,0.875,0,0,0,0,0,0,0,0,0,0,0,0,0,0,0,0
1,15.25,0.29,2.6,9.29,0,0,0,0,0,0,488.04,0.06554622,61,35,65,39,6,1,0,23,26,26,7,1,0,0,0,1,0,0,0,1,9,1,42.62295082,42.62295082,11.47540984,1.63934426,1.63934426,0,5,6,30,1,4,0,0,1,3,1,0,0,0,1,0,0.19051903,141.887,80.13,80.13,3.80145507,5.1503,593.4500922,100.5022918,36.02150137,596.7940199,247.9647623,422.28,-4.62123681,-4.93138232,-5.03145507,0,1,0.83333333,1,0.6,0.5,1,1,0.84761905,0.16666667,0.75,0,0,0,0,0,0,0,0,0,0,0,0,0,0,0,0
0,13.18,0.24,1.81,6.9,0,0,0,0,0,0,391.44,0.07881773,47,29,50,32,5,1,0,22,18,21,5,2,0,0,1,0,0,0,0,0,8,1,38.29787234,44.68085106,10.63829787,4.25531915,2.12765957,0,4,4,22,0,4,0,0,2,2,0,0,0,0,0,0,-0.71692006,105.0653,74.83,74.83,3.87888019,3.3682,465.0372865,101.3389947,0,464.1362126,193.5968085,328.43,-4.68704816,-5.00493618,-5.10888019,0,1,1,1,0.6,0,1,1,0.8,0.16666667,1,1,0,1,0,0,0,1,0,1,1,0,0,1,0,1,0
1,18.26,0.34,3.07,11.21,0,0,0,0,0,0,428.46,0.07311828,50,31,53,34,5,0,0,22,19,21,6,1,0,0,3,0,0,0,0,0,10,3,38,42,12,2,6,0,4,4,22,0,4,0,0,2,2,0,0,0,0,0,0,-0.26476208,108.7294,69.79,69.79,4.57414924,4.3859,483.6562775,124.1250449,18.01075068,483.9534884,201.7186428,345.42,-5.27802685,-5.66544177,-5.80414924,0,0.75,0.83333333,1,0.6,0.5,1,1,0.81190476,0.16666667,0.875,1,0,1,0,0,0,1,0,1,0,0,0,1,0,1,0
1,14,0.27,1.76,12.75,0,0,0,0,0,0,536.58,0.06116643,64,38,69,43,4,0,0,17,26,26,6,0,0,0,6,0,0,0,0,0,12,6,40.625,40.625,9.375,0,9.375,0,6,8,35,3,4,0,0,2,3,2,0,0,1,0,0,-0.29597964,132.2373,58.87,58.87,5.99588174,6.1943,571.1747662,161.1298107,18.01075068,578.2059801,240.3467131,432.8,-6.48649948,-7.01608765,-7.22588174,1,0.5,0.5,0.66666667,0.6,0.5,0.66666667,1,0.63333333,0.33333333,0.625,0,0,0,0,0,0,0,0,0,0,0,0,0,0,0,0
1,15.28,0.29,1.04,10.21,0,0,0,0,0,0,404.59,0.08128079,53,29,57,33,5,0,0,21,24,22,6,0,0,1,0,0,0,0,0,1,7,0,45.28301887,41.50943396,11.32075472,0,0,0,5,6,27,1,4,0,0,3,2,0,0,1,0,0,0,-0.3364416,117.7988,60.56,88.8,4.48734041,4.92,487.2746372,68.24481721,18.01075068,505.0996678,210.3851097,344.51,-5.20423935,-5.58297339,-5.71734041,0,0.75,1,1,0.8,0.5,1,1,0.86428571,0.16666667,0.75,1,0,0,0,0,0,1,1,0,0,0,0,0,0,1,0
1,0,0,0,0,0,0,0,0,0,0,381.51,0.08547009,46,27,49,30,6,0,0,21,19,18,7,1,0,1,0,0,0,0,0,1,9,0,41.30434783,39.13043478,15.2173913,2.17391304,0,0,4,4,21,0,4,0,0,3,1,0,0,0,0,0,0,-0.23565723,104.9882,82.68,110.92,2.8902495,3.2003,454.9640985,96.03023465,18.01075068,455.8471761,190.1996623,307.46,-3.84671207,-4.06573702,-4.1202495,0,1,1,1,0.6,0,1,1,0.8,0.33333333,1,1,1,1,0,0,0,1,0,1,1,0,0,1,1,1,0
1,15.61,0.3,1.51,9.45,0,0,0,0,0,0,422.61,0.07586207,56,30,59,33,6,0,0,21,26,22,6,1,0,1,0,0,0,0,0,1,8,0,46.42857143,39.28571429,10.71428571,1.78571429,0,0,4,4,21,0,4,0,0,3,1,0,0,0,0,0,0,-0.31590454,120.7495,69.79,98.03,3.72820486,4.8634,548.5605937,79.2447051,18.01075068,532.8903655,221.7747399,365.66,-4.55897413,-4.86179462,-4.95820486,0,1,1,1,0.8,0.5,1,1,0.9,0.16666667,1,1,0,0,0,0,0,1,0,0,0,0,0,0,0,1,0
1,16.18,0.31,2.33,8.52,0,0,0,0,0,0,435.61,0.07526882,56,31,60,35,6,0,0,21,25,22,7,1,0,1,0,0,0,0,0,1,9,0,44.64285714,39.28571429,12.5,1.78571429,0,0,5,6,26,1,4,0,0,4,1,0,1,0,0,0,0,-0.29672464,121.8638,82.68,110.92,3.79187552,4.6419,527.3324606,96.03023465,18.01075068,531.4285714,221.175644,364.3,-4.61309419,-4.92228174,-5.02187552,0,1,1,1,0.8,0.5,1,1,0.9,0.16666667,0.875,1,0,0,0,0,0,1,0,0,0,0,0,1,0,1,0
1,18.31,0.34,3.77,9.08,0,0,0,0,0,0,445.55,0.07007576,57,33,61,37,6,0,0,23,24,24,7,1,0,0,1,0,0,0,0,0,9,1,42.10526316,42.10526316,12.28070175,1.75438596,1.75438596,0,5,6,28,1,4,0,0,2,3,0,0,1,0,0,0,0.2219362,125.1276,89.78,89.78,4.9876591,4.7163,533.428712,129.0010986,36.02150137,539.717608,224.5727902,381.18,-5.62951023,-6.05827614,-6.2176591,0,0.75,0.83333333,1,0.8,0.5,1,1,0.84047619,0.16666667,0.75,1,0,0,0,0,0,1,0,0,0,0,0,0,0,1,0
1,14.4,0.27,-0.33,17.74,0,0,0,0,0,0,499.59,0.06190476,65,36,68,39,6,1,0,18,29,29,1,2,0,0,4,0,0,0,0,0,7,4,44.61538462,44.61538462,1.53846154,3.07692308,6.15384615,0,4,4,24,0,4,0,0,0,4,0,0,0,0,0,0,-0.41019352,132.7817,40.54,40.54,6.03075901,7.4527,628.4573543,130.7930372,42.68334316,600.9800665,249.6803551,454.58,-6.51614516,-7.04922106,-7.26075901,0,0.75,0.66666667,0.83333333,0.7,0.5,0.83333333,1,0.7547619,0.5,0.75,0,0,0,0,0,0,0,0,0,0,0,0,0,0,0,0
1,16.28,0.31,3.99,6.92,0,0,0,0,0,0,437.58,0.07526882,54,31,58,35,7,0,0,21,23,21,7,2,0,1,0,0,0,0,0,1,10,0,42.59259259,38.88888889,12.96296296,3.7037037,0,0,5,6,26,1,4,0,0,4,1,0,1,0,0,0,0,0.28888777,118.9899,102.91,131.15,2.83408219,3.3762,519.1577936,138.7135778,60.69409384,517.7740864,215.5795436,355.79,-3.79896986,-4.01237808,-4.06408219,0,1,0.83333333,1,0.8,0.5,1,1,0.87619048,0.33333333,0.875,1,0,1,0,0,0,1,0,1,0,0,0,1,0,1,0
1,15.47,0.3,3.12,7.21,0,0,0,0,0,0,479.67,0.06773619,63,34,67,38,7,0,0,21,29,24,7,2,0,1,0,0,0,0,0,1,10,0,46.03174603,38.0952381,11.11111111,3.17460317,0,0,5,6,27,1,4,0,0,3,2,0,0,1,0,0,0,0.2349903,132.6467,102.91,131.15,3.4788455,4.4149,609.9693458,138.7135778,60.69409384,587.9900332,244.356571,407.69,-4.34701868,-4.62490323,-4.7088455,0,1,0.66666667,1,0.8,0.5,1,1,0.85238095,0.16666667,0.75,0,0,0,0,0,0,0,0,0,0,0,0,0,0,0,0
1,15.93,0.31,1.66,8.7,0,0,0,0,0,0,451.66,0.07056452,61,32,64,35,7,0,0,21,29,23,7,1,0,1,0,0,0,0,0,1,9,0,47.54098361,37.70491803,11.47540984,1.63934426,0,0,4,4,21,0,4,0,0,3,1,0,0,0,0,0,0,-0.30974979,127.7003,82.68,110.92,4.00671725,5.4067,599.5795587,96.03023465,18.01075068,572.8737542,238.1613747,393.96,-4.79570966,-5.12638139,-5.23671725,0,1,0.83333333,1,0.8,0.5,1,1,0.87619048,0.16666667,1,1,0,0,0,0,0,0,0,0,0,0,0,0,0,0,0
1,14.45,0.29,1.48,8.34,0,0,0,0,0,0,477.57,0.06818182,55,33,58,36,6,0,0,21,22,21,7,1,0,1,3,0,0,0,0,1,12,3,40,38.18181818,12.72727273,1.81818182,5.45454545,0,4,4,21,0,4,0,0,3,1,0,0,0,0,0,0,-0.23189672,119.6457,82.68,110.92,3.89977386,5.1536,552.171292,140.9105745,18.01075068,534.833887,222.5712652,377.57,-4.70480778,-5.02478516,-5.12977386,0,1,0.83333333,1,0.8,0.5,1,1,0.87619048,0.16666667,0.875,1,0,0,0,0,0,0,0,0,0,0,0,0,0,0,0
1,12.78,0.25,0.51,8.76,0,0,0,0,0,0,478.65,0.06951872,61,34,66,39,5,0,0,21,27,25,6,1,0,1,1,0,0,0,0,1,9,1,44.26229508,40.98360656,9.83606557,1.63934426,1.63934426,0,6,7,33,1,5,0,0,3,3,0,0,1,0,0,0,-0.33364697,131.7427,69.79,98.03,4.46440304,4.6179,551.5156396,94.20481837,18.01075068,569.9501661,236.9631828,398.91,-5.18474258,-5.56118288,-5.69440304,0,0.75,0.66666667,1,0.8,0.5,1,1,0.81666667,0.16666667,0.625,0,0,0,0,0,0,0,0,0,0,0,0,0,0,0,0
1,18.09,0.33,4.06,8.58,0,0,0,0,0,0,389.51,0.08128079,52,29,56,33,5,0,0,21,23,21,7,1,0,0,0,0,0,0,0,0,8,0,44.23076923,40.38461538,13.46153846,1.92307692,0,0,5,7,28,2,3,0,0,2,3,0,0,2,0,0,0,-0.30230255,114.4336,82.16,82.16,3.8490902,3.5584,473.019774,95.90771254,18.01075068,480.8637874,200.4523719,328.49,-4.66172667,-4.97663569,-5.0790902,0,1,1,1,0.8,0.5,1,1,0.9,0.16666667,0.875,1,0,1,0,0,0,1,1,1,0,0,0,1,0,1,0
0,0,0,0,0,0,0,0,0,0,0,457.58,0.06595365,61,34,64,37,7,2,0,22,27,26,5,3,0,0,0,0,0,0,0,0,8,0,44.26229508,42.62295082,8.19672131,4.91803279,0,0,4,5,23,1,3,0,0,1,3,0,0,1,0,0,0,-0.36281893,129.2771,88.83,88.83,2.3822274,3.0407,592.5720762,115.9958656,18.01075068,580.8471761,241.4291705,415.01,-3.41489329,-3.58311603,-3.6122274,0,1,0.83333333,1,0.8,0.5,1,1,0.87619048,0.33333333,1,1,0,0,0,0,0,1,0,0,0,0,0,0,0,0,0
1,17.77,0.33,3.93,8.42,0,0,0,0,0,0,389.51,0.08128079,52,29,56,33,5,0,0,21,23,21,7,1,0,0,0,0,0,0,0,0,8,0,44.23076923,40.38461538,13.46153846,1.92307692,0,0,5,7,28,2,3,0,0,2,3,0,0,2,0,0,0,-0.30230255,114.1201,82.16,82.16,3.0370902,3.0193,473.019774,95.90771254,18.01075068,480.8637874,200.4523719,328.49,-3.97152667,-4.20523569,-4.2670902,0,1,1,1,0.8,0.5,1,1,0.9,0.16666667,0.875,1,0,1,0,0,0,1,0,1,1,0,0,1,0,1,0
1,19.13,0.37,3.32,12.92,0,0,0,0,0,0,408.98,0.08374384,54,29,59,34,4,0,0,16,25,22,6,0,0,0,0,1,0,0,0,1,7,1,46.2962963,40.74074074,11.11111111,0,1.85185185,0,6,8,31,3,4,0,3,2,1,1,0,0,1,0,0,-0.3364416,116.2777,60.56,60.56,5.13134125,3.3318,488.9546162,68.24481721,18.01075068,494.5182724,206.0484723,345.03,-5.75164006,-6.19477419,-6.36134125,0,0.75,0.66666667,0.83333333,0.9,0.5,0.83333333,1,0.78333333,0.16666667,0.75,1,0,1,0,0,0,1,1,1,0,0,0,1,0,1,0
1,15.31,0.3,0.88,6.92,0,0,0,0,0,0,410.9,0.07881773,48,29,51,32,6,0,0,22,19,20,6,2,0,0,0,1,0,0,0,1,9,1,39.58333333,41.66666667,12.5,4.16666667,2.08333333,0,4,4,22,0,4,0,0,2,2,0,0,0,0,0,0,-0.2681635,111.9132,90.89,90.89,5.52913624,4.9195,491.3943902,105.2925367,18.01075068,481.8604651,200.8608464,333.91,-6.08976581,-6.57267943,-6.75913624,0,0.75,0.83333333,0.83333333,0.5,0,0.83333333,1,0.67857143,0.16666667,0.875,1,0,0,0,0,0,1,0,0,0,0,0,0,0,1,0
1,14.5,0.28,1.27,6.52,0,0,0,0,0,0,435.95,0.07311828,53,31,56,34,6,0,0,23,22,23,5,2,0,0,0,1,0,0,0,1,8,1,41.50943396,43.39622642,9.43396226,3.77358491,1.88679245,0,4,4,23,0,4,0,0,1,3,0,0,0,0,0,0,0.22496265,120.7521,96.96,96.96,4.81974199,4.7349,556.0466488,137.0985141,60.69409384,528.3554817,219.916181,372.17,-5.4867807,-5.8987549,-6.04974199,0,0.75,0.83333333,1,0.8,0.5,1,1,0.84047619,0.16666667,0.875,1,0,0,0,0,0,1,0,0,0,0,0,0,0,1,0
1,18.07,0.34,3.56,11.62,0,0,0,0,0,0,440.52,0.07459677,55,32,60,37,4,0,0,17,23,23,6,0,0,0,3,0,0,0,0,0,9,3,41.81818182,41.81818182,10.90909091,0,5.45454545,0,6,8,32,3,4,0,3,1,2,1,0,0,1,0,0,-0.30974979,115.8158,68.52,68.52,5.90518445,4.4786,494.1260725,129.9106866,18.01075068,499.2192691,207.9751103,362.69,-6.40940678,-6.92992523,-7.13518445,0,0.75,0.66666667,0.83333333,0.9,0.5,0.83333333,1,0.78333333,0.16666667,0.75,1,0,1,0,0,0,1,0,1,0,0,0,1,0,1,0
1,15.64,0.31,1.48,7.62,0,0,0,0,0,0,443,0.07526882,58,31,62,35,6,0,0,16,27,22,6,2,0,0,0,1,0,0,0,1,9,1,46.55172414,37.93103448,10.34482759,3.44827586,1.72413793,0,5,6,28,3,4,0,0,2,4,0,0,0,0,0,0,-0.29672464,121.3753,90.89,90.89,6.18987636,4.9091,556.9230842,105.2925367,18.01075068,532.0598007,221.4343445,374.97,-6.65139491,-7.20038255,-7.41987636,0,0.75,0.83333333,0.83333333,0.7,0.5,0.83333333,1,0.77857143,0.16666667,0.75,1,0,0,0,0,0,1,0,0,0,0,0,0,0,1,0
1,15.68,0.3,2.81,8.16,0,0,0,0,0,0,489.56,0.06722689,61,35,66,40,5,0,0,16,26,23,7,2,0,0,3,0,0,0,0,0,12,3,42.62295082,37.70491803,11.47540984,3.27868852,4.91803279,0,6,8,34,4,4,0,0,2,5,0,0,1,0,0,0,-0.25959763,125.017,94.13,94.13,5.76625106,5.7151,549.6903534,153.2971904,18.01075068,542.4418605,225.6892871,393.91,-6.2913134,-6.7979385,-6.99625106,0,0.75,0.33333333,0.83333333,0.7,0.5,0.83333333,1,0.70714286,0.16666667,0.625,0,0,0,0,0,0,0,0,0,0,0,0,0,0,0,0
1,14.47,0.28,1.87,7.78,0,0,0,0,0,0,513.01,0.06349206,62,36,66,40,6,0,0,22,26,26,4,4,0,0,1,1,0,0,0,1,10,2,41.93548387,41.93548387,6.4516129,6.4516129,3.22580645,0,5,6,28,1,4,0,0,2,3,0,0,1,0,0,0,-0.32749251,133.3884,95.43,95.43,4.45061523,4.5091,629.6300381,139.2621229,42.68334316,593.5215947,246.6236044,427,-5.17302295,-5.54808447,-5.68061523,1,0.5,0.83333333,0.83333333,0.7,0.5,0.83333333,1,0.74285714,0.16666667,0.625,0,0,0,0,0,0,0,0,0,0,0,0,0,0,0,0
1,15.05,0.28,1.7,13.99,0,0,0,0,0,0,482.55,0.06554622,60,35,64,39,4,2,0,17,25,26,4,2,0,0,3,0,0,0,0,0,9,3,41.66666667,43.33333333,6.66666667,3.33333333,5,0,5,6,29,1,4,0,0,1,4,0,0,0,1,0,0,-0.73701737,126.6686,51.88,51.88,5.14608012,5.381,562.8216932,106.4086968,0,559.5348837,232.6946245,417.25,-5.7641681,-6.20877612,-6.37608012,0,0.75,0.66666667,0.83333333,0.7,0.5,0.83333333,1,0.7547619,0.33333333,0.625,0,0,0,0,0,0,0,0,0,0,0,0,0,0,0,0
1,14.61,0.27,1.67,13.19,0,0,0,0,0,0,468.52,0.06773619,57,34,61,38,4,2,0,17,23,25,4,2,0,0,3,0,0,0,0,0,9,3,40.35087719,43.85964912,7.01754386,3.50877193,5.26315789,0,5,6,30,1,4,0,0,1,3,1,0,0,0,1,0,-0.7292991,122.2504,51.88,51.88,4.94635163,5.0035,535.0466699,106.4086968,0,536.1295681,223.102282,399.95,-5.59439888,-6.01903405,-6.17635163,0,0.75,0.66666667,1,0.8,0.5,1,1,0.81666667,0.33333333,0.625,1,0,0,0,0,0,0,0,0,0,0,0,0,0,0,0
1,16.07,0.31,1.45,10.06,0,0,0,0,0,0,436.64,0.07311828,59,31,62,34,7,0,0,21,28,23,6,1,0,1,0,0,0,0,0,1,8,0,47.45762712,38.98305085,10.16949153,1.69491525,0,0,4,4,21,0,4,0,0,3,1,0,0,0,0,0,0,-0.32868719,125.4975,69.79,98.03,3.94304659,5.2122,574.6373295,79.2447051,18.01075068,556.2956811,231.3670824,382.96,-4.7415896,-5.06589426,-5.17304659,0,1,1,1,0.8,0.5,1,1,0.9,0.16666667,1,1,0,0,0,0,0,0,0,0,0,0,0,0,0,0,0
1,14.69,0.28,2.67,7.44,0,0,0,0,0,0,465.64,0.07007576,60,33,64,37,8,0,0,21,27,23,7,2,0,1,0,0,0,0,0,1,10,0,45,38.33333333,11.66666667,3.33333333,0,0,5,6,27,1,4,0,0,3,2,0,0,1,0,0,0,-0.29198971,128.3421,91.91,120.15,3.26770923,4.2409,564.3398223,107.0301225,18.01075068,564.5847176,234.7642285,390.39,-4.16755285,-4.42432377,-4.49770923,0,1,0.66666667,1,0.8,0.5,1,1,0.85238095,0.16666667,0.75,1,0,0,0,0,0,0,0,0,0,0,0,0,0,0,0
1,17.21,0.33,2.77,9.06,0,0,0,0,0,0,435.61,0.07526882,56,31,60,35,7,0,0,21,25,22,7,1,0,1,0,0,0,0,0,1,9,0,44.64285714,39.28571429,12.5,1.78571429,0,0,5,5,24,0,5,1,0,3,1,0,0,0,0,0,0,-0.29672464,121.4799,82.68,110.92,3.79187552,4.6576,533.1943057,96.03023465,18.01075068,531.4285714,221.175644,364.3,-4.61309419,-4.92228174,-5.02187552,0,1,1,1,0.8,0.5,1,1,0.9,0.16666667,0.875,1,0,0,0,0,0,1,0,0,0,0,0,1,0,1,0
1,14.52,0.27,1.82,7.06,0,0,0,0,0,0,457.46,0.07007576,51,33,55,37,5,0,0,22,18,21,7,2,0,0,3,0,0,0,0,0,12,3,35.29411765,41.17647059,13.7254902,3.92156863,5.88235294,0,5,6,28,1,4,0,0,2,3,0,0,1,0,0,0,-0.23189672,115.5549,94.13,94.13,5.11681188,5.7255,484.1616594,153.2971904,18.01075068,492.2425249,205.1157889,352.85,-5.7392901,-6.18097128,-6.34681188,0,0.75,0.5,0.83333333,0.7,0.5,0.83333333,1,0.73095238,0.16666667,0.75,0,0,0,0,0,0,0,0,0,0,0,0,0,0,0,0
1,16.24,0.31,1.68,10.48,0,0,0,0,0,0,390.56,0.08465608,50,28,54,32,4,0,0,21,22,21,6,0,0,1,0,0,0,0,0,1,7,0,44,42,12,0,0,0,5,6,27,1,4,0,0,3,2,0,0,1,0,0,0,-0.32313875,113.0508,60.56,88.8,4.26855509,4.5712,461.1979015,68.24481721,18.01075068,481.6943522,200.7927673,327.21,-5.01827183,-5.37512734,-5.49855509,0,0.75,1,1,0.8,0.5,1,1,0.86428571,0.16666667,0.75,1,0,0,0,0,0,1,1,0,0,0,0,1,0,1,0
1,14.15,0.27,1.77,7.01,0,0,0,0,0,0,439.43,0.07258065,48,32,52,36,3,0,1,21,16,22,5,2,0,0,3,0,0,0,0,0,10,3,33.33333333,45.83333333,10.41666667,4.16666667,6.25,0,5,7,28,2,3,0,0,2,3,0,0,2,0,0,0,-0.27877481,108.6091,88.75,88.75,3.56911003,4.4471,461.722622,131.3880083,16.78552955,475.3488372,198.1921464,345.51,-4.42374353,-4.71065453,-4.79911003,0,1,1,1,0.6,0.5,1,1,0.87142857,0.33333333,0.875,1,0,1,0,0,0,1,0,1,0,0,0,1,0,1,0
1,16.31,0.31,2.25,9.81,0,0,0,0,0,0,456.43,0.07007576,49,33,53,37,3,0,1,21,16,23,4,2,0,0,4,0,0,0,0,0,10,4,32.65306122,46.93877551,8.16326531,4.08163265,8.16326531,0,5,7,28,2,3,0,0,2,3,0,0,2,0,0,0,-0.29198971,111.3868,75.86,75.86,3.01700973,5.1067,469.263268,129.6851142,16.78552955,485.0996678,202.1883884,357.88,-3.95445827,-4.18615925,-4.24700973,0,1,0.83333333,1,0.6,0.5,1,1,0.84761905,0.33333333,0.875,1,0,0,0,0,0,1,0,0,0,0,0,0,0,0,0
1,16.5,0.32,3.59,6.92,0,0,0,0,0,0,448.94,0.07258065,53,32,57,36,4,0,1,21,21,24,4,3,0,0,0,1,0,0,0,1,8,1,39.62264151,45.28301887,7.54716981,5.66037736,1.88679245,0,5,7,28,2,3,0,0,2,3,0,0,2,0,0,0,0.85324947,120.7929,107.09,107.09,2.25787419,3.7988,549.1044553,144.2114595,102.1522159,526.8936877,219.3170851,374.9,-3.30919306,-3.46498048,-3.48787419,0,1,1,1,0.8,0.5,1,1,0.9,0.33333333,0.875,1,0,0,0,0,0,1,0,1,0,0,0,1,0,1,0
1,14.88,0.28,1.8,13.44,0,0,0,0,0,0,468.52,0.06773619,57,34,61,38,4,2,0,17,23,25,4,2,0,0,3,0,0,0,0,0,9,3,40.35087719,43.85964912,7.01754386,3.50877193,5.26315789,0,5,6,30,1,4,0,0,1,3,1,0,0,0,1,0,-0.7292991,122.2504,51.88,51.88,4.94635163,5.0035,532.5599893,106.4086968,0,536.1295681,223.102282,399.95,-5.59439888,-6.01903405,-6.17635163,0,0.75,0.66666667,1,0.8,0.5,1,1,0.81666667,0.33333333,0.625,1,0,0,0,0,0,0,0,0,0,0,0,0,0,0,0
1,17.14,0.33,3.72,9.86,0,0,0,0,0,0,466.04,0.0719697,61,33,66,38,5,0,0,17,28,24,7,1,0,0,0,1,0,0,0,1,9,1,45.90163934,39.3442623,11.47540984,1.63934426,1.63934426,0,6,8,34,3,4,0,0,2,4,1,0,1,0,0,0,-0.32203621,131.1057,80.99,80.99,5.31311841,4.6052,557.2355067,99.15454854,18.01075068,560.5149502,233.0962911,396.78,-5.90615065,-6.36746249,-6.54311841,0,0.75,0.5,0.83333333,0.7,0.5,0.83333333,1,0.73095238,0.16666667,0.625,0,0,0,0,0,0,0,0,0,0,0,0,0,0,0,0
1,12.88,0.25,1.67,7.78,0,0,0,0,0,0,518.76,0.06306306,71,37,76,42,8,0,0,21,34,27,8,1,0,1,0,0,0,0,0,1,10,0,47.88732394,38.02816901,11.26760563,1.4084507,0,0,6,7,33,1,5,0,0,3,3,0,0,1,0,0,0,-0.338127,147.4589,85.92,114.16,4.09206682,5.4277,637.3072283,99.15454854,18.01075068,646.9933555,268.5382604,449.44,-4.8682568,-5.20746348,-5.32206682,0,0.75,0.5,0.83333333,0.7,0.5,0.83333333,1,0.73095238,0.16666667,0.75,0,0,0,0,0,0,0,0,0,0,0,0,0,0,0,0
1,16.67,0.32,2.55,9.06,0,0,0,0,0,0,449.64,0.07258065,59,32,63,36,6,0,0,21,27,23,7,1,0,1,0,0,0,0,0,1,9,0,45.76271186,38.98305085,11.86440678,1.69491525,0,0,5,6,28,1,4,0,0,3,1,1,0,0,1,0,0,-0.30974979,126.6476,82.68,110.92,4.00671725,5.1768,549.2242282,96.03023465,18.01075068,554.833887,230.7679865,381.6,-4.79570966,-5.12638139,-5.23671725,0,1,1,1,0.8,0.5,1,1,0.9,0.16666667,0.875,1,0,0,0,0,0,1,0,0,0,0,0,0,0,0,0
1,16.71,0.32,1.48,10.83,0,0,0,0,0,0,392.58,0.08201058,52,28,55,31,5,0,0,21,24,21,6,0,0,1,0,0,0,0,0,1,7,0,46.15384615,40.38461538,11.53846154,0,0,0,4,4,21,0,4,0,0,3,1,0,0,0,0,0,0,-0.32313875,114.2863,60.56,88.8,4.26855509,4.8798,507.3682638,68.24481721,18.01075068,499.7342193,208.1861554,339.57,-5.01827183,-5.37512734,-5.49855509,0,0.75,1,1,0.8,0.5,1,1,0.86428571,0.16666667,0.875,1,0,0,0,0,0,1,1,0,0,0,0,0,0,1,0
1,16.65,0.33,4.37,8.97,0,0,0,0,0,0,486,0.06951872,59,34,64,39,6,0,0,17,25,23,7,2,0,0,1,1,0,0,0,1,11,2,42.37288136,38.98305085,11.86440678,3.38983051,3.38983051,0,6,8,33,3,4,0,0,3,3,1,1,0,0,0,0,-0.27530304,129.5601,90.22,90.22,4.47071155,4.0924,549.7207576,124.8695055,18.01075068,549.7840532,228.6983824,394.34,-5.19010481,-5.56717597,-5.70071155,0,0.75,0.5,1,0.8,0.5,1,1,0.79285714,0.16666667,0.625,0,0,0,0,0,0,0,0,0,0,0,0,0,0,0,0
1,16.72,0.33,3.68,9.99,0,0,0,0,0,0,484.03,0.06951872,61,34,66,39,5,0,0,17,27,24,7,1,0,0,1,1,0,0,0,1,10,2,44.26229508,39.3442623,11.47540984,1.63934426,3.27868852,0,6,8,34,3,4,0,0,2,4,1,0,1,0,0,0,-0.30447501,131.3221,80.99,80.99,5.4156933,4.8107,560.0692886,114.1146618,18.01075068,563.4385382,234.2944829,402.85,-5.9933393,-6.46490863,-6.6456933,0,0.75,0.5,0.83333333,0.7,0.5,0.83333333,1,0.73095238,0.16666667,0.625,0,0,0,0,0,0,0,0,0,0,0,0,0,0,0,0
1,4.97,0,0,0,0,0,0,0,0,0,1775.58,0.01612698,277,126,278,127,54,16,0,12,151,90,17,19,0,0,0,0,0,0,0,0,36,0,54.51263538,32.49097473,6.13718412,6.85920578,0,0,2,2,12,0,2,0,0,0,2,0,0,0,0,0,0,11.66018909,473.9686,532.52,532.52,-2.52930575,6.9154,2794.845063,804.8681683,388.425134,2398.388704,986.3232395,1814.97,0.75990989,1.08284046,1.29930575,1,0.25,0.16666667,0.33333333,0.6,1,0.16666667,0,0.35952381,0.16666667,0.5,0,0,0,0,0,0,0,0,0,0,0,0,0,0,0,0
1,17.09,0.32,3.83,7.35,0,0,0,0,0,0,459.53,0.06773619,56,34,60,38,6,1,0,23,22,24,7,2,0,0,1,0,0,0,0,0,10,1,39.28571429,42.85714286,12.5,3.57142857,1.78571429,0,5,6,28,1,4,0,0,2,3,0,0,1,0,0,0,0.2349903,125.9141,106.85,106.85,4.17747218,3.7245,537.6303806,154.1460256,36.02150137,542.3255814,225.6416317,387.33,-4.94085135,-5.28859857,-5.40747218,0,0.75,0.66666667,1,0.8,0.5,1,1,0.81666667,0.16666667,0.875,1,0,0,0,0,0,1,0,1,0,0,0,1,0,0,0
1,12.22,0.23,2.16,5.13,0,0,0,0,0,0,461.55,0.06773619,58,34,62,38,6,0,0,23,24,24,7,2,0,0,1,0,0,0,0,0,10,1,41.37931034,41.37931034,12.06896552,3.44827586,1.72413793,0,5,6,28,1,4,0,0,2,3,0,0,1,0,0,0,0.86947677,126.5272,110.01,110.01,4.24865108,3.9808,564.3409531,171.6844418,78.70484453,549.4684385,228.5690322,389.97,-5.00135342,-5.35621853,-5.47865108,0,0.75,0.66666667,1,0.8,0.5,1,1,0.81666667,0.16666667,0.625,1,0,0,0,0,0,1,0,1,0,0,0,1,0,0,0
1,15.91,0.3,0.91,10.68,0,0,0,0,0,0,406.61,0.07881773,55,29,58,32,6,0,0,21,26,22,6,0,0,1,0,0,0,0,0,1,7,0,47.27272727,40,10.90909091,0,0,0,4,4,21,0,4,0,0,3,1,0,0,0,0,0,0,-0.3364416,119.0343,60.56,88.8,4.48734041,5.2286,533.4449996,68.24481721,18.01075068,523.1395349,217.7784979,356.87,-5.20423935,-5.58297339,-5.71734041,0,0.75,1,1,0.8,0.5,1,1,0.86428571,0.16666667,0.875,1,0,0,0,0,0,0,0,0,0,0,0,0,0,0,0
1,14.64,0.28,2.5,7.61,0,0,0,0,0,0,477.65,0.06951872,61,34,66,39,6,0,0,21,27,24,7,2,0,1,0,0,0,0,0,1,10,0,44.26229508,39.3442623,11.47540984,3.27868852,0,0,6,7,32,1,5,0,0,4,2,0,0,1,0,0,0,-0.30447501,130.9087,91.91,120.15,3.4788455,4.1506,558.4779772,107.0301225,18.01075068,569.9501661,236.9631828,395.33,-4.34701868,-4.62490323,-4.7088455,0,1,0.5,1,0.8,0.5,1,1,0.82857143,0.16666667,0.75,0,0,0,0,0,0,0,0,0,0,0,0,0,0,0,0
1,16.37,0.32,3.08,8.7,0,0,0,0,0,0,439.57,0.07526882,53,31,57,35,6,0,0,21,22,21,7,1,0,1,1,0,0,0,0,1,10,1,41.50943396,39.62264151,13.20754717,1.88679245,1.88679245,0,5,6,26,1,4,0,0,4,1,0,1,0,0,0,0,-0.26476208,117.2978,82.68,110.92,3.68299172,4.3162,499.9045386,110.9903479,18.01075068,510.9468439,212.7814934,353.07,-4.52054296,-4.81884213,-4.91299172,0,1,1,1,0.8,0.5,1,1,0.9,0.16666667,0.875,1,0,1,0,0,0,1,0,1,0,0,0,1,0,1,0
1,18.11,0.34,3.54,10.5,0,0,0,0,0,0,458.49,0.06818182,54,33,57,36,6,0,0,22,21,22,6,2,0,0,3,0,0,0,0,0,11,3,38.88888889,40.74074074,11.11111111,3.7037037,5.55555556,0,4,4,22,0,4,0,0,2,2,0,0,0,0,0,0,-0.26194322,115.1926,79.02,79.02,4.03878069,4.3695,524.8486074,135.1249328,18.01075068,517.1096346,215.3072273,371.51,-4.82296359,-5.15684166,-5.26878069,0,1,0.83333333,1,0.8,0.5,1,1,0.87619048,0.16666667,1,1,0,0,0,0,0,1,0,1,0,0,0,1,0,0,0
1,18.39,0.34,4.44,8.77,0,0,0,0,0,0,429.53,0.07258065,55,32,59,36,6,1,0,22,23,23,7,2,0,0,0,0,0,0,0,0,9,0,41.81818182,41.81818182,12.72727273,3.63636364,0,0,5,6,28,1,4,0,0,2,3,0,0,1,0,0,0,-0.30974979,121.1373,90.1,90.1,3.93326837,3.1886,515.2861292,107.513946,18.01075068,523.1395349,217.7784979,366.6,-4.73327811,-5.05660495,-5.16326837,0,1,0.83333333,1,0.8,0.5,1,1,0.87619048,0.16666667,0.875,1,0,0,0,0,0,1,0,1,0,0,0,1,0,1,0
1,14.38,0.3,3.15,7.87,0,0,0,0,0,0,458.94,0.07586207,51,30,54,33,4,2,0,12,21,21,0,5,0,1,2,1,0,0,0,2,9,3,41.17647059,41.17647059,0,9.80392157,5.88235294,0,4,7,24,2,2,0,0,0,4,0,0,0,2,0,0,0.27596899,107.6427,83.83,92.21,3.51975884,3.4468,540.2211405,170.5997528,85.36668632,496.627907,206.9130766,374.59,-4.38179502,-4.6637709,-4.74975884,0,1,0.83333333,1,0.8,0.5,1,1,0.87619048,0.16666667,1,1,0,0,0,0,0,1,0,1,0,0,0,1,0,0,0
1,3.84,0,0,0,0,0,0,0,0,0,2176.22,0.01315459,342,155,344,157,73,19,0,18,187,112,23,20,0,0,0,0,0,0,0,0,43,0,54.67836257,32.74853801,6.7251462,5.84795322,0,0,3,3,18,0,3,0,0,0,3,0,0,0,0,0,0,17.7590572,590.4516,668.42,668.42,-3.92480765,7.0344,3371.790074,979.3435329,498.4656053,2961.627907,1217.158978,2231.26,1.94608651,2.40856727,2.69480765,1,0.25,0.16666667,0.33333333,0.6,1,0.16666667,0,0.35952381,0.16666667,0.5,0,0,0,0,0,0,0,0,0,0,0,0,0,0,0,0
1,16.82,0.31,3.11,8.35,0,0,0,0,0,0,445.55,0.07007576,57,33,61,37,6,0,0,23,24,24,7,1,0,0,1,0,0,0,0,0,9,1,42.10526316,42.10526316,12.28070175,1.75438596,1.75438596,0,5,6,28,1,4,0,0,2,3,0,0,1,0,0,0,0.2219362,125.1276,89.78,89.78,4.9876591,4.7163,533.428712,129.0010986,36.02150137,539.717608,224.5727902,381.18,-5.62951023,-6.05827614,-6.2176591,0,0.75,0.83333333,1,0.8,0.5,1,1,0.84047619,0.16666667,0.75,1,0,0,0,0,0,1,0,0,0,0,0,0,0,1,0
1,3.61,0,0,0,0,0,0,0,0,0,1963.83,0.01459404,303,140,305,142,57,18,0,18,163,101,19,20,0,0,0,0,0,0,0,0,39,0,53.79537954,33.33333333,6.27062706,6.60066007,0,0,3,3,18,0,3,0,0,0,3,0,0,0,0,0,0,12.20347567,526.8553,570.49,570.49,-2.60863277,8.701,3046.803327,848.4961806,381.7632922,2645,1087.393443,1999.6,0.82733785,1.15820113,1.37863277,1,0.25,0.16666667,0.33333333,0.6,1,0.16666667,0,0.35952381,0.16666667,0.5,0,0,0,0,0,0,0,0,0,0,0,0,0,0,0,0
1,4.86,0,0,0,0,0,0,0,0,0,1747.52,0.01639129,271,124,272,125,52,16,0,12,147,88,17,19,0,0,0,0,0,0,0,0,36,0,54.24354244,32.47232472,6.27306273,7.01107011,0,0,2,2,12,0,2,0,0,0,2,0,0,0,0,0,0,11.70557038,464.7666,532.52,532.52,-2.77719103,6.003,2742.691592,804.8681683,388.425134,2351.578073,967.1385545,1780.37,0.97061238,1.31833148,1.54719103,1,0.25,0.16666667,0.33333333,0.6,1,0.16666667,0,0.35952381,0.16666667,0.5,0,0,0,0,0,0,0,0,0,0,0,0,0,0,0,0
1,12.97,0.25,2.89,7.1,0,0,0,0,0,0,520.73,0.06306306,69,37,74,42,8,0,0,21,32,26,8,2,0,1,0,0,0,0,0,1,11,0,46.37681159,37.68115942,11.5942029,2.89855072,0,0,6,7,33,1,5,0,0,3,3,0,0,1,0,0,0,-0.31129811,144.3922,95.15,123.39,3.16001451,4.1982,626.3460867,110.1544364,18.01075068,633.3388704,262.94216,440.93,-4.07601234,-4.32201379,-4.39001451,0,0.75,0.5,0.83333333,0.7,0.5,0.83333333,1,0.73095238,0.16666667,0.75,0,0,0,0,0,0,0,0,0,0,0,0,0,0,0,0
1,16.86,0.31,3.99,6.54,0,0,0,0,0,0,474.55,0.06554622,58,35,62,39,6,1,0,23,23,24,8,2,0,0,1,0,0,0,0,0,11,1,39.65517241,41.37931034,13.79310345,3.44827586,1.72413793,0,5,6,28,1,4,0,0,2,3,0,0,1,0,0,0,0.87665963,129.3214,122.37,122.37,4.25864755,3.8115,566.1618696,185.0542444,78.82717026,558.9036545,232.435924,398.33,-5.00985041,-5.36571517,-5.48864755,0,0.75,0.66666667,1,0.6,0,1,1,0.71666667,0.16666667,0.625,1,0,0,0,0,0,0,0,0,0,0,0,0,0,0,0
1,15.9,0.31,1.95,8.15,0,0,0,0,0,0,423.6,0.07586207,55,30,58,33,7,0,0,21,25,21,7,1,0,1,0,0,0,0,0,1,9,0,45.45454545,38.18181818,12.72727273,1.81818182,0,0,4,4,21,0,4,0,0,3,1,0,0,0,0,0,0,-0.28288949,118.7811,82.68,110.92,3.5730902,4.6123,536.9504465,96.03023465,18.01075068,526.0631229,218.9766897,359.36,-4.42712667,-4.71443569,-4.8030902,0,1,1,1,0.8,0.5,1,1,0.9,0.16666667,1,1,0,0,0,0,0,1,0,0,0,0,0,1,0,1,0
1,14.8,0.29,2.15,8.76,0,0,0,0,0,0,489.58,0.06773619,56,34,60,38,6,0,0,21,22,22,7,1,0,1,3,0,0,0,0,1,12,3,39.28571429,39.28571429,12.5,1.78571429,5.35714286,0,5,6,27,1,4,0,0,3,2,0,0,1,0,0,0,-0.24613108,122.7487,82.68,110.92,4.11273465,5.3792,531.648838,140.9105745,18.01075068,540.1993356,224.7702195,382.51,-4.88582445,-5.22709792,-5.34273465,0,1,0.83333333,1,0.8,0.5,1,1,0.87619048,0.16666667,0.75,0,0,0,0,0,0,0,0,0,0,0,0,0,0,0,0
1,15.74,0.29,1.78,10.6,0,0,0,0,0,0,404.54,0.07816092,55,30,59,34,4,0,0,21,25,23,6,0,0,0,1,0,0,0,0,0,7,1,45.45454545,41.81818182,10.90909091,0,1.81818182,0,5,7,28,2,3,0,0,2,3,0,0,2,0,0,0,-0.34891959,119.4896,60.04,60.04,5.08419954,5.2555,496.3191403,83.08240837,18.01075068,504.269103,210.0447143,349.37,-5.71156961,-6.14998956,-6.31419954,0,0.75,0.83333333,0.83333333,0.7,0.5,0.83333333,1,0.77857143,0.16666667,0.75,1,0,0,0,0,0,0,0,0,0,0,0,0,0,0,0
1,16.07,0.3,3.33,10.83,0,0,0,0,0,0,483.6,0.06722689,63,35,68,40,4,0,0,17,28,25,7,0,0,0,3,0,0,0,0,0,10,3,44.44444444,39.68253968,11.11111111,0,4.76190476,0,6,8,35,3,4,0,0,2,3,2,0,0,1,0,0,-0.31629127,130.3938,71.76,71.76,6.36678964,5.0171,557.3539459,133.0350005,18.01075068,562.6079734,233.9540875,408.29,-6.8017712,-7.36845016,-7.59678964,0,0.75,0.5,0.83333333,0.7,0.5,0.83333333,1,0.73095238,0.16666667,0.625,0,0,0,0,0,0,0,0,0,0,0,0,0,0,0,0
1,15.89,0.31,1.7,8.95,0,0,0,0,0,0,465.69,0.06818182,64,33,67,36,7,0,0,21,31,24,7,1,0,1,0,0,0,0,0,1,9,0,48.4375,37.5,10.9375,1.5625,0,0,4,4,21,0,4,0,0,3,1,0,0,0,0,0,0,-0.32203621,132.3379,82.68,110.92,4.21785352,5.6117,631.9469669,96.03023465,18.01075068,596.2790698,247.7537171,411.26,-4.97517549,-5.32696084,-5.44785352,0,0.75,0.83333333,1,0.8,0.5,1,1,0.84047619,0.16666667,0.75,0,0,0,0,0,0,0,0,0,0,0,0,0,0,0,0
1,19.37,0.36,3.62,12.55,0,0,0,0,0,0,392.53,0.08374384,54,29,59,34,4,0,0,16,25,22,6,0,0,0,1,0,0,0,0,0,7,1,46.2962963,40.74074074,11.11111111,0,1.85185185,0,6,8,31,3,4,0,3,2,1,1,0,0,1,0,0,-0.3364416,111.6893,60.56,60.56,5.02439786,2.8729,470.386497,83.20493048,18.01075068,477.1096346,198.9137847,335.89,-5.66073818,-6.09317796,-6.25439786,0,0.75,0.66666667,0.83333333,0.9,0.5,0.83333333,1,0.78333333,0.16666667,0.75,1,0,1,0,0,0,1,0,1,1,0,0,1,0,1,0
1,15.78,0.31,2.32,8.18,0,0,0,0,0,0,440,0.07741935,57,31,62,36,4,0,0,16,26,22,7,1,0,0,0,1,0,0,0,1,9,1,45.61403509,38.59649123,12.28070175,1.75438596,1.75438596,0,6,8,34,4,4,0,0,2,5,0,0,1,0,0,0,-0.29672464,122.2476,84.9,84.9,6.18987636,4.2596,521.398579,97.41696272,18.01075068,520.8471761,216.8390066,364.82,-6.65139491,-7.20038255,-7.41987636,0,0.75,0.66666667,0.83333333,0.7,0.5,0.83333333,1,0.7547619,0.16666667,0.75,1,0,0,0,0,0,1,0,1,0,0,0,1,0,1,0
1,16.62,0.32,3.06,7.84,0,0,0,0,0,0,443.99,0.07526882,57,31,61,35,6,0,0,16,26,21,7,2,0,0,0,1,0,0,0,1,10,1,45.61403509,36.84210526,12.28070175,3.50877193,1.75438596,0,5,6,27,2,4,0,0,3,2,1,0,0,0,0,0,-0.26476208,121.4609,94.13,94.13,5.64202662,4.1034,541.9207504,108.4168506,18.01075068,525.2325581,218.6362943,368.67,-6.18572262,-6.67992528,-6.87202662,0,0.75,0.66666667,0.83333333,0.7,0.5,0.83333333,1,0.7547619,0.16666667,0.75,1,0,0,0,0,0,1,0,1,0,0,0,1,0,1,0
1,0,0,0,0,0,0,0,0,0,0,391.55,0.08465608,49,28,53,32,4,0,0,21,21,20,7,0,0,1,0,0,0,0,0,1,8,0,42.85714286,40.81632653,14.28571429,0,0,0,5,6,27,1,4,0,0,3,2,0,0,1,0,0,0,-0.28779665,111.2074,73.45,101.69,4.09842502,3.9597,455.8784268,85.03034676,18.01075068,474.8671096,197.9947171,320.91,-4.87366126,-5.21350377,-5.32842502,0,1,1,1,0.8,0.5,1,1,0.9,0.16666667,0.875,1,0,1,0,0,0,1,1,1,0,0,0,1,0,1,0
1,14.71,0.28,1.17,8.71,0,0,0,0,0,0,489.71,0.06722689,66,35,71,40,6,0,0,21,31,26,7,1,0,1,0,0,0,0,0,1,9,0,46.96969697,39.39393939,10.60606061,1.51515152,0,0,6,7,33,1,5,0,0,3,3,0,0,1,0,0,0,-0.34463809,138.312,82.68,110.92,4.62984716,6.2301,595.5158545,96.03023465,18.01075068,607.0099668,252.1516257,421.14,-5.32537009,-5.7183548,-5.85984716,0,0.75,0.5,1,0.8,0.5,1,1,0.79285714,0.16666667,0.625,0,0,0,0,0,0,0,0,0,0,0,0,0,0,0,0
1,14.22,0.27,2.11,7.61,0,0,0,0,0,0,491.68,0.06722689,64,35,69,40,6,0,0,21,29,25,7,2,0,1,0,0,0,0,0,1,10,0,45.3125,39.0625,10.9375,3.125,0,0,6,7,33,1,5,0,0,3,3,0,0,1,0,0,0,-0.31629127,135.7741,91.91,120.15,3.68649079,4.213,584.5547129,107.0301225,18.01075068,593.3554817,246.5555253,412.63,-4.52351717,-4.82216625,-4.91649079,0,1,0.5,1,0.8,0.5,1,1,0.82857143,0.16666667,0.75,0,0,0,0,0,0,0,0,0,0,0,0,0,0,0,0
1,15.49,0.3,2.07,8.42,0,0,0,0,0,0,449.64,0.07258065,59,32,63,36,6,0,0,21,27,23,7,1,0,1,0,0,0,0,0,1,9,0,45.76271186,38.98305085,11.86440678,1.69491525,0,0,5,6,26,1,4,0,0,4,1,0,1,0,0,0,0,-0.30974979,126.5211,82.68,110.92,4.00671725,5.1438,559.2710415,96.03023465,18.01075068,554.833887,230.7679865,381.6,-4.79570966,-5.12638139,-5.23671725,0,1,1,1,0.8,0.5,1,1,0.9,0.16666667,0.875,1,0,0,0,0,0,1,0,0,0,0,0,0,0,0,0
1,10.19,0.19,3.51,3.84,0,0,0,0,0,0,725.05,0.03996983,112,52,113,53,20,5,0,12,60,39,6,7,0,0,0,0,0,0,0,0,13,0,53.57142857,34.82142857,5.35714286,6.25,0,0,2,2,12,0,2,0,0,0,2,0,0,0,0,0,0,3.45248336,199.151,192.19,192.19,1.78997836,5.0126,1126.333987,287.4723703,147.6235334,983.9202658,406.6230598,735.23,-2.91148161,-3.02047945,-3.01997836,1,0.25,0.33333333,0.33333333,0.7,1,0.16666667,0,0.39761905,0.16666667,0.5,0,0,0,0,0,0,0,0,0,0,0,0,0,0,0,0
1,3.43,0,0,0,0,0,0,0,0,0,1963.83,0.01459404,303,140,305,142,57,18,0,18,163,101,19,20,0,0,0,0,0,0,0,0,39,0,53.79537954,33.33333333,6.27062706,6.60066007,0,0,3,3,18,0,3,0,0,0,3,0,0,0,0,0,0,12.20347567,526.8553,570.49,570.49,-2.60863277,8.701,3046.803327,848.4961806,381.7632922,2645,1087.393443,1999.6,0.82733785,1.15820113,1.37863277,1,0.25,0.16666667,0.33333333,0.6,1,0.16666667,0,0.35952381,0.16666667,0.5,0,0,0,0,0,0,0,0,0,0,0,0,0,0,0,0
1,4.97,0,0,0,0,0,0,0,0,0,1803.64,0.01587106,283,128,284,129,56,16,0,12,155,92,17,19,0,0,0,0,0,0,0,0,36,0,54.77031802,32.50883392,6.00706714,6.71378092,0,0,2,2,12,0,2,0,0,0,2,0,0,0,0,0,0,11.61585024,483.1706,532.52,532.52,-2.28361434,7.8278,2846.998535,804.8681683,388.425134,2445.199336,1005.507924,1849.57,0.55107219,0.84943363,1.05361434,1,0.25,0.16666667,0.33333333,0.6,1,0.16666667,0,0.35952381,0.16666667,0.5,0,0,0,0,0,0,0,0,0,0,0,0,0,0,0,0
1,3.6,0,0,0,0,0,0,0,0,0,2005.92,0.01428149,312,143,314,145,58,18,0,18,169,104,19,20,0,0,0,0,0,0,0,0,39,0,54.16666667,33.33333333,6.08974359,6.41025641,0,0,3,3,18,0,3,0,0,0,3,0,0,0,0,0,0,12.14277142,540.2695,570.49,570.49,-2.25722446,9.9215,3132.974643,848.4961806,381.7632922,2715.215947,1116.17047,2051.5,0.52864079,0.82436324,1.02722446,1,0.25,0.16666667,0.33333333,0.6,1,0.16666667,0,0.35952381,0.16666667,0.5,0,0,0,0,0,0,0,0,0,0,0,0,0,0,0,0
1,5,0,0,0,0,0,0,0,0,0,1831.7,0.01562314,289,130,290,131,58,16,0,12,159,94,17,19,0,0,0,0,0,0,0,0,36,0,55.01730104,32.52595156,5.88235294,6.57439446,0,0,2,2,12,0,2,0,0,0,2,0,0,0,0,0,0,11.57251309,492.3726,532.52,532.52,-2.04005032,8.7402,2899.152006,804.8681683,388.425134,2492.009967,1024.692609,1884.17,0.34404278,0.61804781,0.81005032,1,0.25,0.16666667,0.33333333,0.6,1,0.16666667,0,0.35952381,0.16666667,0.5,0,0,0,0,0,0,0,0,0,0,0,0,0,0,0,0
1,16.03,0.31,2.32,8.72,0,0,0,0,0,0,449.64,0.07258065,59,32,63,36,6,0,0,21,27,23,7,1,0,1,0,0,0,0,0,1,9,0,45.76271186,38.98305085,11.86440678,1.69491525,0,0,5,6,26,1,4,0,0,4,1,0,1,0,0,0,0,-0.30974979,126.5014,82.68,110.92,4.00671725,4.8469,559.6998689,96.03023465,18.01075068,554.833887,230.7679865,381.6,-4.79570966,-5.12638139,-5.23671725,0,1,1,1,0.8,0.5,1,1,0.9,0.16666667,0.875,1,0,0,0,0,0,1,0,0,0,0,0,0,0,1,0
