Actividad_500	MW	GD	nAT	nSK	nBT	nBO	RBN	nDB	nTB	nAB	nH	nC	nN	nO	nP	nS	nF	nCL	nBR	nI	nB	nHM	nHet	nX	H%	C%	N%	O%	X%	nStructures	totalcharge	nCIC	nCIR	TRS	Rbrid	NRS	nR03	nR04	nR05	nR06	nR07	nR08	nR09	nR10	nR11	nR12	Hy	AMR	TPSA(NO)	TPSA(Tot)	MLOGP	ALOGP	SAtot	SAacc	SAdon	Vx	VvdwMG	VvdwZAZ	BLTF96	BLTD48	BLTA96	Ro5	DLS_01	DLS_02	DLS_03	DLS_04	DLS_05	DLS_06	DLS_07	DLS_cons	LLS_01	LLS_02	CMC-80	CMC-50	Inflammat-80	Inflammat-50	Depressant-80	Depressant-50	Psychotic-80	Psychotic-50	Hypertens-80	Hypertens-50	Hypnotic-80	Hypnotic-50	Neoplastic-80	Neoplastic-50	Infective-80	Infective-50
0	51352	605	62	35	63	36	6	1	1	6	27	24	1	2	0	0	8	0	0	0	0	0	11	8	435484	387097	16129	32258	129032	1	0	2	2	12	0	2	0	0	0	2	0	0	0	0	0	0	-2879	1137692	4054	4054	55737	68699	6.319.919	1906335	426833	560299	2330078	44944	-61277	-6615	-68037	1	5	6667	6667	8	1	6667	1	7571	5	625	0	0	0	0	0	0	0	0	0	0	0	0	0	0	0	0
1	4126	782	54	30	58	34	4	0	0	23	24	25	4	0	0	1	0	0	0	0	0	1	5	0	444444	462963	74074	0	0	1	0	5	6	29	1	4	0	0	1	4	0	0	1	0	0	0	-4149	1208673	507	7894	50481	56688	5.119.821	683673	180108	5278738	2197188	36913	-56809	-61157	-62781	0	75	8333	8333	7	5	8333	1	7786	1667	75	0	0	0	0	0	0	0	0	0	0	0	0	0	0	0	0
0	4126	782	54	30	58	34	4	0	0	23	24	25	4	0	0	1	0	0	0	0	0	1	5	0	444444	462963	74074	0	0	1	0	5	6	29	1	4	0	0	1	4	0	0	1	0	0	0	-4149	121317	507	7894	50481	58724	5.119.821	683673	180108	5278738	2197188	36913	-56809	-61157	-62781	0	75	8333	8333	7	5	8333	1	7786	1667	75	0	0	0	0	0	0	0	0	0	0	0	0	0	0	0	0
1	57821	58	76	39	80	43	7	3	0	12	37	29	3	4	0	1	1	1	0	0	0	2	10	2	486842	381579	39474	52632	26316	1	0	5	5	30	0	5	0	0	0	5	0	0	0	0	0	0	-7385	1510289	7016	7854	39633	5969	7.168.938	1031851	0	6957475	2885195	51613	-47588	-50852	-51933	0	75	8333	8333	9	1	8333	1	8786	1667	75	0	0	0	0	0	0	0	0	0	0	0	0	0	0	0	0
1	36188	978	40	24	43	27	2	2	1	11	16	17	3	2	0	1	0	1	0	0	0	2	7	1	40	425	75	5	25	1	0	4	7	23	3	2	0	0	1	3	0	1	1	0	1	0	-2597	935862	6606	7444	26793	41104	4.065.816	624945	16663	4104983	1716141	29724	-36674	-38653	-39093	0	1	1	1	8	5	1	1	9	5	1	1	0	1	1	1	0	1	0	1	0	0	0	1	0	1	0
1	13548	214	194	99	199	104	44	9	1	36	95	78	7	14	0	0	0	0	0	0	0	0	21	0	489691	402062	36082	72165	0	1	0	6	6	36	0	6	0	0	0	6	0	0	0	0	0	0	35122	3784051	29499	29499	24281	11018	19.362.003	4390625	1687586	17808306	7332256	13419	-34539	-36267	-36581	1	25	1667	3333	7	1	1667	0	3738	1667	375	0	0	0	0	0	0	0	0	0	0	0	0	0	0	0	0
1	125069	232	182	91	186	95	42	8	1	30	91	71	7	13	0	0	0	0	0	0	0	0	20	0	50	39011	38462	71429	0	1	0	5	5	30	0	5	0	0	0	5	0	0	0	0	0	0	35997	3478296	27792	27792	2415	96138	18.145.614	4139176	1687586	16538538	681186	124583	-34427	-36142	-3645	1	25	3333	3333	7	1	1667	0	3976	1667	375	0	0	0	0	0	0	0	0	0	0	0	0	0	0	0	0
1	147295	197	212	107	217	112	52	9	1	36	105	83	7	17	0	0	0	0	0	0	0	0	24	0	495283	391509	33019	80189	0	1	0	6	6	36	0	6	0	0	0	6	0	0	0	0	0	0	34533	4071562	32268	32268	10619	96515	21.119.308	4720622	1687586	19271096	7931761	145477	-22926	-23288	-22919	1	25	1667	3333	7	1	1667	0	3738	1667	375	0	0	0	0	0	0	0	0	0	0	0	0	0	0	0	0
1	136884	212	200	99	204	103	50	8	1	30	101	76	7	16	0	0	0	0	0	0	0	0	23	0	505	38	35	8	0	1	0	5	5	30	0	5	0	0	0	5	0	0	0	0	0	0	35324	3765807	30561	30561	10635	82473	19.902.918	4469172	1687586	18001329	7411364	13587	-22939	-23303	-22935	1	25	3333	3333	7	1	1667	0	3976	1667	375	0	0	0	0	0	0	0	0	0	0	0	0	0	0	0	0
1	96529	301	136	72	141	77	26	6	1	36	64	61	4	7	0	0	0	0	0	0	0	0	11	0	470588	448529	29412	51471	0	1	0	6	6	36	0	6	0	0	0	6	0	0	0	0	0	0	16662	2817878	17077	17077	5605	113641	13.603.802	2655959	1147263	12863787	5305814	96119	-61543	-66448	-6835	1	25	1667	3333	5	5	1667	0	2738	0	375	0	0	0	0	0	0	0	0	0	0	0	0	0	0	0	0
1	8572	338	127	63	130	66	25	5	1	24	64	52	4	7	0	0	0	0	0	0	0	0	11	0	503937	409449	31496	55118	0	1	0	4	4	24	0	4	0	0	0	4	0	0	0	0	0	0	17686	246467	16293	16293	45765	98701	12.747.922	2514509	1147263	11618106	4795289	87049	-528	-56677	-58065	1	25	3333	5	8	1	3333	0	4595	0	5	0	0	0	0	0	0	0	0	0	0	0	0	0	0	0	0
0	86118	337	124	64	128	68	24	5	1	30	60	54	4	6	0	0	0	0	0	0	0	0	10	0	483871	435484	32258	48387	0	1	0	5	5	30	0	5	0	0	0	5	0	0	0	0	0	0	17405	2512123	1537	1537	52749	99599	12.387.412	240451	1147263	1159402	4785418	86512	-58736	-63311	-65049	1	5	3333	5	8	1	3333	0	4952	0	375	0	0	0	0	0	0	0	0	0	0	0	0	0	0	0	0
1	55066	549	71	41	75	45	11	5	1	17	30	32	4	5	0	0	0	0	0	0	0	0	9	0	422535	450704	56338	70423	0	1	0	5	6	29	1	4	0	0	1	4	0	0	0	1	0	0	-7755	1566277	9566	9566	267	39909	6.973.484	1204687	0	6847342	2840058	51601	-36595	-38565	-39	0	75	5	6667	7	5	6667	5	6119	3333	625	0	0	0	0	0	0	0	0	0	0	0	0	0	0	0	0
1	88614	336	121	66	127	72	18	6	1	30	55	54	5	7	0	0	0	0	0	0	0	0	12	0	454545	446281	41322	57851	0	1	0	7	8	43	1	6	0	0	0	6	1	0	0	0	1	0	17471	2521127	17529	17529	44595	92665	11.931.371	2682364	1147263	11425083	4716182	85755	-51806	-55566	-56895	1	25	3333	5	6	5	3333	0	3595	0	375	0	0	0	0	0	0	0	0	0	0	0	0	0	0	0	0
1	11435	255	162	84	167	89	35	6	1	36	78	68	4	12	0	0	0	0	0	0	0	0	16	0	481481	419753	24691	74074	0	1	0	6	6	36	0	6	0	0	0	6	0	0	0	0	0	0	16166	3221883	21692	21692	34681	113947	16.264.843	3205953	1147263	14989701	6177091	112624	-43379	-46147	-46981	1	5	3333	5	8	1	3333	0	4952	0	5	0	0	0	0	0	0	0	0	0	0	0	0	0	0	0	0
1	103939	281	150	76	154	80	33	5	1	30	74	61	4	11	0	0	0	0	0	0	0	0	15	0	493333	406667	26667	73333	0	1	0	5	5	30	0	5	0	0	0	5	0	0	0	0	0	0	16794	2916128	19985	19985	34248	99905	15.048.453	2954504	1147263	13719934	5656694	103017	-43011	-45736	-46548	1	5	5	5	8	1	3333	0	519	0	5	0	0	0	0	0	0	0	0	0	0	0	0	0	0	0	0
1	40035	867	44	25	45	26	6	3	0	12	19	18	1	3	0	1	0	2	0	0	0	3	7	2	431818	409091	22727	68182	45455	1	0	2	2	12	0	2	0	0	0	2	0	0	0	0	0	0	-2773	1045857	5761	6599	39672	52645	5.019.303	885149	426833	4669103	1947337	34126	-47621	-50888	-51972	0	1	1	1	8	5	1	1	9	1667	1	1	0	0	0	0	0	0	0	0	0	0	0	0	0	0	0
1	46352	66	57	34	60	37	5	3	0	18	23	26	3	3	0	0	2	0	0	0	0	0	8	2	403509	45614	52632	52632	35088	1	0	4	7	25	2	2	0	0	0	3	1	0	0	0	2	0	1766	1230345	7851	7851	34169	35759	563.115	1445008	360215	5535382	230237	41605	-42944	-45661	-46469	0	1	8333	1	8	5	1	1	8762	1667	875	1	0	0	0	0	0	1	0	1	0	0	0	1	0	0	0
0	24428	1242	31	18	32	19	3	1	0	12	13	15	0	2	0	0	1	0	0	0	0	0	3	1	419355	483871	0	64516	32258	1	0	2	2	12	0	2	0	0	0	2	0	0	0	0	0	0	-3341	672927	373	373	38954	36556	3.282.644	827884	426833	3054651	1285677	22671	-47011	-50206	-51254	0	1	1	1	6	5	1	1	8714	8333	1	1	0	1	0	0	0	0	0	1	0	1	0	1	0	1	0
1	51555	597	61	38	65	42	5	5	0	18	23	29	3	4	0	0	2	0	0	0	0	0	9	2	377049	47541	4918	65574	32787	1	0	5	7	31	2	3	0	0	0	4	1	0	0	1	1	0	-3744	1369239	9198	9198	37794	46994	6.050.527	1542755	180108	6011794	249762	4591	-46024	-49104	-50094	0	75	8333	8333	5	5	8333	1	75	1667	75	0	0	0	0	0	0	0	0	0	0	0	0	0	0	0	0
1	51659	597	64	38	68	42	5	4	0	18	26	29	4	3	0	0	2	0	0	0	0	0	9	2	40625	453125	625	46875	3125	1	0	5	7	31	2	3	0	0	0	4	1	0	0	1	1	0	1489	1379658	9087	9087	42543	4587	616.749	1612864	360215	6151495	2554875	46395	-50061	-53616	-54843	1	5	8333	8333	7	5	8333	1	7429	1667	625	0	0	0	0	0	0	0	0	0	0	0	0	0	0	0	0
1	50157	616	62	37	66	41	5	4	0	18	25	29	3	3	0	0	2	0	0	0	0	0	8	2	403226	467742	48387	48387	32258	1	0	5	7	30	2	3	0	0	1	3	1	0	1	0	1	0	-3918	1352864	7884	7884	46074	52065	5.995.959	1432756	180108	5985714	2486932	45295	-53063	-5697	-58374	1	5	6667	8333	7	5	8333	1	719	1667	625	0	0	0	0	0	0	0	0	0	0	0	0	0	0	0	0
1	5156	597	65	38	69	42	5	4	0	18	27	30	3	3	0	0	2	0	0	0	0	0	8	2	415385	461538	46154	46154	30769	1	0	5	7	31	2	3	0	0	0	4	1	0	0	1	1	0	-4005	1398874	7884	7884	47976	56627	6.256.726	1432756	180108	6219767	2582856	47025	-5468	-58778	-60276	1	5	6667	8333	7	5	8333	1	719	1667	625	0	0	0	0	0	0	0	0	0	0	0	0	0	0	0	0
0	53062	58	67	39	71	43	5	4	0	18	28	30	4	3	0	0	2	0	0	0	0	0	9	2	41791	447761	59701	44776	29851	1	0	5	7	31	2	3	0	0	0	4	1	0	0	1	1	0	-3833	1433019	8208	8208	44445	463	6.455.722	1463999	180108	6385548	2650798	48125	-51678	-55423	-56745	1	5	8333	8333	7	5	8333	1	7429	1667	625	0	0	0	0	0	0	0	0	0	0	0	0	0	0	0	0
1	51659	597	64	38	68	42	5	4	0	18	26	29	4	3	0	0	2	0	0	0	0	0	9	2	40625	453125	625	46875	3125	1	0	5	7	31	2	3	0	0	0	4	1	0	0	1	1	0	1489	1384052	9087	9087	42543	44241	616.749	1612864	360215	6151495	2554875	46395	-50061	-53616	-54843	1	5	8333	8333	7	5	8333	1	7429	1667	625	0	0	0	0	0	0	0	0	0	0	0	0	0	0	0	0
1	52751	597	59	38	63	42	5	3	0	18	21	27	3	4	0	0	4	0	0	0	0	0	11	4	355932	457627	50847	67797	67797	1	0	5	7	30	2	3	0	0	1	3	1	0	1	0	1	0	-3221	1284581	8023	8023	41315	69437	5.791.395	1700507	180108	5745017	2388285	44192	-49018	-52449	-53615	0	75	8333	8333	7	5	8333	1	7786	1667	75	0	0	0	0	0	0	0	0	0	0	0	0	0	0	0	0
1	50556	616	62	37	66	41	5	3	0	18	25	28	3	4	0	0	2	0	0	0	0	0	9	2	403226	451613	48387	64516	32258	1	0	5	7	31	2	3	0	0	0	4	1	0	0	1	1	0	-365	1325761	8023	8023	37255	49271	5.995.487	1401305	180108	5920598	2460245	44708	-45567	-48592	-49555	0	75	8333	8333	7	5	8333	1	7786	1667	75	0	0	0	0	0	0	0	0	0	0	0	0	0	0	0	0
1	49153	635	59	36	63	40	5	3	0	18	23	27	3	4	0	0	2	0	0	0	0	0	9	2	389831	457627	50847	67797	33898	1	0	5	7	30	2	3	0	0	1	3	1	0	1	0	1	0	-3551	1273856	8023	8023	39361	49094	5.734.719	1401305	180108	5686545	2364322	42978	-47356	-50592	-51661	0	1	8333	1	8	5	1	1	8762	1667	75	0	0	0	0	0	0	0	0	0	0	0	0	0	0	0	0
1	56262	549	69	41	73	45	7	4	0	18	28	30	4	5	0	0	2	0	0	0	0	0	11	2	405797	434783	57971	72464	28986	1	0	5	7	30	2	3	0	0	1	3	1	0	1	0	1	0	-3516	145236	10054	10054	33632	43885	6.758.034	1683997	180108	6580565	2730723	49883	-42487	-4515	-45932	0	75	6667	8333	7	5	8333	1	7548	1667	75	0	0	0	0	0	0	0	0	0	0	0	0	0	0	0	0
1	53456	58	63	39	67	43	7	4	0	18	24	28	4	5	0	0	2	0	0	0	0	0	11	2	380952	444444	63492	79365	31746	1	0	5	7	30	2	3	0	0	1	3	1	0	1	0	1	0	7985	1354426	12332	12332	29802	39767	6.181.569	1981726	509079	6112458	2538876	46423	-39231	-41512	-42102	0	75	6667	8333	7	5	8333	1	7548	3333	75	0	0	0	0	0	0	0	0	0	0	0	0	0	0	0	0
1	52156	597	63	38	67	42	7	3	0	18	25	28	3	5	0	0	2	0	0	0	0	0	10	2	396825	444444	47619	79365	31746	1	0	5	7	30	2	3	0	0	1	3	1	0	1	0	1	0	1751	1336779	10046	10046	33832	437	6.216.357	1828138	606941	6018106	2500208	45587	-42657	-4534	-46132	0	75	8333	8333	7	5	8333	1	7786	1667	75	0	0	0	0	0	0	0	0	0	0	0	0	0	0	0	0
1	4775	655	56	35	60	39	5	3	0	18	21	26	3	4	0	0	2	0	0	0	0	0	9	2	375	464286	53571	71429	35714	1	0	5	7	30	2	3	0	0	1	3	1	0	1	0	1	0	1905	1224889	8902	8902	37378	47035	5.446.487	1550169	360215	5452492	2268398	41248	-45671	-48709	-49678	0	1	8333	1	8	5	1	1	8762	1667	75	1	0	0	0	0	0	0	0	0	0	0	0	0	0	0	0
1	51457	597	62	38	66	42	5	3	0	23	24	29	4	3	0	0	2	0	0	0	0	0	9	2	387097	467742	64516	48387	32258	1	0	5	7	31	2	3	0	0	0	4	1	0	0	1	1	0	1489	1379196	9489	9489	45914	51708	6.174.735	1775995	606941	6080066	2525601	45041	-52926	-56818	-58214	1	5	6667	8333	5	5	8333	1	6905	1667	625	0	0	0	0	0	0	0	0	0	0	0	0	0	0	0	0
1	49055	619	60	36	63	39	6	4	0	18	24	27	4	3	0	0	2	0	0	0	0	0	9	2	40	45	66667	5	33333	1	0	4	5	25	1	3	0	0	0	3	1	0	0	0	1	0	8006	1301993	10486	10486	38661	41435	5.979.725	1761728	509079	5863787	2436962	44171	-46761	-49927	-50961	0	1	8333	1	6	5	1	1	8476	1667	875	0	0	0	0	0	0	0	0	0	0	0	0	0	0	0	0
0	37438	9	38	25	40	27	2	3	0	11	13	14	4	3	0	1	3	0	0	0	0	1	11	3	342105	368421	105263	78947	78947	1	0	3	4	17	1	2	0	0	1	2	0	0	1	0	0	0	-1193	828599	9602	1044	8115	24049	3.908.695	1493053	16663	3802326	1592101	28313	-20798	-20909	-20415	0	1	1	1	6	5	1	1	8714	5	1	1	1	1	0	1	0	0	0	1	1	0	0	1	1	1	1
0	62293	529	102	44	108	50	4	0	0	0	58	35	0	9	0	0	0	0	0	0	0	0	9	0	568627	343137	0	88235	0	1	0	7	25	38	5	2	1	0	1	5	1	0	2	2	2	0	27977	1614808	14907	14907	21272	20477	9.882.017	2890997	2561001	7987043	3307149	60665	-31982	-33409	-33572	1	5	3333	6667	8	1	5	5	6143	1667	625	0	0	0	0	0	0	0	0	0	0	0	0	0	0	0	0
1	4289	798	47	27	48	28	8	3	0	6	20	16	2	4	0	1	3	1	0	0	0	2	11	4	425532	340426	42553	85106	85106	1	0	2	2	10	0	2	0	1	0	1	0	0	0	0	0	0	4139	936241	897	9808	17755	29724	4.905.448	1597539	328972	4562957	1903835	34827	-28991	-30067	-30055	0	1	1	1	1	1	1	1	1	3333	1	1	0	1	0	0	0	1	0	1	1	0	0	1	0	1	0
1	4294	788	41	29	44	32	2	2	0	17	12	18	3	2	0	1	5	0	0	0	0	1	11	5	292683	439024	73171	4878	121951	1	0	4	7	23	2	2	0	0	1	3	0	0	1	1	0	0	-1999	967367	6606	7444	36376	50188	4.066.003	1372951	16663	4210465	1759371	31614	-4482	-47757	-48676	0	1	1	1	4	5	1	1	8429	3333	1	1	0	0	0	0	0	1	0	0	0	0	0	0	0	1	0
1	37785	933	38	25	41	28	2	2	0	17	13	17	3	2	0	1	1	1	0	0	0	2	8	2	342105	447368	78947	52632	52632	1	0	4	7	23	2	2	0	0	1	3	0	0	1	1	0	0	-2378	953514	6606	7444	31825	45354	3.905.903	774546	16663	4062791	1698849	28977	-40951	-43434	-44125	0	1	1	1	4	0	1	1	7714	3333	1	1	0	0	0	1	0	0	0	0	0	0	0	1	0	1	0
1	3614	933	38	25	41	28	2	2	0	17	13	17	3	2	0	1	2	0	0	0	0	1	8	2	342105	447368	78947	52632	52632	1	0	4	7	23	2	2	0	0	1	3	0	0	1	1	0	0	-2378	90763	6606	7444	30657	40765	3.720.222	924147	16663	3888704	1627502	28063	-39959	-42324	-42957	0	1	1	1	4	0	1	1	7714	3333	1	1	1	1	1	1	0	0	0	1	0	0	0	1	0	1	0
0	37438	9	38	25	40	27	2	3	0	11	13	14	4	3	0	1	3	0	0	0	0	1	11	3	342105	368421	105263	78947	78947	1	0	3	4	17	1	2	0	0	1	2	0	0	1	0	0	0	-1193	828599	9602	1044	8115	24049	3.908.695	1493053	16663	3802326	1592101	28313	-20798	-20909	-20415	0	1	1	1	6	5	1	1	8714	5	1	1	1	1	0	1	0	0	0	1	1	0	0	1	1	1	1
0	40097	862	51	26	53	28	5	3	0	6	25	18	2	4	0	1	0	1	0	0	0	2	8	1	490196	352941	39216	78431	19608	1	0	3	3	17	0	3	0	0	1	2	0	0	0	0	0	0	-6844	1008958	6692	753	2297	39618	5.043.548	851006	0	4762957	1985802	3523	-33425	-35022	-3527	0	1	1	1	1	1	1	1	1	3333	1	1	0	1	0	0	0	1	1	1	0	0	0	1	0	1	0
0	45503	736	57	30	59	32	9	3	0	11	27	20	4	4	0	1	0	1	0	0	0	2	10	1	473684	350877	70175	70175	17544	1	0	3	3	17	0	3	0	0	1	2	0	0	0	0	0	0	-2499	1152648	9353	10191	18947	3099	5.738.758	1167726	180108	5419767	2254987	39272	-30005	-312	-31247	0	1	8333	8333	1	1	1	1	9524	3333	1	1	0	0	0	0	0	1	0	1	0	0	0	1	0	0	0
0	28784	1242	36	18	37	19	2	2	0	6	18	13	1	2	0	1	0	1	0	0	0	2	5	1	50	361111	27778	55556	27778	1	0	2	2	12	0	2	0	0	0	2	0	0	0	0	0	0	-709	741897	3738	4576	27163	38081	3.708.778	458315	0	3483721	1461525	25222	-36989	-39005	-39463	0	1	1	1	1	5	1	1	9286	1	1	1	1	1	1	1	0	0	0	1	0	1	0	1	0	1	0
1	51415	66	70	34	73	37	7	3	0	6	36	24	3	5	0	1	0	1	0	0	0	2	10	1	514286	342857	42857	71429	14286	1	0	4	4	21	0	4	1	0	0	3	0	0	0	0	0	0	-3045	1318538	9039	9877	20925	38471	6.851.429	1309083	426833	6250166	2595314	46353	-31686	-33078	-33225	0	75	8333	8333	9	1	8333	1	8786	3333	875	0	0	0	0	0	0	0	0	0	0	0	0	0	0	0	0
1	54123	619	77	36	80	39	7	3	0	6	41	26	4	4	0	1	0	1	0	0	0	2	10	1	532468	337662	51948	51948	12987	1	0	4	4	24	0	4	0	0	0	4	0	0	0	0	0	0	-7167	1442578	734	8178	2498	37224	7.250.142	913493	0	6786545	2815141	50034	-35133	-36931	-3728	0	75	8333	8333	9	1	8333	1	8786	3333	875	0	0	0	0	0	0	0	0	0	0	0	0	0	0	0	0
1	49815	682	69	33	72	36	6	3	0	6	36	24	3	4	0	1	0	1	0	0	0	2	9	1	521739	347826	43478	57971	14493	1	0	4	4	24	0	4	0	0	0	4	0	0	0	0	0	0	-7211	1309479	7016	7854	28408	45288	6.487.762	88225	0	6152658	2555352	45474	-38047	-40187	-40708	0	1	8333	1	1	1	1	1	9762	3333	875	0	0	0	0	0	0	0	0	0	0	0	0	0	0	0	0
0	40097	862	51	26	53	28	5	3	0	6	25	18	2	4	0	1	0	1	0	0	0	2	8	1	490196	352941	39216	78431	19608	1	0	3	3	17	0	3	0	0	1	2	0	0	0	0	0	0	-6844	1008958	6692	753	2297	39618	5.043.548	851006	0	4762957	1985802	3523	-33425	-35022	-3527	0	1	1	1	1	1	1	1	1	3333	1	1	0	1	0	0	0	1	1	1	0	0	0	1	0	1	0
0	45503	736	57	30	59	32	9	3	0	11	27	20	4	4	0	1	0	1	0	0	0	2	10	1	473684	350877	70175	70175	17544	1	0	3	3	17	0	3	0	0	1	2	0	0	0	0	0	0	-2499	1152648	9353	10191	18947	3099	5.738.758	1167726	180108	5419767	2254987	39272	-30005	-312	-31247	0	1	8333	8333	1	1	1	1	9524	3333	1	1	0	0	0	0	0	1	0	1	0	0	0	1	0	0	0
1	42143	82	44	28	47	31	3	2	0	11	16	17	3	2	0	1	5	0	0	0	0	1	11	5	363636	386364	68182	45455	113636	1	0	4	5	20	1	3	1	0	1	2	0	0	1	0	0	0	-1818	918113	6606	7444	33715	42042	417.441	1372951	16663	4190698	175127	31766	-42558	-45229	-46015	0	1	1	1	8	5	1	1	9	3333	1	1	0	1	0	0	0	1	0	1	0	0	0	1	0	1	0
1	42242	82	43	28	46	31	3	2	0	11	15	16	4	2	0	1	5	0	0	0	0	1	12	5	348837	372093	93023	46512	116279	1	0	4	5	20	1	3	1	0	1	2	0	0	1	0	0	0	-1464	892824	7895	8733	23697	34821	4.121.215	1540806	16663	4122425	1723289	31136	-34042	-35712	-35997	0	1	1	1	8	5	1	1	9	5	1	1	0	1	0	0	0	1	0	1	0	0	0	1	0	1	0
1	45194	739	50	29	51	30	8	3	1	6	21	18	3	3	0	1	3	1	0	0	0	2	11	4	42	36	6	6	8	1	0	2	2	10	0	2	0	1	0	1	0	0	0	0	0	0	3645	1018588	10426	11264	21508	39432	5.415.116	1798133	328972	4956478	2065114	3798	-32181	-33632	-33808	0	1	8333	1	1	1	1	1	9762	3333	1	1	0	0	0	0	0	1	0	1	0	0	0	1	0	1	0
1	45194	739	50	29	51	30	8	3	1	6	21	18	3	3	0	1	3	1	0	0	0	2	11	4	42	36	6	6	8	1	0	2	2	10	0	2	0	1	0	1	0	0	0	0	0	0	3645	1018588	10426	11264	21508	39432	5.415.116	1798133	328972	4956478	2065114	3798	-32181	-33632	-33808	0	1	8333	1	1	1	1	1	9762	3333	1	1	0	0	0	0	0	1	0	1	0	0	0	1	0	1	0
1	38937	794	42	28	44	30	3	2	1	12	14	18	5	2	0	0	3	0	0	0	0	0	10	3	333333	428571	119048	47619	71429	1	0	3	3	18	0	3	0	0	0	3	0	0	0	0	0	0	10234	914649	11339	11339	19553	23146	4.444.138	1965635	509079	4249502	177537	32547	-3052	-31775	-31853	0	1	1	1	6	5	1	1	8714	5	1	1	1	1	0	0	0	1	0	1	1	0	0	1	0	1	1
1	46352	66	57	34	60	37	5	3	0	18	23	26	3	3	0	0	2	0	0	0	0	0	8	2	403509	45614	52632	52632	35088	1	0	4	7	25	2	2	0	0	0	3	1	0	0	0	2	0	1766	1230345	7851	7851	34169	35759	563.115	1445008	360215	5535382	230237	41605	-42944	-45661	-46469	0	1	8333	1	8	5	1	1	8762	1667	875	1	0	0	0	0	0	1	0	1	0	0	0	1	0	0	0
1	51198	642	55	34	57	36	9	3	0	18	21	24	1	4	0	1	3	1	0	0	0	2	10	4	381818	436364	18182	72727	72727	1	0	3	3	18	0	3	0	0	0	3	0	0	0	0	0	0	-3045	1239002	7468	8306	51546	69371	5.925.617	1585401	426833	5660631	2353701	42567	-57714	-62169	-63846	1	5	6667	5	6	5	6667	1	6333	1667	75	0	0	0	0	0	0	0	0	0	0	0	0	0	0	0	0
0	36064	892	66	26	69	29	4	1	0	0	40	24	0	2	0	0	0	0	0	0	0	0	2	0	606061	363636	0	30303	0	1	0	4	10	23	3	1	0	0	1	3	0	0	1	2	0	0	-4838	1060118	373	373	57105	63956	5.847.011	678283	426833	5199668	2164782	38926	-62439	-6745	-69405	0	75	8333	8333	7	5	8333	1	7786	5	875	0	0	0	0	0	0	0	0	0	0	0	0	0	0	0	0
1	46444	736	53	30	55	32	8	2	0	18	23	23	1	3	0	1	0	2	0	0	0	3	7	2	433962	433962	18868	56604	37736	1	0	3	3	18	0	3	0	0	0	3	0	0	0	0	0	0	-3489	1237177	5761	6599	48961	66063	5.768.729	885149	426833	5516113	2294473	39922	-55517	-59713	-61261	0	75	6667	1	8	5	1	1	8167	1667	75	0	0	0	0	0	0	0	0	0	0	0	0	0	0	0	0
1	44545	767	54	28	55	29	9	2	0	12	26	20	2	3	0	1	0	2	0	0	0	3	8	2	481481	37037	37037	55556	37037	1	0	2	2	12	0	2	0	0	0	2	0	0	0	0	0	0	-2878	1172778	6085	6923	36969	50265	5.836.422	916392	426833	5374419	2236401	3895	-45324	-48321	-49269	0	1	1	8333	1	1	1	1	9762	1667	1	1	0	0	0	0	0	1	0	0	0	0	0	0	0	1	0
1	50952	688	57	31	58	32	10	4	0	12	26	20	2	5	0	2	0	2	0	0	0	4	11	2	45614	350877	35088	87719	35088	1	0	2	2	12	0	2	0	0	0	2	0	0	0	0	0	0	-2328	1259194	9499	11175	28283	46013	6.309.508	1343464	426833	584103	2427635	42559	-3794	-40068	-40583	0	75	6667	6667	9	5	8333	1	7595	3333	875	0	0	0	0	0	0	0	0	0	0	0	0	0	0	0	0
1	41739	831	48	26	49	27	8	2	0	12	22	18	2	3	0	1	0	2	0	0	0	3	8	2	458333	375	41667	625	41667	1	0	2	2	12	0	2	0	0	0	2	0	0	0	0	0	0	10121	1072085	8363	9201	32551	40588	5.259.957	121412	755805	4906312	2044554	3549	-41569	-44124	-44851	0	1	1	1	1	5	1	1	9286	1667	1	1	0	1	0	0	0	1	0	1	0	0	0	1	0	1	0
1	53356	639	65	35	68	38	9	2	0	18	30	27	2	3	0	1	0	2	0	0	0	3	8	2	461538	415385	30769	46154	30769	1	0	4	5	24	1	3	0	0	0	4	0	0	0	1	0	0	-373	1451996	6085	6923	45158	66847	6.649.559	916392	426833	6437708	2672175	46706	-52284	-561	-57458	1	5	6667	6667	7	5	8333	1	6952	1667	75	0	0	0	0	0	0	0	0	0	0	0	0	0	0	0	0
1	48552	71	61	31	63	33	9	2	0	12	30	23	2	3	0	1	0	2	0	0	0	3	8	2	491803	377049	32787	4918	32787	1	0	3	3	18	0	3	0	0	0	3	0	0	0	0	0	0	-3287	129419	6085	6923	39385	59437	6.257.488	916392	426833	5896179	2450237	42904	-47378	-50616	-51685	0	1	8333	8333	1	1	1	1	9524	1667	875	0	0	0	0	0	0	0	0	0	0	0	0	0	0	0	0
1	46844	736	53	30	55	32	9	2	0	17	23	21	3	3	0	1	0	2	0	0	0	3	9	2	433962	396226	56604	56604	37736	1	0	3	3	17	0	3	0	0	1	2	0	0	0	0	0	0	-2829	1219318	7543	8381	34102	51863	5.744.225	1051779	426833	5450997	2267786	38926	-42887	-45597	-46402	0	1	8333	8333	8	5	1	1	8524	1667	875	1	0	0	0	0	0	0	0	0	0	0	0	0	0	0	0
1	52153	685	58	32	60	34	9	4	0	12	26	21	2	5	0	2	0	2	0	0	0	4	11	2	448276	362069	34483	86207	34483	1	0	3	3	17	0	3	0	0	1	2	0	0	0	0	0	0	-2478	1288158	9499	11175	26511	44823	620.904	1343464	426833	5894684	2449625	43053	-36434	-38385	-38811	0	75	8333	6667	9	5	8333	1	7833	3333	875	0	0	0	0	0	0	0	0	0	0	0	0	0	0	0	0
1	50054	685	63	32	65	34	9	2	0	12	31	23	3	3	0	1	0	2	0	0	0	3	9	2	492063	365079	47619	47619	31746	1	0	3	3	18	0	3	0	0	0	3	0	0	0	0	0	0	-3097	1333279	6409	7247	31666	49838	6.456.484	947635	426833	606196	251818	44004	-40816	-43283	-43966	0	75	8333	6667	9	1	8333	1	8548	1667	875	0	0	0	0	0	0	0	0	0	0	0	0	0	0	0	0
1	46844	736	53	30	55	32	9	2	0	17	23	21	3	3	0	1	0	2	0	0	0	3	9	2	433962	396226	56604	56604	37736	1	0	3	3	17	0	3	0	0	1	2	0	0	0	0	0	0	-2829	1211992	7543	8381	34102	46295	5.738.099	1053004	426833	5450997	2267786	38926	-42887	-45597	-46402	0	1	8333	8333	8	5	1	1	8524	1667	875	1	0	0	0	0	0	0	0	0	0	0	0	1	0	0	0
1	46943	736	52	30	54	32	9	2	0	17	22	20	4	3	0	1	0	2	0	0	0	3	10	2	423077	384615	76923	57692	38462	1	0	3	3	17	0	3	0	0	1	2	0	0	0	0	0	0	-2499	1217951	8832	967	32483	47189	5.697.156	1217183	426833	5382724	2239805	38296	-4151	-44058	-44783	0	1	8333	8333	8	5	1	1	8524	1667	875	1	0	0	0	0	0	0	0	0	0	0	0	0	0	0	0
1	48749	71	59	31	61	33	9	2	0	12	28	22	2	4	0	1	0	2	0	0	0	3	9	2	474576	372881	33898	67797	33898	1	0	3	3	18	0	3	0	0	0	3	0	0	0	0	0	0	-2967	1263523	7008	7846	29589	47142	6.147.877	1026391	426833	5759635	2394276	42053	-39051	-4131	-41889	0	1	8333	8333	1	1	1	1	9524	3333	875	0	0	0	0	0	0	0	0	0	0	0	0	0	0	0	0
1	46943	736	52	30	54	32	9	2	0	17	22	20	4	3	0	1	0	2	0	0	0	3	10	2	423077	384615	76923	57692	38462	1	0	3	3	17	0	3	0	0	1	2	0	0	0	0	0	0	-2499	1211379	8832	967	40603	45023	569.103	1219634	426833	5382724	2239805	38296	-48412	-51772	-52903	0	1	8333	8333	8	5	1	1	8524	1667	875	1	0	0	0	0	0	0	0	0	0	0	0	1	0	0	0
1	47042	736	51	30	53	32	9	2	0	17	21	19	5	3	0	1	0	2	0	0	0	3	11	2	411765	372549	98039	58824	39216	1	0	3	3	17	0	3	0	0	1	2	0	0	0	0	0	0	-2169	1220113	10121	10959	39051	41956	5.650.087	1382588	426833	5314452	2211825	37666	-47094	-50299	-51351	0	1	8333	8333	8	5	1	1	8524	1667	875	1	0	0	0	0	0	0	0	1	0	0	0	1	0	0	0
1	46943	736	52	30	54	32	9	2	0	17	22	20	4	3	0	1	0	2	0	0	0	3	10	2	423077	384615	76923	57692	38462	1	0	3	3	17	0	3	0	0	1	2	0	0	0	0	0	0	-2499	1208604	8832	967	32483	45366	5.697.156	1218409	426833	5382724	2239805	38296	-4151	-44058	-44783	0	1	8333	8333	8	5	1	1	8524	1667	875	1	0	0	0	0	0	0	0	0	0	0	0	1	0	0	0
1	47042	736	51	30	53	32	9	2	0	17	21	19	5	3	0	1	0	2	0	0	0	3	11	2	411765	372549	98039	58824	39216	1	0	3	3	17	0	3	0	0	1	2	0	0	0	0	0	0	-2169	1217338	10121	10959	39051	45917	5.650.087	1383814	426833	5314452	2211825	37666	-47094	-50299	-51351	0	1	8333	8333	8	5	1	1	8524	1667	875	1	0	0	0	0	0	0	0	0	0	0	0	1	0	0	0
1	54652	619	61	36	64	39	10	2	0	23	25	25	5	3	0	1	0	2	0	0	0	3	11	2	409836	409836	81967	4918	32787	1	0	4	4	23	0	4	0	0	1	3	0	0	0	0	0	0	-2999	143998	10121	10959	49495	62117	6.563.693	1383814	426833	6324086	2625609	44928	-5597	-6022	-61795	1	5	5	6667	7	5	8333	1	6714	1667	75	0	0	0	0	0	0	0	0	0	0	0	0	0	0	0	0
1	5135	663	59	33	61	35	10	2	0	17	26	21	6	3	0	1	0	2	0	0	0	3	12	2	440678	355932	101695	50847	33898	1	0	3	3	17	0	3	0	0	1	2	0	0	0	0	0	0	-2319	1360764	10445	11283	40058	52749	6.370.618	1415057	426833	5948339	2471614	42226	-47949	-51255	-52358	0	75	5	6667	7	5	8333	1	7071	1667	875	0	0	0	0	0	0	0	0	0	0	0	0	0	0	0	0
1	54652	619	61	36	64	39	10	2	0	23	25	25	5	3	0	1	0	2	0	0	0	3	11	2	409836	409836	81967	4918	32787	1	0	4	4	23	0	4	0	0	1	3	0	0	0	0	0	0	-2999	1466247	10121	10959	49495	61207	6.563.693	1382588	426833	6324086	2625609	44928	-5597	-6022	-61795	1	5	5	6667	7	5	8333	1	6714	1667	75	0	0	0	0	0	0	0	0	0	0	0	0	0	0	0	0
1	5135	663	59	33	61	35	10	2	0	17	26	21	6	3	0	1	0	2	0	0	0	3	12	2	440678	355932	101695	50847	33898	1	0	3	3	17	0	3	0	0	1	2	0	0	0	0	0	0	-2319	1359132	10445	11283	40058	48995	6.370.618	1413831	426833	5948339	2471614	42226	-47949	-51255	-52358	0	75	5	6667	7	5	8333	1	7071	1667	875	0	0	0	0	0	0	0	0	0	0	0	0	0	0	0	0
1	55153	603	64	36	66	38	11	3	0	18	28	26	2	5	0	1	0	2	0	0	0	3	10	2	4375	40625	3125	78125	3125	1	0	3	3	18	0	3	0	0	0	3	0	0	0	0	0	0	8282	1427875	10694	11532	35161	52338	7.048.356	1743539	1033774	6507641	2700837	47706	-43786	-46602	-47461	0	75	6667	6667	7	5	6667	5	6357	1667	75	0	0	0	0	0	0	0	0	0	0	0	0	0	0	0	0
1	55153	603	64	36	66	38	11	3	0	18	28	26	2	5	0	1	0	2	0	0	0	3	10	2	4375	40625	3125	78125	3125	1	0	3	3	18	0	3	0	0	0	3	0	0	0	0	0	0	8282	1427875	10694	11532	35161	52338	7.048.356	1743539	1033774	6507641	2700837	47706	-43786	-46602	-47461	0	75	6667	6667	7	5	6667	5	6357	1667	75	0	0	0	0	0	0	0	0	0	0	0	0	0	0	0	0
1	5215	642	60	34	62	36	10	3	0	18	26	25	2	4	0	1	0	2	0	0	0	3	9	2	433333	416667	33333	66667	33333	1	0	3	3	18	0	3	0	0	0	3	0	0	0	0	0	0	2058	136825	8671	9509	40769	57445	6.503.811	1316705	606941	617608	2564951	45097	-48554	-51931	-53069	0	75	6667	6667	7	5	8333	1	731	1667	875	0	0	0	0	0	0	0	0	0	0	0	0	0	0	0	0
1	53553	622	63	35	65	37	11	3	0	18	28	26	2	4	0	1	0	2	0	0	0	3	9	2	444444	412698	31746	63492	31746	1	0	3	3	18	0	3	0	0	0	3	0	0	0	0	0	0	1905	1413742	8671	9509	42752	57793	6.764.579	1316705	606941	6410133	2660874	46827	-50239	-53814	-55052	1	5	6667	6667	7	5	6667	5	6	1667	625	0	0	0	0	0	0	0	0	0	0	0	0	0	0	0	0
1	54956	603	66	36	68	38	12	3	0	18	30	27	2	4	0	1	0	2	0	0	0	3	9	2	454545	409091	30303	60606	30303	1	0	3	3	18	0	3	0	0	0	3	0	0	0	0	0	0	176	1459752	8671	9509	44706	62355	7.025.346	1316705	606941	6644186	2756798	48557	-519	-55671	-57006	1	5	6667	6667	7	5	6667	5	6	1667	625	0	0	0	0	0	0	0	0	0	0	0	0	0	0	0	0
1	47543	713	54	30	55	31	10	3	0	12	24	20	2	5	0	1	0	2	0	0	0	3	10	2	444444	37037	37037	92593	37037	1	0	2	2	12	0	2	0	0	0	2	0	0	0	0	0	0	9661	1185047	10694	11532	24962	36216	6.071.844	1743539	1033774	5498007	2287052	40444	-35118	-36914	-37262	0	1	6667	8333	1	1	1	1	9286	3333	875	1	0	0	0	0	0	0	0	1	0	0	0	0	0	0	0
1	4454	767	50	28	51	29	9	3	0	12	22	19	2	4	0	1	0	2	0	0	0	3	9	2	44	38	4	8	4	1	0	2	2	12	0	2	0	0	0	2	0	0	0	0	0	0	3177	1120599	8671	9509	30366	40332	5.590.206	1316705	606941	5166445	2151166	37835	-39711	-42047	-42666	0	1	1	8333	1	5	1	1	9048	1667	1	1	0	1	0	0	0	1	0	1	0	0	0	1	0	1	0
1	49349	685	58	32	60	34	10	2	0	18	26	24	2	3	0	1	0	2	0	0	0	3	8	2	448276	413793	34483	51724	34483	1	0	3	3	18	0	3	0	0	0	3	0	0	0	0	0	0	208	1335415	6964	7802	43128	63451	6.201.027	1065256	606941	5915947	2458339	42752	-50559	-54172	-55428	0	75	6667	8333	8	5	1	1	7929	1667	75	0	0	0	0	0	0	0	0	0	0	0	0	0	0	0	0
1	48749	71	59	31	61	33	10	2	0	12	28	22	2	4	0	1	0	2	0	0	0	3	9	2	474576	372881	33898	67797	33898	1	0	3	3	17	0	3	0	0	1	2	0	0	0	0	0	0	2569	1254152	7887	8725	33649	47616	6.141.683	1175255	606941	5759635	2394276	42053	-42502	-45167	-45949	0	1	6667	8333	1	1	1	1	9286	1667	875	0	0	0	0	0	0	0	0	0	0	0	0	0	0	0	0
1	55756	622	61	35	63	37	11	4	0	18	26	24	2	5	0	2	0	2	0	0	0	4	11	2	42623	393443	32787	81967	32787	1	0	3	3	18	0	3	0	0	0	3	0	0	0	0	0	0	2472	1404023	10378	12054	34526	5642	6.674.114	1492328	590883	6382558	2649573	46361	-43247	-45999	-46826	0	75	6667	6667	7	5	6667	5	6357	1667	75	0	0	0	0	0	0	0	0	0	0	0	0	0	0	0	0
1	49549	713	54	30	55	31	10	4	0	12	24	19	2	5	0	2	0	2	0	0	0	4	11	2	444444	351852	37037	92593	37037	1	0	2	2	12	0	2	0	0	0	2	0	0	0	0	0	0	342	1206247	10378	12054	26095	40654	6.021.275	1492328	590883	5606977	2331712	40829	-3608	-3799	-38395	0	1	6667	8333	1	5	1	1	8571	3333	875	0	0	0	0	0	0	0	0	1	0	0	0	0	0	0	0
1	55553	603	64	36	66	38	13	3	0	17	28	24	4	5	0	1	0	2	0	0	0	3	12	2	4375	375	625	78125	3125	1	0	3	3	17	0	3	0	0	1	2	0	0	0	0	0	0	2587	140438	11376	12214	25264	39475	6.885.104	159456	606941	6442525	267415	4671	-35374	-37201	-37564	0	75	5	6667	9	5	6667	5	6405	3333	75	0	0	0	0	0	0	0	0	0	0	0	0	0	0	0	0
1	5415	622	61	35	63	37	12	3	0	17	26	23	4	5	0	1	0	2	0	0	0	3	12	2	42623	377049	65574	81967	32787	1	0	3	3	17	0	3	0	0	1	2	0	0	0	0	0	0	2756	1355726	11376	12214	2322	38851	6.624.337	159456	606941	6208472	2578226	4498	-33637	-35259	-3552	0	75	5	6667	7	5	6667	5	6119	3333	75	0	0	0	0	0	0	0	0	0	0	0	0	0	0	0	0
1	36182	949	37	23	38	24	5	2	0	12	14	15	1	3	0	1	2	1	0	0	0	2	8	3	378378	405405	27027	81081	81081	1	0	2	2	12	0	2	0	0	0	2	0	0	0	0	0	0	-1977	848539	5761	6599	33454	40571	4.176.245	1184351	426833	3893522	1629476	28893	-42336	-44981	-45754	0	1	1	1	8	5	1	1	9	1667	1	1	1	1	1	1	0	0	0	1	0	0	0	1	0	1	0
1	55994	622	60	35	62	37	11	3	0	17	25	23	4	4	0	1	0	3	0	0	0	4	12	3	416667	383333	66667	66667	5	1	0	3	3	17	0	3	0	0	1	2	0	0	0	0	0	0	-652	1384582	8474	9312	32654	53599	6.644.951	1018862	0	6314286	2621593	45622	-41656	-44221	-44954	0	75	6667	6667	7	5	6667	5	6357	1667	75	0	0	0	0	0	0	0	0	0	0	0	0	0	0	0	0
1	5956	567	71	39	74	42	14	3	0	17	32	27	4	5	0	1	0	2	0	0	0	3	12	2	450704	380282	56338	70423	28169	1	0	4	4	20	0	4	1	0	1	2	0	0	0	0	0	0	-3069	1524111	10497	11335	31213	49112	7.371.197	1445695	426833	6964286	2887986	50664	-40431	-42853	-43513	0	75	5	6667	9	1	6667	5	7119	1667	75	0	0	0	0	0	0	0	0	0	0	0	0	0	0	0	0
1	48744	71	55	31	57	33	8	3	0	12	24	21	2	5	0	1	0	2	0	0	0	3	10	2	436364	381818	36364	90909	36364	1	0	3	3	17	0	3	0	0	1	2	0	0	0	0	0	0	-2648	1212036	8715	9553	2725	47479	5.929.126	127784	426833	5551661	2309041	40938	-37063	-39088	-3955	0	1	8333	1	1	5	1	1	9048	3333	875	0	0	0	0	0	0	0	0	0	0	0	0	0	0	0	0
1	48946	688	57	31	58	32	9	3	0	12	26	21	2	5	0	1	0	2	0	0	0	3	10	2	45614	368421	35088	87719	35088	1	0	2	2	12	0	2	0	0	0	2	0	0	0	0	0	0	2889	1225705	9594	10432	3117	50123	6.367.653	1426704	606941	573206	2382975	42174	-40395	-42812	-4347	0	1	8333	8333	1	1	1	1	9524	1667	875	0	0	0	0	0	0	0	0	0	0	0	0	0	0	0	0
1	5155	663	61	33	63	35	9	3	0	12	28	23	2	5	0	1	0	2	0	0	0	3	10	2	459016	377049	32787	81967	32787	1	0	3	3	18	0	3	0	0	0	3	0	0	0	0	0	0	252	1297801	9594	10432	31438	59393	6.465.046	1426704	606941	6019767	2500888	44398	-40623	-43066	-43738	0	75	8333	6667	9	1	8333	1	8548	1667	875	0	0	0	0	0	0	0	0	0	0	0	0	0	0	0	0
1	54591	642	57	34	59	36	11	3	0	17	23	22	4	4	0	1	0	3	0	0	0	4	12	3	403509	385965	70175	70175	52632	1	0	3	3	17	0	3	0	0	1	2	0	0	0	0	0	0	-2461	1335615	9353	10191	30611	5154	6.356.718	1167726	180108	6080233	2525669	43892	-39919	-4228	-42911	0	75	6667	6667	7	5	6667	5	6357	1667	75	0	0	0	0	0	0	0	0	0	0	0	0	0	0	0	0
1	5415	622	61	35	63	37	12	3	0	17	26	23	4	5	0	1	0	2	0	0	0	3	12	2	42623	377049	65574	81967	32787	1	0	3	3	17	0	3	0	0	1	2	0	0	0	0	0	0	2756	1355726	11376	12214	2322	38851	6.624.337	159456	606941	6208472	2578226	4498	-33637	-35259	-3552	0	75	5	6667	7	5	6667	5	6119	3333	75	0	0	0	0	0	0	0	0	0	0	0	0	0	0	0	0
1	52946	642	57	34	59	36	11	3	0	17	23	22	4	4	0	1	1	2	0	0	0	3	12	3	403509	385965	70175	70175	52632	1	0	3	3	17	0	3	0	0	1	2	0	0	0	0	0	0	-2461	1289731	9353	10191	29577	46951	6.171.037	1317327	180108	5906146	2454322	42978	-3904	-41298	-41877	0	75	6667	6667	7	5	6667	5	6357	3333	75	0	0	0	0	0	0	0	0	0	0	0	0	0	0	0	0
1	51301	642	57	34	59	36	11	3	0	17	23	22	4	4	0	1	2	1	0	0	0	2	12	3	403509	385965	70175	70175	52632	1	0	3	3	17	0	3	0	0	1	2	0	0	0	0	0	0	-2461	1243847	9353	10191	28534	42362	5.985.356	1466928	180108	573206	2382975	42064	-38154	-40307	-40834	0	75	6667	6667	7	5	6667	5	6357	3333	75	0	0	0	0	0	0	0	0	0	0	0	0	0	0	0	0
1	54348	622	59	35	61	37	12	3	0	17	24	21	6	5	0	1	0	2	0	0	0	3	14	2	40678	355932	101695	84746	33898	1	0	3	3	17	0	3	0	0	1	2	0	0	0	0	0	0	3323	1361072	13954	14792	28849	38473	6.536.326	1925369	606941	6071927	2522265	4372	-38422	-40607	-41149	1	5	5	5	6	5	3333	0	419	3333	625	0	0	0	0	0	0	0	0	0	0	0	0	0	0	0	0
1	52747	642	58	34	60	36	11	3	0	17	24	22	4	5	0	1	0	2	0	0	0	3	12	2	413793	37931	68966	86207	34483	1	0	3	3	17	0	3	0	0	1	2	0	0	0	0	0	0	2933	1307072	11376	12214	21144	38227	6.363.569	159456	606941	5974419	2482303	4325	-31872	-33287	-33444	0	75	5	6667	7	5	6667	5	6119	3333	75	0	0	0	0	0	0	0	0	0	0	0	0	0	0	0	0
1	47952	639	58	35	61	38	5	3	0	18	23	26	3	4	0	0	2	0	0	0	0	0	9	2	396552	448276	51724	68966	34483	1	0	4	7	25	2	2	0	0	0	3	1	0	0	0	2	0	82	1242915	9874	9874	26578	29454	5.919.215	1871842	787048	563289	2342332	42484	-36491	-38449	-38878	0	1	8333	1	8	5	1	1	8762	3333	875	1	0	0	0	0	0	0	0	1	0	0	0	0	0	0	0
1	43045	71	51	31	53	33	5	4	0	12	20	21	4	4	0	0	2	0	0	0	0	0	10	2	392157	411765	78431	78431	39216	1	0	3	4	19	1	2	0	0	0	2	1	0	0	0	1	0	94	1075871	1111	1111	18259	14957	5.383.488	2037247	787048	4951661	206314	37788	-2942	-30546	-30559	0	1	1	1	8	5	1	1	9	3333	1	1	0	1	0	0	0	0	0	1	1	0	0	1	0	1	0
1	43045	71	51	31	53	33	5	4	0	12	20	21	4	4	0	0	2	0	0	0	0	0	10	2	392157	411765	78431	78431	39216	1	0	3	4	19	1	2	0	0	0	2	1	0	0	0	1	0	94	1075871	1111	1111	18259	14957	5.383.488	2037247	787048	4951661	206314	37788	-2942	-30546	-30559	0	1	1	1	8	5	1	1	9	3333	1	1	0	1	0	0	0	0	0	1	1	0	0	1	0	1	0
1	43045	71	51	31	53	33	5	4	0	12	20	21	4	4	0	0	2	0	0	0	0	0	10	2	392157	411765	78431	78431	39216	1	0	3	4	19	1	2	0	0	0	2	1	0	0	0	1	0	94	1075871	1111	1111	18259	14957	5.383.488	2037247	787048	4951661	206314	37788	-2942	-30546	-30559	0	1	1	1	8	5	1	1	9	3333	1	1	0	1	0	0	0	0	0	1	1	0	0	1	0	1	0
1	724	414	106	53	110	57	15	5	0	18	53	42	5	6	0	0	0	0	0	0	0	0	11	0	50	396226	4717	56604	0	1	0	5	6	31	1	4	0	0	0	4	1	0	0	0	1	0	19137	2027485	15822	15822	36614	65967	10.322.956	2430915	1147263	9522591	3936472	71144	-45022	-47983	-48914	1	5	5	5	8	1	3333	0	519	0	5	0	0	0	0	0	0	0	0	0	0	0	0	0	0	0	0
1	43045	71	51	31	53	33	5	4	0	12	20	21	4	4	0	0	2	0	0	0	0	0	10	2	392157	411765	78431	78431	39216	1	0	3	4	19	1	2	0	0	0	2	1	0	0	0	1	0	94	1075871	1111	1111	18259	14957	5.383.488	2037247	787048	4951661	206314	37788	-2942	-30546	-30559	0	1	1	1	8	5	1	1	9	3333	1	1	0	1	0	0	0	0	0	1	1	0	0	1	0	1	0
0	43045	71	51	31	53	33	5	4	0	12	20	21	4	4	0	0	2	0	0	0	0	0	10	2	392157	411765	78431	78431	39216	1	0	3	4	19	1	2	0	0	0	2	1	0	0	0	1	0	94	1075871	1111	1111	18259	14957	5.383.488	2037247	787048	4951661	206314	37788	-2942	-30546	-30559	0	1	1	1	8	5	1	1	9	3333	1	1	0	1	0	0	0	0	0	1	1	0	0	1	0	1	0
1	42843	71	49	31	51	33	5	5	0	12	18	21	4	4	0	0	2	0	0	0	0	0	10	2	367347	428571	81633	81633	40816	1	0	3	4	19	1	2	0	0	0	2	1	0	0	0	1	0	2889	1070639	10794	10794	20214	18922	5.141.728	1861862	360215	4880233	2033866	37524	-31082	-32404	-32514	0	1	1	1	6	0	1	1	8	3333	1	1	0	1	0	0	0	0	0	1	1	0	0	1	0	1	0
1	46352	66	57	34	60	37	5	3	0	18	23	26	3	3	0	0	2	0	0	0	0	0	8	2	403509	45614	52632	52632	35088	1	0	4	7	25	2	2	0	0	0	3	1	0	0	0	2	0	1766	1228782	7851	7851	34169	34909	5.635.438	1445008	360215	5535382	230237	41605	-42944	-45661	-46469	0	1	8333	1	8	5	1	1	8762	1667	875	1	0	0	0	0	0	1	0	1	0	0	0	1	0	0	0
1	43251	688	57	31	58	32	9	3	0	12	26	23	2	4	0	0	2	0	0	0	0	0	8	2	45614	403509	35088	70175	35088	1	0	2	2	12	0	2	0	0	0	2	0	0	0	0	0	0	225	1109797	845	845	35513	35986	589.742	1523764	360215	5340033	2222309	40548	-44086	-46938	-47813	0	1	1	8333	1	1	1	1	9762	1667	1	1	0	1	0	0	0	1	0	1	0	0	0	1	0	1	0
1	49055	619	60	36	63	39	6	4	0	18	24	27	4	3	0	0	2	0	0	0	0	0	9	2	40	45	66667	5	33333	1	0	4	5	25	1	3	0	0	0	3	1	0	0	0	1	0	176	1298151	9087	9087	38661	38733	6.011.479	1612864	360215	5863787	2436962	44171	-46761	-49927	-50961	0	1	8333	1	6	5	1	1	8476	1667	875	0	0	0	0	0	0	0	0	0	0	0	0	0	0	0	0
1	46352	66	57	34	60	37	5	3	0	18	23	26	3	3	0	0	2	0	0	0	0	0	8	2	403509	45614	52632	52632	35088	1	0	4	7	25	2	2	0	0	0	3	1	0	0	0	2	0	1766	1228782	7851	7851	34169	34909	5.635.438	1445008	360215	5535382	230237	41605	-42944	-45661	-46469	0	1	8333	1	8	5	1	1	8762	1667	875	1	0	0	0	0	0	1	0	1	0	0	0	1	0	0	0
1	44448	685	54	32	56	34	5	4	0	12	22	22	4	4	0	0	2	0	0	0	0	0	10	2	407407	407407	74074	74074	37037	1	0	3	4	19	1	2	0	0	0	2	1	0	0	0	1	0	2699	111003	9882	9882	24468	14353	5.490.506	172525	360215	5185714	2159063	39518	-34697	-36444	-36768	0	1	1	1	1	5	1	1	9286	3333	1	1	0	1	0	0	0	0	0	1	0	0	0	1	0	1	0
1	41445	736	50	30	52	32	5	4	0	12	20	21	4	3	0	0	2	0	0	0	0	0	9	2	40	42	8	6	4	1	0	3	4	19	1	2	0	0	0	2	1	0	0	0	1	0	276	1061738	9087	9087	25743	20412	5.099.711	1610413	360215	4854153	2023177	36909	-35781	-37655	-38043	0	1	1	1	8	5	1	1	9	3333	1	1	0	1	0	0	0	0	0	1	1	0	0	1	0	1	0
1	41647	736	52	30	54	32	5	3	0	12	22	21	4	3	0	0	2	0	0	0	0	0	9	2	423077	403846	76923	57692	38462	1	0	3	4	19	1	2	0	0	0	2	1	0	0	0	1	0	9331	105877	9054	9054	23802	1559	5.160.257	1622665	539097	4925581	2052451	37173	-34132	-35812	-36102	0	1	1	1	1	5	1	1	9286	3333	1	1	0	1	0	0	0	0	0	1	1	0	0	1	0	1	0
1	43356	71	60	31	62	33	8	2	0	11	29	22	5	2	0	0	2	0	0	0	0	0	9	2	483333	366667	83333	33333	33333	1	0	3	3	16	0	3	0	0	2	1	0	0	0	0	0	0	2569	1144469	7926	7926	34222	25256	5.755.162	1361414	360215	5370764	2234903	39652	-42989	-45711	-46522	0	1	1	1	1	1	1	1	1	1667	1	1	0	0	0	0	0	1	0	1	0	0	0	1	0	1	0
1	49055	619	60	36	63	39	6	4	0	18	24	27	4	3	0	0	2	0	0	0	0	0	9	2	40	45	66667	5	33333	1	0	4	5	25	1	3	0	0	0	3	1	0	0	0	1	0	176	1298151	9087	9087	38661	38733	6.011.479	1612864	360215	5863787	2436962	44171	-46761	-49927	-50961	0	1	8333	1	6	5	1	1	8476	1667	875	0	0	0	0	0	0	0	0	0	0	0	0	0	0	0	0
1	43251	688	57	31	58	32	9	3	0	12	26	23	2	4	0	0	2	0	0	0	0	0	8	2	45614	403509	35088	70175	35088	1	0	2	2	12	0	2	0	0	0	2	0	0	0	0	0	0	225	1109797	845	845	35513	35986	589.742	1523764	360215	5340033	2222309	40548	-44086	-46938	-47813	0	1	1	8333	1	1	1	1	9762	1667	1	1	0	1	0	0	0	1	0	1	0	0	0	1	0	1	0
1	39646	764	50	29	52	31	5	4	0	12	21	21	4	3	0	0	1	0	0	0	0	0	8	1	42	42	8	6	2	1	0	3	4	19	1	2	0	0	0	2	1	0	0	0	1	0	262	1059574	9087	9087	21974	18357	5.071.373	1460812	360215	4824917	2011195	36302	-32578	-34075	-34274	0	1	1	1	8	5	1	1	9	3333	1	1	0	1	0	0	0	0	0	1	1	0	0	1	0	1	0
1	42853	706	56	32	59	35	5	4	0	17	24	25	4	3	0	0	0	0	0	0	0	0	7	0	428571	446429	71429	53571	0	1	0	4	6	25	2	2	0	0	0	3	1	0	0	1	1	0	177	1221912	9087	9087	25282	25386	5.519.442	1311211	360215	5408638	2250425	39761	-3539	-37218	-37582	0	1	1	1	8	5	1	1	9	3333	1	1	0	0	0	0	0	1	0	1	0	0	0	1	0	1	0
1	41291	764	50	29	52	31	5	4	0	12	21	21	4	3	0	0	0	1	0	0	0	1	8	1	42	42	8	6	2	1	0	3	4	19	1	2	0	0	0	2	1	0	0	0	1	0	262	1105458	9087	9087	23063	22946	5.257.055	1311211	360215	4999003	2082542	37216	-33503	-35109	-35363	0	1	1	1	8	5	1	1	9	3333	1	1	0	1	0	0	0	0	0	1	1	0	0	1	0	1	0
1	39646	764	50	29	52	31	5	4	0	12	21	21	4	3	0	0	1	0	0	0	0	0	8	1	42	42	8	6	2	1	0	3	4	19	1	2	0	0	0	2	1	0	0	0	1	0	262	1059574	9087	9087	21974	18357	5.071.373	1460812	360215	4824917	2011195	36302	-32578	-34075	-34274	0	1	1	1	8	5	1	1	9	3333	1	1	0	1	0	0	0	0	0	1	1	0	0	1	0	1	0
1	38453	794	56	28	58	30	5	4	0	6	28	21	4	3	0	0	0	0	0	0	0	0	7	0	50	375	71429	53571	0	1	0	3	4	19	1	2	0	0	0	2	1	0	0	0	1	0	247	1067964	9087	9087	20466	2303	537.036	1311211	360215	5009967	2087036	37577	-31296	-32642	-32766	0	1	1	1	1	1	1	1	1	3333	1	1	0	1	0	0	0	1	0	1	1	0	0	1	0	1	0
1	37946	794	49	28	51	30	5	4	0	12	21	20	5	3	0	0	0	0	0	0	0	0	8	0	428571	408163	102041	61224	0	1	0	3	4	19	1	2	0	0	0	2	1	0	0	0	1	0	2823	1035841	10376	10376	8481	4796	4.989.841	1479066	360215	4727409	1971233	35065	-21109	-21257	-20781	0	1	1	1	8	5	1	1	9	3333	1	1	0	0	0	0	0	0	0	1	0	0	0	1	1	1	0
1	36843	826	47	27	49	29	5	4	0	11	20	19	4	4	0	0	0	0	0	0	0	0	8	0	425532	404255	85106	85106	0	1	0	3	4	18	1	2	0	0	1	1	1	0	0	0	1	0	304	981319	10401	10401	6946	10254	4.758.427	1406284	360215	4496512	1876603	33378	-19804	-19799	-19246	0	1	1	1	8	5	1	1	9	3333	1	1	0	0	0	0	0	0	0	1	1	0	0	1	1	1	0
1	3845	826	47	27	49	29	5	4	0	11	20	19	4	3	0	1	0	0	0	0	0	1	8	0	425532	404255	85106	6383	0	1	0	3	4	18	1	2	0	0	1	1	1	0	0	0	1	0	304	1045752	9087	11911	14429	15836	4.894.322	1311211	360215	4670598	194795	3435	-26165	-26908	-26729	0	1	1	1	8	5	1	1	9	3333	1	1	1	1	0	0	0	0	0	1	1	0	0	1	1	1	0
1	3845	826	47	27	49	29	5	4	0	11	20	19	4	3	0	1	0	0	0	0	0	1	8	0	425532	404255	85106	6383	0	1	0	3	4	18	1	2	0	0	1	1	1	0	0	0	1	0	304	1046977	9087	11911	14429	12922	4.894.322	1311211	360215	4670598	194795	3435	-26165	-26908	-26729	0	1	1	1	8	5	1	1	9	3333	1	1	0	0	0	0	0	0	0	1	1	0	0	1	1	1	0
1	46449	663	56	33	58	35	7	3	0	12	23	22	4	4	0	0	3	0	0	0	0	0	11	3	410714	392857	71429	71429	53571	1	0	3	6	19	2	1	0	0	0	2	1	0	0	0	2	0	9218	1121836	11163	11163	16847	16085	5.700.148	2189298	787048	5286379	2200319	40389	-2822	-29205	-29147	0	1	8333	1	1	1	1	1	9762	3333	875	1	0	0	0	0	0	0	0	1	0	0	0	1	0	0	0
0	42951	706	55	32	58	35	5	3	0	18	23	25	3	4	0	0	0	0	0	0	0	0	7	0	418182	454545	54545	72727	0	1	0	4	7	25	2	2	0	0	0	3	1	0	0	0	2	0	177	1191247	8774	8774	23902	36006	5.444.284	1255805	360215	5340365	2222445	3954	-34217	-35907	-36202	0	1	1	1	6	5	1	1	8714	3333	1	1	0	0	0	0	0	1	0	1	0	0	0	1	0	1	0
1	48545	642	54	34	56	36	6	3	0	12	20	22	3	4	0	0	5	0	0	0	0	0	12	5	37037	407407	55556	74074	92593	1	0	3	6	19	2	1	0	0	0	2	1	0	0	0	2	0	2933	1094652	8774	8774	22364	3523	545.467	2003811	360215	517907	215634	40503	-3291	-34446	-34664	0	1	8333	1	1	5	1	1	9048	3333	875	0	0	0	0	0	0	0	0	1	0	0	0	0	0	0	0
0	40042	855	42	27	45	30	3	3	0	11	15	16	4	3	0	1	3	0	0	0	0	1	11	3	357143	380952	95238	71429	71429	1	0	4	5	20	1	3	1	0	1	2	0	0	1	0	0	0	-1624	900537	9602	1044	12981	28763	4.106.556	1493053	16663	4090033	1710014	30537	-24934	-25532	-25281	0	1	1	1	8	5	1	1	9	5	1	1	0	1	0	0	0	1	0	1	1	0	0	1	0	1	0
1	4289	798	47	27	48	28	8	3	0	6	20	16	2	4	0	1	3	1	0	0	0	2	11	4	425532	340426	42553	85106	85106	1	0	2	2	10	0	2	0	1	0	1	0	0	0	0	0	0	4139	936241	897	9808	17755	29724	4.905.448	1597539	328972	4562957	1903835	34827	-28991	-30067	-30055	0	1	1	1	1	1	1	1	1	3333	1	1	0	1	0	0	0	1	0	1	1	0	0	1	0	1	0
1	62424	534	81	42	85	46	9	3	0	12	39	30	3	6	0	1	1	1	0	0	0	2	12	2	481481	37037	37037	74074	24691	1	0	5	5	27	0	5	1	0	0	4	0	0	0	0	0	0	1727	1578973	11062	119	2665	47766	8.056.092	1885518	853667	7386545	3061043	55101	-36552	-38517	-3895	0	75	6667	6667	9	1	8333	1	831	3333	625	0	0	0	0	0	0	0	0	0	0	0	0	0	0	0	0
1	60821	561	77	41	82	46	8	3	0	12	36	30	3	4	0	1	2	1	0	0	0	2	11	3	467532	38961	38961	51948	38961	1	0	6	6	30	0	6	2	0	0	4	0	0	0	0	0	0	-727	1531631	7016	7854	45139	66474	7.214.259	1181452	0	7040365	2919166	52714	-52268	-56082	-57439	1	5	5	8333	9	1	8333	1	7952	1667	625	0	0	0	0	0	0	0	0	0	0	0	0	0	0	0	0
1	58217	58	73	39	77	43	8	3	0	12	34	28	3	4	0	1	2	1	0	0	0	2	11	3	465753	383562	41096	54795	41096	1	0	5	5	27	0	5	1	0	0	4	0	0	0	0	0	0	-713	1460631	7016	7854	41359	63015	697.407	1181452	0	6752658	2801253	5049	-49055	-52491	-53659	0	75	8333	8333	9	1	8333	1	8786	1667	75	0	0	0	0	0	0	0	0	0	0	0	0	0	0	0	0
1	58018	58	74	39	78	43	8	3	0	12	35	28	3	5	0	1	1	1	0	0	0	2	11	2	472973	378378	40541	67568	27027	1	0	5	5	27	0	5	1	0	0	4	0	0	0	0	0	0	-3324	1472972	9039	9877	30235	50823	7.208.931	1458684	426833	682093	2829234	50762	-396	-41923	-42535	0	75	8333	8333	9	1	8333	1	8786	1667	75	0	0	0	0	0	0	0	0	0	0	0	0	0	0	0	0
1	55411	616	67	37	71	41	6	3	0	12	30	26	3	4	0	1	2	1	0	0	0	2	11	3	447761	38806	44776	59701	44776	1	0	5	5	27	0	5	1	0	0	4	0	0	0	0	0	0	-3113	1359266	7895	8733	37477	52913	6.467.398	1330316	180108	6284551	2609406	4703	-45755	-48803	-49777	0	75	8333	8333	9	1	8333	1	8786	1667	75	0	0	0	0	0	0	0	0	0	0	0	0	0	0	0	0
1	53364	605	66	35	67	36	9	1	0	6	31	23	1	2	0	0	8	0	0	0	0	1	12	8	469697	348485	15152	30303	121212	1	0	2	2	12	0	2	0	0	0	2	0	0	0	0	0	0	-2596	1132563	4054	4054	54614	6592	na	1906335	426833	5919934	2459973	47293	-60322	-65083	-66914	1	5	6667	5	8	1	6667	1	7333	5	625	0	0	0	0	0	0	0	0	0	0	0	0	0	0	0	0
0	53364	605	66	35	67	36	9	1	0	6	31	23	1	2	0	0	8	0	0	0	0	1	12	8	469697	348485	15152	30303	121212	1	0	2	2	12	0	2	0	0	0	2	0	0	0	0	0	0	-2596	1127467	4054	4054	54614	6623	na	1906335	426833	5919934	2459973	47293	-60322	-65083	-66914	1	5	6667	5	8	1	6667	1	7333	5	625	0	0	0	0	0	0	0	0	0	0	0	0	0	0	0	0
1	36591	906	44	24	45	25	6	3	0	12	20	18	1	3	0	1	0	1	0	0	0	2	6	1	454545	409091	22727	68182	22727	1	0	2	2	12	0	2	0	0	0	2	0	0	0	0	0	0	-3008	990124	5761	6599	34717	47529	4.763.435	885149	426833	4465781	1864008	32605	-43409	-46181	-47017	0	1	1	1	8	5	1	1	9	1667	1	1	0	0	0	1	0	1	0	0	0	0	0	0	0	1	0
0	38632	906	41	24	42	25	6	3	0	12	17	17	1	3	0	1	0	2	0	0	0	3	7	2	414634	414634	2439	73171	4878	1	0	2	2	12	0	2	0	0	0	2	0	0	0	0	0	0	-2597	994466	5761	6599	34717	46752	4.716.686	885149	426833	443505	1851414	32396	-43409	-46181	-47017	0	1	1	1	6	5	1	1	8714	1667	1	1	0	0	0	0	0	1	0	0	0	0	0	1	0	1	0
1	40035	867	44	25	45	26	7	3	0	12	19	18	1	3	0	1	0	2	0	0	0	3	7	2	431818	409091	22727	68182	45455	1	0	2	2	12	0	2	0	0	0	2	0	0	0	0	0	0	-2773	1036668	5761	6599	39672	51834	5.019.303	885149	426833	4669103	1947337	34126	-47621	-50888	-51972	0	1	1	1	8	5	1	1	9	1667	1	1	0	0	0	0	0	1	0	0	0	0	0	0	0	0	0
1	41094	826	48	27	50	29	5	3	0	12	21	21	0	2	0	1	2	1	0	0	0	2	6	3	4375	4375	0	41667	625	1	0	3	3	18	0	3	0	0	0	3	0	0	0	0	0	0	-7693	1043605	3414	4252	58754	65029	4.973.494	742332	0	4782724	1993903	35794	-63841	-69016	-71054	0	75	8333	8333	7	5	8333	1	7786	5	875	0	0	0	0	0	0	0	0	0	0	0	0	0	0	0	0
1	41094	826	48	27	50	29	5	3	0	12	21	21	0	2	0	1	2	1	0	0	0	2	6	3	4375	4375	0	41667	625	1	0	3	3	18	0	3	0	0	0	3	0	0	0	0	0	0	-7693	1043605	3414	4252	58754	65029	4.973.494	742332	0	4782724	1993903	35794	-63841	-69016	-71054	0	75	8333	8333	7	5	8333	1	7786	5	875	0	0	0	0	0	0	0	0	0	0	0	0	0	0	0	0
0	47244	685	46	32	48	34	5	3	0	18	14	21	2	2	0	1	6	0	0	0	0	1	11	6	304348	456522	43478	43478	130435	1	0	3	3	18	0	3	0	0	0	3	0	0	0	0	0	0	-2478	108912	5906	6744	42253	60227	4.809.983	1672642	16405	4813621	2006566	37019	-49815	-53341	-54553	0	75	8333	1	4	0	1	1	7119	1667	75	0	0	0	0	0	0	0	0	0	0	0	0	0	0	0	0
1	38355	847	49	28	53	32	4	0	0	23	21	24	3	0	0	1	0	0	0	0	0	1	4	0	428571	489796	61224	0	0	1	0	5	6	29	1	4	0	0	1	4	0	0	1	0	0	0	-4292	1157031	3781	6605	45683	56301	4.651.481	515818	180108	4878904	2033321	34083	-52731	-56599	-57983	0	75	8333	1	6	5	1	1	8119	3333	75	0	0	0	0	0	0	0	0	0	0	0	0	0	0	0	0
1	38454	847	48	28	52	32	4	0	0	23	20	23	4	0	0	1	0	0	0	0	0	1	5	0	416667	479167	83333	0	0	1	0	5	6	29	1	4	0	0	1	4	0	0	1	0	0	0	-3938	1155664	507	7894	43614	51627	4.604.412	681223	180108	4810631	2005341	33453	-50972	-54633	-55914	0	75	1	1	6	5	1	1	8357	1667	75	1	0	0	0	0	0	1	0	0	0	0	0	0	0	0	0
0	37352	883	46	27	50	31	4	0	0	22	19	21	5	0	0	1	0	0	0	0	0	1	6	0	413043	456522	108696	0	0	1	0	5	6	28	1	4	0	0	2	3	0	0	1	0	0	0	-3456	1102916	5563	8387	51046	48048	4.366.209	682448	180108	4579734	1910711	31357	-57289	-61693	-63346	0	75	8333	8333	5	5	8333	1	75	1667	75	1	0	0	0	1	0	1	0	0	0	0	0	0	0	1	0
1	37591	933	43	25	46	28	2	2	1	11	18	18	3	2	0	1	0	1	0	0	0	2	7	1	418605	418605	69767	46512	23256	1	0	4	7	23	3	2	0	0	1	3	0	1	1	0	1	0	-2773	99087	6606	7444	29116	40599	4.326.584	624945	16663	4339037	1812064	31454	-38649	-40861	-41416	0	1	1	1	8	5	1	1	9	5	1	1	1	1	0	1	0	1	0	1	0	0	0	1	0	1	0
1	46663	644	69	33	70	34	11	3	0	6	36	25	2	4	0	0	2	0	0	0	0	0	8	2	521739	362319	28986	57971	28986	1	0	2	2	12	0	2	0	0	0	2	0	0	0	0	0	0	8316	1214042	955	955	29923	41172	6.836.572	1840599	787048	6022425	2501978	4589	-39334	-41627	-42223	0	1	6667	8333	1	1	8333	5	8333	3333	75	1	0	0	0	0	0	0	0	0	0	0	0	0	0	0	0
0	43065	688	69	31	70	32	11	3	0	6	38	25	2	4	0	0	0	0	0	0	0	0	6	0	550725	362319	28986	57971	0	1	0	2	2	12	0	2	0	0	0	2	0	0	0	0	0	0	8121	1209714	955	955	22519	37062	6.779.897	1541396	787048	5963953	2478014	44676	-33041	-34593	-34819	0	1	8333	8333	1	1	8333	5	8571	3333	875	1	0	0	0	0	0	0	0	0	0	0	0	0	0	0	0
0	41067	714	71	29	71	29	12	3	0	0	42	23	2	4	0	0	0	0	0	0	0	0	6	0	591549	323944	28169	56338	0	1	0	1	1	6	0	1	0	0	0	1	0	0	0	0	0	0	8573	114627	955	955	20919	38382	6.946.922	1541396	787048	5890532	2447923	44334	-31681	-33073	-33219	0	1	8333	8333	1	1	8333	5	8571	3333	875	0	0	0	0	0	0	0	0	0	0	0	0	0	0	0	0
1	43457	682	59	33	62	36	6	2	0	24	26	29	2	2	0	0	0	0	0	0	0	0	4	0	440678	491525	33898	33898	0	1	0	4	4	24	0	4	0	0	0	4	0	0	0	0	0	0	-4723	1315464	5906	5906	41513	50207	5.820.193	850861	180108	5772924	2399723	41984	-49186	-52638	-53813	0	75	1	1	6	5	1	1	8357	3333	1	0	0	0	0	0	0	0	0	0	0	0	0	0	0	1	0
1	5476	564	67	40	71	44	8	4	0	18	27	30	3	5	0	0	2	0	0	0	0	0	10	2	402985	447761	44776	74627	29851	1	0	5	7	30	2	3	0	0	1	3	1	0	1	0	1	0	-367	1417207	973	973	36962	45996	6.559.038	1652754	180108	6414784	266278	48783	-45317	-48314	-49262	0	75	8333	8333	7	5	8333	1	7786	1667	75	0	0	0	0	0	0	0	0	0	0	0	0	0	0	0	0
1	42793	794	48	28	50	30	4	3	0	12	20	20	1	3	0	1	2	1	0	0	0	2	8	3	416667	416667	20833	625	625	1	0	3	3	18	0	3	0	0	0	3	0	0	0	0	0	0	-2878	1033358	6324	7162	4423	42243	5.027.151	1173889	180108	481196	2005885	36043	-51495	-55218	-5653	0	75	1	1	8	5	1	1	8643	1667	875	1	0	1	0	0	0	1	0	1	0	0	0	1	0	1	0
1	140999	22	213	101	223	111	27	14	0	0	112	73	14	14	0	0	0	0	0	0	0	0	28	0	525822	342723	65728	65728	0	1	0	11	11	55	0	11	0	0	11	0	0	0	0	0	0	0	96987	3656388	43538	43538	-10292	9078	19.273.771	6339524	2819234	1796794	739768	13756	-5152	-3423	-2008	1	25	1667	3333	6	1	1667	0	3595	1667	375	0	0	0	0	0	0	0	0	0	0	0	0	0	0	0	0
1	138296	225	210	99	220	109	26	13	0	0	111	72	13	14	0	0	0	0	0	0	0	0	27	0	528571	342857	61905	66667	0	1	0	11	11	55	0	11	0	0	11	0	0	0	0	0	0	0	89132	3593249	41252	41252	-8437	12663	19.047.791	6185936	2917095	17639535	7263088	134994	-6728	-5185	-3863	1	25	1667	3333	6	1	1667	0	3595	1667	375	0	0	0	0	0	0	0	0	0	0	0	0	0	0	0	0
1	1393	224	213	100	224	111	24	13	0	0	113	74	13	13	0	0	0	0	0	0	0	0	26	0	530516	347418	61033	61033	0	1	0	12	12	60	0	12	0	0	12	0	0	0	0	0	0	0	80689	3650771	39229	39229	842	27691	19.024.781	5759102	2490262	17829734	7341039	136339	-14615	-14	-13142	1	25	1667	3333	7	1	1667	0	3738	1667	375	0	0	0	0	0	0	0	0	0	0	0	0	0	0	0	0
1	128184	244	196	92	206	102	22	12	0	0	104	68	12	12	0	0	0	0	0	0	0	0	24	0	530612	346939	61224	61224	0	1	0	11	11	55	0	11	0	0	11	0	0	0	0	0	0	0	742	3358595	36319	36319	2609	2469	17.528.454	5327546	2310154	16413953	6760801	12548	-16117	-15678	-14909	1	25	1667	3333	7	1	1667	0	3738	1667	375	0	0	0	0	0	0	0	0	0	0	0	0	0	0	0	0
0	117068	267	179	84	188	93	20	11	0	0	95	62	11	11	0	0	0	0	0	0	0	0	22	0	530726	346369	61453	61453	0	1	0	10	10	50	0	10	0	0	10	0	0	0	0	0	0	0	67758	3066419	33409	33409	4206	21689	16.032.127	4895989	2130047	14998173	6180563	114621	-17475	-17195	-16506	1	25	1667	3333	7	1	1667	0	3738	1667	375	0	0	0	0	0	0	0	0	0	0	0	0	0	0	0	0
1	135293	23	206	97	216	107	25	13	0	0	109	71	13	13	0	0	0	0	0	0	0	0	26	0	529126	34466	63107	63107	0	1	0	11	11	55	0	11	0	0	11	0	0	0	0	0	0	0	81351	3533624	39229	39229	-3195	1777	18.524.304	5759102	2490262	17307973	7127202	132385	-11185	-10165	-9105	1	25	1667	3333	7	1	1667	0	3738	1667	375	0	0	0	0	0	0	0	0	0	0	0	0	0	0	0	0
0	38089	933	42	25	45	28	2	3	0	11	17	16	4	3	0	1	0	1	0	0	0	2	9	1	404762	380952	95238	71429	2381	1	0	4	7	23	3	2	0	0	1	3	0	1	1	0	1	0	-1983	941551	8637	9475	13166	15174	4.189.423	907638	16663	4205648	1757397	30237	-25091	-25708	-25466	0	1	1	1	8	5	1	1	9	5	1	1	1	1	0	0	0	0	0	1	1	0	0	1	1	1	1
0	112751	281	163	81	173	91	11	12	0	0	82	57	12	12	0	0	0	0	0	0	0	0	24	0	503067	349693	7362	7362	0	1	0	11	11	55	0	11	0	0	11	0	0	0	0	0	0	0	489	2901347	2665	2665	-13107	-11753	14.548.954	3690038	328972	13839369	5705643	10645	-2759	-749	807	1	5	3333	5	7	1	3333	0	481	3333	5	0	0	0	0	0	0	0	0	0	0	0	0	0	0	0	0
0	93325	339	135	67	143	75	9	10	0	0	68	47	10	10	0	0	0	0	0	0	0	0	20	0	503704	348148	74074	74074	0	1	0	9	9	45	0	9	0	0	9	0	0	0	0	0	0	0	855	2400131	22588	22588	-8289	-11129	12.098.026	3124653	328972	11475914	4737014	88192	-6855	-5326	-4011	1	5	5	5	7	1	5	5	6	3333	625	0	0	0	0	0	0	0	0	0	0	0	0	0	0	0	0
0	64186	493	93	46	98	51	6	7	0	0	47	32	7	7	0	0	0	0	0	0	0	0	14	0	505376	344086	75269	75269	0	1	0	6	6	30	0	6	0	0	6	0	0	0	0	0	0	0	1698	1648307	16495	16495	-2622	-10193	8.421.635	2276576	328972	7930731	328407	60805	-11671	-10709	-9678	1	5	5	6667	8	1	5	5	6381	3333	625	0	0	0	0	0	0	0	0	0	0	0	0	0	0	0	0
0	112751	281	163	81	173	91	11	12	0	0	82	57	12	12	0	0	0	0	0	0	0	0	24	0	503067	349693	7362	7362	0	1	0	11	11	55	0	11	0	0	11	0	0	0	0	0	0	0	489	2901347	2665	2665	-13107	-11753	14.548.954	3690038	328972	13839369	5705643	10645	-2759	-749	807	1	5	3333	5	7	1	3333	0	481	3333	5	0	0	0	0	0	0	0	0	0	0	0	0	0	0	0	0
0	93325	339	135	67	143	75	9	10	0	0	68	47	10	10	0	0	0	0	0	0	0	0	20	0	503704	348148	74074	74074	0	1	0	9	9	45	0	9	0	0	9	0	0	0	0	0	0	0	855	2400131	22588	22588	-8289	-11129	12.098.026	3124653	328972	11475914	4737014	88192	-6855	-5326	-4011	1	5	5	5	7	1	5	5	6	3333	625	0	0	0	0	0	0	0	0	0	0	0	0	0	0	0	0
0	64186	493	93	46	98	51	6	7	0	0	47	32	7	7	0	0	0	0	0	0	0	0	14	0	505376	344086	75269	75269	0	1	0	6	6	30	0	6	0	0	6	0	0	0	0	0	0	0	1698	1648307	16495	16495	-2622	-10193	8.421.635	2276576	328972	7930731	328407	60805	-11671	-10709	-9678	1	5	5	6667	8	1	5	5	6381	3333	625	0	0	0	0	0	0	0	0	0	0	0	0	0	0	0	0
1	52669	635	69	36	73	40	4	4	0	6	33	25	4	3	0	1	3	0	0	0	0	1	11	3	478261	362319	57971	43478	43478	1	0	5	8	29	3	2	0	0	2	2	1	1	0	0	1	1	-2999	133173	7296	8134	33423	31025	623.86	1385104	16405	6087542	2528665	46225	-4231	-44952	-45723	0	75	8333	8333	9	1	8333	1	8786	1667	75	0	0	0	0	0	0	0	0	0	0	0	0	0	0	0	0
1	44196	764	51	29	53	31	5	3	0	12	22	21	1	3	0	1	2	1	0	0	0	2	8	3	431373	411765	19608	58824	58824	1	0	3	3	18	0	3	0	0	0	3	0	0	0	0	0	0	-3023	1080672	6324	7162	46378	45548	528.363	1173889	180108	5046013	2101809	37773	-53321	-57259	-58678	0	75	8333	1	8	5	1	1	8405	1667	875	1	0	0	0	0	0	1	0	0	0	0	0	1	0	1	0
0	38454	855	51	27	54	30	4	3	0	12	24	21	2	3	0	1	0	0	0	0	0	1	6	0	470588	411765	39216	58824	0	1	0	4	7	24	3	2	0	0	1	2	1	1	0	0	1	1	2307	1048848	7527	8365	28805	32435	4.788.019	1038736	344157	4769601	1988525	34902	-38384	-40565	-41105	0	1	1	1	8	5	1	1	9	3333	1	1	1	1	0	0	0	1	0	1	1	0	0	1	1	1	0
1	50458	655	58	35	62	39	4	3	0	17	23	24	4	3	0	1	3	0	0	0	0	1	11	3	396552	413793	68966	51724	51724	1	0	5	8	29	3	3	0	0	1	4	0	1	1	0	1	0	2472	1248697	9516	10354	3238	39	5.505.654	1505305	346738	5567774	2315645	41259	-41423	-43961	-4468	0	75	8333	8333	7	5	8333	1	7786	1667	75	0	0	0	0	0	0	0	0	1	0	0	0	0	0	0	0
1	45943	739	53	29	54	30	9	3	0	12	24	20	2	4	0	1	0	2	0	0	0	3	9	2	45283	377358	37736	75472	37736	1	0	2	2	12	0	2	0	0	0	2	0	0	0	0	0	0	2962	1166523	8671	9509	32553	40802	5.850.973	1316705	606941	5400498	2247089	39565	-4157	-44126	-44853	0	1	8333	8333	1	1	1	1	9524	1667	1	1	0	0	0	0	0	1	0	1	0	0	0	1	0	0	0
0	53284	612	90	38	95	43	4	1	0	0	52	32	0	6	0	0	0	0	0	0	0	0	6	0	577778	355556	0	66667	0	1	0	6	24	32	5	1	1	0	1	4	1	0	2	2	2	0	6861	1441815	9622	9622	4085	3663	8.500.479	1751947	12805	7101329	2944151	5381	-48622	-52007	-5315	0	75	6667	8333	7	1	8333	1	8262	1667	75	0	0	0	0	0	0	0	0	0	0	0	0	0	0	0	0
1	66497	49	107	47	113	53	6	1	0	0	60	37	0	10	0	0	0	0	0	0	0	0	10	0	560748	345794	0	93458	0	1	0	7	25	38	5	2	1	0	1	5	1	0	2	2	2	0	20026	1706323	15514	15514	24195	24268	1.032.993	2825612	2134167	8481229	3509684	6474	-34466	-36185	-36495	0	75	5	8333	9	1	6667	5	7357	1667	625	0	0	0	0	0	0	0	0	0	0	0	0	0	0	0	0
1	62997	515	104	45	110	51	7	2	0	0	59	37	1	7	0	0	0	0	0	0	0	0	8	0	567308	355769	9615	67308	0	1	0	7	25	37	5	2	1	0	2	4	1	0	2	2	2	0	6378	1688279	11432	11432	41878	42154	958.284	186667	1033774	8283056	3428466	62939	-49497	-52985	-54178	1	5	6667	8333	9	1	8333	1	819	1667	75	0	0	0	0	0	0	0	0	0	0	0	0	0	0	0	0
0	63095	515	103	45	109	51	7	2	0	0	58	37	0	8	0	0	0	0	0	0	0	0	8	0	563107	359223	0	7767	0	1	0	7	25	36	5	2	1	1	1	4	1	0	2	2	2	0	49	1670747	11152	11152	41878	41735	9.621.083	1796561	853667	8214784	3400485	62718	-49497	-52985	-54178	1	5	6667	8333	9	1	8333	1	819	1667	75	0	0	0	0	0	0	0	0	0	0	0	0	0	0	0	0
0	63794	502	101	46	107	52	7	2	0	6	55	38	1	7	0	0	0	0	0	0	0	0	8	0	544554	376238	9901	69307	0	1	0	7	25	38	5	2	1	0	1	5	1	0	2	2	2	0	401	1709768	11518	11518	4358	49843	9.548.036	1854417	853667	8302824	3436567	62787	-50943	-54601	-5588	1	5	6667	8333	9	1	8333	1	819	1667	625	0	0	0	0	0	0	0	0	0	0	0	0	0	0	0	0
1	63794	502	101	46	107	52	7	2	0	6	55	38	1	7	0	0	0	0	0	0	0	0	8	0	544554	376238	9901	69307	0	1	0	7	25	38	5	2	1	0	1	5	1	0	2	2	2	0	401	1713488	11518	11518	4358	45558	9.548.036	1854417	853667	8302824	3436567	62787	-50943	-54601	-5588	1	5	6667	8333	9	1	8333	1	819	1667	625	0	0	0	0	0	0	0	0	0	0	0	0	0	0	0	0
0	63095	515	103	45	109	51	7	2	0	0	58	37	0	8	0	0	0	0	0	0	0	0	8	0	563107	359223	0	7767	0	1	0	7	25	37	5	2	1	0	2	4	1	0	2	2	2	0	49	167147	11152	11152	41878	44817	9.537.598	1796561	853667	8214784	3400485	62718	-49497	-52985	-54178	1	5	6667	8333	9	1	8333	1	819	1667	75	0	0	0	0	0	0	0	0	0	0	0	0	0	0	0	0
1	61594	529	101	44	107	50	7	2	0	0	57	36	1	7	0	0	0	0	0	0	0	0	8	0	564356	356436	9901	69307	0	1	0	7	25	36	5	2	1	1	1	4	1	0	2	2	2	0	6505	1641841	11432	11432	40108	36354	9.322.072	186667	1033774	8049003	3332542	61209	-47992	-51303	-52408	0	75	6667	8333	9	1	8333	1	8548	1667	75	0	0	0	0	0	0	0	0	0	0	0	0	0	0	0	0
0	63794	502	101	46	107	52	7	2	0	6	55	38	1	7	0	0	0	0	0	0	0	0	8	0	544554	376238	9901	69307	0	1	0	7	25	38	5	2	1	0	1	5	1	0	2	2	2	0	401	1713488	11518	11518	4358	45558	9.548.036	1854417	853667	8302824	3436567	62787	-50943	-54601	-5588	1	5	6667	8333	9	1	8333	1	819	1667	625	0	0	0	0	0	0	0	0	0	0	0	0	0	0	0	0
1	61594	529	101	44	107	50	7	2	0	0	57	36	1	7	0	0	0	0	0	0	0	0	8	0	564356	356436	9901	69307	0	1	0	7	25	36	5	2	1	1	1	4	1	0	2	2	2	0	6505	1642546	11432	11432	40108	34903	9.317.784	186667	1033774	8049003	3332542	61209	-47992	-51303	-52408	0	75	6667	8333	9	1	8333	1	8548	1667	75	0	0	0	0	0	0	0	0	0	0	0	0	0	0	0	0
0	65197	49	104	47	110	53	8	2	0	6	57	39	1	7	0	0	0	0	0	0	0	0	8	0	548077	375	9615	67308	0	1	0	7	25	38	5	2	1	0	1	5	1	0	2	2	2	0	315	175526	11518	11518	42633	50191	9.808.803	1854417	853667	8536877	3532491	64517	-50138	-53701	-54933	1	5	6667	8333	9	1	8333	1	819	1667	625	0	0	0	0	0	0	0	0	0	0	0	0	0	0	0	0
0	63292	505	101	45	106	50	9	3	0	0	56	36	0	9	0	0	0	0	0	0	0	0	9	0	554455	356436	0	89109	0	1	0	6	24	32	5	1	1	0	1	4	1	0	2	2	2	0	6599	1642263	13959	13959	39871	3862	9.715.924	2364845	12805	8187209	3389184	62839	-4779	-51077	-52171	0	75	5	6667	9	1	8333	1	8071	1667	75	0	0	0	0	0	0	0	0	0	0	0	0	0	0	0	0
0	61796	518	103	44	108	49	8	2	0	0	59	36	1	7	0	0	0	0	0	0	0	0	8	0	572816	349515	9709	67961	0	1	0	6	24	32	5	1	1	0	1	4	1	0	2	2	2	0	583	1669122	10553	10553	40108	42616	9.668.923	1717805	853667	8229402	3406476	62445	-47992	-51303	-52408	0	75	6667	8333	9	1	8333	1	8548	1667	75	0	0	0	0	0	0	0	0	0	0	0	0	0	0	0	0
1	5899	546	97	42	102	47	7	2	0	0	55	34	1	7	0	0	0	0	0	0	0	0	8	0	56701	350515	10309	72165	0	1	0	6	24	32	5	1	1	0	1	4	1	0	2	2	2	0	13438	1568429	12831	12831	36507	32939	9.092.458	2015534	1182639	7761296	3214629	58985	-44931	-47882	-48807	0	75	6667	8333	9	1	8333	1	8548	0	75	0	0	0	0	0	0	0	0	0	0	0	0	0	0	0	0
1	61594	529	101	44	107	50	6	2	0	0	57	36	1	7	0	0	0	0	0	0	0	0	8	0	564356	356436	9901	69307	0	1	0	7	25	36	5	2	1	1	1	4	1	0	2	2	2	0	583	1646995	10553	10553	40108	41249	9.307.688	1717805	853667	8049003	3332542	61209	-47992	-51303	-52408	0	75	6667	8333	9	1	8333	1	8548	1667	75	0	0	0	0	0	0	0	0	0	0	0	0	0	0	0	0
1	64597	502	105	46	111	52	6	2	0	0	59	37	1	8	0	0	0	0	0	0	0	0	9	0	561905	352381	9524	7619	0	1	0	7	25	38	5	2	1	0	1	5	1	0	2	2	2	0	617	1708776	11476	11476	34488	39316	9.719.611	1827804	853667	8380565	3468428	63818	-43215	-45964	-46788	0	75	5	8333	9	1	8333	1	831	1667	75	0	0	0	0	0	0	0	0	0	0	0	0	0	0	0	0
1	62997	515	104	45	110	51	7	2	0	0	59	37	1	7	0	0	0	0	0	0	0	0	8	0	567308	355769	9615	67308	0	1	0	7	25	36	5	2	1	1	1	4	1	0	2	2	2	0	6378	1687178	11432	11432	41878	49839	958.284	186667	1033774	8283056	3428466	62939	-49497	-52985	-54178	1	5	6667	8333	9	1	8333	1	819	1667	75	0	0	0	0	0	0	0	0	0	0	0	0	0	0	0	0
1	68506	476	113	49	120	56	7	2	0	0	64	40	2	7	0	0	0	0	0	0	0	0	9	0	566372	353982	17699	61947	0	1	0	8	27	44	8	2	1	0	1	7	1	0	2	2	2	0	6116	1848757	11756	11756	39688	45742	10.240.464	1897913	1033774	8970598	3710245	67993	-47635	-50904	-51988	0	75	5	8333	9	1	8333	1	831	1667	75	0	0	0	0	0	0	0	0	0	0	0	0	0	0	0	0
1	63096	515	103	45	109	51	7	2	0	0	58	36	2	7	0	0	0	0	0	0	0	0	9	0	563107	349515	19417	67961	0	1	0	7	25	36	5	2	1	1	1	4	1	0	2	2	2	0	13145	167332	12635	12635	32718	34881	9.493.603	2046777	1213882	8214784	3400485	62309	-4171	-44282	-45018	0	75	5	8333	9	1	8333	1	831	0	75	0	0	0	0	0	0	0	0	0	0	0	0	0	0	0	0
1	63194	515	102	45	108	51	7	2	0	0	57	36	1	8	0	0	0	0	0	0	0	0	9	0	558824	352941	9804	78431	0	1	0	7	25	36	5	2	1	1	1	4	1	0	2	2	2	0	6599	1656511	12355	12355	32718	37544	9.473.228	1976668	1033774	8146512	3372505	62088	-4171	-44282	-45018	0	75	5	8333	9	1	8333	1	831	1667	75	0	0	0	0	0	0	0	0	0	0	0	0	0	0	0	0
0	63391	505	100	45	105	50	8	3	0	0	55	35	1	9	0	0	0	0	0	0	0	0	10	0	55	35	1	9	0	1	0	6	24	32	5	1	1	0	1	4	1	0	2	2	2	0	13366	1631412	15162	15162	30772	37075	9.626.687	2544952	1460608	8118937	3361204	62209	-40056	-42434	-43072	0	75	5	8333	9	1	6667	5	7357	0	625	0	0	0	0	0	0	0	0	0	0	0	0	0	0	0	0
0	66699	479	106	48	112	54	8	2	0	6	58	39	2	7	0	0	0	0	0	0	0	0	9	0	54717	367925	18868	66038	0	1	0	7	25	38	5	2	1	0	1	5	1	0	2	2	2	0	6231	1789901	12721	12721	35243	48994	9.980.334	2034525	1033774	8702658	3600434	65617	-43856	-4668	-47543	0	75	5	8333	9	1	8333	1	831	1667	75	0	0	0	0	0	0	0	0	0	0	0	0	0	0	0	0
1	64701	493	108	46	113	51	9	2	0	0	62	37	2	7	0	0	0	0	0	0	0	0	9	0	574074	342593	18519	64815	0	1	0	6	24	32	5	1	1	0	1	4	1	0	2	2	2	0	6472	1749255	11756	11756	34488	41767	10.101.222	1897913	1033774	8629236	3570343	65275	-43215	-45964	-46788	0	75	5	6667	9	1	8333	1	8071	1667	75	0	0	0	0	0	0	0	0	0	0	0	0	0	0	0	0
1	61895	518	102	44	107	49	8	2	0	0	58	35	2	7	0	0	0	0	0	0	0	0	9	0	568627	343137	19608	68627	0	1	0	6	24	32	5	1	1	0	1	4	1	0	2	2	2	0	20426	1648562	14034	14034	30928	3209	9.524.757	2195641	1362746	816113	3378496	61815	-40189	-42581	-43228	0	75	5	8333	9	1	6667	5	7357	0	75	0	0	0	0	0	0	0	0	0	0	0	0	0	0	0	0
1	68905	468	113	49	119	55	9	2	0	0	64	39	2	8	0	0	0	0	0	0	0	0	10	0	566372	345133	17699	70796	0	1	0	7	25	38	5	2	1	0	1	5	1	0	2	2	2	0	6319	184	12679	12679	30664	38644	10.412.677	2007912	1033774	9014452	3728218	68378	-39965	-42331	-42964	0	75	5	6667	9	1	8333	1	8071	1667	625	0	0	0	0	0	0	0	0	0	0	0	0	0	0	0	0
1	57587	561	94	41	99	46	6	2	0	0	53	33	1	7	0	0	0	0	0	0	0	0	8	0	56383	351064	10638	74468	0	1	0	6	24	32	5	1	1	0	1	4	1	0	2	2	2	0	13624	1520097	12831	12831	34675	38321	8.831.691	2015534	1182639	7527243	3118706	57255	-43374	-46141	-46975	0	75	6667	8333	9	1	8333	1	8548	0	75	0	0	0	0	0	0	0	0	0	0	0	0	0	0	0	0
0	66295	49	105	47	111	53	6	2	0	0	58	37	0	10	0	0	0	0	0	0	0	0	10	0	552381	352381	0	95238	0	1	0	7	25	38	5	2	1	0	1	5	1	0	2	2	2	0	13034	1700158	15198	15198	2312	26737	10.088.169	2650228	1707334	8409801	348041	64476	-33552	-35164	-3542	0	75	5	8333	9	1	6667	5	7357	1667	625	0	0	0	0	0	0	0	0	0	0	0	0	0	0	0	0
1	66295	49	105	47	111	53	6	2	0	0	58	37	0	10	0	0	0	0	0	0	0	0	10	0	552381	352381	0	95238	0	1	0	7	25	38	5	2	1	0	1	5	1	0	2	2	2	0	20026	1719363	15514	15514	2312	23041	10.178.798	2825612	2134167	8409801	348041	64476	-33552	-35164	-3542	0	75	5	8333	9	1	6667	5	7357	1667	625	0	0	0	0	0	0	0	0	0	0	0	0	0	0	0	0
0	67403	488	111	48	118	55	7	1	0	0	63	39	1	8	0	0	0	0	0	0	0	0	9	0	567568	351351	9009	72072	0	1	0	8	26	42	5	3	1	1	1	5	1	0	2	2	2	0	439	1795086	10692	10692	34987	3814	10.030.899	1686354	853667	8739701	3615615	66306	-43639	-46438	-47287	0	75	5	8333	9	1	8333	1	831	1667	75	0	0	0	0	0	0	0	0	0	0	0	0	0	0	0	0
0	61796	529	103	44	109	50	6	1	0	0	59	36	1	7	0	0	0	0	0	0	0	0	8	0	572816	349515	9709	67961	0	1	0	7	25	38	5	2	1	0	1	5	1	0	2	2	2	0	6505	1654692	10648	10648	37123	35617	9.389.362	1725219	1033774	8120432	3361816	61473	-45454	-48467	-49423	0	75	6667	8333	9	1	8333	1	8548	1667	75	0	0	0	0	0	0	0	0	0	0	0	0	0	0	0	0
0	57488	561	95	41	100	46	6	2	0	0	54	34	0	7	0	0	0	0	0	0	0	0	7	0	568421	357895	0	73684	0	1	0	6	24	32	5	1	1	0	1	4	1	0	2	2	2	0	643	153333	10229	10229	43991	40421	8.948.393	1686562	853667	7595515	3146686	57885	-51292	-54991	-56291	1	5	6667	8333	9	1	8333	1	819	1667	625	0	0	0	0	0	0	0	0	0	0	0	0	0	0	0	0
0	66295	5	105	47	112	54	5	1	0	0	58	37	0	10	0	0	0	0	0	0	0	0	10	0	552381	352381	0	95238	0	1	0	8	33	43	7	2	1	0	2	5	2	0	2	3	2	0	13034	1686449	14414	14414	28255	2674	9.895.384	2508777	1707334	8300831	343575	63504	-37917	-40042	-40555	0	75	5	8333	9	1	6667	5	7357	1667	625	0	0	0	0	0	0	0	0	0	0	0	0	0	0	0	0
1	44157	682	60	33	63	36	5	3	0	18	27	27	3	3	0	0	0	0	0	0	0	0	6	0	45	45	5	5	0	1	0	4	7	25	2	2	0	0	0	3	1	0	0	0	2	0	1318	1270199	7851	7851	28809	35424	5.877.091	1145806	360215	5710963	2374329	42121	-38388	-40569	-41109	0	1	1	1	8	5	1	1	9	3333	1	1	0	0	0	0	0	1	0	1	0	0	0	1	0	1	0
1	45757	66	61	34	64	37	6	3	0	18	27	27	3	4	0	0	0	0	0	0	0	0	7	0	442623	442623	4918	65574	0	1	0	4	7	25	2	2	0	0	0	3	1	0	0	0	2	0	782	1285642	9874	9874	21218	26542	6.097.962	1572639	787048	5808472	2414292	430	-31935	-33357	-33518	0	1	8333	1	8	5	1	1	8762	3333	1	1	0	0	0	0	0	1	0	0	0	0	0	0	0	0	0
1	4556	66	63	34	66	37	5	3	0	18	29	28	3	3	0	0	0	0	0	0	0	0	6	0	460317	444444	47619	47619	0	1	0	4	7	25	2	2	0	0	0	3	1	0	0	0	2	0	1183	1316575	7851	7851	30792	37474	6.200.766	1145806	360215	5945017	2470253	43851	-40073	-42452	-43092	0	1	8333	1	8	5	1	1	8762	1667	1	0	0	0	0	0	0	0	0	0	0	0	0	0	0	0	0
1	45358	677	61	34	65	38	4	3	0	18	27	28	3	3	0	0	0	0	0	0	0	0	6	0	442623	459016	4918	4918	0	1	0	5	9	30	3	2	0	0	1	3	1	0	1	0	2	0	1183	1301821	7851	7851	30792	37245	5.776.623	1145806	360215	5764618	2396319	42615	-40073	-42452	-43092	0	1	8333	1	8	5	1	1	8762	1667	875	0	0	0	0	0	0	1	0	0	0	0	0	0	0	1	0
1	46945	663	53	33	55	35	5	3	0	12	20	22	3	3	0	0	5	0	0	0	0	0	11	5	377358	415094	56604	56604	9434	1	0	3	6	19	2	1	0	0	0	2	1	0	0	0	2	0	282	1081072	7851	7851	25896	30804	5.324.093	1893812	360215	5081561	2116378	39624	-35911	-37801	-38196	0	1	8333	1	1	5	1	1	9048	3333	875	1	0	0	0	0	0	0	0	1	0	0	0	1	0	0	0
1	41944	736	50	30	52	32	4	3	0	12	20	21	3	3	0	0	3	0	0	0	0	0	9	3	40	42	6	6	6	1	0	3	6	19	2	1	0	0	0	2	1	0	0	0	2	0	276	1034392	7851	7851	21672	25888	500.665	1594609	360215	4789037	199649	3668	-32322	-33789	-33972	0	1	1	1	8	5	1	1	9	3333	1	1	0	1	0	0	0	1	0	1	1	0	0	1	0	1	0
1	46352	66	57	34	60	37	5	3	0	18	23	26	3	3	0	0	2	0	0	0	0	0	8	2	403509	45614	52632	52632	35088	1	0	4	7	25	2	2	0	0	0	3	1	0	0	0	2	0	1766	1230345	7851	7851	34169	35759	563.115	1445008	360215	5535382	230237	41605	-42944	-45661	-46469	0	1	8333	1	8	5	1	1	8762	1667	875	1	0	0	0	0	0	1	0	1	0	0	0	1	0	0	0
0	46352	66	57	34	60	37	5	3	0	18	23	26	3	3	0	0	2	0	0	0	0	0	8	2	403509	45614	52632	52632	35088	1	0	4	7	25	2	2	0	0	0	3	1	0	0	0	2	0	1766	1230345	7851	7851	34169	35759	563.115	1445008	360215	5535382	230237	41605	-42944	-45661	-46469	0	1	8333	1	8	5	1	1	8762	1667	875	1	0	0	0	0	0	1	0	1	0	0	0	1	0	0	0
1	46352	66	57	34	60	37	5	3	0	18	23	26	3	3	0	0	2	0	0	0	0	0	8	2	403509	45614	52632	52632	35088	1	0	4	7	25	2	2	0	0	0	3	1	0	0	0	2	0	1766	1230345	7851	7851	34169	35759	563.115	1445008	360215	5535382	230237	41605	-42944	-45661	-46469	0	1	8333	1	8	5	1	1	8762	1667	875	1	0	0	0	0	0	1	0	1	0	0	0	1	0	0	0
1	39151	788	54	29	57	32	5	3	0	12	25	23	3	3	0	0	0	0	0	0	0	0	6	0	462963	425926	55556	55556	0	1	0	4	7	22	2	2	1	0	0	2	1	0	0	0	2	0	1938	1099309	7851	7851	22742	24016	5.119.497	1145806	360215	4989037	2078458	37083	-33231	-34805	-35042	0	1	1	1	1	5	1	1	9286	3333	1	1	0	1	0	0	0	1	0	1	1	0	0	1	0	1	0
1	42754	706	57	32	60	35	5	3	0	18	25	26	3	3	0	0	0	0	0	0	0	0	6	0	438596	45614	52632	52632	0	1	0	4	7	25	2	2	0	0	0	3	1	0	0	0	2	0	146	1226017	7851	7851	26797	31649	5.574.474	1145806	360215	547691	2278406	40391	-36677	-38657	-39097	0	1	1	1	8	5	1	1	9	3333	1	1	0	0	0	0	0	1	0	1	0	0	0	1	0	1	0
1	43347	71	53	31	55	33	5	3	0	12	22	22	3	3	0	0	3	0	0	0	0	0	9	3	415094	415094	56604	56604	56604	1	0	3	6	19	2	1	0	0	0	2	1	0	0	0	2	0	2569	1063508	7851	7851	23802	23008	5.267.417	1594609	360215	502309	2092414	3841	-34132	-35812	-36102	0	1	1	1	1	5	1	1	9286	3333	1	1	0	1	0	0	0	1	0	1	0	0	0	1	0	1	0
0	64003	52	63	43	67	47	7	3	0	27	20	30	1	4	0	1	6	1	0	0	0	2	13	7	31746	47619	15873	63492	111111	1	0	5	8	29	2	3	0	0	1	4	0	0	2	0	0	0	-6934	1488041	6537	7375	63812	91658	6.469.132	1702184	0	6577575	2729498	49324	-6814	-73821	-76112	1	5	6667	6667	2	5	6667	1	6	1667	625	0	0	0	0	0	0	0	0	0	0	0	0	0	0	0	0
1	33741	9	44	25	46	27	3	3	0	12	19	19	3	3	0	0	0	0	0	0	0	0	6	0	431818	431818	68182	68182	0	1	0	3	6	19	2	1	0	0	0	2	1	0	0	0	2	0	9659	930924	925	925	13901	13755	4.372.636	129467	509079	4233223	1768698	31399	-25716	-26406	-26201	0	1	1	1	8	5	1	1	9	5	1	1	1	0	0	0	0	0	0	1	1	1	0	1	1	1	0
1	46945	663	53	33	55	35	5	3	0	12	20	22	3	3	0	0	5	0	0	0	0	0	11	5	377358	415094	56604	56604	9434	1	0	3	6	19	2	1	0	0	0	2	1	0	0	0	2	0	9218	1077115	873	873	25896	32914	5.359.534	2042676	540323	5081561	2116378	39624	-35911	-37801	-38196	0	1	8333	1	1	5	1	1	9048	3333	875	1	0	0	0	0	0	0	0	1	0	0	0	1	0	0	0
1	51352	605	62	35	63	36	6	1	1	6	27	24	1	2	0	0	8	0	0	0	0	0	11	8	435484	387097	16129	32258	129032	1	0	2	2	12	0	2	0	0	0	2	0	0	0	0	0	0	-2879	1137692	4054	4054	55737	68699	6.319.919	1906335	426833	560299	2330078	44944	-61277	-6615	-68037	1	5	6667	6667	8	1	6667	1	7571	5	625	0	0	0	0	0	0	0	0	0	0	0	0	0	0	0	0
0	51352	605	62	35	63	36	6	1	1	6	27	24	1	2	0	0	8	0	0	0	0	0	11	8	435484	387097	16129	32258	129032	1	0	2	2	12	0	2	0	0	0	2	0	0	0	0	0	0	-2879	1137692	4054	4054	55737	68699	6.319.919	1906335	426833	560299	2330078	44944	-61277	-6615	-68037	1	5	6667	6667	8	1	6667	1	7571	5	625	0	0	0	0	0	0	0	0	0	0	0	0	0	0	0	0
1	44251	759	51	30	54	33	4	3	0	11	21	19	4	3	0	1	3	0	0	0	0	1	11	3	411765	372549	78431	58824	58824	1	0	4	5	20	1	3	1	0	1	2	0	0	1	0	0	0	-2169	103448	9602	1044	19881	3993	4.989.326	1493053	16663	4792193	1997784	35727	-30799	-32087	-32181	0	1	1	1	1	5	1	1	9286	3333	1	1	0	1	0	0	0	1	0	1	0	0	0	1	0	1	0
1	44906	736	59	30	61	32	6	3	0	12	29	23	2	3	0	1	0	1	0	0	0	2	7	1	491525	389831	33898	50847	16949	1	0	3	3	19	0	3	0	0	0	2	1	0	0	0	0	0	-3489	1212557	6648	7486	35253	53389	5.937.619	889872	180108	5621429	2337635	41119	-43865	-4669	-47553	0	1	1	1	1	5	1	1	9286	1667	1	1	0	0	0	0	0	0	0	0	0	0	0	0	0	0	0
0	50064	642	65	34	67	36	9	2	0	12	31	24	2	4	0	1	3	0	0	0	0	1	10	3	476923	369231	30769	61538	46154	1	0	3	3	16	0	3	0	1	0	2	0	0	0	0	0	0	8695	1246539	9286	10124	27332	62102	6.476.681	1772923	755805	5908804	2455411	44292	-37132	-39165	-39632	0	75	8333	6667	9	1	8333	1	8548	3333	875	0	0	0	0	0	0	0	0	0	0	0	0	0	0	0	0
0	41664	764	61	29	63	31	8	2	0	12	32	23	2	3	0	1	0	0	0	0	0	1	6	0	52459	377049	32787	4918	0	1	0	3	3	16	0	3	0	1	0	2	0	0	0	0	0	0	8573	1170797	8363	9201	27158	40903	5.979.745	121412	755805	5489535	228358	39862	-36984	-39	-39458	0	1	1	1	1	1	1	1	1	3333	1	1	0	0	0	0	0	1	1	1	0	0	0	1	0	1	0
0	3836	855	56	27	59	30	4	2	0	12	29	23	1	2	0	1	0	0	0	0	0	1	4	0	517857	410714	17857	35714	0	1	0	4	7	24	3	2	0	0	1	2	1	1	0	0	1	1	-4188	1104685	4617	5455	43113	55235	5.196.474	607179	16405	5045847	2101741	36647	-50546	-54157	-55413	0	75	1	1	8	5	1	1	8643	5	875	1	0	0	0	0	0	0	0	0	0	0	0	0	0	0	0
0	41664	764	61	29	63	31	8	2	0	12	32	23	2	3	0	1	0	0	0	0	0	1	6	0	52459	377049	32787	4918	0	1	0	3	3	16	0	3	0	1	0	2	0	0	0	0	0	0	8573	1170797	8363	9201	27158	40903	5.979.745	121412	755805	5489535	228358	39862	-36984	-39	-39458	0	1	1	1	1	1	1	1	1	3333	1	1	0	0	0	0	0	1	1	1	0	0	0	1	0	1	0
1	53216	619	70	36	73	39	8	4	0	12	34	27	3	4	0	1	0	1	0	0	0	2	9	1	485714	385714	42857	57143	14286	1	0	4	4	22	0	4	1	0	0	2	1	0	0	0	0	0	176	1414508	9558	10396	34057	48023	6.912.411	1321429	360215	6569103	2726026	48518	-42849	-45554	-46357	0	75	8333	8333	9	1	8333	1	8786	1667	875	0	0	0	0	0	0	0	0	0	0	0	0	0	0	0	0
1	51756	605	66	35	67	36	9	1	0	6	31	24	1	2	0	0	8	0	0	0	0	0	11	8	469697	363636	15152	30303	121212	1	0	2	2	12	0	2	0	0	0	2	0	0	0	0	0	0	-2879	115071	4054	4054	56596	70259	6.500.842	1906335	426833	5745847	2388626	45472	-62007	-66967	-68896	1	5	6667	5	8	1	6667	1	7333	5	625	0	0	0	0	0	0	0	0	0	0	0	0	0	0	0	0
0	51756	605	66	35	67	36	9	1	0	6	31	24	1	2	0	0	8	0	0	0	0	0	11	8	469697	363636	15152	30303	121212	1	0	2	2	12	0	2	0	0	0	2	0	0	0	0	0	0	-2879	1145614	4054	4054	56596	70569	6.500.842	1906335	426833	5745847	2388626	45472	-62007	-66967	-68896	1	5	6667	5	8	1	6667	1	7333	5	625	0	0	0	0	0	0	0	0	0	0	0	0	0	0	0	0
0	51756	605	66	35	67	36	9	1	0	6	31	24	1	2	0	0	8	0	0	0	0	0	11	8	469697	363636	15152	30303	121212	1	0	2	2	12	0	2	0	0	0	2	0	0	0	0	0	0	-2879	1145614	4054	4054	56596	70569	6.500.842	1906335	426833	5745847	2388626	45472	-62007	-66967	-68896	1	5	6667	5	8	1	6667	1	7333	5	625	0	0	0	0	0	0	0	0	0	0	0	0	0	0	0	0
1	53311	66	61	34	64	37	4	4	0	12	27	23	2	4	0	2	2	1	0	0	0	3	11	3	442623	377049	32787	65574	4918	1	0	4	5	24	1	3	0	0	0	4	0	0	0	1	0	0	-2753	1277473	8355	10031	5047	47135	6.222.795	1364697	16405	5940033	246821	44091	-568	-61147	-6277	1	5	6667	6667	6	5	6667	1	6571	1667	75	0	0	0	0	0	0	0	0	0	0	0	0	0	0	0	0
0	49947	644	52	33	53	34	8	3	0	12	19	20	1	5	0	1	6	0	0	0	0	1	13	6	365385	384615	19231	96154	115385	1	0	2	2	12	0	2	0	0	0	2	0	0	0	0	0	0	-2019	1078893	817	9008	38762	55101	5.513.448	1976233	16405	5100997	2124343	39944	-46848	-50024	-51062	0	1	8333	1	1	1	1	1	9762	1667	875	0	0	0	0	0	0	0	0	0	0	0	0	0	0	0	0
0	43898	788	52	29	55	32	4	3	0	11	23	19	4	4	0	1	0	1	0	0	0	2	10	1	442308	365385	76923	76923	19231	1	0	4	7	23	3	2	0	0	1	3	0	1	1	0	1	0	-234	1095825	956	10398	16717	30919	5.202.771	1017636	16663	5005316	2085129	36306	-2811	-29081	-29017	0	1	1	1	8	5	1	1	9	3333	1	1	0	1	0	0	0	1	0	1	0	0	0	1	0	1	0
0	4831	731	58	31	61	34	6	3	0	11	27	22	2	4	0	2	0	1	0	0	0	3	9	1	465517	37931	34483	68966	17241	1	0	4	7	23	3	2	0	0	2	1	1	1	0	0	1	1	2569	1227977	845	12112	30238	46612	5.936.631	1148735	344157	5647508	2348323	41147	-39602	-41926	-42538	0	1	8333	1	1	5	1	1	9048	1667	875	0	0	0	0	0	0	0	0	0	0	0	0	0	0	0	0
1	43506	826	54	27	56	29	6	3	0	5	27	18	2	4	0	2	0	1	0	0	0	3	9	1	50	333333	37037	74074	18519	1	0	3	4	17	2	2	0	0	2	0	1	1	0	0	0	0	3406	1068635	845	12112	23795	40552	5.544.561	1148735	344157	510598	2126385	37345	-34126	-35806	-36095	0	1	1	1	1	1	1	1	1	3333	1	1	0	1	0	0	0	1	0	1	0	0	0	1	0	1	0
1	49563	619	67	36	70	39	9	2	0	17	31	27	5	2	0	0	2	0	0	0	0	0	9	2	462687	402985	74627	29851	29851	1	0	4	4	22	0	4	0	0	2	2	0	0	0	0	0	0	176	1343115	7926	7926	42177	37603	640.8	1361414	360215	6146346	2552765	45184	-49751	-53268	-54477	0	75	8333	8333	1	5	1	1	8452	1667	75	0	0	0	0	0	0	0	0	0	0	0	0	0	0	0	0
1	55422	616	77	37	81	41	8	3	0	6	40	27	3	5	0	1	0	1	0	0	0	2	10	1	519481	350649	38961	64935	12987	1	0	5	5	24	0	5	2	0	0	3	0	0	0	0	0	0	189	1438389	10139	10977	22903	25031	7.463.256	1625918	853667	6771927	280915	50307	-33368	-34958	-35203	0	75	8333	8333	9	1	8333	1	8786	3333	75	0	0	0	0	0	0	0	0	0	0	0	0	0	0	0	0
1	53822	635	76	36	80	40	8	3	0	6	40	27	3	4	0	1	0	1	0	0	0	2	9	1	526316	355263	39474	52632	13158	1	0	5	5	24	0	5	2	0	0	3	0	0	0	0	0	0	-3551	1422558	8116	8954	30386	39876	7.179.479	1199084	426833	6674419	2769188	49428	-39728	-42067	-42686	0	75	8333	8333	9	1	8333	1	8786	1667	75	0	0	0	0	0	0	0	0	0	0	0	0	0	0	0	0
1	55619	616	75	37	79	41	8	3	0	6	38	26	3	6	0	1	0	1	0	0	0	2	11	1	506667	346667	4	8	13333	1	0	5	5	24	0	5	2	0	0	3	0	0	0	0	0	0	2158	1406307	11062	119	1759	2834	7.333.066	1735916	853667	6635382	2753189	49456	-28852	-29911	-2989	0	75	6667	8333	9	1	8333	1	8548	3333	625	0	0	0	0	0	0	0	0	0	0	0	0	0	0	0	0
1	6122	549	77	41	81	45	8	3	0	12	36	29	3	5	0	1	2	1	0	0	0	2	12	3	467532	376623	38961	64935	38961	1	0	5	5	27	0	5	1	0	0	4	0	0	0	0	0	0	-3273	1521512	9039	9877	35778	54928	7.560.942	1608285	426833	7084219	2937139	53099	-44311	-47189	-48078	0	75	8333	8333	9	1	8333	1	8786	1667	75	0	0	0	0	0	0	0	0	0	0	0	0	0	0	0	0
1	54019	635	74	36	78	40	8	3	0	6	38	26	3	5	0	1	0	1	0	0	0	2	10	1	513514	351351	40541	67568	13514	1	0	5	5	24	0	5	2	0	0	3	0	0	0	0	0	0	-3275	1390476	9039	9877	2498	43185	7.049.289	1309083	426833	6537874	2713227	48577	-35133	-36931	-3728	0	75	8333	8333	9	1	8333	1	8786	3333	75	0	0	0	0	0	0	0	0	0	0	0	0	0	0	0	0
1	45796	736	52	30	54	32	4	3	0	12	22	21	1	4	0	1	2	1	0	0	0	2	9	3	423077	403846	19231	76923	57692	1	0	3	3	18	0	3	0	0	0	3	0	0	0	0	0	0	-2829	1101829	7468	8306	38501	33654	5.620.217	1451858	426833	5143522	2141771	38652	-46626	-49776	-50801	0	1	8333	1	8	5	1	1	8762	1667	1	1	0	0	0	0	0	1	0	1	0	0	0	1	0	0	0
0	44742	767	52	28	53	29	8	2	0	12	24	19	2	4	0	1	0	2	0	0	0	3	9	2	461538	365385	38462	76923	38462	1	0	2	2	12	0	2	0	0	0	2	0	0	0	0	0	0	1733	1115601	10386	11224	24382	31159	5.930.315	1640954	1182639	5237874	218044	38099	-34624	-36363	-36682	0	1	1	1	1	1	1	1	1	1667	1	1	0	0	0	0	0	1	0	1	0	0	0	1	0	1	0
1	60627	549	82	41	86	45	7	3	0	12	41	31	3	4	0	1	1	1	0	0	0	2	10	2	50	378049	36585	4878	2439	1	0	5	5	30	0	5	0	0	0	5	0	0	0	0	0	0	-7512	1600847	7016	7854	43389	65515	7.770.362	1031851	0	7425581	3077042	55073	-50781	-5442	-55689	1	5	8333	8333	9	1	8333	1	8429	1667	625	0	0	0	0	0	0	0	0	0	0	0	0	0	0	0	0
0	80586	383	106	56	109	59	23	4	0	24	50	44	2	8	0	0	0	2	0	0	0	2	12	2	471698	415094	18868	75472	18868	1	0	4	4	24	0	4	0	0	0	4	0	0	0	0	0	0	372	2181384	13624	13624	62412	120524	11.161.492	2188936	853667	10132558	4186458	75722	-6695	-72491	-74712	1	5	3333	5	8	1	5	5	5905	1667	5	0	0	0	0	0	0	0	0	0	0	0	0	0	0	0	0
0	79183	391	103	55	106	58	22	4	0	24	48	43	2	8	0	0	0	2	0	0	0	2	12	2	466019	417476	19417	7767	19417	1	0	4	4	24	0	4	0	0	0	4	0	0	0	0	0	0	449	2135374	13624	13624	60791	115962	10.900.724	2188936	853667	9898505	4090535	73992	-65572	-70951	-73091	1	5	3333	5	8	1	5	5	5905	1667	5	0	0	0	0	0	0	0	0	0	0	0	0	0	0	0	0
0	7778	398	100	54	103	57	21	4	0	24	46	42	2	8	0	0	0	2	0	0	0	2	12	2	46	42	2	8	2	1	0	4	4	24	0	4	0	0	0	4	0	0	0	0	0	0	528	2089364	13624	13624	59156	1114	10.639.957	2188936	853667	9664452	3994611	72262	-64182	-69398	-71456	1	5	3333	5	8	1	5	5	5905	1667	5	0	0	0	0	0	0	0	0	0	0	0	0	0	0	0	0
0	49891	622	54	35	56	37	9	6	0	18	19	23	4	7	0	0	0	1	0	0	0	1	12	1	351852	425926	74074	12963	18519	1	0	3	3	18	0	3	0	0	0	3	0	0	0	0	0	0	-2596	1307028	16289	16289	4436	65073	622.201	213648	426833	5642857	2346417	4231	-51606	-55342	-5666	1	5	6667	6667	3	0	6667	1	5429	1667	625	0	0	0	0	0	0	0	0	0	0	0	0	0	0	0	0
0	61181	525	86	45	93	52	5	3	0	16	41	35	5	5	0	0	0	0	0	0	0	0	10	0	476744	406977	5814	5814	0	1	0	8	19	45	6	3	0	0	3	5	0	0	4	2	1	1	682	1683533	11821	11821	29175	44085	7.767.651	1565017	774796	7531229	312034	55503	-38699	-40917	-41475	0	75	5	8333	9	5	8333	1	7595	3333	75	0	0	0	0	0	0	0	0	0	0	0	0	0	0	0	0
1	45746	731	47	31	50	34	3	2	0	17	16	20	3	2	0	1	5	0	0	0	0	1	11	5	340426	425532	6383	42553	106383	1	0	4	7	23	2	2	0	0	1	3	0	0	1	1	0	0	-2328	1057327	6606	7444	40752	58618	4.625.099	1372951	16663	4678571	1951218	35074	-4854	-51915	-53052	0	1	8333	1	8	5	1	1	8762	3333	1	0	0	0	0	0	0	0	0	0	0	0	0	0	0	0	0
0	35386	988	39	23	41	25	3	3	0	11	16	15	3	3	0	1	0	1	0	0	0	2	8	1	410256	384615	76923	76923	25641	1	0	3	4	17	1	2	0	0	1	2	0	0	1	0	0	0	-1977	887977	8313	9151	16945	33146	4.086.607	876394	16663	3986213	1667464	28643	-28304	-29298	-29245	0	1	1	1	8	5	1	1	9	5	1	1	1	1	1	1	0	0	0	1	1	1	0	1	1	1	1
1	54221	619	76	36	79	39	8	3	0	6	40	26	3	5	0	1	0	1	0	0	0	2	10	1	526316	342105	39474	65789	13158	1	0	4	4	21	0	4	1	0	0	3	0	0	0	0	0	0	-3275	1408498	9039	9877	2498	46901	7.410.525	1309083	426833	6718272	2787161	49813	-35133	-36931	-3728	0	75	8333	8333	9	1	8333	1	8786	3333	875	0	0	0	0	0	0	0	0	0	0	0	0	0	0	0	0
1	52621	639	75	35	78	38	7	3	0	6	40	26	3	4	0	1	0	1	0	0	0	2	9	1	533333	346667	4	53333	13333	1	0	4	4	24	0	4	0	0	0	4	0	0	0	0	0	0	-737	1399439	7016	7854	32464	53718	7.046.858	88225	0	6620764	2747198	48934	-41494	-4404	-44764	0	75	8333	8333	9	1	8333	1	8786	1667	875	0	0	0	0	0	0	0	0	0	0	0	0	0	0	0	0
1	48811	685	66	32	68	34	8	3	0	6	34	22	3	5	0	1	0	1	0	0	0	2	10	1	515152	333333	45455	75758	15152	1	0	3	3	18	0	3	0	0	0	3	0	0	0	0	0	0	-2788	124694	9039	9877	16737	37617	6.544.045	1309083	426833	5962458	2477401	44129	-28126	-291	-29037	0	1	8333	1	1	1	1	1	9762	3333	875	0	0	0	0	0	0	0	0	1	0	0	0	0	0	0	0
0	48751	642	59	34	61	36	6	1	0	12	25	24	2	2	0	0	6	0	0	0	0	0	10	6	423729	40678	33898	33898	101695	1	-1	3	3	18	0	3	0	0	0	3	0	0	0	0	0	0	-7001	1123946	5626	5626	46733	5543	5.835.274	161438	0	5422757	2256212	42108	-53623	-57597	-59033	0	75	6667	1	1	1	1	1	9167	3333	75	0	0	0	0	0	0	0	0	0	0	0	0	0	0	0	0
1	5006	603	66	36	68	38	7	4	0	12	30	26	4	4	0	0	2	0	0	0	0	0	10	2	454545	393939	60606	60606	30303	1	0	3	4	19	1	2	0	0	0	2	1	0	0	0	1	0	2035	1291652	9882	9882	32711	30046	6.612.987	172525	360215	6121927	2542757	46438	-41705	-44276	-45011	0	75	8333	8333	9	1	8333	1	8786	1667	875	0	0	0	0	0	0	0	0	0	0	0	0	0	0	0	0
1	40953	736	57	30	59	32	5	3	0	12	27	23	3	4	0	0	0	0	0	0	0	0	7	0	473684	403509	52632	70175	0	1	0	3	6	19	2	1	0	0	0	2	1	0	0	0	2	0	8671	1129901	9874	9874	1515	21427	5.768.798	1572639	787048	5266944	2192354	39198	-26778	-27593	-2745	0	1	1	1	1	1	1	1	1	3333	1	1	0	1	0	0	0	0	0	1	1	0	0	1	0	1	0
1	36149	831	53	26	54	27	5	3	0	6	27	19	3	4	0	0	0	0	0	0	0	0	7	0	509434	358491	56604	75472	0	1	0	2	3	13	1	1	0	0	0	1	1	0	0	0	1	0	9741	974435	9874	9874	5959	9524	5.376.727	1572639	787048	4725415	1970416	35396	-18965	-18861	-18259	0	1	1	1	1	1	1	1	1	3333	1	1	0	0	0	0	0	0	0	1	0	0	0	1	1	1	0
1	43557	706	61	32	64	35	5	3	0	12	29	25	3	4	0	0	0	0	0	0	0	0	7	0	47541	409836	4918	65574	0	1	0	4	7	23	2	2	0	1	0	2	1	0	0	0	2	0	8223	1201182	9874	9874	23398	28056	5.992.004	1572639	787048	5554651	2310267	41422	-33789	-35428	-35698	0	1	1	1	1	1	1	1	1	3333	1	1	0	0	0	0	0	1	0	1	0	0	0	1	0	1	0
1	5306	583	67	38	70	41	6	4	0	12	29	27	4	4	0	0	3	0	0	0	0	0	11	3	432836	402985	59701	59701	44776	1	0	4	5	23	1	3	0	1	0	2	1	0	0	0	1	0	8167	1330288	1111	1111	38355	41303	6.713.825	2189298	787048	6204817	2576728	47539	-46501	-49637	-50655	0	75	8333	8333	9	1	8333	1	8786	1667	875	0	0	0	0	0	0	0	0	0	0	0	0	0	0	0	0
0	42951	764	51	29	53	31	4	3	0	11	22	19	3	3	0	1	3	0	0	0	0	1	10	3	431373	372549	58824	58824	58824	1	0	3	4	17	1	2	0	0	1	2	0	0	1	0	0	0	-234	1033808	8313	9151	27472	4813	5.080.082	1325198	16663	4806811	2003775	35863	-37251	-39299	-39772	0	1	1	1	8	5	1	1	9	3333	1	1	0	0	0	0	0	1	0	0	0	0	0	0	0	1	0
1	41553	794	52	28	54	30	4	2	0	11	24	19	3	2	0	1	3	0	0	0	0	1	9	3	461538	365385	57692	38462	57692	1	0	3	4	17	1	2	0	0	1	2	0	0	1	0	0	0	-2525	1022412	6606	7444	33287	50991	5.038.066	1073749	16663	4780731	1993086	35248	-42194	-44823	-45587	0	1	1	1	1	5	1	1	9286	1667	1	1	0	0	0	0	0	1	0	0	0	0	0	0	0	1	0
1	48749	688	59	31	60	32	10	3	0	12	28	22	2	4	0	1	0	2	0	0	0	3	9	2	474576	372881	33898	67797	33898	1	0	2	2	12	0	2	0	0	0	2	0	0	0	0	0	0	2569	1258537	8671	9509	36813	52096	6.410.069	1316705	606941	5868605	2438936	43025	-45191	-48173	-49113	0	1	6667	8333	1	1	1	1	9286	1667	875	0	0	0	0	0	0	0	0	0	0	0	0	0	0	0	0
1	34483	996	37	22	38	23	4	2	0	12	15	16	0	2	0	1	2	1	0	0	0	2	6	3	405405	432432	0	54054	81081	1	0	2	2	12	0	2	0	0	0	2	0	0	0	0	0	0	-717	83077	3414	4252	52266	52354	4.064.574	742332	0	3864286	1617494	28644	-58326	-62852	-64566	0	75	8333	8333	7	5	8333	1	7786	5	875	1	0	0	0	0	0	0	0	0	0	0	0	0	0	0	0
0	683	425	107	49	108	50	19	4	0	12	58	38	4	7	0	0	0	0	0	0	0	0	11	0	542056	35514	37383	65421	0	1	0	2	2	12	0	2	0	0	0	2	0	0	0	0	0	0	12928	1895338	1463	1463	31172	63034	10.796.593	2224194	967156	9345017	3863695	69857	-40396	-42813	-43472	1	5	5	5	8	1	3333	0	519	0	625	0	0	0	0	0	0	0	0	0	0	0	0	0	0	0	0
0	45497	736	53	30	55	32	8	3	0	12	23	20	2	6	0	1	0	1	0	0	0	2	10	1	433962	377358	37736	113208	18868	1	0	3	4	17	1	2	0	0	1	2	0	0	1	0	0	0	309	1115052	10517	11355	23551	38073	5.611.068	1502546	572784	5211794	2169752	38566	-33918	-35573	-35851	0	1	8333	1	1	5	1	1	9048	3333	1	1	0	0	0	0	0	1	0	1	0	0	0	1	0	1	0
1	48048	642	56	34	58	36	6	1	0	18	22	26	0	2	0	0	6	0	0	0	0	0	8	6	392857	464286	0	35714	107143	1	0	3	3	18	0	3	0	0	0	3	0	0	0	0	0	0	-3628	1179105	373	373	68755	80173	5.679.337	1575889	426833	5380731	2238988	41618	-72342	-78518	-81055	0	75	6667	8333	7	5	8333	1	7548	5	75	0	0	0	0	0	0	0	0	0	0	0	0	0	0	0	0
1	43897	764	52	29	54	31	8	3	0	12	23	20	2	5	0	1	0	1	0	0	0	2	9	1	442308	384615	38462	96154	19231	1	0	3	4	17	1	2	0	0	1	2	0	0	1	0	0	0	2962	1097406	9893	10731	22914	4164	5.367.257	1258734	328972	5114286	2129789	37687	-33377	-34968	-35214	0	1	1	1	1	5	1	1	9286	3333	1	1	0	1	0	0	0	1	0	1	0	0	0	1	0	1	0
0	50154	622	62	35	64	37	7	1	0	12	27	25	2	2	0	0	6	0	0	0	0	0	10	6	435484	403226	32258	32258	96774	1	-1	3	3	18	0	3	0	0	0	3	0	0	0	0	0	0	-7087	1170724	5626	5626	48716	59317	6.096.041	161438	0	5656811	2352136	43838	-55308	-5948	-61016	1	5	6667	8333	9	1	8333	1	819	3333	75	0	0	0	0	0	0	0	0	0	0	0	0	0	0	0	0
0	69703	416	110	50	111	51	20	4	0	12	60	39	4	7	0	0	0	0	0	0	0	0	11	0	545455	354545	36364	63636	0	1	0	2	2	12	0	2	0	0	0	2	0	0	0	0	0	0	12777	1942116	1463	1463	32905	66921	11.057.361	2224194	967156	957907	3959619	71587	-41869	-44459	-45205	1	5	5	5	8	1	3333	0	519	0	625	0	0	0	0	0	0	0	0	0	0	0	0	0	0	0	0
1	39653	764	57	29	59	31	7	2	0	12	28	23	2	4	0	0	0	0	0	0	0	0	6	0	491228	403509	35088	70175	0	1	0	3	4	17	1	2	0	0	1	2	0	0	1	0	0	0	15948	110098	9866	9866	20678	2586	5.811.562	171678	1213882	5172591	2153685	38362	-31476	-32844	-32978	0	1	1	1	1	1	1	1	1	1667	1	1	0	1	0	0	0	1	0	1	1	0	0	1	0	1	0
1	43656	685	60	32	62	34	7	4	0	12	28	24	4	4	0	0	0	0	0	0	0	0	8	0	466667	40	66667	66667	0	1	0	3	4	19	1	2	0	0	0	2	1	0	0	0	1	0	8532	1208281	1111	1111	17159	23164	6.146.676	1738044	787048	5595349	2326946	41764	-28485	-29501	-29459	0	1	1	1	1	1	1	1	1	3333	1	1	0	0	0	0	0	1	0	1	0	0	0	1	0	1	0
1	108856	276	159	78	164	83	32	7	0	24	81	61	7	9	0	1	0	0	0	0	0	1	17	0	509434	383648	44025	56604	0	1	0	6	7	34	1	5	0	0	2	4	0	1	0	0	0	0	37517	3037574	23316	25846	31464	86099	15.579.014	355773	1687586	14327741	5905795	107056	-40644	-4309	-43764	1	25	1667	3333	7	1	1667	0	3738	0	375	0	0	0	0	0	0	0	0	0	0	0	0	0	0	0	0
0	109254	276	156	79	162	85	31	7	0	30	77	63	7	8	0	1	0	0	0	0	0	1	16	0	49359	403846	44872	51282	0	1	0	7	8	40	1	6	0	0	2	5	0	1	0	0	0	0	37232	3085027	22393	24923	38004	86997	15.218.505	3447731	1687586	14303654	5895924	106519	-46204	-49304	-50304	1	25	1667	3333	7	1	1667	0	3738	0	375	0	0	0	0	0	0	0	0	0	0	0	0	0	0	0	0
1	67196	434	102	49	104	51	20	4	0	18	53	40	3	6	0	0	0	0	0	0	0	0	9	0	519608	392157	29412	58824	0	1	0	3	3	18	0	3	0	0	0	3	0	0	0	0	0	0	19441	1911818	14782	14782	34847	63843	10.205.335	2231816	111602	915515	3785881	6822	-4352	-46305	-47147	0	75	5	6667	9	1	5	0	6167	0	75	0	0	0	0	0	0	0	0	0	0	0	0	0	0	0	0
1	108856	276	159	78	164	83	32	7	0	24	81	61	7	9	0	1	0	0	0	0	0	1	17	0	509434	383648	44025	56604	0	1	0	6	7	34	1	5	0	0	2	4	0	1	0	0	0	0	37517	3037574	23316	25846	31464	86099	15.579.014	355773	1687586	14327741	5905795	107056	-40644	-4309	-43764	1	25	1667	3333	7	1	1667	0	3738	0	375	0	0	0	0	0	0	0	0	0	0	0	0	0	0	0	0
1	67295	434	101	49	103	51	19	4	0	18	52	39	4	6	0	0	0	0	0	0	0	0	10	0	514851	386139	39604	59406	0	1	0	3	3	18	0	3	0	0	0	3	0	0	0	0	0	0	2699	189458	15985	15985	29883	58342	10.120.386	2411924	1296128	9086877	37579	6759	-39301	-41589	-42183	1	5	3333	5	8	1	3333	0	4952	1667	625	0	0	0	0	0	0	0	0	0	0	0	0	0	0	0	0
0	51655	597	79	38	83	42	9	2	0	12	41	31	2	4	0	0	0	0	0	0	1	0	7	0	518987	392405	25316	50633	0	1	0	5	8	27	3	3	0	1	1	4	0	0	2	0	0	0	967	143548	7666	7666	35449	62646	na	863114	360215	6915116	2867835	53318	-44031	-46876	-47749	0	75	8333	6667	9	1	8333	1	8548	1667	75	0	0	0	0	0	0	0	0	0	0	0	0	0	0	0	0
1	43656	685	60	32	62	34	7	4	0	12	28	24	4	4	0	0	0	0	0	0	0	0	8	0	466667	40	66667	66667	0	1	0	3	4	19	1	2	0	0	0	2	1	0	0	0	1	0	8532	1208281	1111	1111	17159	23164	6.146.676	1738044	787048	5595349	2326946	41764	-28485	-29501	-29459	0	1	1	1	1	1	1	1	1	3333	1	1	0	0	0	0	0	1	0	1	0	0	0	1	0	1	0
1	54273	553	79	39	81	41	13	3	0	12	40	31	2	4	0	0	2	0	0	0	0	0	8	2	506329	392405	25316	50633	25316	1	0	3	3	18	0	3	0	0	0	3	0	0	0	0	0	0	7221	1461261	955	955	3925	58163	7.750.178	1840599	787048	703206	2915762	53152	-47263	-50488	-5155	0	75	6667	6667	9	1	6667	5	7357	1667	75	0	0	0	0	0	0	0	0	0	0	0	0	0	0	0	0
0	49863	603	68	36	70	38	8	4	0	12	32	27	4	3	0	0	2	0	0	0	0	0	9	2	470588	397059	58824	44118	29412	1	0	3	3	18	0	3	0	0	0	3	0	0	0	0	0	0	176	1319661	9087	9087	38117	39841	6.800.507	1612864	360215	6258472	2598718	47289	-463	-49411	-50417	0	1	8333	1	1	1	1	1	9762	1667	875	0	0	0	0	0	0	0	0	0	0	0	0	0	0	0	0
1	51463	586	69	37	71	39	8	4	0	12	32	27	4	4	0	0	2	0	0	0	0	0	10	2	463768	391304	57971	57971	28986	1	0	3	4	19	1	2	0	0	0	2	1	0	0	0	1	0	189	133843	9882	9882	34694	33933	6.873.754	172525	360215	635598	263868	48168	-4339	-46159	-46994	0	75	8333	8333	9	1	8333	1	8786	1667	875	0	0	0	0	0	0	0	0	0	0	0	0	0	0	0	0
1	45654	663	59	33	61	35	7	4	0	12	26	24	4	3	0	0	2	0	0	0	0	0	9	2	440678	40678	67797	50847	33898	1	0	3	4	19	1	2	0	0	0	2	1	0	0	0	1	0	2219	1198476	9087	9087	32079	32729	5.919.575	1610413	360215	5556312	2310948	42099	-41167	-43675	-44379	0	1	8333	1	1	5	1	1	9048	1667	1	1	0	0	0	0	0	1	0	1	0	0	0	1	0	0	0
1	47565	642	69	34	71	36	10	2	0	11	35	25	5	2	0	0	2	0	0	0	0	0	9	2	507246	362319	72464	28986	28986	1	0	3	3	16	0	3	0	0	2	1	0	0	0	0	0	0	2058	1281207	7926	7926	40453	37573	6.575.025	1361414	360215	6072924	2522674	44842	-48285	-51631	-52753	0	1	6667	8333	1	1	1	1	9286	1667	875	1	0	0	0	0	0	0	0	0	0	0	0	0	0	0	0
0	46855	642	60	34	62	36	8	5	0	12	26	25	4	3	0	0	2	0	0	0	0	0	9	2	433333	416667	66667	5	33333	1	0	3	3	18	0	3	0	0	0	3	0	0	0	0	0	0	2058	1236882	9309	9309	36077	29404	6.035.779	1612864	360215	5718937	2377597	43565	-44566	-47473	-48377	0	1	8333	1	8	5	1	1	8762	1667	875	1	0	0	0	0	0	0	0	1	0	0	0	1	0	0	0
1	43855	685	59	32	61	34	7	4	0	12	27	24	4	3	0	0	1	0	0	0	0	0	8	1	457627	40678	67797	50847	16949	1	0	3	4	19	1	2	0	0	0	2	1	0	0	0	1	0	208	1196312	9087	9087	28365	30674	5.891.237	1460812	360215	5527076	2298966	41492	-3801	-40147	-40665	0	1	1	1	1	5	1	1	9286	3333	1	1	0	0	0	0	0	1	0	1	0	0	0	1	0	1	0
1	62795	473	99	46	102	49	14	3	0	17	53	39	3	4	0	0	0	0	0	0	0	0	7	0	535354	393939	30303	40404	0	1	0	4	5	24	1	3	0	0	0	4	0	0	0	1	0	0	12548	184284	10753	10753	44117	70033	9.489.265	1721504	967156	8688538	3594647	64024	-51399	-55111	-56417	1	5	6667	6667	9	1	6667	5	7	0	625	0	0	0	0	0	0	0	0	0	0	0	0	0	0	0	0
1	52474	569	79	38	81	40	13	3	0	12	41	31	2	4	0	0	1	0	0	0	0	0	7	1	518987	392405	25316	50633	12658	1	0	3	3	18	0	3	0	0	0	3	0	0	0	0	0	0	7122	1459097	955	955	35635	56108	772.184	1690997	787048	7002824	290378	52545	-44189	-47053	-47935	0	75	6667	6667	9	1	6667	5	7357	1667	75	0	0	0	0	0	0	0	0	0	0	0	0	0	0	0	0
1	43855	685	59	32	61	34	7	4	0	12	27	24	4	3	0	0	1	0	0	0	0	0	8	1	457627	40678	67797	50847	16949	1	0	3	4	19	1	2	0	0	0	2	1	0	0	0	1	0	208	1196312	9087	9087	28365	30674	5.891.237	1460812	360215	5527076	2298966	41492	-3801	-40147	-40665	0	1	1	1	1	5	1	1	9286	3333	1	1	0	0	0	0	0	1	0	1	0	0	0	1	0	1	0
0	49272	603	76	36	78	38	12	3	0	12	40	30	2	4	0	0	0	0	0	0	0	0	6	0	526316	394737	26316	52632	0	1	0	3	3	18	0	3	0	0	0	3	0	0	0	0	0	0	7179	1412374	955	955	3279	55201	7.432.735	1541396	787048	6739535	2795875	50208	-41772	-44351	-4509	0	1	6667	8333	1	1	8333	5	8333	1667	75	0	0	0	0	0	0	0	0	0	0	0	0	0	0	0	0
1	50675	586	79	37	81	39	13	3	0	12	42	31	2	4	0	0	0	0	0	0	0	0	6	0	531646	392405	25316	50633	0	1	0	3	3	18	0	3	0	0	0	3	0	0	0	0	0	0	7016	1456933	955	955	32013	54053	7.693.502	1541396	787048	6973588	2891798	51938	-41111	-43612	-44313	0	75	6667	6667	9	1	6667	5	7357	1667	75	0	0	0	0	0	0	0	0	0	0	0	0	0	0	0	0
0	43262	688	67	31	68	32	11	3	0	6	36	24	2	5	0	0	0	0	0	0	0	0	7	0	537313	358209	29851	74627	0	1	0	2	2	12	0	2	0	0	0	2	0	0	0	0	0	0	15677	1174203	11573	11573	20971	37203	6.723.109	196823	1213882	5827409	2422053	43825	-31726	-33123	-33271	0	1	8333	8333	1	1	8333	5	8571	1667	875	1	0	0	0	0	0	0	0	0	0	0	0	0	0	0	0
1	42967	688	70	31	71	32	10	3	0	6	39	25	3	3	0	0	0	0	0	0	0	0	6	0	557143	357143	42857	42857	0	1	0	2	2	12	0	2	0	0	0	2	0	0	0	0	0	0	161	1230734	7851	7851	26579	40406	6.695.115	1145806	360215	6032226	2505994	44897	-36492	-3845	-38879	0	1	8333	8333	1	1	1	1	9524	3333	1	1	0	0	0	0	0	0	0	0	0	0	0	0	0	0	0
1	47176	624	79	34	80	35	12	3	0	6	45	28	3	3	0	0	0	0	0	0	0	0	6	0	56962	35443	37975	37975	0	1	0	2	2	12	0	2	0	0	0	2	0	0	0	0	0	0	1183	1368174	7851	7851	32618	52324	7.514.979	1145806	360215	6734385	2793765	50087	-41625	-44187	-44918	0	1	6667	8333	1	1	8333	5	8333	1667	75	0	0	0	0	0	0	0	0	0	0	0	0	0	0	0	0
1	50577	586	80	37	82	39	12	3	0	12	43	31	3	3	0	0	0	0	0	0	0	0	6	0	5375	3875	375	375	0	1	0	3	3	18	0	3	0	0	0	3	0	0	0	0	0	0	816	147686	7851	7851	36073	56241	7.608.721	1145806	360215	704186	2919779	52159	-44562	-47469	-48373	0	75	6667	6667	9	1	6667	5	7357	1667	75	0	0	0	0	0	0	0	0	0	0	0	0	0	0	0	0
1	46974	642	77	34	79	36	10	3	0	6	43	28	3	3	0	0	0	0	0	0	0	0	6	0	558442	363636	38961	38961	0	1	0	3	3	18	0	3	0	0	0	3	0	0	0	0	0	0	1183	1352146	7851	7851	32618	49578	7.116.182	1145806	360215	6553987	2719831	48851	-41625	-44187	-44918	0	1	6667	8333	1	1	1	1	9286	1667	875	0	0	0	0	0	0	0	0	0	0	0	0	0	0	0	0
1	42662	71	65	31	67	33	7	4	0	6	34	24	4	3	0	0	0	0	0	0	0	0	7	0	523077	369231	61538	46154	0	1	0	3	4	19	1	2	0	0	0	2	1	0	0	0	1	0	193	1204702	9087	9087	26913	35347	6.190.224	1311211	360215	5712126	2374806	42767	-36776	-38768	-39213	0	1	1	1	1	1	1	1	1	3333	1	1	0	0	0	0	0	0	0	1	0	0	0	0	0	0	0
1	43855	685	59	32	61	34	7	4	0	12	27	24	4	3	0	0	1	0	0	0	0	0	8	1	457627	40678	67797	50847	16949	1	0	3	4	19	1	2	0	0	0	2	1	0	0	0	1	0	208	1196312	9087	9087	28365	30674	5.891.237	1460812	360215	5527076	2298966	41492	-3801	-40147	-40665	0	1	1	1	1	5	1	1	9286	3333	1	1	0	0	0	0	0	1	0	1	0	0	0	1	0	1	0
1	42659	736	56	30	58	32	7	4	0	11	26	22	4	3	0	1	0	0	0	0	0	1	8	0	464286	392857	71429	53571	0	1	0	3	4	18	1	2	0	0	1	1	1	0	0	0	1	0	243	118249	9087	11911	21122	28153	5.714.185	1311211	360215	5372757	223572	3954	-31854	-33266	-33422	0	1	1	1	1	5	1	1	9286	3333	1	1	0	1	0	0	0	1	0	1	0	0	0	1	0	1	0
1	48468	642	66	34	68	36	8	4	0	11	32	25	4	4	0	1	0	0	0	0	0	1	9	0	484848	378788	60606	60606	0	1	0	3	4	18	1	2	0	0	1	1	1	0	0	0	1	0	2058	1323669	9882	12706	24035	26443	6.668.365	1426048	360215	6172425	2563453	45609	-3433	-36033	-36335	0	1	8333	1	1	1	1	1	9762	3333	875	0	0	0	0	0	0	0	0	0	0	0	0	0	0	0	0
1	42659	736	56	30	58	32	7	4	0	11	26	22	4	3	0	1	0	0	0	0	0	1	8	0	464286	392857	71429	53571	0	1	0	3	4	18	1	2	0	0	1	1	1	0	0	0	1	0	243	1183715	9087	11911	21122	25239	5.714.185	1311211	360215	5372757	223572	3954	-31854	-33266	-33422	0	1	1	1	1	5	1	1	9286	3333	1	1	0	1	0	0	0	1	0	1	0	0	0	1	0	1	0
1	72505	4	112	52	113	53	20	5	0	12	60	39	6	7	0	0	0	0	0	0	0	0	13	0	535714	348214	53571	625	0	1	0	2	2	12	0	2	0	0	0	2	0	0	0	0	0	0	34525	199151	19219	19219	179	50126	1.126.334	2874724	1476235	9839203	4066231	73523	-29115	-30205	-302	1	25	3333	3333	7	1	1667	0	3976	1667	5	0	0	0	0	0	0	0	0	0	0	0	0	0	0	0	0
1	683	425	107	49	108	50	19	4	0	12	58	38	4	7	0	0	0	0	0	0	0	0	11	0	542056	35514	37383	65421	0	1	0	2	2	12	0	2	0	0	0	2	0	0	0	0	0	0	12928	1895338	1463	1463	31172	63034	10.796.593	2224194	967156	9345017	3863695	69857	-40396	-42813	-43472	1	5	5	5	8	1	3333	0	519	0	625	0	0	0	0	0	0	0	0	0	0	0	0	0	0	0	0
1	69703	416	110	50	111	51	20	4	0	12	60	39	4	7	0	0	0	0	0	0	0	0	11	0	545455	354545	36364	63636	0	1	0	2	2	12	0	2	0	0	0	2	0	0	0	0	0	0	12777	1942116	1463	1463	32905	66921	11.057.361	2224194	967156	957907	3959619	71587	-41869	-44459	-45205	1	5	5	5	8	1	3333	0	519	0	625	0	0	0	0	0	0	0	0	0	0	0	0	0	0	0	0
1	80913	357	122	58	123	59	26	7	0	12	64	43	6	9	0	0	0	0	0	0	0	0	15	0	52459	352459	4918	7377	0	1	0	2	2	12	0	2	0	0	0	2	0	0	0	0	0	0	26095	2187574	21013	21013	13248	62854	12.215.493	3060788	1080645	10827575	4471301	81673	-25161	-25785	-25548	1	25	3333	3333	7	1	1667	0	3976	1667	5	0	0	0	0	0	0	0	0	0	0	0	0	0	0	0	0
1	4496	682	64	33	67	36	6	3	0	12	31	26	3	4	0	0	0	0	0	0	0	0	7	0	484375	40625	46875	625	0	1	0	4	7	23	2	2	0	1	0	2	1	0	0	0	2	0	8016	1248514	9874	9874	25442	30649	6.252.771	1572639	787048	5788704	240619	43152	-35526	-3737	-37742	0	1	1	1	1	1	1	1	1	3333	1	1	0	0	0	0	0	0	0	1	0	0	0	0	0	1	0
1	54463	567	70	39	73	42	7	4	0	12	31	28	4	4	0	0	3	0	0	0	0	0	11	3	442857	40	57143	57143	42857	1	0	4	5	23	1	3	0	1	0	2	1	0	0	0	1	0	7985	137762	1111	1111	40296	43896	6.974.592	2189298	787048	643887	2672652	49269	-48151	-51481	-52596	0	75	8333	8333	9	1	8333	1	8786	1667	875	0	0	0	0	0	0	0	0	0	0	0	0	0	0	0	0
1	38792	892	44	26	47	29	3	2	0	17	18	19	3	2	0	1	0	1	0	0	0	2	7	1	409091	431818	68182	45455	22727	1	0	4	7	23	2	2	0	0	1	3	0	0	1	1	0	0	-2937	104131	6606	7444	35256	51729	4.436.661	624945	16663	4501661	1878714	3183	-43867	-46693	-47556	0	1	1	1	8	5	1	1	9	3333	1	1	0	0	0	0	0	1	0	0	0	0	0	0	0	0	0
0	37586	942	40	24	42	26	3	2	0	11	16	15	3	2	0	1	2	1	0	0	0	2	9	3	40	375	75	5	75	1	0	3	4	17	1	2	0	0	1	2	0	0	1	0	0	0	-1774	880264	6606	7444	27873	39204	4.101.266	924147	16663	4018605	168074	29242	-37592	-39679	-40173	0	1	1	1	8	5	1	1	9	5	1	1	1	1	1	1	0	1	0	1	0	0	0	1	0	1	0
0	54017	601	71	37	74	40	7	3	0	21	34	30	1	4	0	1	0	1	0	0	0	2	7	1	478873	422535	14085	56338	14085	1	0	4	7	23	2	2	0	0	1	3	0	0	2	0	0	0	-4186	1500474	7637	8475	54956	90293	7.115.611	1121412	426833	6796844	2819362	488	-60613	-65408	-67256	1	5	6667	6667	6	5	6667	1	6571	1667	75	0	0	0	0	0	0	0	0	0	0	0	0	0	0	0	0
0	5077	619	69	36	72	39	8	3	0	21	33	29	1	5	0	1	0	0	0	0	0	1	7	0	478261	42029	14493	72464	0	1	0	4	7	23	2	2	0	0	1	3	0	0	2	0	0	0	-4102	1420585	856	9398	43406	79163	675.442	1231411	426833	6456977	2680072	46428	-50795	-54436	-55706	1	5	8333	8333	7	5	8333	1	7429	1667	75	0	0	0	0	0	0	0	0	0	0	0	0	0	0	0	0
1	33988	1039	40	22	42	24	3	2	0	11	18	15	3	2	0	1	0	1	0	0	0	2	7	1	45	375	75	5	25	1	0	3	4	17	1	2	0	0	1	2	0	0	1	0	0	0	-22	876581	6606	7444	2276	36007	4.044.591	624945	16663	3960133	1656776	28028	-33246	-34822	-3506	0	1	1	1	8	5	1	1	9	5	1	1	1	1	1	1	0	1	0	1	0	1	0	1	1	1	1
1	51813	639	67	35	70	38	8	4	0	12	32	26	3	4	0	1	0	1	0	0	0	2	9	1	477612	38806	44776	59701	14925	1	0	4	4	22	0	4	1	0	0	2	1	0	0	0	0	0	1905	1369757	9558	10396	32075	45961	6.588.737	1321429	360215	633505	2630102	46788	-41163	-43671	-44375	0	75	8333	8333	9	1	8333	1	8786	1667	875	0	0	0	0	0	0	0	0	0	0	0	0	0	0	0	0
1	4164	831	49	26	50	27	7	2	0	12	23	19	1	3	0	1	0	2	0	0	0	3	7	2	469388	387755	20408	61224	40816	1	0	2	2	12	0	2	0	0	0	2	0	0	0	0	0	0	-2937	1081713	5761	6599	42658	58259	541.422	885149	426833	4974585	2072535	3612	-50159	-53725	-54958	0	75	1	1	1	5	1	1	8929	1667	875	0	0	0	0	0	0	0	0	0	0	0	0	0	0	0	0
1	46958	66	63	34	66	37	6	3	0	12	29	26	3	3	0	0	2	0	0	0	0	0	8	2	460317	412698	47619	47619	31746	1	0	4	7	23	2	2	0	1	0	2	1	0	0	0	2	0	1766	123973	7851	7851	30985	45814	6.021.381	1445008	360215	5749668	2390192	43487	-40238	-42636	-43285	0	1	8333	1	1	1	1	1	9762	1667	875	1	0	0	0	0	0	0	0	0	0	0	0	1	0	0	0
0	45876	644	79	33	80	34	13	2	0	6	46	28	2	3	0	0	0	0	0	0	0	0	5	0	582278	35443	25316	37975	0	1	0	2	2	12	0	2	0	0	0	2	0	0	0	0	0	0	7415	1342083	7843	7843	37102	60875	7.557.743	1289947	787048	6640033	2755096	49251	-45437	-48447	-49402	0	1	6667	8333	1	1	8333	5	8333	1667	875	0	0	0	0	0	0	0	0	0	0	0	0	0	0	0	0
0	55157	569	67	38	69	40	8	1	0	12	29	27	1	2	0	0	8	0	0	0	0	0	11	8	432836	402985	14925	29851	119403	1	0	3	3	18	0	3	0	0	0	3	0	0	0	0	0	0	-3221	1265257	4054	4054	62579	77613	6.569.238	1906335	426833	6053322	251464	47544	-67092	-7265	-74879	1	5	6667	6667	8	1	6667	1	7571	5	625	0	0	0	0	0	0	0	0	0	0	0	0	0	0	0	0
1	51557	603	65	36	67	38	8	1	0	12	29	26	2	2	0	0	6	0	0	0	0	0	10	6	446154	40	30769	30769	92308	1	-1	3	3	18	0	3	0	0	0	3	0	0	0	0	0	0	-7167	1216734	5626	5626	5067	63879	6.356.808	161438	0	5890864	2448059	45568	-5697	-61337	-6297	1	5	6667	6667	8	1	6667	1	7571	3333	75	0	0	0	0	0	0	0	0	0	0	0	0	0	0	0	0
1	51557	603	65	36	67	38	8	1	0	12	29	26	2	2	0	0	6	0	0	0	0	0	10	6	446154	40	30769	30769	92308	1	-1	3	3	18	0	3	0	0	0	3	0	0	0	0	0	0	-7167	1216734	5626	5626	5067	63879	6.356.808	161438	0	5890864	2448059	45568	-5697	-61337	-6297	1	5	6667	6667	8	1	6667	1	7571	3333	75	0	0	0	0	0	0	0	0	0	0	0	0	0	0	0	0
0	51656	603	64	36	66	38	8	1	0	12	28	25	3	2	0	0	6	0	0	0	0	0	11	6	4375	390625	46875	3125	9375	1	-1	3	3	18	0	3	0	0	0	3	0	0	0	0	0	0	-6892	1211647	6915	6915	48959	6349	630.974	1779785	0	5822591	2420078	44938	-55515	-59711	-61259	1	5	6667	8333	9	1	8333	1	819	1667	75	0	0	0	0	0	0	0	0	0	0	0	0	0	0	0	0
0	48764	639	69	35	72	38	9	1	0	12	34	28	2	2	0	0	3	0	0	0	0	0	7	3	492754	405797	28986	28986	43478	1	-1	4	4	21	0	4	1	0	0	3	0	0	0	0	0	0	-7937	1280624	5626	5626	48958	60575	6.469.655	1165576	0	6090864	2530026	45971	-55514	-5971	-61258	0	75	6667	8333	1	1	1	1	8929	3333	75	0	0	0	0	0	0	0	0	0	0	0	0	0	0	0	0
1	48203	663	64	33	66	35	8	1	0	12	31	26	1	2	0	0	3	1	0	0	0	1	7	4	484375	40625	15625	3125	625	1	0	3	3	18	0	3	0	0	0	3	0	0	0	0	0	0	-3821	1253112	4054	4054	57775	75099	6.380.801	1158329	426833	5876412	2442136	443	-63009	-68086	-70075	0	75	6667	8333	9	1	8333	1	8548	5	75	0	0	0	0	0	0	0	0	0	0	0	0	0	0	0	0
1	51656	603	64	36	66	38	8	1	0	12	28	25	3	2	0	0	6	0	0	0	0	0	11	6	4375	390625	46875	3125	9375	1	-1	3	3	18	0	3	0	0	0	3	0	0	0	0	0	0	-6892	1176546	6915	6915	48959	58614	6.303.614	1782235	0	5822591	2420078	44938	-55515	-59711	-61259	1	5	6667	8333	9	1	8333	1	819	1667	75	0	0	0	0	0	0	0	0	0	0	0	0	0	0	0	0
1	51656	603	64	36	66	38	8	1	0	12	28	25	3	2	0	0	6	0	0	0	0	0	11	6	4375	390625	46875	3125	9375	1	-1	3	3	18	0	3	0	0	0	3	0	0	0	0	0	0	-6892	1191445	6915	6915	40839	56658	6.303.614	1782235	0	5822591	2420078	44938	-48613	-51997	-53139	0	75	8333	8333	9	1	8333	1	8786	1667	875	0	0	0	0	0	0	0	0	0	0	0	0	0	0	0	0
1	51656	603	64	36	66	38	8	1	0	12	28	25	3	2	0	0	6	0	0	0	0	0	11	6	4375	390625	46875	3125	9375	1	-1	3	3	18	0	3	0	0	0	3	0	0	0	0	0	0	-6892	1180266	6915	6915	48959	54329	6.303.614	1782235	0	5822591	2420078	44938	-55515	-59711	-61259	1	5	6667	8333	9	1	8333	1	819	1667	75	0	0	0	0	0	0	0	0	0	0	0	0	0	0	0	0
0	49065	622	70	35	72	37	9	1	0	12	35	27	3	2	0	0	3	0	0	0	0	0	8	3	50	385714	42857	28571	42857	1	-1	3	3	18	0	3	0	0	0	3	0	0	0	0	0	0	-7654	1262437	6915	6915	4726	56848	6.777.696	1333432	0	620299	257598	46577	-54071	-58097	-5956	0	75	6667	8333	1	1	1	1	8929	1667	75	0	0	0	0	0	0	0	0	0	0	0	0	0	0	0	0
0	51656	603	64	36	66	38	8	1	0	12	28	25	3	2	0	0	6	0	0	0	0	0	11	6	4375	390625	46875	3125	9375	1	-1	3	3	18	0	3	0	0	0	3	0	0	0	0	0	0	-6892	1180266	6915	6915	48959	54329	6.303.614	1782235	0	5822591	2420078	44938	-55515	-59711	-61259	1	5	6667	8333	9	1	8333	1	819	1667	75	0	0	0	0	0	0	0	0	0	0	0	0	0	0	0	0
1	46755	665	63	32	64	33	9	1	0	6	31	23	1	2	0	0	6	0	0	0	0	0	9	6	492063	365079	15873	31746	95238	1	0	2	2	12	0	2	0	0	0	2	0	0	0	0	0	0	-3097	1105503	4054	4054	52601	68462	6.120.492	1607133	426833	5453322	2268739	42528	-58611	-63171	-64901	0	75	6667	6667	9	1	8333	1	831	5	75	0	0	0	0	0	0	0	0	0	0	0	0	0	0	0	0
1	45674	644	77	33	78	34	13	3	0	6	44	28	2	3	0	0	0	0	0	0	0	0	5	0	571429	363636	25974	38961	0	1	0	2	2	12	0	2	0	0	0	2	0	0	0	0	0	0	1018	1333864	7527	7527	36277	6048	7.315.983	1114563	360215	6568605	2725822	48987	-44736	-47663	-48577	0	1	6667	8333	1	1	8333	5	8333	1667	875	0	0	0	0	0	0	0	0	0	0	0	0	0	0	0	0
0	43873	667	77	31	77	31	13	3	0	0	46	25	2	4	0	0	0	0	0	0	0	0	6	0	597403	324675	25974	51948	0	1	0	1	1	6	0	1	0	0	0	1	0	0	0	0	0	0	8121	1238284	955	955	25107	49676	7.506.018	1541396	787048	6358638	263977	47794	-35241	-37052	-37407	0	1	8333	8333	1	1	8333	5	8571	3333	875	0	0	0	0	0	0	0	0	0	0	0	0	0	0	0	0
0	47274	624	78	34	79	35	13	3	0	6	44	28	2	4	0	0	0	0	0	0	0	0	6	0	564103	358974	25641	51282	0	1	0	2	2	12	0	2	0	0	0	2	0	0	0	0	0	0	7528	134893	955	955	31238	56521	759.976	1541396	787048	6666113	2765784	49866	-40452	-42876	-43538	0	1	6667	8333	1	1	8333	5	8333	1667	75	0	0	0	0	0	0	0	0	0	0	0	0	0	0	0	0
1	48677	605	81	35	82	36	14	3	0	6	46	29	2	4	0	0	0	0	0	0	0	0	6	0	567901	358025	24691	49383	0	1	0	2	2	12	0	2	0	0	0	2	0	0	0	0	0	0	7349	1393489	955	955	30512	55373	7.860.527	1541396	787048	6900166	2861707	51596	-39835	-42187	-42812	0	1	6667	8333	1	1	8333	5	8333	1667	75	0	0	0	0	0	0	0	0	0	0	0	0	0	0	0	0
0	47762	644	69	33	70	34	10	1	0	6	36	25	1	2	0	0	5	0	0	0	0	0	8	5	521739	362319	14493	28986	72464	1	0	2	2	12	0	2	0	0	0	2	0	0	0	0	0	0	-3521	1184526	4054	4054	55609	73032	665.125	1457532	426833	5892193	2448604	45381	-61167	-66028	-67909	0	75	5	6667	9	1	8333	1	8071	5	75	0	0	0	0	0	0	0	0	0	0	0	0	0	0	0	0
0	45469	706	66	32	69	35	8	3	0	12	34	26	2	3	0	1	0	0	0	0	0	1	6	0	515152	393939	30303	45455	0	1	0	4	7	24	3	2	0	0	1	2	1	1	0	0	1	1	146	1278633	7527	8365	39373	55308	6.129.417	1038736	344157	5939867	2468142	43552	-47367	-50604	-51673	0	1	8333	1	1	1	1	1	9762	1667	1	1	0	0	0	0	0	0	0	0	0	0	0	0	0	0	0
1	40102	831	55	26	56	27	8	3	0	6	29	19	2	3	0	1	0	1	0	0	0	2	7	1	527273	345455	36364	54545	18182	1	0	2	2	13	0	2	0	0	0	1	1	0	0	0	0	0	-2937	105601	6648	7486	28905	48479	5.482.641	889872	180108	50799	2115697	37317	-38469	-40659	-41205	0	1	1	1	1	1	1	1	1	3333	1	1	0	0	0	0	0	1	1	0	0	0	0	0	0	1	0
0	37296	906	49	24	50	25	6	3	0	6	25	17	2	3	0	1	0	1	0	0	0	2	7	1	510204	346939	40816	61224	20408	1	0	2	2	13	0	2	0	0	0	1	1	0	0	0	0	0	-2597	96399	6648	7486	24306	39355	4.961.106	889872	180108	4611794	192385	33857	-3456	-36291	-36606	0	1	1	1	1	1	1	1	1	3333	1	1	1	1	0	1	0	1	1	1	0	0	0	1	0	1	0
1	4336	706	63	32	66	35	6	3	0	12	31	26	3	3	0	0	0	0	0	0	0	0	6	0	492063	412698	47619	47619	0	1	0	4	7	23	2	2	0	1	0	2	1	0	0	0	2	0	146	1237107	7851	7851	28973	36634	5.964.706	1145806	360215	5691196	2366228	42273	-38527	-40724	-41273	0	1	1	1	1	1	1	1	1	3333	1	1	0	0	0	0	0	1	0	1	0	0	0	1	0	1	0
1	52863	583	69	38	72	41	7	4	0	12	31	28	4	3	0	0	3	0	0	0	0	0	10	3	449275	405797	57971	43478	43478	1	0	4	5	23	1	3	0	1	0	2	1	0	0	0	1	0	1751	1366213	9087	9087	43719	49881	6.686.527	1762465	360215	6341362	2632689	4839	-51061	-54733	-56019	1	5	8333	8333	9	1	8333	1	8429	1667	75	0	0	0	0	0	0	0	0	0	0	0	0	0	0	0	0
0	43142	798	51	27	52	28	8	2	0	12	24	19	2	3	0	1	0	2	0	0	0	3	8	2	470588	372549	39216	58824	39216	1	0	2	2	12	0	2	0	0	0	2	0	0	0	0	0	0	9814	109956	8363	9201	32101	42646	5.621.192	121412	755805	5140365	2140478	3722	-41186	-43696	-44401	0	1	1	1	1	1	1	1	1	1667	1	1	0	1	0	0	0	1	0	1	0	0	0	1	0	1	0
1	45773	644	76	33	77	34	12	3	0	6	43	27	3	3	0	0	0	0	0	0	0	0	6	0	565789	355263	39474	39474	0	1	0	2	2	12	0	2	0	0	0	2	0	0	0	0	0	0	7716	1319207	873	873	30635	50265	7.226.747	129467	540323	6500332	2697841	48357	-3994	-42303	-42935	0	1	6667	8333	1	1	8333	5	8333	1667	875	0	0	0	0	0	0	0	0	0	0	0	0	0	0	0	0
1	41957	731	60	31	63	34	5	3	0	12	29	25	3	3	0	0	0	0	0	0	0	0	6	0	483333	416667	5	5	0	1	0	4	7	23	2	2	0	1	0	2	1	0	0	0	2	0	161	1190329	7851	7851	2693	32747	5.703.938	1145806	360215	5457143	2270304	40543	-3679	-38783	-3923	0	1	1	1	1	1	1	1	1	3333	1	1	0	0	0	0	0	1	0	1	0	0	0	1	0	1	0
1	4336	706	63	32	66	35	5	3	0	12	31	26	3	3	0	0	0	0	0	0	0	0	6	0	492063	412698	47619	47619	0	1	0	4	7	24	2	2	0	0	1	2	1	0	0	0	2	0	146	1236339	7851	7851	28973	37309	5.964.706	1145806	360215	5691196	2366228	42273	-38527	-40724	-41273	0	1	1	1	1	1	1	1	1	3333	1	1	0	0	0	0	0	1	0	1	0	0	0	1	0	1	0
1	5146	601	66	37	69	40	6	4	0	12	29	27	4	3	0	0	3	0	0	0	0	0	10	3	439394	409091	60606	45455	45455	1	0	4	5	23	1	3	0	1	0	2	1	0	0	0	1	0	189	1319435	9087	9087	41778	45994	642.576	1762465	360215	6107309	2536766	4666	-49411	-52889	-54078	1	5	8333	8333	9	1	8333	1	8429	1667	875	0	0	0	0	0	0	0	0	0	0	0	0	0	0	0	0
1	52863	583	69	38	72	41	6	4	0	12	31	28	4	3	0	0	3	0	0	0	0	0	10	3	449275	405797	57971	43478	43478	1	0	4	5	24	1	3	0	0	1	2	1	0	0	0	1	0	1751	1365445	9087	9087	43719	50556	6.686.527	1762465	360215	6341362	2632689	4839	-51061	-54733	-56019	1	5	8333	8333	9	1	8333	1	8429	1667	75	0	0	0	0	0	0	0	0	0	0	0	0	0	0	0	0
1	4466	682	63	33	66	36	6	4	0	12	30	26	4	3	0	0	0	0	0	0	0	0	7	0	47619	412698	63492	47619	0	1	0	4	5	23	1	3	0	1	0	2	1	0	0	0	1	0	1618	1259698	9087	9087	34122	36571	6.079.979	1313661	360215	5785548	2404897	43109	-42904	-45616	-46422	0	1	1	1	1	1	1	1	1	1667	1	1	0	0	0	0	0	1	0	1	0	0	0	1	0	1	0
1	46063	66	66	34	69	37	6	4	0	12	32	27	4	3	0	0	0	0	0	0	0	0	7	0	484848	409091	60606	45455	0	1	0	4	5	24	1	3	0	0	1	2	1	0	0	0	1	0	1475	1305708	9087	9087	36135	41133	6.340.746	1313661	360215	6019601	250082	44839	-44614	-47528	-48435	0	1	8333	1	1	1	1	1	9762	1667	875	0	0	0	0	0	0	0	0	0	0	0	0	0	0	0	0
1	34582	996	36	22	37	23	4	2	0	12	14	15	1	2	0	1	2	1	0	0	0	2	7	3	388889	416667	27778	55556	83333	1	0	2	2	12	0	2	0	0	0	2	0	0	0	0	0	0	-6722	833096	3738	4576	41532	49453	3.955.375	757517	0	3796013	1589514	28014	-49202	-52656	-53832	0	75	1	1	8	5	1	1	8643	5	1	1	0	0	0	0	0	0	0	0	0	0	0	0	0	1	0
0	37231	9	44	25	46	27	4	1	0	17	19	21	1	1	0	0	0	2	0	0	0	2	4	2	431818	477273	22727	22727	45455	1	0	3	4	18	1	2	0	0	0	3	0	0	0	1	0	0	-8299	1042706	2031	2031	55934	5791	467.959	282692	0	4581395	1911392	32853	-61444	-66337	-68234	0	75	8333	8333	7	5	8333	1	7786	5	875	0	0	0	0	0	0	0	0	0	0	0	0	0	0	0	0
0	38831	862	45	26	47	28	4	1	0	17	19	21	1	2	0	0	0	2	0	0	0	2	5	2	422222	466667	22222	44444	44444	1	0	3	4	18	1	2	0	0	0	3	0	0	0	1	0	0	-3697	1059647	4054	4054	55366	55236	489.395	709526	426833	4678904	1951354	33732	-60961	-65798	-67666	0	75	8333	8333	7	5	8333	1	7786	5	875	1	0	0	0	0	0	0	0	0	0	0	0	0	0	0	0
0	31943	942	45	24	47	26	4	1	0	17	21	21	1	2	0	0	0	0	0	0	0	0	3	0	466667	466667	22222	44444	0	1	0	3	4	18	1	2	0	0	0	3	0	0	0	1	0	0	-4243	963551	4054	4054	4567	41948	4.465.912	709526	426833	4272259	1784696	3069	-5272	-56587	-5797	0	75	8333	1	8	5	1	1	8405	5	875	1	0	1	0	1	0	1	0	1	0	0	0	1	0	1	0
0	33351	9	52	25	54	27	7	0	0	17	27	23	1	1	0	0	0	0	0	0	0	0	2	0	519231	442308	19231	19231	0	1	0	3	4	18	1	2	0	0	0	3	0	0	0	1	0	0	-4749	1056576	2347	2347	4459	46735	5.014.847	458077	426833	4714286	1965855	33535	-51802	-55561	-5689	0	75	1	1	8	5	1	1	8643	5	875	1	0	0	0	1	0	1	1	0	0	0	0	1	0	1	0
1	58359	569	70	38	72	40	13	3	0	17	32	26	4	5	0	1	0	2	0	0	0	3	12	2	457143	371429	57143	71429	28571	1	0	3	3	17	0	3	0	0	1	2	0	0	0	0	0	0	-296	1496355	10497	11335	29259	48173	7.475.954	1445695	426833	6910631	2865996	5017	-3877	-40996	-41559	0	75	5	6667	9	1	6667	5	7119	3333	75	0	0	0	0	0	0	0	0	0	0	0	0	0	0	0	0
1	48854	622	61	35	63	37	6	4	0	12	26	24	4	5	0	0	2	0	0	0	0	0	11	2	42623	393443	65574	81967	32787	1	0	3	4	19	1	2	0	0	0	2	1	0	0	0	1	0	8767	1215825	11905	11905	21265	16161	6.337.668	2152084	787048	5751329	2390873	43857	-31976	-33402	-33565	0	1	6667	1	1	1	1	1	9524	3333	875	0	0	0	0	0	0	0	0	1	0	0	0	0	0	0	0
0	57256	538	66	40	68	42	6	4	0	12	26	26	4	4	0	0	6	0	0	0	0	0	14	6	393939	393939	60606	60606	90909	1	0	3	4	19	1	2	0	0	0	2	1	0	0	0	1	0	2484	1316838	9882	9882	36648	36352	6.688.777	2323655	360215	623887	2590685	48866	-45051	-48016	-48948	0	75	8333	8333	9	1	8333	1	8786	1667	875	0	0	0	0	0	0	0	0	0	0	0	0	0	0	0	0
1	47254	642	60	34	62	36	6	4	0	12	26	24	4	4	0	0	2	0	0	0	0	0	10	2	433333	40	66667	66667	33333	1	0	3	4	19	1	2	0	0	0	2	1	0	0	0	1	0	235	1201692	9882	9882	28655	21616	6.053.891	172525	360215	5653821	235091	42978	-38257	-40423	-40955	0	1	8333	1	1	1	1	1	9762	3333	875	1	0	0	0	0	0	0	0	1	0	0	0	1	0	0	0
1	45455	663	60	33	62	35	6	4	0	12	27	24	4	4	0	0	1	0	0	0	0	0	9	1	45	40	66667	66667	16667	1	0	3	4	19	1	2	0	0	0	2	1	0	0	0	1	0	2219	1199528	9882	9882	24941	19561	6.025.553	1575649	360215	5624585	2338928	42371	-351	-36894	-37241	0	1	8333	1	1	1	1	1	9762	3333	1	1	0	0	0	0	0	0	0	1	0	0	0	1	0	1	0
0	48662	619	66	36	69	39	6	4	0	17	30	28	4	4	0	0	0	0	0	0	0	0	8	0	454545	424242	60606	60606	0	1	0	4	6	25	2	2	0	0	0	3	1	0	0	1	1	0	1484	1361866	9882	9882	27897	2659	6.473.621	1426048	360215	6208306	2578158	4583	-37613	-39702	-40197	0	1	8333	1	8	5	1	1	8762	3333	875	0	0	0	0	0	0	0	0	0	0	0	0	0	0	0	0
1	43656	685	60	32	62	34	6	4	0	12	28	24	4	4	0	0	0	0	0	0	0	0	8	0	466667	40	66667	66667	0	1	0	3	4	19	1	2	0	0	0	2	1	0	0	0	1	0	208	1197364	9882	9882	21219	17506	5.997.215	1426048	360215	5595349	2326946	41764	-31936	-33358	-33519	0	1	1	1	1	1	1	1	1	3333	1	1	0	0	0	0	0	0	0	1	0	0	0	1	0	1	0
0	43755	685	59	32	61	34	6	4	0	12	27	23	5	4	0	0	0	0	0	0	0	0	9	0	457627	389831	84746	67797	0	1	0	3	4	19	1	2	0	0	0	2	1	0	0	0	1	0	2389	1175795	11171	11171	11718	6	594.402	1593903	360215	5527076	2298966	41134	-2386	-24332	-24018	0	1	8333	1	1	1	1	1	9762	3333	1	1	0	0	0	0	0	0	0	1	0	0	0	1	0	1	0
1	42652	71	57	31	59	33	6	4	0	11	26	22	4	5	0	0	0	0	0	0	0	0	9	0	45614	385965	70175	87719	0	1	0	3	4	18	1	2	0	0	1	1	1	0	0	0	1	0	2569	1121273	11196	11196	10309	11458	5.712.607	1521121	360215	5296179	2204336	39447	-22662	-22993	-22609	0	1	8333	1	1	1	1	1	9762	3333	1	1	0	0	0	0	0	0	0	1	1	0	0	1	0	1	0
0	43755	685	59	32	61	34	6	4	0	12	27	23	5	4	0	0	0	0	0	0	0	0	9	0	457627	389831	84746	67797	0	1	0	3	4	19	1	2	0	0	0	2	1	0	0	0	1	0	2389	1175795	11171	11171	11718	6	594.402	1593903	360215	5527076	2298966	41134	-2386	-24332	-24018	0	1	8333	1	1	1	1	1	9762	3333	1	1	0	0	0	0	0	0	0	1	0	0	0	1	0	1	0
1	42652	71	57	31	59	33	6	4	0	11	26	22	4	5	0	0	0	0	0	0	0	0	9	0	45614	385965	70175	87719	0	1	0	3	4	18	1	2	0	0	1	1	1	0	0	0	1	0	2569	1122498	11196	11196	10309	8544	5.712.607	1521121	360215	5296179	2204336	39447	-22662	-22993	-22609	0	1	8333	1	1	1	1	1	9762	3333	1	1	0	0	0	0	0	0	0	1	0	0	0	1	0	1	0
1	44259	71	57	31	59	33	6	4	0	11	26	22	4	4	0	1	0	0	0	0	0	1	9	0	45614	385965	70175	70175	0	1	0	3	4	18	1	2	0	0	1	1	1	0	0	0	1	0	2569	1186931	9882	12706	17699	14126	5.848.502	1426048	360215	5470266	2275683	40419	-28944	-30014	-29999	0	1	1	1	1	1	1	1	1	3333	1	1	0	1	0	0	0	0	0	1	0	0	0	1	0	1	0
1	51908	682	58	33	61	36	4	4	0	12	25	22	2	4	0	2	2	1	0	0	0	3	11	3	431034	37931	34483	68966	51724	1	0	4	5	24	1	3	0	0	0	4	0	0	0	1	0	0	-2619	1231097	8355	10031	48394	45085	589.912	1364697	16405	570598	2372287	42361	-55035	-59174	-60694	1	5	6667	8333	7	5	8333	1	719	1667	75	0	0	0	0	0	0	0	0	0	0	0	0	0	0	0	0
1	58217	58	73	39	77	43	7	3	0	12	34	28	3	4	0	1	2	1	0	0	0	2	11	3	465753	383562	41096	54795	41096	1	0	5	5	27	0	5	1	0	0	4	0	0	0	0	0	0	-713	1459693	7016	7854	41359	6176	7.016.398	1181452	0	6752658	2801253	5049	-49055	-52491	-53659	0	75	8333	8333	9	1	8333	1	8786	1667	75	0	0	0	0	0	0	0	0	0	0	0	0	0	0	0	0
1	44251	685	56	32	58	34	6	4	0	12	24	23	4	3	0	0	2	0	0	0	0	0	9	2	428571	410714	71429	53571	35714	1	0	3	4	19	1	2	0	0	0	2	1	0	0	0	1	0	2389	11534	9087	9087	30002	27675	5.663.096	1610413	360215	5322259	2215024	40369	-39402	-41702	-42302	0	1	1	1	1	5	1	1	9286	1667	1	1	0	1	0	0	0	1	0	1	0	0	0	1	0	1	0
1	47543	713	54	30	55	31	9	3	0	12	24	20	2	5	0	1	0	2	0	0	0	3	10	2	444444	37037	37037	92593	37037	1	0	2	2	12	0	2	0	0	0	2	0	0	0	0	0	0	309	1179329	9594	10432	29022	48073	6.043.979	1426704	606941	5498007	2287052	40444	-38569	-40771	-41322	0	1	8333	8333	1	1	1	1	9524	3333	875	1	0	0	0	0	0	0	0	0	0	0	0	0	0	0	0
0	42495	82	49	28	52	31	4	3	0	11	21	18	4	4	0	1	0	1	0	0	0	2	10	1	428571	367347	81633	81633	20408	1	0	4	7	23	3	2	0	0	1	3	0	1	1	0	1	0	-2171	1049449	956	10398	14442	28869	4.879.097	1017636	16663	4771262	1989206	34576	-26176	-2692	-26742	0	1	1	1	8	5	1	1	9	3333	1	1	0	1	0	0	0	1	0	1	1	0	0	1	0	1	0
0	43339	798	49	27	50	28	8	2	0	12	22	18	2	4	0	1	0	2	0	0	0	3	9	2	44898	367347	40816	81633	40816	1	0	2	2	12	0	2	0	0	0	2	0	0	0	0	0	0	10181	1069973	9286	10124	30272	3645	5.503.044	1352451	755805	5003821	2084517	36369	-39631	-41958	-42572	0	1	1	1	1	1	1	1	1	1667	1	1	0	1	0	0	0	1	0	1	0	0	0	1	0	1	0
1	53507	66	59	34	62	37	6	4	0	12	25	23	0	6	0	2	2	1	0	0	0	3	11	3	423729	389831	0	101695	50847	1	0	4	7	24	2	2	0	0	0	4	0	0	0	2	0	0	-671	1239819	8674	1035	3829	39239	6.074.478	1405459	0	5803488	2412249	43649	-46447	-49576	-5059	0	75	8333	8333	7	5	8333	1	7786	1667	875	0	0	0	0	0	0	0	0	0	0	0	0	0	0	0	0
0	31677	1105	31	20	32	21	3	2	0	12	11	14	0	2	0	1	2	1	0	0	0	2	6	3	354839	451613	0	64516	96774	1	0	2	2	12	0	2	0	0	0	2	0	0	0	0	0	0	-6888	74081	3414	4252	47458	43924	3.505.478	742332	0	3396179	1425647	25184	-54239	-58285	-59758	0	75	8333	1	6	5	1	1	8119	6667	875	1	0	1	0	0	0	0	0	1	0	0	0	1	0	1	0
1	40035	9	44	25	46	27	6	2	0	12	19	18	1	3	0	1	0	2	0	0	0	3	7	2	431818	409091	22727	68182	45455	1	0	3	3	15	0	3	1	0	0	2	0	0	0	0	0	0	-2773	1016913	5761	6599	36508	50656	4.792.217	885149	426833	4560133	1902677	33154	-44932	-47883	-48808	0	1	1	1	8	5	1	1	9	1667	1	1	0	0	0	0	0	1	0	0	0	0	0	0	0	1	0
1	106586	301	140	73	146	79	29	6	0	24	67	54	6	8	0	2	2	1	0	0	0	3	19	3	478571	385714	42857	57143	21429	1	0	7	8	39	1	6	0	0	3	4	0	1	0	0	0	0	11367	2828086	17548	20916	40044	105346	13.522.205	2734985	72043	12993355	5358916	97109	-47938	-51242	-52344	1	5	3333	5	8	1	3333	0	4952	0	5	0	0	0	0	0	0	0	0	0	0	0	0	0	0	0	0
1	102377	315	131	70	137	76	26	6	0	24	61	51	6	8	0	2	2	1	0	0	0	3	19	3	465649	389313	45802	61069	22901	1	0	7	8	39	1	6	0	0	3	4	0	1	0	0	0	0	11663	2690056	17548	20916	3552	9166	12.739.902	2734985	72043	12291196	5071146	91919	-44092	-46944	-4782	1	5	3333	5	8	1	3333	0	4952	0	5	0	0	0	0	0	0	0	0	0	0	0	0	0	0	0	0
1	106586	301	140	73	146	79	29	6	0	24	67	54	6	8	0	2	2	1	0	0	0	3	19	3	478571	385714	42857	57143	21429	1	0	7	8	39	1	6	0	0	3	4	0	1	0	0	0	0	11367	2826847	17548	20916	35984	100209	13.522.205	2734985	72043	12993355	5358916	97109	-44487	-47385	-48284	1	5	3333	5	8	1	3333	0	4952	0	5	0	0	0	0	0	0	0	0	0	0	0	0	0	0	0	0
1	102377	315	131	70	137	76	26	6	0	24	61	51	6	8	0	2	2	1	0	0	0	3	19	3	465649	389313	45802	61069	22901	1	0	7	8	39	1	6	0	0	3	4	0	1	0	0	0	0	11663	2688817	17548	20916	3146	86523	12.739.902	2734985	72043	12291196	5071146	91919	-40641	-43087	-4376	1	5	3333	5	8	1	3333	0	4952	0	5	0	0	0	0	0	0	0	0	0	0	0	0	0	0	0	0
1	63921	507	77	44	81	48	12	3	0	24	33	34	2	4	0	1	2	1	0	0	0	2	10	3	428571	441558	25974	51948	38961	1	0	5	5	29	0	5	0	0	1	4	0	0	0	0	0	0	-7682	1706376	6692	753	47653	82299	7.638.891	1150209	0	7562625	3133207	56006	-54405	-5847	-59953	1	5	5	6667	7	5	6667	5	5762	1667	5	0	0	0	0	0	0	0	0	0	0	0	0	0	0	0	0
0	60323	534	77	42	81	46	12	3	0	24	35	34	2	4	0	1	0	1	0	0	0	2	8	1	454545	441558	25974	51948	12987	1	0	5	5	29	0	5	0	0	1	4	0	0	0	0	0	0	-8045	1702048	6692	753	45863	78189	7.582.215	851006	0	7504153	3109243	54792	-52883	-5677	-58163	1	5	5	6667	7	5	6667	5	5762	1667	5	0	0	0	0	0	0	0	0	0	0	0	0	0	0	0	0
1	47082	764	47	29	49	31	6	2	0	18	18	21	1	3	0	1	0	3	0	0	0	4	8	3	382979	446809	21277	6383	6383	1	0	3	3	18	0	3	0	0	0	3	0	0	0	0	0	0	-3023	1191669	5761	6599	46885	64933	5.461.213	885149	426833	5251329	2185954	37983	-53752	-57741	-59185	0	75	6667	1	6	5	1	1	7881	1667	75	0	0	0	0	0	0	0	0	0	0	0	0	0	0	0	0
0	42496	794	50	28	52	30	5	3	0	12	22	20	2	3	0	1	1	1	0	0	0	2	8	2	44	40	4	6	4	1	0	3	3	19	0	3	0	0	0	2	1	0	0	0	0	0	-2878	1072244	6648	7486	32584	45215	5.125.036	1039473	180108	4948505	2061846	36536	-41597	-44155	-44884	0	1	1	1	8	5	1	1	9	1667	1	1	0	0	0	0	0	1	0	0	0	0	0	1	0	1	0
1	41438	862	47	26	49	28	6	2	0	12	21	19	1	3	0	1	0	2	0	0	0	3	7	2	446809	404255	21277	6383	42553	1	0	3	3	16	0	3	0	1	0	2	0	0	0	0	0	0	-2937	1062923	5761	6599	38738	55218	5.052.984	885149	426833	4794186	1998601	34884	-46827	-50001	-51038	0	1	1	1	1	5	1	1	9286	1667	1	1	0	0	0	0	0	0	0	0	0	0	0	0	0	0	0
1	48644	706	53	32	56	35	6	2	0	23	21	25	1	3	0	1	0	2	0	0	0	3	7	2	396226	471698	18868	56604	37736	1	0	4	5	24	1	3	0	0	0	4	0	0	0	1	0	0	-3717	1308123	5761	6599	51605	67373	5.723.601	885149	426833	5660963	2353837	40528	-57765	-62225	-63905	0	75	6667	8333	5	5	8333	1	7262	1667	75	0	0	0	0	0	0	0	0	0	0	0	0	0	0	0	0
1	42841	826	50	27	52	29	6	2	0	12	23	20	1	3	0	1	0	2	0	0	0	3	7	2	46	40	2	6	4	1	0	3	3	17	0	3	0	0	1	2	0	0	0	0	0	0	-3089	1108933	5761	6599	40926	5978	5.313.752	885149	426833	5028239	2094524	36614	-48687	-5208	-53226	0	1	1	1	8	5	1	1	9	1667	1	0	0	0	0	0	0	0	0	0	0	0	0	0	0	0	0
1	41591	782	48	30	52	34	3	1	0	23	18	23	5	1	0	0	0	1	0	0	0	1	7	1	375	479167	104167	20833	20833	1	0	5	8	30	2	3	0	0	1	3	1	0	0	0	2	0	2099	1172808	7936	7936	36157	47108	472.879	947375	360215	4934219	2055992	34838	-44633	-47549	-48457	0	1	1	1	6	0	1	1	8	3333	875	1	0	0	0	0	0	1	0	0	0	0	0	0	0	1	0
1	44244	794	53	28	55	30	6	2	0	12	25	21	1	3	0	1	0	2	0	0	0	3	7	2	471698	396226	18868	56604	37736	1	0	3	3	18	0	3	0	0	0	3	0	0	0	0	0	0	-3231	1154943	5761	6599	43074	64342	5.574.519	885149	426833	5262292	2190448	38344	-50513	-54121	-55374	0	75	1	1	1	5	1	1	8929	1667	875	0	0	0	0	0	0	0	0	0	0	0	0	0	0	0	0
0	5351	619	65	36	68	39	10	2	0	18	29	27	2	3	0	1	2	1	0	0	0	2	9	3	446154	415385	30769	46154	46154	1	0	4	4	23	0	4	0	0	1	3	0	0	0	0	0	0	-7443	1400621	4985	5823	45158	68257	6.422.501	898759	0	6292857	261281	46399	-52284	-561	-57458	1	5	5	6667	7	5	8333	1	6714	3333	75	0	0	0	0	0	0	0	0	0	0	0	0	0	0	0	0
0	60323	534	77	42	81	46	12	3	0	24	35	34	2	4	0	1	0	1	0	0	0	2	8	1	454545	441558	25974	51948	12987	1	0	5	5	29	0	5	0	0	1	4	0	0	0	0	0	0	-8045	1702048	6692	753	45863	78189	7.582.215	851006	0	7504153	3109243	54792	-52883	-5677	-58163	1	5	5	6667	7	5	6667	5	5762	1667	5	0	0	0	0	0	0	0	0	0	0	0	0	0	0	0	0
0	53356	639	65	35	68	38	10	2	0	18	30	27	2	3	0	1	0	2	0	0	0	3	8	2	461538	415385	30769	46154	30769	1	0	4	4	23	0	4	0	0	1	3	0	0	0	0	0	0	-7654	1444341	4985	5823	45158	70791	6.579.845	599557	0	6437708	2672175	46706	-52284	-561	-57458	1	5	5	6667	7	5	8333	1	6714	3333	75	0	0	0	0	0	0	0	0	0	0	0	0	0	0	0	0
0	60323	534	77	42	81	46	12	3	0	24	35	34	2	4	0	1	0	1	0	0	0	2	8	1	454545	441558	25974	51948	12987	1	0	5	5	29	0	5	0	0	1	4	0	0	0	0	0	0	-8045	1702048	6692	753	45863	78189	7.582.215	851006	0	7504153	3109243	54792	-52883	-5677	-58163	1	5	5	6667	7	5	6667	5	5762	1667	5	0	0	0	0	0	0	0	0	0	0	0	0	0	0	0	0
0	53356	639	65	35	68	38	10	2	0	18	30	27	2	3	0	1	0	2	0	0	0	3	8	2	461538	415385	30769	46154	30769	1	0	4	4	23	0	4	0	0	1	3	0	0	0	0	0	0	-7654	1444341	4985	5823	45158	70791	6.579.845	599557	0	6437708	2672175	46706	-52284	-561	-57458	1	5	5	6667	7	5	8333	1	6714	3333	75	0	0	0	0	0	0	0	0	0	0	0	0	0	0	0	0
0	54357	66	65	34	68	37	10	2	0	18	31	27	2	3	0	1	0	0	1	0	0	2	7	1	476923	415385	30769	46154	15385	1	0	4	4	23	0	4	0	0	1	3	0	0	0	0	0	0	-7876	1424473	4985	5823	44184	64987	6.429.425	599557	0	6321761	2624656	45592	-51456	-55175	-56484	1	5	6667	6667	7	5	8333	1	6952	3333	75	0	0	0	0	0	0	0	0	0	0	0	0	0	0	0	0
1	53268	601	68	37	71	40	10	2	0	18	31	28	2	3	0	1	3	0	0	0	0	1	9	3	455882	411765	29412	44118	44118	1	0	4	4	23	0	4	0	0	1	3	0	0	0	0	0	0	-7512	1407982	4985	5823	46125	66926	6.497.587	1048361	0	6352824	2637387	47215	-53106	-57019	-58425	1	5	5	6667	7	5	8333	1	6714	3333	75	0	0	0	0	0	0	0	0	0	0	0	0	0	0	0	0
1	49912	66	65	34	68	37	10	2	0	18	31	27	2	3	0	1	0	1	0	0	0	2	7	1	476923	415385	30769	46154	15385	1	0	4	4	23	0	4	0	0	1	3	0	0	0	0	0	0	-7876	1396293	4985	5823	43203	64147	6.365.826	599557	0	6234385	2588846	45185	-50623	-54243	-55503	0	75	6667	8333	8	5	1	1	7929	3333	75	0	0	0	0	0	0	0	0	0	0	0	0	0	0	0	0
1	48267	66	65	34	68	37	10	2	0	18	31	27	2	3	0	1	1	0	0	0	0	1	7	1	476923	415385	30769	46154	15385	1	0	4	4	23	0	4	0	0	1	3	0	0	0	0	0	0	-7876	1350409	4985	5823	42216	59558	6.180.144	749158	0	6060299	25175	44271	-49783	-53305	-54516	0	75	6667	8333	8	5	1	1	7929	3333	75	0	0	0	0	0	0	0	0	0	0	0	0	0	0	0	0
0	46468	682	65	33	68	36	10	2	0	18	32	27	2	3	0	1	0	0	0	0	0	1	6	0	492308	415385	30769	46154	0	1	0	4	4	23	0	4	0	0	1	3	0	0	0	0	0	0	-8113	1348245	4985	5823	38541	57503	6.151.807	599557	0	6031063	2505518	43664	-46659	-49814	-50841	0	1	6667	8333	8	5	1	1	8286	3333	875	0	0	0	0	0	0	0	0	0	0	0	0	0	0	0	0
0	60323	534	77	42	81	46	12	3	0	24	35	34	2	4	0	1	0	1	0	0	0	2	8	1	454545	441558	25974	51948	12987	1	0	5	5	29	0	5	0	0	1	4	0	0	0	0	0	0	-8045	1702048	6692	753	45863	78189	7.582.215	851006	0	7504153	3109243	54792	-52883	-5677	-58163	1	5	5	6667	7	5	6667	5	5762	1667	5	0	0	0	0	0	0	0	0	0	0	0	0	0	0	0	0
1	53356	639	65	35	68	38	10	2	0	18	30	27	2	3	0	1	0	2	0	0	0	3	8	2	461538	415385	30769	46154	30769	1	0	4	4	23	0	4	0	0	1	3	0	0	0	0	0	0	-7654	1444341	4985	5823	45158	70791	6.579.845	599557	0	6437708	2672175	46706	-52284	-561	-57458	1	5	5	6667	7	5	8333	1	6714	3333	75	0	0	0	0	0	0	0	0	0	0	0	0	0	0	0	0
0	54913	601	68	37	71	40	10	2	0	18	31	28	2	3	0	1	2	1	0	0	0	2	9	3	455882	411765	29412	44118	44118	1	0	4	4	24	0	4	0	0	0	4	0	0	0	0	0	0	-7512	1446631	4985	5823	47086	72819	6.683.269	898759	0	652691	2708734	48129	-53923	-57931	-59386	1	5	5	6667	7	5	8333	1	6714	3333	75	0	0	0	0	0	0	0	0	0	0	0	0	0	0	0	0
0	5511	601	66	37	69	40	10	2	0	18	29	27	2	4	0	1	2	1	0	0	0	2	10	3	439394	409091	30303	60606	45455	1	0	4	4	24	0	4	0	0	0	4	0	0	0	0	0	0	-7244	1415964	5908	6746	37438	60524	6.573.657	1008758	0	6390365	2652773	47278	-45722	-48766	-49738	0	75	6667	6667	7	5	8333	1	731	1667	875	0	0	0	0	0	0	0	0	0	0	0	0	0	0	0	0
1	45041	764	50	29	52	31	7	2	0	18	21	22	1	3	0	1	0	2	0	0	0	3	7	2	42	44	2	6	4	1	0	3	3	18	0	3	0	0	0	3	0	0	0	0	0	0	-3364	1191167	5761	6599	46885	61501	5.507.962	885149	426833	528206	2198549	38192	-53752	-57741	-59185	0	75	6667	1	6	5	1	1	7881	1667	875	0	0	0	0	0	0	0	0	0	0	0	0	0	0	0	0
1	42036	831	46	26	47	27	7	2	0	12	20	18	1	3	0	1	1	2	0	0	0	3	8	3	434783	391304	21739	65217	65217	1	0	2	2	12	0	2	0	0	0	2	0	0	0	0	0	0	-2557	1038589	5761	6599	41548	52884	5.144.229	103475	426833	4769767	1988593	34997	-49216	-52671	-53848	0	75	1	1	8	5	1	1	8643	1667	1	1	0	0	0	0	0	0	0	0	0	0	0	0	0	0	0
1	40633	867	43	25	44	26	6	2	0	12	18	17	1	3	0	1	1	2	0	0	0	3	8	3	418605	395349	23256	69767	69767	1	0	2	2	12	0	2	0	0	0	2	0	0	0	0	0	0	-2378	992151	5761	6599	39296	47084	4.883.461	103475	426833	4535714	189267	33267	-47302	-50532	-51596	0	1	1	1	8	5	1	1	9	1667	1	1	0	0	0	0	0	1	0	0	0	0	0	0	0	1	0
1	37486	906	41	24	42	25	6	2	0	12	17	17	0	3	0	1	2	1	0	0	0	2	7	3	414634	414634	0	73171	73171	1	0	2	2	12	0	2	0	0	0	2	0	0	0	0	0	0	-2597	896063	5437	6275	46231	44659	4.546.212	1169165	426833	4195847	175338	31253	-53197	-5712	-58531	0	75	8333	1	8	5	1	1	8405	3333	875	1	0	1	0	1	0	1	0	1	0	0	0	1	0	1	0
1	36083	949	38	23	39	24	5	2	0	12	15	16	0	3	0	1	2	1	0	0	0	2	7	3	394737	421053	0	78947	78947	1	0	2	2	12	0	2	0	0	0	2	0	0	0	0	0	0	-2406	849071	5437	6275	43908	40153	4.285.444	1169165	426833	3961794	1657457	29523	-51222	-54912	-56208	0	75	1	1	8	5	1	1	8643	3333	875	1	1	1	1	1	0	0	0	1	0	0	0	1	0	1	0
1	48545	642	54	34	56	36	6	3	0	12	20	22	3	4	0	0	5	0	0	0	0	0	12	5	37037	407407	55556	74074	92593	1	0	3	6	19	2	1	0	0	0	2	1	0	0	0	2	0	2933	1094652	8774	8774	22364	3523	545.467	2003811	360215	517907	215634	40503	-3291	-34446	-34664	0	1	8333	1	1	5	1	1	9048	3333	875	0	0	0	0	0	0	0	0	1	0	0	0	0	0	0	0
0	40742	739	49	29	50	30	7	3	0	12	20	21	1	4	0	0	3	0	0	0	0	0	8	3	408163	428571	20408	81633	61224	1	0	2	2	12	0	2	0	0	0	2	0	0	0	0	0	0	262	1025448	7563	7563	38672	45223	5.134.478	1668642	606941	4735382	1974501	36595	-46771	-49938	-50972	0	1	1	1	1	5	1	1	9286	1667	1	1	0	0	0	0	0	1	1	0	0	0	0	1	0	1	0
1	134393	213	209	95	209	95	39	13	0	6	114	67	12	16	0	0	0	0	0	0	0	0	28	0	545455	320574	57416	76555	0	1	0	1	1	6	0	1	0	0	0	1	0	0	0	0	0	0	66073	3539395	39396	39396	-1185	52982	2.127.392	5760127	216129	18088206	744697	13748	-3828	-1943	-45	1	25	3333	3333	6	1	1667	0	3833	1667	5	0	0	0	0	0	0	0	0	0	0	0	0	0	0	0	0
1	169844	168	264	120	264	120	50	17	0	6	144	84	16	20	0	0	0	0	0	0	0	0	36	0	545455	318182	60606	75758	0	1	0	1	1	6	0	1	0	0	0	1	0	0	0	0	0	0	93491	4463163	51036	51036	-27476	58032	26.824.735	7486354	288172	22834551	9392193	17375	9455	12902	15176	1	25	1667	3333	6	1	1667	0	3595	1667	5	0	0	0	0	0	0	0	0	0	0	0	0	0	0	0	0
1	164138	174	257	116	257	116	48	16	0	6	141	82	15	19	0	0	0	0	0	0	0	0	34	0	548638	319066	58366	7393	0	1	0	1	1	6	0	1	0	0	0	1	0	0	0	0	0	0	86146	4333626	48126	48126	-20616	653	26.089.652	7054798	2701613	22174585	9121715	168575	3623	6385	8316	1	25	1667	3333	6	1	1667	0	3595	1667	5	0	0	0	0	0	0	0	0	0	0	0	0	0	0	0	0
1	15282	187	238	108	238	108	44	15	0	6	130	76	14	18	0	0	0	0	0	0	0	0	32	0	546218	319328	58824	7563	0	1	0	1	1	6	0	1	0	0	0	1	0	0	0	0	0	0	79615	4023169	45216	45216	-18925	56476	24.232.089	6623241	2521505	20578405	8467543	15648	2186	4778	6625	1	25	3333	3333	6	1	1667	0	3833	1667	5	0	0	0	0	0	0	0	0	0	0	0	0	0	0	0	0
1	144308	198	225	102	225	102	42	14	0	6	123	72	13	17	0	0	0	0	0	0	0	0	30	0	546667	32	57778	75556	0	1	0	1	1	6	0	1	0	0	0	1	0	0	0	0	0	0	72726	3803074	42306	42306	-14682	57919	22.870.716	6191684	2341398	19450332	8005218	147845	-142	748	2382	1	25	3333	3333	6	1	1667	0	3833	1667	5	0	0	0	0	0	0	0	0	0	0	0	0	0	0	0	0
1	114563	25	177	81	177	81	33	11	0	6	96	57	10	14	0	0	0	0	0	0	0	0	24	0	542373	322034	56497	79096	0	1	0	1	1	6	0	1	0	0	0	1	0	0	0	0	0	0	529	3009611	33576	33576	-6516	44926	18.054.984	4897014	1801075	15363953	6330473	11675	-8361	-701	-5784	1	25	3333	3333	6	1	1667	0	3833	1667	5	0	0	0	0	0	0	0	0	0	0	0	0	0	0	0	0
1	128687	222	202	91	202	91	37	12	0	6	111	65	11	15	0	0	0	0	0	0	0	0	26	0	549505	321782	54455	74257	0	1	0	1	1	6	0	1	0	0	0	1	0	0	0	0	0	0	58875	3409858	36486	36486	-4867	6025	20.538.838	532857	1981183	17428239	7176491	132305	-9763	-8577	-7433	1	25	3333	3333	7	1	1667	0	3976	1667	5	0	0	0	0	0	0	0	0	0	0	0	0	0	0	0	0
1	120175	238	189	85	189	85	35	11	0	6	104	61	10	14	0	0	0	0	0	0	0	0	24	0	550265	322751	5291	74074	0	1	0	1	1	6	0	1	0	0	0	1	0	0	0	0	0	0	52116	3189763	33576	33576	-672	61693	19.177.465	4897014	1801075	16300166	6714166	12367	-13329	-12562	-11628	1	25	3333	3333	7	1	1667	0	3976	1667	5	0	0	0	0	0	0	0	0	0	0	0	0	0	0	0	0
1	75409	384	117	54	118	55	22	5	0	12	63	41	5	8	0	0	0	0	0	0	0	0	13	0	538462	350427	42735	68376	0	1	0	2	2	12	0	2	0	0	0	2	0	0	0	0	0	0	19341	2066989	1754	1754	25373	6322	11.791.965	2655751	1147263	10239037	4230097	76762	-35467	-37305	-37673	1	5	5	5	8	1	3333	0	519	1667	625	0	0	0	0	0	0	0	0	0	0	0	0	0	0	0	0
1	47565	642	69	34	71	36	10	2	0	11	35	25	5	2	0	0	2	0	0	0	0	0	9	2	507246	362319	72464	28986	28986	1	0	3	3	16	0	3	0	0	2	1	0	0	0	0	0	0	2058	1280439	7926	7926	40453	38248	6.575.025	1361414	360215	6072924	2522674	44842	-48285	-51631	-52753	0	1	6667	8333	1	1	1	1	9286	1667	875	1	0	0	0	0	0	0	0	0	0	0	0	0	0	0	0
1	36793	906	46	24	47	25	6	2	0	12	22	18	1	3	0	1	0	1	0	0	0	2	6	1	478261	391304	21739	65217	21739	1	0	2	2	12	0	2	0	0	0	2	0	0	0	0	0	0	-3008	992581	5761	6599	35473	49397	4.901.872	885149	426833	4537209	1893283	32869	-44052	-46899	-47773	0	1	1	1	8	5	1	1	9	1667	1	1	0	0	0	0	0	1	0	0	0	0	0	0	0	1	0
1	48157	655	61	35	65	39	6	0	0	22	26	26	5	1	0	0	3	0	0	0	0	0	9	3	42623	42623	81967	16393	4918	1	0	5	6	28	1	4	0	0	2	3	0	0	1	0	0	0	-3446	1289897	5897	5897	47401	60756	5.613.441	924531	16663	5663621	2354927	40856	-54191	-58231	-59701	0	75	6667	1	8	5	1	1	8167	3333	625	0	0	0	0	0	0	0	0	0	0	0	0	0	0	0	0
0	44657	701	60	33	64	37	6	0	0	22	27	26	4	2	0	0	1	0	0	0	0	0	7	1	45	433333	66667	33333	16667	1	0	5	6	28	1	4	0	0	2	3	0	0	1	0	0	0	-7812	1263115	5632	5632	45404	56747	5.543.733	752006	0	5536877	2302982	39421	-52493	-56333	-57704	0	75	8333	1	8	5	1	1	8405	3333	75	0	0	0	0	0	0	0	0	0	0	0	0	0	0	0	0
0	40944	739	51	29	52	30	8	2	0	12	22	21	1	4	0	0	3	0	0	0	0	0	8	3	431373	411765	19608	78431	58824	1	0	2	2	12	0	2	0	0	0	2	0	0	0	0	0	0	262	1016689	7563	7563	39428	45616	5.268.627	1668642	606941	4806811	2003775	36859	-47414	-50657	-51728	0	1	1	1	1	1	1	1	1	1667	1	1	0	0	0	0	0	1	1	0	0	0	0	1	0	1	0
0	36789	942	42	24	44	26	4	3	0	11	18	16	3	3	0	1	0	1	0	0	0	2	8	1	428571	380952	71429	71429	2381	1	0	3	4	17	1	2	0	0	1	2	0	0	1	0	0	0	-2186	932683	8313	9151	19378	38965	4.351.663	876394	16663	4220266	1763388	30373	-30371	-31609	-31678	0	1	1	1	8	5	1	1	9	3333	1	1	1	1	0	1	0	1	0	1	0	0	0	1	0	1	0
1	49008	685	64	32	66	34	8	3	0	6	32	21	3	6	0	1	0	1	0	0	0	2	11	1	50	328125	46875	9375	15625	1	0	3	3	18	0	3	0	0	0	3	0	0	0	0	0	0	3009	1218053	11062	119	7198	19579	6.529.493	1735916	853667	5825914	242144	43278	-20018	-20038	-19498	0	1	6667	1	1	1	1	1	9524	3333	75	0	0	0	0	0	0	0	0	1	0	0	0	0	0	0	0
0	54221	619	76	36	79	39	8	3	0	6	40	26	3	5	0	1	0	1	0	0	0	2	10	1	526316	342105	39474	65789	13158	1	0	4	4	24	0	4	0	0	0	4	0	0	0	0	0	0	-7167	1418064	7939	8777	2498	39765	7.177.436	992248	0	6718272	2787161	49813	-35133	-36931	-3728	0	75	8333	8333	9	1	8333	1	8786	3333	875	0	0	0	0	0	0	0	0	0	0	0	0	0	0	0	0
0	50411	663	67	33	69	35	9	3	0	6	34	22	3	6	0	1	0	1	0	0	0	2	11	1	507463	328358	44776	89552	14925	1	0	3	3	18	0	3	0	0	0	3	0	0	0	0	0	0	-2619	1265565	9962	108	9347	23664	6.674.622	1419082	426833	6059967	2517363	45008	-21845	-22079	-21647	0	75	6667	6667	9	1	8333	1	831	3333	75	0	0	0	0	0	0	0	0	0	0	0	0	0	0	0	0
1	53864	635	60	36	64	40	3	7	1	6	24	24	2	6	0	2	2	0	0	0	0	2	12	2	40	40	33333	10	33333	1	0	5	11	30	3	2	0	0	0	5	0	0	0	3	0	0	-2724	1280086	1304	14716	17131	20742	6.018.819	2021553	16405	5842525	2428248	45384	-28461	-29474	-29431	0	75	8333	8333	7	5	6667	1	7548	5	625	0	0	0	0	0	0	0	0	0	0	0	0	0	0	0	0
1	52264	655	59	35	63	39	3	4	1	12	24	24	2	5	0	2	2	0	0	0	0	2	11	2	40678	40678	33898	84746	33898	1	0	5	11	30	3	2	0	0	0	5	0	0	0	3	0	0	-2879	1244271	11333	13009	29974	36738	5.880.214	1770104	16405	5745017	2388285	43415	-39378	-41675	-42274	0	75	8333	8333	7	5	8333	1	7786	5	75	0	0	0	0	0	0	0	0	0	0	0	0	0	0	0	0
1	58163	597	62	38	66	42	3	7	0	6	24	24	1	6	0	2	5	0	0	0	0	2	14	5	387097	387097	16129	96774	80645	1	0	5	11	30	3	2	0	0	0	5	0	0	0	3	0	0	-2437	1282446	10661	12337	28392	31376	6.068.606	2159763	16405	5907309	2454799	46633	-38033	-40173	-40692	0	75	8333	8333	7	5	8333	1	7786	5	75	0	0	0	0	0	0	0	0	0	0	0	0	0	0	0	0
1	56563	616	61	37	65	41	3	4	0	12	24	24	1	5	0	2	5	0	0	0	0	2	13	5	393443	393443	16393	81967	81967	1	0	5	11	30	3	2	0	0	0	5	0	0	0	3	0	0	-2576	1246631	8954	1063	41344	47372	5.930.002	1908314	16405	5809801	2414836	44664	-49042	-52476	-53644	0	75	8333	8333	7	5	8333	1	7786	3333	75	0	0	0	0	0	0	0	0	0	0	0	0	0	0	0	0
1	52818	639	73	35	76	38	7	3	0	6	38	25	3	5	0	1	0	1	0	0	0	2	10	1	520548	342466	41096	68493	13699	1	0	4	4	24	0	4	0	0	0	4	0	0	0	0	0	0	-3163	1370552	9039	9877	22968	3568	7.032.306	1309083	426833	6484219	2691237	48083	-33423	-3502	-35268	0	75	8333	8333	9	1	8333	1	8786	3333	875	0	0	0	0	0	0	0	0	0	0	0	0	0	0	0	0
1	49008	685	64	32	66	34	8	3	0	6	32	21	3	6	0	1	0	1	0	0	0	2	11	1	50	328125	46875	9375	15625	1	0	3	3	18	0	3	0	0	0	3	0	0	0	0	0	0	3009	1218053	11062	119	7198	19579	6.529.493	1735916	853667	5825914	242144	43278	-20018	-20038	-19498	0	1	6667	1	1	1	1	1	9524	3333	75	0	0	0	0	0	0	0	0	1	0	0	0	0	0	0	0
0	54221	619	76	36	79	39	8	3	0	6	40	26	3	5	0	1	0	1	0	0	0	2	10	1	526316	342105	39474	65789	13158	1	0	4	4	24	0	4	0	0	0	4	0	0	0	0	0	0	-7167	1418064	7939	8777	2498	39765	7.177.436	992248	0	6718272	2787161	49813	-35133	-36931	-3728	0	75	8333	8333	9	1	8333	1	8786	3333	875	0	0	0	0	0	0	0	0	0	0	0	0	0	0	0	0
0	50411	663	67	33	69	35	9	3	0	6	34	22	3	6	0	1	0	1	0	0	0	2	11	1	507463	328358	44776	89552	14925	1	0	3	3	18	0	3	0	0	0	3	0	0	0	0	0	0	-2619	1265565	9962	108	9347	23664	6.674.622	1419082	426833	6059967	2517363	45008	-21845	-22079	-21647	0	75	6667	6667	9	1	8333	1	831	3333	75	0	0	0	0	0	0	0	0	0	0	0	0	0	0	0	0
1	43639	82	47	28	50	31	4	2	0	17	19	20	3	2	0	1	0	2	0	0	0	3	8	2	404255	425532	6383	42553	42553	1	0	4	5	23	1	3	0	0	1	3	0	0	1	0	0	0	-2878	1122739	6606	7444	36993	5558	4.915.736	624945	16663	4939037	2057966	35081	-45344	-48344	-49293	0	1	1	1	8	5	1	1	9	1667	1	1	0	0	0	0	0	0	0	0	0	0	0	0	0	0	0
0	40244	826	44	27	46	29	4	3	0	11	17	16	4	3	0	1	3	0	0	0	0	1	11	3	386364	363636	90909	68182	68182	1	0	3	4	17	1	2	0	0	1	2	0	0	1	0	0	0	-1624	919083	9602	1044	12981	34523	443.023	1493053	16663	4270432	1783947	31773	-24934	-25532	-25281	0	1	1	1	8	5	1	1	9	3333	1	1	0	1	0	0	0	1	0	1	0	0	0	1	0	1	0
1	36789	942	42	24	44	26	4	3	0	11	18	16	3	3	0	1	0	1	0	0	0	2	8	1	428571	380952	71429	71429	2381	1	0	3	4	17	1	2	0	0	1	2	0	0	1	0	0	0	-2186	932683	8313	9151	19378	38965	4.351.663	876394	16663	4220266	1763388	30373	-30371	-31609	-31678	0	1	1	1	8	5	1	1	9	3333	1	1	1	1	0	1	0	1	0	1	0	0	0	1	0	1	0
1	42444	794	45	28	47	30	4	2	0	11	17	16	4	2	0	1	5	0	0	0	0	1	12	5	377778	355556	88889	44444	111111	1	0	3	4	17	1	2	0	0	1	2	0	0	1	0	0	0	-1464	91137	7895	8733	23697	40581	4.444.889	1540806	16663	4302824	1797223	32372	-34042	-35712	-35997	0	1	1	1	8	5	1	1	9	3333	1	1	0	1	0	0	0	1	0	1	0	0	0	1	0	1	0
1	52818	639	73	35	76	38	8	3	0	6	38	25	3	5	0	1	0	1	0	0	0	2	10	1	520548	342466	41096	68493	13699	1	0	4	4	21	0	4	1	0	0	3	0	0	0	0	0	0	-3163	136378	9039	9877	22968	43708	7.112.196	1309083	426833	6484219	2691237	48083	-33423	-3502	-35268	0	75	8333	8333	9	1	8333	1	8786	3333	875	0	0	0	0	0	0	0	0	0	0	0	0	0	0	0	0
1	50012	682	67	33	70	36	8	3	0	6	34	23	3	5	0	1	0	1	0	0	0	2	10	1	507463	343284	44776	74627	14925	1	0	4	4	21	0	4	1	0	0	3	0	0	0	0	0	0	-292	1273222	9039	9877	18848	37883	6.485.905	1309083	426833	6016113	2499391	44623	-29921	-31106	-31148	0	75	8333	8333	9	1	8333	1	8786	3333	875	0	0	0	0	0	0	0	0	0	0	0	0	0	0	0	0
1	55526	601	80	37	83	40	8	3	0	6	43	27	4	4	0	1	0	1	0	0	0	2	10	1	5375	3375	5	5	125	1	0	4	4	24	0	4	0	0	0	4	0	0	0	0	0	0	-7244	148782	734	8178	26963	42461	751.091	913493	0	7020598	2911065	51764	-36819	-38815	-39263	0	75	8333	8333	9	1	8333	1	8786	3333	875	0	0	0	0	0	0	0	0	0	0	0	0	0	0	0	0
1	51218	66	72	34	75	37	7	3	0	6	38	25	3	4	0	1	0	1	0	0	0	2	9	1	527778	347222	41667	55556	13889	1	0	4	4	24	0	4	0	0	0	4	0	0	0	0	0	0	-7293	1354721	7016	7854	30451	50525	6.748.529	88225	0	6386711	2651275	47204	-39784	-42129	-42751	0	75	8333	8333	9	1	8333	1	8786	1667	875	0	0	0	0	0	0	0	0	0	0	0	0	0	0	0	0
1	164837	174	255	117	256	118	47	15	0	12	138	83	16	18	0	0	0	0	0	0	0	0	34	0	541176	32549	62745	70588	0	1	0	2	2	12	0	2	0	0	0	2	0	0	0	0	0	0	110238	4379081	50342	50342	-24673	59176	25.909.531	7617125	3704144	22153654	9113137	167672	7072	10239	12373	1	25	1667	3333	6	1	1667	0	3595	1667	5	0	0	0	0	0	0	0	0	0	0	0	0	0	0	0	0
1	171946	167	265	122	266	123	50	16	0	12	143	86	17	19	0	0	0	0	0	0	0	0	36	0	539623	324528	64151	71698	0	1	0	2	2	12	0	2	0	0	0	2	0	0	0	0	0	0	11752	455411	53252	53252	-30273	52256	26.905.381	8048682	3884251	23047674	9479539	174577	11832	1556	17973	1	25	1667	3333	6	1	1667	0	3595	1667	5	0	0	0	0	0	0	0	0	0	0	0	0	0	0	0	0
1	174752	164	271	124	272	125	52	16	0	12	147	88	17	19	0	0	0	0	0	0	0	0	36	0	542435	324723	62731	70111	0	1	0	2	2	12	0	2	0	0	0	2	0	0	0	0	0	0	117056	4647666	53252	53252	-27772	6003	27.426.916	8048682	3884251	23515781	9671386	178037	9706	13183	15472	1	25	1667	3333	6	1	1667	0	3595	1667	5	0	0	0	0	0	0	0	0	0	0	0	0	0	0	0	0
1	177558	161	277	126	278	127	54	16	0	12	151	90	17	19	0	0	0	0	0	0	0	0	36	0	545126	32491	61372	68592	0	1	0	2	2	12	0	2	0	0	0	2	0	0	0	0	0	0	116602	4739686	53252	53252	-25293	69154	27.948.451	8048682	3884251	23983887	9863232	181497	7599	10828	12993	1	25	1667	3333	6	1	1667	0	3595	1667	5	0	0	0	0	0	0	0	0	0	0	0	0	0	0	0	0
1	180364	159	283	128	284	129	56	16	0	12	155	92	17	19	0	0	0	0	0	0	0	0	36	0	547703	325088	60071	67138	0	1	0	2	2	12	0	2	0	0	0	2	0	0	0	0	0	0	116159	4831706	53252	53252	-22836	78278	28.469.985	8048682	3884251	24451993	10055079	184957	5511	8494	10536	1	25	1667	3333	6	1	1667	0	3595	1667	5	0	0	0	0	0	0	0	0	0	0	0	0	0	0	0	0
1	18317	156	289	130	290	131	58	16	0	12	159	94	17	19	0	0	0	0	0	0	0	0	36	0	550173	32526	58824	65744	0	1	0	2	2	12	0	2	0	0	0	2	0	0	0	0	0	0	115725	4923726	53252	53252	-20401	87402	2.899.152	8048682	3884251	249201	10246926	188417	344	618	8101	1	25	1667	3333	6	1	1667	0	3595	1667	5	0	0	0	0	0	0	0	0	0	0	0	0	0	0	0	0
1	184573	155	292	131	293	132	59	16	0	12	161	95	17	19	0	0	0	0	0	0	0	0	36	0	55137	325342	58219	65068	0	1	0	2	2	12	0	2	0	0	0	2	0	0	0	0	0	0	115512	4969736	53252	53252	-1919	91964	29.252.287	8048682	3884251	25154153	1034285	190147	2412	5031	689	1	25	3333	3333	6	1	1667	0	3833	1667	5	0	0	0	0	0	0	0	0	0	0	0	0	0	0	0	0
1	10555	27	164	74	163	73	30	11	0	0	90	50	10	14	0	0	0	0	0	0	0	0	24	0	54878	304878	60976	85366	0	1	0	0	0	0	0	0	0	0	0	0	0	0	0	0	0	0	62402	2715973	34676	34676	-15054	25006	16.996.249	5213848	2227908	14120266	5820765	107758	-1104	1101	2754	1	25	3333	3333	6	1	1667	0	3833	1667	5	0	0	0	0	0	0	0	0	0	0	0	0	0	0	0	0
1	201995	142	315	144	317	146	59	18	0	18	171	105	19	20	0	0	0	0	0	0	0	0	39	0	542857	333333	60317	63492	0	1	0	3	3	18	0	3	0	0	0	3	0	0	0	0	0	0	121229	5448705	57049	57049	-2141	103777	31.590.514	8484962	3817633	27386213	11257628	20688	4298	7139	911	1	25	1667	3333	6	1	1667	0	3595	1667	5	0	0	0	0	0	0	0	0	0	0	0	0	0	0	0	0
0	169844	168	264	120	264	120	50	17	0	6	144	84	16	20	0	0	0	0	0	0	0	0	36	0	545455	318182	60606	75758	0	1	0	1	1	6	0	1	0	0	0	1	0	0	0	0	0	0	93491	4463163	51036	51036	-27476	58032	26.824.735	7486354	288172	22834551	9392193	17375	9455	12902	15176	1	25	1667	3333	6	1	1667	0	3595	1667	5	0	0	0	0	0	0	0	0	0	0	0	0	0	0	0	0
0	164138	174	257	116	257	116	48	16	0	6	141	82	15	19	0	0	0	0	0	0	0	0	34	0	548638	319066	58366	7393	0	1	0	1	1	6	0	1	0	0	0	1	0	0	0	0	0	0	86146	4333626	48126	48126	-20616	653	26.089.652	7054798	2701613	22174585	9121715	168575	3623	6385	8316	1	25	1667	3333	6	1	1667	0	3595	1667	5	0	0	0	0	0	0	0	0	0	0	0	0	0	0	0	0
0	15282	187	238	108	238	108	44	15	0	6	130	76	14	18	0	0	0	0	0	0	0	0	32	0	546218	319328	58824	7563	0	1	0	1	1	6	0	1	0	0	0	1	0	0	0	0	0	0	79615	4023169	45216	45216	-18925	56476	24.232.089	6623241	2521505	20578405	8467543	15648	2186	4778	6625	1	25	3333	3333	6	1	1667	0	3833	1667	5	0	0	0	0	0	0	0	0	0	0	0	0	0	0	0	0
1	196383	146	303	140	305	142	57	18	0	18	163	101	19	20	0	0	0	0	0	0	0	0	39	0	537954	333333	62706	66007	0	1	0	3	3	18	0	3	0	0	0	3	0	0	0	0	0	0	122035	5268553	57049	57049	-26086	8701	30.468.033	8484962	3817633	2645	10873934	19996	8273	11582	13786	1	25	1667	3333	6	1	1667	0	3595	1667	5	0	0	0	0	0	0	0	0	0	0	0	0	0	0	0	0
1	192174	149	294	137	296	139	56	18	0	18	157	98	19	20	0	0	0	0	0	0	0	0	39	0	534014	333333	64626	68027	0	1	0	3	3	18	0	3	0	0	0	3	0	0	0	0	0	0	122661	5134411	57049	57049	-29642	74805	2.960.632	8484962	3817633	25747841	10586164	19477	11296	1496	17342	1	25	1667	3333	6	1	1667	0	3595	1667	5	0	0	0	0	0	0	0	0	0	0	0	0	0	0	0	0
1	190771	15	291	136	293	138	55	18	0	18	155	97	19	20	0	0	0	0	0	0	0	0	39	0	532646	333333	65292	68729	0	1	0	3	3	18	0	3	0	0	0	3	0	0	0	0	0	0	122874	5088401	57049	57049	-30837	70243	29.345.553	8484962	3817633	25513787	10490241	19304	12312	16096	18537	1	25	1667	3333	6	1	1667	0	3595	1667	5	0	0	0	0	0	0	0	0	0	0	0	0	0	0	0	0
1	186562	154	282	133	284	135	54	18	0	18	149	94	19	20	0	0	0	0	0	0	0	0	39	0	528369	333333	67376	70922	0	1	0	3	3	18	0	3	0	0	0	3	0	0	0	0	0	0	123528	4954259	57049	57049	-34452	58038	2.848.384	8484962	3817633	24811628	1020247	18785	15385	1953	22152	1	25	1667	3333	6	1	1667	0	3595	1667	5	0	0	0	0	0	0	0	0	0	0	0	0	0	0	0	0
1	184971	155	289	132	291	134	57	16	0	18	157	97	17	18	0	0	0	0	0	0	0	0	35	0	543253	33564	58824	62284	0	1	0	3	3	18	0	3	0	0	0	3	0	0	0	0	0	0	107106	5018273	51229	51229	-12231	98944	28.839.046	7621848	3457418	25130066	10332978	18961	-3503	-158	-69	1	25	3333	3333	6	1	1667	0	3833	1667	5	0	0	0	0	0	0	0	0	0	0	0	0	0	0	0	0
1	110157	26	170	78	170	78	31	11	0	6	92	55	10	13	0	0	0	0	0	0	0	0	23	0	541176	323529	58824	76471	0	1	0	1	1	6	0	1	0	0	0	1	0	0	0	0	0	0	534	290254	32653	32653	-2825	45672	1.736.531	4787015	1801075	14798339	6098663	112411	-11499	-10517	-9475	1	25	3333	3333	7	1	1667	0	3976	1667	5	0	0	0	0	0	0	0	0	0	0	0	0	0	0	0	0
0	144308	198	225	102	225	102	42	14	0	6	123	72	13	17	0	0	0	0	0	0	0	0	30	0	546667	32	57778	75556	0	1	0	1	1	6	0	1	0	0	0	1	0	0	0	0	0	0	72726	3803074	42306	42306	-14682	57919	22.870.716	6191684	2341398	19450332	8005218	147845	-142	748	2382	1	25	3333	3333	6	1	1667	0	3833	1667	5	0	0	0	0	0	0	0	0	0	0	0	0	0	0	0	0
0	114563	25	177	81	177	81	33	11	0	6	96	57	10	14	0	0	0	0	0	0	0	0	24	0	542373	322034	56497	79096	0	1	0	1	1	6	0	1	0	0	0	1	0	0	0	0	0	0	529	3009611	33576	33576	-6516	44926	18.054.984	4897014	1801075	15363953	6330473	11675	-8361	-701	-5784	1	25	3333	3333	6	1	1667	0	3833	1667	5	0	0	0	0	0	0	0	0	0	0	0	0	0	0	0	0
1	219213	131	335	156	337	158	70	21	0	18	179	109	25	22	0	0	0	0	0	0	0	0	47	0	534328	325373	74627	65672	0	1	0	3	3	18	0	3	0	0	0	3	0	0	0	0	0	0	194871	5840502	72662	72662	-60743	29438	33.362.694	10656549	5344871	29297841	12041082	221366				1	25	1667	1667	6	1	1667	0	3357	1667	375	0	0	0	0	0	0	0	0	0	0	0	0	0	0	0	0
1	224919	127	342	160	344	162	72	22	0	18	182	111	26	23	0	0	0	0	0	0	0	0	49	0	532164	324561	76023	67251	0	1	0	3	3	18	0	3	0	0	0	3	0	0	0	0	0	0	202614	5970039	75572	75572	-67421	2217	34.097.776	11088106	5524979	29957807	1231156	226541				1	25	1667	1667	6	1	1667	0	3357	1667	375	0	0	0	0	0	0	0	0	0	0	0	0	0	0	0	0
1	179162	16	279	128	281	130	55	16	0	18	151	94	17	17	0	0	0	0	0	0	0	0	34	0	541219	336918	60932	60932	0	1	0	3	3	18	0	3	0	0	0	3	0	0	0	0	0	0	107832	4863999	50306	50306	-13483	83199	27.825.699	7511849	3457418	24330399	10005245	183541	-244	-392	1183	1	25	3333	3333	6	1	1667	0	3833	1667	5	0	0	0	0	0	0	0	0	0	0	0	0	0	0	0	0
1	217622	132	342	155	344	157	73	19	0	18	187	112	23	20	0	0	0	0	0	0	0	0	43	0	546784	327485	67251	5848	0	1	0	3	3	18	0	3	0	0	0	3	0	0	0	0	0	0	177591	5904516	66842	66842	-39248	70344	33.717.901	9793435	4984656	29616279	1217159	223126	19461	24086	26948	1	25	1667	3333	6	1	1667	0	3595	1667	5	0	0	0	0	0	0	0	0	0	0	0	0	0	0	0	0
1	134393	213	209	95	209	95	39	13	0	6	114	67	12	16	0	0	0	0	0	0	0	0	28	0	545455	320574	57416	76555	0	1	0	1	1	6	0	1	0	0	0	1	0	0	0	0	0	0	66073	3539395	39396	39396	-1185	52982	2.127.392	5760127	216129	18088206	744697	13748	-3828	-1943	-45	1	25	3333	3333	6	1	1667	0	3833	1667	5	0	0	0	0	0	0	0	0	0	0	0	0	0	0	0	0
0	128687	222	202	91	202	91	37	12	0	6	111	65	11	15	0	0	0	0	0	0	0	0	26	0	549505	321782	54455	74257	0	1	0	1	1	6	0	1	0	0	0	1	0	0	0	0	0	0	58875	3409858	36486	36486	-4867	6025	20.538.838	532857	1981183	17428239	7176491	132305	-9763	-8577	-7433	1	25	3333	3333	7	1	1667	0	3976	1667	5	0	0	0	0	0	0	0	0	0	0	0	0	0	0	0	0
0	120175	238	189	85	189	85	35	11	0	6	104	61	10	14	0	0	0	0	0	0	0	0	24	0	550265	322751	5291	74074	0	1	0	1	1	6	0	1	0	0	0	1	0	0	0	0	0	0	52116	3189763	33576	33576	-672	61693	19.177.465	4897014	1801075	16300166	6714166	12367	-13329	-12562	-11628	1	25	3333	3333	7	1	1667	0	3976	1667	5	0	0	0	0	0	0	0	0	0	0	0	0	0	0	0	0
1	196383	146	303	140	305	142	57	18	0	18	163	101	19	20	0	0	0	0	0	0	0	0	39	0	537954	333333	62706	66007	0	1	0	3	3	18	0	3	0	0	0	3	0	0	0	0	0	0	122035	5268553	57049	57049	-26086	8701	30.468.033	8484962	3817633	2645	10873934	19996	8273	11582	13786	1	25	1667	3333	6	1	1667	0	3595	1667	5	0	0	0	0	0	0	0	0	0	0	0	0	0	0	0	0
1	192174	149	294	137	296	139	56	18	0	18	157	98	19	20	0	0	0	0	0	0	0	0	39	0	534014	333333	64626	68027	0	1	0	3	3	18	0	3	0	0	0	3	0	0	0	0	0	0	122661	5134411	57049	57049	-29642	74805	2.960.632	8484962	3817633	25747841	10586164	19477	11296	1496	17342	1	25	1667	3333	6	1	1667	0	3595	1667	5	0	0	0	0	0	0	0	0	0	0	0	0	0	0	0	0
1	200592	143	312	143	314	145	58	18	0	18	169	104	19	20	0	0	0	0	0	0	0	0	39	0	541667	333333	60897	64103	0	1	0	3	3	18	0	3	0	0	0	3	0	0	0	0	0	0	121428	5402695	57049	57049	-22572	99215	31.329.746	8484962	3817633	27152159	11161705	20515	5286	8244	10272	1	25	1667	3333	6	1	1667	0	3595	1667	5	0	0	0	0	0	0	0	0	0	0	0	0	0	0	0	0
0	36793	906	46	24	47	25	6	2	0	12	22	18	1	3	0	1	0	1	0	0	0	2	6	1	478261	391304	21739	65217	21739	1	0	2	2	12	0	2	0	0	0	2	0	0	0	0	0	0	-3008	992581	5761	6599	35473	49397	4.901.872	885149	426833	4537209	1893283	32869	-44052	-46899	-47773	0	1	1	1	8	5	1	1	9	1667	1	1	0	0	0	0	0	1	0	0	0	0	0	0	0	1	0
1	48157	655	61	35	65	39	6	0	0	22	26	26	5	1	0	0	3	0	0	0	0	0	9	3	42623	42623	81967	16393	4918	1	0	5	6	28	1	4	0	0	2	3	0	0	1	0	0	0	-3446	1289897	5897	5897	47401	60756	5.613.441	924531	16663	5663621	2354927	40856	-54191	-58231	-59701	0	75	6667	1	8	5	1	1	8167	3333	625	0	0	0	0	0	0	0	0	0	0	0	0	0	0	0	0
0	47348	663	56	33	58	35	6	1	0	12	23	23	2	2	0	0	6	0	0	0	0	0	10	6	410714	410714	35714	35714	107143	1	-1	3	3	18	0	3	0	0	0	3	0	0	0	0	0	0	-6911	1079228	5626	5626	44721	52237	5.536.945	161438	0	5188704	2160289	40378	-51913	-55685	-57021	0	75	8333	1	1	1	1	1	9405	3333	75	1	0	0	0	0	0	0	0	0	0	0	0	0	0	0	0
0	40944	739	51	29	52	30	8	2	0	12	22	21	1	4	0	0	3	0	0	0	0	0	8	3	431373	411765	19608	78431	58824	1	0	2	2	12	0	2	0	0	0	2	0	0	0	0	0	0	262	1016689	7563	7563	39428	45616	5.268.627	1668642	606941	4806811	2003775	36859	-47414	-50657	-51728	0	1	1	1	1	1	1	1	1	1667	1	1	0	0	0	0	0	1	1	0	0	0	0	1	0	1	0
1	4957	624	69	34	70	35	13	2	0	11	35	25	3	3	0	1	2	0	0	0	0	1	9	2	507246	362319	43478	43478	28986	1	0	2	2	11	0	2	0	0	1	1	0	0	0	0	0	0	2058	1309987	8032	10856	39925	50971	6.953.043	144017	360215	6290864	2611993	46608	-47836	-51128	-52225	0	1	6667	8333	1	1	8333	5	8333	1667	75	0	0	0	0	0	0	0	0	0	0	0	0	0	0	0	0
1	4957	624	69	34	70	35	13	2	0	11	35	25	3	3	0	1	2	0	0	0	0	1	9	2	507246	362319	43478	43478	28986	1	0	2	2	11	0	2	0	0	1	1	0	0	0	0	0	0	2058	1309987	8032	10856	39925	50971	6.953.043	144017	360215	6290864	2611993	46608	-47836	-51128	-52225	0	1	6667	8333	1	1	8333	5	8333	1667	75	0	0	0	0	0	0	0	0	0	0	0	0	0	0	0	0
1	4957	624	69	34	70	35	13	2	0	11	35	25	3	3	0	1	2	0	0	0	0	1	9	2	507246	362319	43478	43478	28986	1	0	2	2	11	0	2	0	0	1	1	0	0	0	0	0	0	2058	1309987	8032	10856	39925	50971	6.953.043	144017	360215	6290864	2611993	46608	-47836	-51128	-52225	0	1	6667	8333	1	1	8333	5	8333	1667	75	0	0	0	0	0	0	0	0	0	0	0	0	0	0	0	0
1	41753	731	55	31	58	34	7	0	0	23	24	24	5	1	0	0	1	0	0	0	0	0	7	1	436364	436364	90909	18182	18182	1	0	4	4	23	0	4	0	0	1	3	0	0	0	0	0	0	-3606	1214911	6486	6486	44651	51328	5.320.707	940823	180108	5246013	2183776	37154	-51854	-55619	-56951	0	75	1	1	8	5	1	1	8643	1667	875	1	0	0	0	0	0	1	0	0	0	0	0	0	0	0	0
1	43639	82	47	28	50	31	4	2	0	17	19	20	3	2	0	1	0	2	0	0	0	3	8	2	404255	425532	6383	42553	42553	1	0	4	5	23	1	3	0	0	1	3	0	0	1	0	0	0	-2878	1122739	6606	7444	36993	5558	4.915.736	624945	16663	4939037	2057966	35081	-45344	-48344	-49293	0	1	1	1	8	5	1	1	9	1667	1	1	0	0	0	0	0	0	0	0	0	0	0	0	0	0	0
1	35391	988	43	23	45	25	4	2	0	11	20	16	3	2	0	1	0	1	0	0	0	2	7	1	465116	372093	69767	46512	23256	1	0	3	4	17	1	2	0	0	1	2	0	0	1	0	0	0	-2406	921287	6606	7444	25193	41826	4.309.646	624945	16663	4194186	1752699	29758	-35314	-37133	-37493	0	1	1	1	8	5	1	1	9	3333	1	1	0	1	0	1	0	1	0	1	0	0	0	1	0	1	0
1	35391	988	43	23	45	25	4	2	0	11	20	16	3	2	0	1	0	1	0	0	0	2	7	1	465116	372093	69767	46512	23256	1	0	3	4	17	1	2	0	0	1	2	0	0	1	0	0	0	-2406	921287	6606	7444	25193	41826	4.309.646	624945	16663	4194186	1752699	29758	-35314	-37133	-37493	0	1	1	1	8	5	1	1	9	3333	1	1	0	1	0	1	0	1	0	1	0	0	0	1	0	1	0
1	32585	1095	37	21	39	23	3	2	0	11	16	14	3	2	0	1	0	1	0	0	0	2	7	1	432432	378378	81081	54054	27027	1	0	3	4	17	1	2	0	0	1	2	0	0	1	0	0	0	-1975	831863	6606	7444	20266	32814	3.746.262	624945	16663	372608	1560852	26298	-31126	-32453	-32566	0	1	1	1	8	5	1	1	9	5	1	1	1	1	1	1	1	0	0	1	1	1	0	1	1	1	1
1	45397	759	52	30	55	33	4	3	0	12	22	22	1	3	0	1	2	1	0	0	0	2	8	3	423077	423077	19231	57692	57692	1	0	4	4	21	0	4	1	0	0	3	0	0	0	0	0	0	-7263	1111749	5445	6283	48489	44162	5.273.533	1025024	0	5099668	2123798	38267	-55116	-59265	-60789	0	75	6667	1	8	5	1	1	8167	1667	875	1	0	0	0	0	0	1	0	1	0	0	0	1	0	1	0
0	46997	731	53	31	56	34	4	3	0	12	22	22	1	4	0	1	2	1	0	0	0	2	9	3	415094	415094	18868	75472	56604	1	0	4	4	22	0	4	0	1	0	3	0	0	0	0	0	0	-7032	1130164	6368	7206	40613	33729	5.424.689	1135023	0	5197176	2163761	39146	-48421	-51782	-52913	0	1	8333	1	1	5	1	1	9048	1667	875	1	0	0	0	0	0	0	0	1	0	0	0	1	0	0	0
0	31146	1095	43	21	45	23	3	2	0	6	22	16	1	2	0	1	1	0	0	0	0	1	5	1	511628	372093	23256	46512	23256	1	0	3	4	16	2	2	0	0	2	2	0	0	0	0	0	0	-2913	80228	4617	5455	33442	36094	4.113.346	756781	16405	3831395	1604014	28262	-42326	-4497	-45742	0	1	1	1	8	5	1	1	9	6667	1	1	1	1	0	1	1	0	0	1	0	1	0	1	1	1	0
0	41346	82	46	28	49	31	3	3	0	11	18	18	3	3	0	1	3	0	0	0	0	1	10	3	391304	391304	65217	65217	65217	1	0	4	5	20	1	3	1	0	1	2	0	0	1	0	0	0	-2171	972202	8313	9151	2522	38034	4.483.425	1325198	16663	4392359	1833918	32897	-35337	-37159	-3752	0	1	1	1	8	5	1	1	9	5	1	1	0	1	0	0	0	1	0	1	0	0	0	1	0	1	0
1	44293	767	50	28	51	29	8	3	0	6	22	17	2	4	0	1	3	1	0	0	0	2	11	4	44	34	4	8	8	1	0	2	2	10	0	2	0	1	0	1	0	0	0	0	0	0	3884	982617	897	9808	20053	31774	5.229.122	1597539	328972	479701	1999758	36557	-30945	-32251	-32353	0	1	1	1	1	1	1	1	1	3333	1	1	0	1	0	0	0	1	0	1	0	0	0	1	0	1	0
1	44293	767	50	28	51	29	8	3	0	6	22	17	2	4	0	1	3	1	0	0	0	2	11	4	44	34	4	8	8	1	0	2	2	10	0	2	0	1	0	1	0	0	0	0	0	0	3884	982617	897	9808	20053	31774	5.229.122	1597539	328972	479701	1999758	36557	-30945	-32251	-32353	0	1	1	1	1	1	1	1	1	3333	1	1	0	1	0	0	0	1	0	1	0	0	0	1	0	1	0
0	47074	682	71	33	74	36	7	2	0	12	38	27	2	3	0	1	0	0	0	0	0	1	6	0	535211	380282	28169	42254	0	1	0	4	5	22	1	3	0	1	0	3	0	0	0	1	0	0	7716	1339434	8363	9201	35401	51191	6.762.047	121412	755805	6245349	259334	45546	-43991	-46831	-47701	0	1	8333	1	1	1	1	1	9762	1667	875	0	0	0	0	0	0	0	0	0	0	0	0	0	0	0	0
0	5041	66	64	34	67	37	7	4	0	12	30	25	3	4	0	1	0	1	0	0	0	2	9	1	46875	390625	46875	625	15625	1	0	4	4	22	0	4	1	0	0	2	1	0	0	0	0	0	2058	1321476	9558	10396	30062	42293	6.353.315	1321429	360215	6100997	2534179	45058	-39453	-41759	-42362	0	75	8333	8333	9	1	8333	1	8786	1667	875	0	0	0	0	0	0	0	0	0	0	0	0	0	0	0	0
0	5041	66	64	34	67	37	7	4	0	12	30	25	3	4	0	1	0	1	0	0	0	2	9	1	46875	390625	46875	625	15625	1	0	4	4	22	0	4	1	0	0	2	1	0	0	0	0	0	2058	1323333	9558	10396	30062	42188	6.357.603	1321429	360215	6100997	2534179	45058	-39453	-41759	-42362	0	75	8333	8333	9	1	8333	1	8786	1667	875	0	0	0	0	0	0	0	0	0	0	0	0	0	0	0	0
1	5041	66	64	34	67	37	7	4	0	12	30	25	3	4	0	1	0	1	0	0	0	2	9	1	46875	390625	46875	625	15625	1	0	4	4	22	0	4	1	0	0	2	1	0	0	0	0	0	2058	1321476	9558	10396	30062	42293	6.353.315	1321429	360215	6100997	2534179	45058	-39453	-41759	-42362	0	75	8333	8333	9	1	8333	1	8786	1667	875	0	0	0	0	0	0	0	0	0	0	0	0	0	0	0	0
1	5041	66	64	34	67	37	7	4	0	12	30	25	3	4	0	1	0	1	0	0	0	2	9	1	46875	390625	46875	625	15625	1	0	4	4	22	0	4	1	0	0	2	1	0	0	0	0	0	2058	1323012	9558	10396	30062	40943	6.353.315	1321429	360215	6100997	2534179	45058	-39453	-41759	-42362	0	75	8333	8333	9	1	8333	1	8786	1667	875	0	0	0	0	0	0	0	0	0	0	0	0	0	0	0	0
1	5041	66	64	34	67	37	7	4	0	12	30	25	3	4	0	1	0	1	0	0	0	2	9	1	46875	390625	46875	625	15625	1	0	4	4	22	0	4	1	0	0	2	1	0	0	0	0	0	2058	1323012	9558	10396	30062	40943	6.353.315	1321429	360215	6100997	2534179	45058	-39453	-41759	-42362	0	75	8333	8333	9	1	8333	1	8786	1667	875	0	0	0	0	0	0	0	0	0	0	0	0	0	0	0	0
1	44293	767	50	28	51	29	8	3	0	6	22	17	2	4	0	1	3	1	0	0	0	2	11	4	44	34	4	8	8	1	0	2	2	10	0	2	0	1	0	1	0	0	0	0	0	0	3884	979652	897	9808	20053	34467	524.97	1597539	328972	479701	1999758	36557	-30945	-32251	-32353	0	1	1	1	1	1	1	1	1	3333	1	1	0	1	0	0	0	1	0	1	0	0	0	1	0	1	0
1	44293	767	50	28	51	29	8	3	0	6	22	17	2	4	0	1	3	1	0	0	0	2	11	4	44	34	4	8	8	1	0	2	2	10	0	2	0	1	0	1	0	0	0	0	0	0	3884	979652	897	9808	20053	34467	524.97	1597539	328972	479701	1999758	36557	-30945	-32251	-32353	0	1	1	1	1	1	1	1	1	3333	1	1	0	1	0	0	0	1	0	1	0	0	0	1	0	1	0
1	49901	701	58	33	62	37	2	2	0	12	25	24	0	5	0	1	2	1	0	0	0	2	9	3	431034	413793	0	86207	51724	1	0	5	8	30	2	2	0	0	0	5	0	0	0	2	0	0	-7211	1198497	6183	7021	45489	41818	574.316	1072328	0	548804	2282967	41413	-52566	-56414	-57789	0	75	6667	1	1	5	1	1	8452	3333	625	0	0	0	0	0	0	0	0	1	0	0	0	0	0	0	0
0	44343	794	52	28	54	30	7	2	0	12	24	20	2	3	0	1	0	2	0	0	0	3	8	2	461538	384615	38462	57692	38462	1	0	3	3	16	0	3	0	1	0	2	0	0	0	0	0	0	9527	112661	8363	9201	30369	42237	5.587.919	121412	755805	519402	2162467	37714	-39714	-42051	-42669	0	1	1	1	1	1	1	1	1	1667	1	1	0	1	0	0	0	1	0	1	0	0	0	1	0	1	0
0	43857	706	62	32	65	35	5	6	0	6	30	25	2	5	0	0	0	0	0	0	0	0	7	0	483871	403226	32258	80645	0	1	0	4	5	24	1	3	0	0	0	4	0	0	0	1	0	0	-3717	1237305	10122	10122	3779	41804	5.893.535	1300474	180108	5557807	231156	42555	-46021	-491	-5009	0	1	1	1	1	1	1	1	1	1667	1	1	0	0	0	0	0	1	0	1	0	0	0	1	0	1	0
1	42848	71	53	31	55	33	5	4	0	12	22	22	4	3	0	0	2	0	0	0	0	0	9	2	415094	415094	75472	56604	37736	1	0	3	4	19	1	2	0	0	0	2	1	0	0	0	1	0	2569	1099856	9087	9087	27891	20217	5.360.479	1610413	360215	5088206	2119101	38639	-37607	-39696	-40191	0	1	1	1	8	5	1	1	9	3333	1	1	0	1	0	0	0	0	0	1	1	0	0	1	0	1	0
1	38246	794	50	28	52	30	5	4	0	11	22	20	4	4	0	0	0	0	0	0	0	0	8	0	44	40	8	8	0	1	0	3	4	18	1	2	0	0	1	1	1	0	0	0	1	0	2823	1020662	10401	10401	9221	7145	5.019.194	1406284	360215	4730565	1972527	35108	-21738	-2196	-21521	0	1	1	1	8	5	1	1	9	3333	1	1	0	0	0	0	0	0	0	1	0	0	0	1	1	1	0
0	37339	9	39	25	41	27	2	3	0	11	14	15	3	3	0	1	3	0	0	0	0	1	10	3	358974	384615	76923	76923	76923	1	0	3	4	17	1	2	0	0	1	2	0	0	1	0	0	0	-1588	853888	8313	9151	18169	3127	396.189	1325198	16663	3870598	1620081	28943	-29344	-3046	-30469	0	1	1	1	8	5	1	1	9	5	1	1	1	1	1	1	0	0	0	1	1	0	0	1	1	1	1
0	39943	855	43	27	46	30	3	3	0	11	16	17	3	3	0	1	3	0	0	0	0	1	10	3	372093	395349	69767	69767	69767	1	0	4	5	20	1	3	1	0	1	2	0	0	1	0	0	0	-199	925826	8313	9151	22921	35984	4.159.751	1325198	16663	4158306	1737994	31167	-33383	-34975	-35221	0	1	1	1	8	5	1	1	9	5	1	1	0	1	0	0	0	1	0	1	0	0	0	1	0	1	0
1	49003	731	53	31	56	34	3	4	0	12	22	21	1	4	0	2	2	1	0	0	0	3	10	3	415094	396226	18868	75472	56604	1	0	4	5	24	1	3	0	0	0	4	0	0	0	1	0	0	-2648	1144662	8031	9707	41822	44948	5.449.223	1349511	16405	5306146	2208421	39531	-49449	-52931	-54122	0	75	8333	1	8	5	1	1	8405	3333	875	0	0	0	0	0	0	0	0	1	0	0	0	0	0	0	0
1	37785	933	38	25	41	28	2	2	0	17	13	17	3	2	0	1	1	1	0	0	0	2	8	2	342105	447368	78947	52632	52632	1	0	4	7	23	2	2	0	0	1	3	0	0	1	1	0	0	-2378	953514	6606	7444	31825	45354	3.905.903	774546	16663	4062791	1698849	28977	-40951	-43434	-44125	0	1	1	1	4	0	1	1	7714	3333	1	1	0	0	0	1	0	0	0	0	0	0	0	1	0	1	0
1	43389	855	38	27	41	30	2	2	0	16	11	16	3	2	0	2	3	1	0	0	0	3	11	4	289474	421053	78947	52632	105263	1	0	4	7	22	2	2	0	0	2	2	0	0	2	0	0	1	-1624	993198	6606	10268	32565	48533	4.074.632	1073749	16663	4230233	1767472	30576	-4158	-44136	-44865	0	1	1	1	4	5	1	1	8429	3333	1	1	0	0	0	0	0	0	0	0	0	0	0	0	0	1	0
1	37785	933	38	25	41	28	2	2	0	17	13	17	3	2	0	1	1	1	0	0	0	2	8	2	342105	447368	78947	52632	52632	1	0	4	7	23	2	2	0	0	1	3	0	0	1	1	0	0	-2378	953514	6606	7444	31825	45354	3.905.903	774546	16663	4062791	1698849	28977	-40951	-43434	-44125	0	1	1	1	4	0	1	1	7714	3333	1	1	0	0	0	1	0	0	0	0	0	0	0	1	0	1	0
0	34741	978	38	24	41	27	2	2	0	16	14	15	5	2	0	1	1	0	0	0	0	1	9	1	368421	394737	131579	52632	26316	1	0	4	7	22	2	2	0	0	2	2	0	0	1	1	0	0	-1774	887116	8388	9226	18159	25032	3.661.254	942402	16663	3794352	1588833	2646	-29335	-30451	-30459	0	1	1	1	6	0	1	1	8	5	1	1	1	1	0	1	0	0	0	1	1	1	0	1	1	1	1
1	34741	978	38	24	41	27	2	2	0	16	14	15	5	2	0	1	1	0	0	0	0	1	9	1	368421	394737	131579	52632	26316	1	0	4	7	22	2	2	0	0	2	2	0	0	1	1	0	0	-1774	891307	8388	9226	18159	25209	366.738	941176	16663	3794352	1588833	2646	-29335	-30451	-30459	0	1	1	1	6	0	1	1	8	5	1	1	1	1	0	1	0	0	0	1	1	1	0	1	1	1	1
1	37785	933	38	25	41	28	2	2	0	17	13	17	3	2	0	1	1	1	0	0	0	2	8	2	342105	447368	78947	52632	52632	1	0	4	7	23	2	2	0	0	1	3	0	0	1	1	0	0	-2378	953514	6606	7444	31825	45354	3.905.903	774546	16663	4062791	1698849	28977	-40951	-43434	-44125	0	1	1	1	4	0	1	1	7714	3333	1	1	0	0	0	1	0	0	0	0	0	0	0	1	0	1	0
1	37586	933	39	25	42	28	2	2	0	17	14	17	3	3	0	1	0	1	0	0	0	2	8	1	358974	435897	76923	76923	25641	1	0	4	7	23	2	2	0	0	1	3	0	0	1	1	0	0	3518	968291	8629	9467	22938	40625	4.091.925	1051779	593464	4131063	1726829	29249	-33397	-34991	-35238	0	1	1	1	4	0	1	1	7714	5	1	1	1	1	1	1	0	0	0	1	0	0	0	1	0	1	0
1	44695	759	49	30	52	33	4	3	0	17	19	20	4	4	0	1	0	1	0	0	0	2	10	1	387755	408163	81633	81633	20408	1	0	4	7	23	2	2	0	0	1	3	0	0	1	1	0	0	-2499	1147375	956	10398	22086	42994	5.052.036	1017636	16663	5025083	2093231	36154	-32674	-34182	-34386	0	1	1	1	6	0	1	1	8	3333	1	1	0	1	0	0	0	1	0	1	0	0	0	1	0	1	0
1	46599	726	52	32	56	36	5	2	0	23	20	24	3	3	0	1	0	1	0	0	0	2	8	1	384615	461538	57692	57692	19231	1	0	5	8	29	2	3	0	0	1	4	0	0	1	1	0	0	-3407	1262108	7529	8367	36153	5897	5.203.094	734944	16663	5374751	2236537	38241	-4463	-47546	-48453	0	1	8333	1	6	0	1	1	7762	1667	75	0	0	0	0	0	0	0	0	0	0	0	0	0	0	0	0
1	35986	978	38	24	41	27	2	2	0	17	14	17	3	2	0	1	0	1	0	0	0	2	7	1	368421	447368	78947	52632	26316	1	0	4	7	23	2	2	0	0	1	3	0	0	1	1	0	0	-2597	95135	6606	7444	30657	43299	3.877.565	624945	16663	4033555	1686867	2837	-39959	-42324	-42957	0	1	1	1	6	0	1	1	8	3333	1	1	0	1	0	1	0	0	0	1	0	0	0	1	0	1	0
1	32641	1028	37	23	40	26	2	2	0	17	14	16	4	2	0	1	0	0	0	0	0	1	7	0	378378	432432	108108	54054	0	1	0	4	7	23	2	2	0	0	1	3	0	0	1	1	0	0	-2406	884868	7895	8733	1545	3054	3.610.351	7928	16663	376196	1575557	26219	-27032	-27877	-2775	0	1	1	1	6	0	1	1	8	5	1	1	1	1	1	1	1	0	0	1	1	1	0	1	1	1	1
1	32641	1028	37	23	40	26	2	2	0	17	14	16	4	2	0	1	0	0	0	0	0	1	7	0	378378	432432	108108	54054	0	1	0	4	7	23	2	2	0	0	1	3	0	0	1	1	0	0	-2406	881733	7895	8733	1545	25149	3.610.351	7928	16663	376196	1575557	26219	-27032	-27877	-2775	0	1	1	1	6	0	1	1	8	5	1	1	1	1	0	1	1	0	0	1	1	1	0	1	1	1	1
1	36085	978	37	24	40	27	2	2	0	17	13	16	4	2	0	1	0	1	0	0	0	2	8	1	351351	432432	108108	54054	27027	1	0	4	7	23	2	2	0	0	1	3	0	0	1	1	0	0	-2186	929781	7895	8733	20562	31793	382.437	7928	16663	3965282	1658886	2774	-31378	-32734	-32862	0	1	1	1	4	0	1	1	7714	5	1	1	1	1	1	1	0	0	0	1	1	0	0	1	1	1	1
1	34983	1028	35	23	38	26	2	2	0	16	12	14	5	2	0	1	0	1	0	0	0	2	9	1	342857	40	142857	57143	28571	1	0	4	7	22	2	2	0	0	2	2	0	0	2	0	0	1	-1549	877867	8388	9226	29084	31335	3.586.167	7928	16663	3734385	1564256	25644	-38621	-4083	-41384	0	1	1	1	4	0	1	1	7714	5	1	1	1	1	1	1	0	0	0	1	0	1	0	1	1	1	1
1	44344	706	49	32	52	35	2	1	1	17	17	22	5	1	0	0	4	0	0	0	0	0	10	4	346939	44898	102041	20408	81633	1	0	4	5	24	1	3	0	0	1	2	1	0	0	0	1	0	-6814	1111425	6391	6391	34914	451	4.917.478	1380987	0	4865615	2027875	36605	-43577	-46368	-47214	0	1	1	1	8	5	1	1	9	3333	1	1	0	0	0	0	0	1	0	0	0	0	0	1	0	1	0
0	34449	862	50	26	52	28	4	1	0	18	24	23	2	1	0	0	0	0	0	0	0	0	3	0	48	46	4	2	0	1	0	3	3	18	0	3	0	0	0	3	0	0	0	0	0	0	-4458	1060898	4199	4199	37557	47348	486.457	599412	180108	4737209	197525	34107	-45823	-48879	-49857	0	1	1	1	8	5	1	1	9	5	1	1	0	0	0	1	0	1	1	0	0	0	0	0	0	1	0
1	44052	746	55	32	60	37	4	0	0	17	23	23	6	0	0	0	3	0	0	0	0	0	9	3	418182	418182	109091	0	54545	1	0	6	8	32	3	4	0	3	1	2	1	0	0	1	0	0	-3097	1158158	6852	6852	59052	44786	4.941.261	1299107	180108	4992193	2079751	36269	-64094	-69299	-71352	0	75	6667	8333	9	5	8333	1	7833	1667	75	1	0	1	0	0	0	1	0	1	0	0	0	1	0	1	0
0	40053	759	55	30	58	33	4	2	0	18	25	26	2	1	0	0	1	0	0	0	0	0	4	1	454545	472727	36364	18182	18182	1	0	4	4	24	0	4	0	0	0	4	0	0	0	0	0	0	-8584	1187196	332	332	44073	50198	524.914	600149	0	5216777	2171794	38404	-51362	-5507	-56373	0	75	1	1	8	5	1	1	8643	5	875	1	0	0	0	0	0	1	0	0	0	0	0	0	0	1	0
0	45243	685	50	32	52	34	4	1	0	18	18	23	2	1	0	0	6	0	0	0	0	0	9	6	36	46	4	2	12	1	0	3	3	18	0	3	0	0	0	3	0	0	0	0	0	0	-3097	1080843	4199	4199	49148	55341	5.038.886	1497019	180108	4912625	2047141	37749	-55676	-59891	-61448	0	75	6667	1	8	5	1	1	8167	5	875	1	0	0	0	0	0	0	0	0	0	0	0	0	0	0	0
0	35087	9	44	25	46	27	5	1	0	18	19	21	2	1	0	0	0	1	0	0	0	1	4	1	431818	477273	45455	22727	22727	1	0	3	3	18	0	3	0	0	0	3	0	0	0	0	0	0	-3959	1012781	4199	4199	38088	42576	4.519.493	599412	180108	4472425	1866732	32168	-46275	-49384	-50388	0	1	1	1	6	5	1	1	8714	5	1	1	0	1	0	1	0	1	0	1	0	0	0	1	0	1	0
0	45243	685	50	32	52	34	4	1	0	18	18	23	2	1	0	0	6	0	0	0	0	0	9	6	36	46	4	2	12	1	0	3	3	18	0	3	0	0	0	3	0	0	0	0	0	0	-7124	108277	332	332	49148	53904	5.024.501	1348155	0	4912625	2047141	37749	-55676	-59891	-61448	0	75	6667	1	8	5	1	1	8167	5	875	1	0	0	0	0	0	0	0	0	0	0	0	0	0	0	0
0	45243	685	50	32	52	34	4	1	0	18	18	23	2	1	0	0	6	0	0	0	0	0	9	6	36	46	4	2	12	1	0	3	3	18	0	3	0	0	0	3	0	0	0	0	0	0	-3097	1079548	4199	4199	49148	5647	5.034.597	1497019	180108	4912625	2047141	37749	-55676	-59891	-61448	0	75	6667	1	8	5	1	1	8167	5	875	0	0	0	0	0	0	0	0	0	0	0	0	0	0	0	0
1	47765	635	67	36	71	40	6	1	0	24	31	31	3	2	0	0	0	0	0	0	0	0	5	0	462687	462687	44776	29851	0	1	0	5	5	30	0	5	0	0	0	5	0	0	0	0	0	0	-4653	1446467	5446	5446	38156	51307	6.288.627	740654	180108	6297841	2614853	45572	-46333	-49448	-50456	0	1	8333	1	8	5	1	1	8762	3333	75	0	0	0	0	0	0	0	0	0	0	0	0	0	0	0	0
1	45243	685	50	32	52	34	4	1	0	18	18	23	2	1	0	0	6	0	0	0	0	0	9	6	36	46	4	2	12	1	0	3	3	18	0	3	0	0	0	3	0	0	0	0	0	0	-3097	1079548	4199	4199	49148	5647	5.034.597	1497019	180108	4912625	2047141	37749	-55676	-59891	-61448	0	75	6667	1	8	5	1	1	8167	5	875	0	0	0	0	0	0	0	0	0	0	0	0	0	0	0	0
1	47765	635	67	36	71	40	6	1	0	24	31	31	3	2	0	0	0	0	0	0	0	0	5	0	462687	462687	44776	29851	0	1	0	5	5	30	0	5	0	0	0	5	0	0	0	0	0	0	-4653	1446467	5446	5446	38156	51307	6.288.627	740654	180108	6297841	2614853	45572	-46333	-49448	-50456	0	1	8333	1	8	5	1	1	8762	3333	75	0	0	0	0	0	0	0	0	0	0	0	0	0	0	0	0
1	51974	58	76	39	80	43	8	1	0	24	37	34	3	2	0	0	0	0	0	0	0	0	5	0	486842	447368	39474	26316	0	1	0	5	5	30	0	5	0	0	0	5	0	0	0	0	0	0	-4852	1583973	5446	5446	4372	62949	7.108.491	740654	180108	700	2902623	50762	-51062	-54734	-5602	1	5	8333	8333	7	5	8333	1	7429	3333	625	0	0	0	0	0	0	0	0	0	0	0	0	0	0	0	0
0	46646	663	53	33	55	35	4	1	0	18	20	24	2	1	0	0	6	0	0	0	0	0	9	6	377358	45283	37736	18868	113208	1	0	3	3	18	0	3	0	0	0	3	0	0	0	0	0	0	-322	1124558	4199	4199	5116	60639	5.358.271	1497019	180108	5146678	2143065	39479	-57386	-61802	-6346	0	75	6667	8333	7	5	8333	1	7548	5	75	0	0	0	0	0	0	0	0	0	0	0	0	0	0	0	0
0	40944	736	48	30	50	32	4	1	1	18	18	23	3	1	0	0	3	0	0	0	0	0	7	3	375	479167	625	20833	625	1	0	3	3	18	0	3	0	0	0	3	0	0	0	0	0	0	-3489	1077188	6578	6578	37267	45836	498.481	1358809	180108	4847841	202059	365	-45577	-48604	-49567	0	1	1	1	6	5	1	1	8714	1667	1	1	0	0	0	0	0	1	0	0	0	0	0	1	0	1	0
0	45342	685	49	32	51	34	4	1	0	18	17	22	3	1	0	0	6	0	0	0	0	0	10	6	346939	44898	61224	20408	122449	1	0	3	3	18	0	3	0	0	0	3	0	0	0	0	0	0	-2788	1050539	5488	5488	39026	53534	4.981.403	1664874	180108	4844352	2019161	37119	-47072	-50275	-51326	0	1	8333	1	8	5	1	1	8762	3333	1	1	0	0	0	0	0	0	0	0	0	0	0	0	0	0	0
1	41754	706	55	32	58	35	5	1	1	24	23	28	3	1	0	0	0	0	0	0	0	0	4	0	418182	509091	54545	18182	0	1	0	4	4	24	0	4	0	0	0	4	0	0	0	0	0	0	-4646	1268813	6578	6578	39559	51597	5.552.634	910006	180108	5535714	2302506	40211	-47525	-50781	-51859	0	1	1	1	6	5	1	1	8714	1667	1	1	0	0	0	0	0	1	0	0	0	0	0	0	0	0	0
1	46362	639	64	35	67	38	6	2	0	24	29	30	3	2	0	0	0	0	0	0	0	0	5	0	453125	46875	46875	3125	0	1	0	4	4	24	0	4	0	0	0	4	0	0	0	0	0	0	-458	1395176	623	623	39624	46948	6.279.956	882104	180108	6172757	2563589	44814	-47581	-50843	-51924	0	1	8333	1	6	5	1	1	8476	1667	875	0	0	0	0	0	0	0	0	0	0	0	0	0	0	0	0
0	43654	682	57	33	60	36	6	2	0	24	24	28	2	3	0	0	0	0	0	0	0	0	5	0	421053	491228	35088	52632	0	1	0	4	4	24	0	4	0	0	0	4	0	0	0	0	0	0	1018	127902	7929	7929	39802	48852	5.763.405	1277695	606941	5636379	2343762	41133	-47732	-51012	-52102	0	1	1	1	6	5	1	1	8714	1667	1	1	0	0	0	0	0	1	0	0	0	0	0	0	0	1	0
1	43561	682	62	33	65	36	6	1	0	24	29	29	3	1	0	0	0	0	0	0	0	0	4	0	467742	467742	48387	16129	0	1	0	4	4	24	0	4	0	0	0	4	0	0	0	0	0	0	-4723	1355722	4523	4523	42203	5443	5.977.172	630655	180108	5912625	2456977	42469	-49772	-53292	-54503	0	75	1	1	8	5	1	1	8643	3333	875	0	0	0	0	0	0	0	0	0	0	0	0	0	0	0	0
1	4366	682	61	33	64	36	6	1	0	24	28	28	4	1	0	0	0	0	0	0	0	0	5	0	459016	459016	65574	16393	0	1	0	4	4	24	0	4	0	0	0	4	0	0	0	0	0	0	-4422	1337288	5812	5812	40491	48315	5.923.977	798511	180108	5844352	2428997	41839	-48318	-51667	-52791	0	1	1	1	8	5	1	1	9	3333	1	0	0	0	0	0	0	0	0	0	0	0	0	0	0	1	0
1	47765	635	67	36	71	40	6	1	0	24	31	31	3	2	0	0	0	0	0	0	0	0	5	0	462687	462687	44776	29851	0	1	0	5	5	30	0	5	0	0	0	5	0	0	0	0	0	0	-4653	1446467	5446	5446	38156	51307	6.288.627	740654	180108	6297841	2614853	45572	-46333	-49448	-50456	0	1	8333	1	8	5	1	1	8762	3333	75	0	0	0	0	0	0	0	0	0	0	0	0	0	0	0	0
1	47864	635	66	36	70	40	6	1	0	24	30	30	4	2	0	0	0	0	0	0	0	0	6	0	454545	454545	60606	30303	0	1	0	5	5	30	0	5	0	0	0	5	0	0	0	0	0	0	-4378	1428033	6735	6735	36654	45192	6.235.432	908509	180108	6229568	2586872	44942	-45056	-48021	-48954	0	1	8333	1	8	5	1	1	8762	1667	75	0	0	0	0	0	0	0	0	0	0	0	0	0	0	0	0
1	45063	66	64	34	67	37	7	1	0	24	30	29	4	1	0	0	0	0	0	0	0	0	5	0	46875	453125	625	15625	0	1	0	4	4	24	0	4	0	0	0	4	0	0	0	0	0	0	891	1386602	6691	6691	42446	52043	6.199.129	947375	360215	6078405	252492	43569	-49979	-53524	-54746	0	75	8333	1	8	5	1	1	8405	1667	875	0	0	0	0	0	0	0	0	0	0	0	0	0	0	0	0
1	41754	706	55	32	58	35	5	1	1	24	23	28	3	1	0	0	0	0	0	0	0	0	4	0	418182	509091	54545	18182	0	1	0	4	4	24	0	4	0	0	0	4	0	0	0	0	0	0	-4646	1268813	6578	6578	39559	51597	5.552.634	910006	180108	5535714	2302506	40211	-47525	-50781	-51859	0	1	1	1	6	5	1	1	8714	1667	1	1	0	0	0	0	0	1	0	0	0	0	0	0	0	0	0
0	39253	759	54	30	57	33	5	1	0	24	24	27	2	1	0	0	0	0	0	0	0	0	3	0	444444	50	37037	18519	0	1	0	4	4	24	0	4	0	0	0	4	0	0	0	0	0	0	-481	1211436	4199	4199	43664	52808	5.256.641	599412	180108	5278738	2197188	37909	-51014	-54681	-55964	0	75	1	1	6	5	1	1	8357	5	875	1	0	0	0	0	0	0	0	0	0	0	0	0	0	0	0
0	41754	706	55	32	58	35	5	1	1	24	23	28	3	1	0	0	0	0	0	0	0	0	4	0	418182	509091	54545	18182	0	1	0	4	4	24	0	4	0	0	0	4	0	0	0	0	0	0	-4646	1268813	6578	6578	39559	51597	5.552.634	910006	180108	5535714	2302506	40211	-47525	-50781	-51859	0	1	1	1	6	5	1	1	8714	1667	1	1	0	0	0	0	0	1	0	0	0	0	0	0	0	0	0
0	39352	759	53	30	56	33	5	1	0	24	23	26	3	1	0	0	0	0	0	0	0	0	4	0	433962	490566	56604	18868	0	1	0	4	4	24	0	4	0	0	0	4	0	0	0	0	0	0	-448	1186147	5488	5488	36253	45587	5.203.446	767267	180108	5210465	2169207	37279	-44715	-4764	-48553	0	1	1	1	6	5	1	1	8714	3333	1	1	0	0	0	0	0	1	1	0	0	0	0	1	0	1	0
0	39352	759	53	30	56	33	5	1	0	24	23	26	3	1	0	0	0	0	0	0	0	0	4	0	433962	490566	56604	18868	0	1	0	4	4	24	0	4	0	0	0	4	0	0	0	0	0	0	-448	1189867	5488	5488	33573	41302	5.203.446	767267	180108	5210465	2169207	37279	-42437	-45094	-45873	0	1	1	1	6	5	1	1	8714	3333	1	1	0	1	0	0	0	1	1	1	0	0	0	1	0	1	0
0	39352	759	53	30	56	33	5	1	0	24	23	26	3	1	0	0	0	0	0	0	0	0	4	0	433962	490566	56604	18868	0	1	0	4	4	24	0	4	0	0	0	4	0	0	0	0	0	0	-448	1189867	5488	5488	33573	41302	5.203.446	767267	180108	5210465	2169207	37279	-42437	-45094	-45873	0	1	1	1	6	5	1	1	8714	3333	1	1	0	1	0	0	0	1	1	1	0	0	0	1	0	1	0
0	47963	635	65	36	69	40	6	1	0	24	29	29	5	2	0	0	0	0	0	0	0	0	7	0	446154	446154	76923	30769	0	1	0	5	5	30	0	5	0	0	0	5	0	0	0	0	0	0	-4102	141257	8024	8024	31195	3873	6.182.238	1076365	180108	6161296	2558892	44312	-40416	-42835	-43495	0	1	8333	1	8	5	1	1	8762	1667	75	0	0	0	0	0	0	0	0	0	0	0	0	0	0	0	0
0	4146	731	61	31	64	34	5	1	0	18	30	26	4	1	0	0	0	0	0	0	0	0	5	0	491803	42623	65574	16393	0	1	0	4	4	24	0	4	0	0	0	4	0	0	0	0	0	0	-4246	1264861	4847	4847	30513	38819	5.683.629	661898	180108	5590532	2324972	40261	-39836	-42187	-42813	0	1	1	1	8	5	1	1	9	3333	1	1	0	0	0	0	0	1	0	1	0	0	0	1	0	1	0
1	47667	635	68	36	72	40	6	1	0	24	32	31	4	1	0	0	0	0	0	0	0	0	5	0	470588	455882	58824	14706	0	1	0	5	5	30	0	5	0	0	0	5	0	0	0	0	0	0	-4653	1469846	4847	4847	40836	5554	6.336.467	661898	180108	6366113	2642833	45793	-48611	-51994	-53136	0	1	8333	1	8	5	1	1	8762	3333	75	0	0	0	0	0	0	0	0	0	0	0	0	0	0	0	0
0	40155	759	57	30	60	33	5	1	0	18	27	25	3	2	0	0	0	0	0	0	0	0	5	0	473684	438596	52632	35088	0	1	0	4	4	24	0	4	0	0	0	4	0	0	0	0	0	0	-4149	1195105	5446	5446	2847	36123	5.375.022	740654	180108	5288206	2201068	3831	-38099	-40246	-4077	0	1	1	1	8	5	1	1	9	5	1	1	0	0	0	0	0	1	1	1	0	0	0	1	0	1	0
0	31643	942	44	24	46	26	4	1	0	18	20	21	2	1	0	0	0	0	0	0	0	0	3	0	454545	477273	45455	22727	0	1	0	3	3	18	0	3	0	0	0	3	0	0	0	0	0	0	-4243	960074	4199	4199	33221	37624	4.343.036	599412	180108	4269103	1783403	30647	-42137	-44759	-45521	0	1	1	1	6	5	1	1	8714	5	1	1	1	1	0	1	0	1	0	1	0	1	0	1	0	1	0
0	49452	622	59	35	61	37	6	1	0	18	24	26	2	1	0	0	6	0	0	0	0	0	9	6	40678	440678	33898	16949	101695	1	0	3	3	18	0	3	0	0	0	3	0	0	0	0	0	0	-3446	1217054	4199	4199	55098	68112	5.854.461	1497019	180108	5614784	2334911	42939	-60733	-65543	-67398	0	75	6667	8333	7	5	8333	1	7548	5	75	0	0	0	0	0	0	0	0	0	0	0	0	0	0	0	0
0	4544	685	48	32	50	34	4	1	0	18	16	22	2	2	0	0	6	0	0	0	0	0	10	6	333333	458333	41667	41667	125	1	0	3	3	18	0	3	0	0	0	3	0	0	0	0	0	0	2699	1047936	6222	6222	39026	4639	5.020.046	1923852	606941	477608	199118	36898	-47072	-50275	-51326	0	1	8333	1	8	5	1	1	8762	1667	1	1	0	0	0	0	0	1	0	0	0	0	0	1	0	1	0
0	42437	736	44	30	46	32	3	1	0	18	14	21	2	1	0	0	6	0	0	0	0	0	9	6	318182	477273	45455	22727	136364	1	0	3	3	18	0	3	0	0	0	3	0	0	0	0	0	0	-2829	988311	4199	4199	47708	51497	4.475.501	1497019	180108	4444518	1855294	34289	-54452	-58523	-60008	0	75	8333	1	4	5	1	1	7833	6667	875	1	0	0	0	0	0	1	0	0	0	0	0	0	0	0	0
0	35725	942	38	24	40	26	3	1	0	18	14	19	2	1	0	0	0	2	0	0	0	2	5	2	368421	50	52632	26316	52632	1	0	3	3	18	0	3	0	0	0	3	0	0	0	0	0	0	-342	964933	4199	4199	41261	45939	4.211.978	599412	180108	4207641	1758214	30229	-48971	-52397	-53561	0	1	1	1	6	0	1	1	8	6667	1	1	0	0	0	1	0	0	0	0	0	0	0	1	0	1	0
1	4384	71	47	31	49	33	4	1	0	18	16	22	2	1	0	0	6	0	0	0	0	0	9	6	340426	468085	42553	21277	12766	1	0	3	3	18	0	3	0	0	0	3	0	0	0	0	0	0	-2967	1033803	4199	4199	47105	51845	4.736.269	1497019	180108	4678571	1951218	36019	-53939	-57949	-59405	0	75	8333	1	8	5	1	1	8405	5	875	1	0	0	0	0	0	1	0	0	0	0	0	0	0	0	0
0	43939	71	46	31	48	33	4	1	0	18	15	21	3	1	0	0	6	0	0	0	0	0	10	6	326087	456522	65217	21739	130435	1	0	3	3	18	0	3	0	0	0	3	0	0	0	0	0	0	-2648	1008514	5488	5488	3963	44624	4.683.074	1664874	180108	4610299	1923237	35389	-47585	-50848	-5193	0	1	1	1	8	5	1	1	9	3333	1	1	0	1	0	0	0	1	0	1	0	0	0	1	0	1	0
0	43939	71	46	31	48	33	4	1	0	18	15	21	3	1	0	0	6	0	0	0	0	0	10	6	326087	456522	65217	21739	130435	1	0	3	3	18	0	3	0	0	0	3	0	0	0	0	0	0	-2648	1015369	5488	5488	4507	4573	4.683.074	1664874	180108	4610299	1923237	35389	-52209	-56016	-5737	0	75	8333	1	8	5	1	1	8405	3333	875	1	0	0	0	0	0	1	0	0	0	0	0	1	0	1	0
0	43939	71	46	31	48	33	3	1	0	18	15	21	3	1	0	0	6	0	0	0	0	0	10	6	326087	456522	65217	21739	130435	1	0	3	3	18	0	3	0	0	0	3	0	0	0	0	0	0	2889	1020094	5402	5402	4369	50579	4.647.032	1677126	360215	4610299	1923237	35389	-51036	-54705	-5599	0	75	1	1	6	5	1	1	8357	5	875	1	0	0	0	0	0	1	0	0	0	0	0	0	0	1	0
1	46043	71	45	31	47	33	4	2	0	18	14	20	2	2	0	1	6	0	0	0	0	1	11	6	311111	444444	44444	44444	133333	1	0	3	3	18	0	3	0	0	0	3	0	0	0	0	0	0	-2328	1041892	5906	6744	40854	53251	4.645.803	1672642	16405	4650997	1939917	35553	-48626	-52011	-53154	0	1	8333	1	4	5	1	1	819	1667	875	1	0	0	0	0	0	0	0	0	0	0	0	0	0	0	0
0	39331	9	39	25	41	27	4	2	0	18	14	18	2	2	0	1	0	2	0	0	0	3	7	2	358974	461538	51282	51282	51282	1	0	3	3	18	0	3	0	0	0	3	0	0	0	0	0	0	-2773	1018514	5906	6744	34287	47693	438.228	775035	16405	441412	1842836	31493	-43044	-45773	-46587	0	1	1	1	6	0	1	1	8	1667	1	1	0	0	0	0	0	0	0	0	0	0	0	0	0	1	0
1	41953	782	49	30	53	34	3	0	0	23	19	24	3	0	0	1	2	0	0	0	0	1	6	2	387755	489796	61224	0	40816	1	0	5	8	30	2	3	0	0	1	3	1	0	0	1	1	0	-3819	1172825	3781	6605	5312	58668	4.670.595	81502	180108	4937375	2057285	35297	-59052	-63664	-6542	0	75	8333	8333	5	5	8333	1	75	5	75	0	0	0	0	0	0	0	0	0	0	0	0	0	0	0	0
1	40154	813	49	29	53	33	3	0	0	23	20	24	3	0	0	1	1	0	0	0	0	1	5	1	408163	489796	61224	0	20408	1	0	5	8	30	2	3	0	0	1	3	1	0	0	1	1	0	-4047	1170661	3781	6605	49406	56613	4.642.257	665419	180108	490814	2045303	3469	-55895	-60135	-61706	0	75	8333	1	6	5	1	1	8119	5	75	0	0	0	0	0	0	0	0	0	0	0	0	0	0	0	0
1	38355	847	49	28	53	32	3	0	0	23	21	24	3	0	0	1	0	0	0	0	0	1	4	0	428571	489796	61224	0	0	1	0	5	8	30	2	3	0	0	1	3	1	0	0	1	1	0	-4292	1168497	3781	6605	45683	54558	4.613.919	515818	180108	4878904	2033321	34083	-52731	-56599	-57983	0	75	8333	1	6	5	1	1	8119	5	75	1	0	0	0	0	0	0	0	0	0	0	0	0	0	0	0
0	4384	71	47	31	49	33	4	1	0	18	16	22	2	1	0	0	6	0	0	0	0	0	9	6	340426	468085	42553	21277	12766	1	0	3	3	18	0	3	0	0	0	3	0	0	0	0	0	0	-2967	1033803	4199	4199	47105	51845	4.736.269	1497019	180108	4678571	1951218	36019	-53939	-57949	-59405	0	75	8333	1	8	5	1	1	8405	5	875	1	0	0	0	0	0	1	0	0	0	0	0	0	0	0	0
0	36245	883	46	27	50	31	3	0	0	21	19	20	6	0	0	0	1	0	0	0	0	0	7	1	413043	434783	130435	0	21739	1	0	5	7	28	2	3	0	0	2	3	0	0	2	0	0	0	2673	1054267	709	709	44336	43233	4.111.575	830824	346738	4340532	1812677	29747	-51586	-55319	-56636	0	75	1	1	8	5	1	1	8643	3333	75	1	0	1	0	1	0	1	0	1	0	0	0	1	0	1	0
1	40454	782	55	30	59	34	4	0	0	21	25	23	6	0	0	0	1	0	0	0	0	0	7	1	454545	418182	109091	0	18182	1	0	5	7	28	2	3	0	0	2	3	0	0	2	0	0	0	-3489	1194896	6004	6004	50842	52555	4.963.191	830824	180108	5042691	2100447	34937	-57116	-615	-63142	0	75	8333	8333	7	5	8333	1	7786	1667	75	1	0	0	0	0	0	0	0	0	0	0	0	0	0	0	0
1	37648	847	49	28	53	32	3	0	0	21	21	21	6	0	0	0	1	0	0	0	0	0	7	1	428571	428571	122449	0	20408	1	0	5	7	28	2	3	0	0	2	3	0	0	2	0	0	0	-3231	1103234	6004	6004	46545	45292	4.399.807	830824	180108	4574585	19086	31477	-53463	-57417	-58845	0	75	8333	1	8	5	1	1	8405	3333	75	1	0	0	0	1	0	1	1	0	0	0	0	1	0	1	0
0	41857	753	58	31	62	35	5	0	0	21	27	24	6	0	0	0	1	0	0	0	0	0	7	1	465517	413793	103448	0	17241	1	0	5	7	28	2	3	0	0	2	3	0	0	2	0	0	0	-3606	1240674	6004	6004	52936	5721	521.967	830824	180108	5276744	2196371	36667	-58895	-63489	-65236	0	75	8333	8333	7	5	8333	1	7786	1667	75	0	0	0	0	0	0	0	0	0	0	0	0	0	0	0	0
0	37648	847	49	28	53	32	3	0	0	21	21	21	6	0	0	0	1	0	0	0	0	0	7	1	428571	428571	122449	0	20408	1	0	5	7	28	2	3	0	0	2	3	0	0	2	0	0	0	-3231	1101698	6004	6004	46545	46642	4.399.807	830824	180108	4574585	19086	31477	-53463	-57417	-58845	0	75	8333	1	8	5	1	1	8405	3333	75	1	0	0	0	1	0	1	1	0	0	0	0	1	0	1	0
1	45256	753	54	31	58	35	5	0	0	15	23	20	6	1	0	1	3	0	0	0	0	1	11	3	425926	37037	111111	18519	55556	1	0	5	7	27	3	3	0	0	3	2	1	0	1	0	0	0	-2328	115614	6758	9582	35843	44315	5.013.307	1254399	180108	4982392	2075734	35573	-44366	-47251	-48143	0	1	8333	1	8	5	1	1	8762	1667	875	1	0	0	0	0	0	1	0	1	0	0	0	1	0	1	0
1	47247	701	54	33	58	37	6	0	0	15	21	20	6	2	0	0	5	0	0	0	0	0	13	5	388889	37037	111111	37037	92593	1	0	5	7	27	3	3	0	0	3	2	1	0	1	0	0	0	-2019	1094205	8072	8072	42707	39874	4.926.932	1697148	180108	4866777	2028351	35815	-50201	-53772	-55007	0	75	8333	1	8	5	1	1	8405	1667	625	1	0	0	0	0	0	0	0	1	0	0	0	1	0	0	0
1	50653	677	54	34	58	38	5	0	0	15	20	20	6	1	0	1	6	0	0	0	0	1	14	6	37037	37037	111111	18519	111111	1	0	5	7	27	3	3	0	0	3	2	1	0	1	0	0	0	-1878	117047	6758	9582	4176	52877	5.081.338	1703202	180108	50701	211168	37394	-49396	-52872	-5406	1	5	8333	8333	7	5	8333	1	7429	1667	75	0	0	0	0	0	0	0	0	0	0	0	0	0	0	0	0
1	43853	782	51	30	55	34	5	0	0	15	21	19	6	1	0	1	3	0	0	0	0	1	11	3	411765	372549	117647	19608	58824	1	0	5	7	27	3	3	0	0	3	2	1	0	1	0	0	0	-2169	1111958	6758	9582	33634	4054	4.735.557	1254399	180108	4748339	1979811	33843	-42489	-45152	-45934	0	1	1	1	8	5	1	1	9	1667	875	1	0	1	0	0	0	1	0	1	0	0	0	1	0	1	0
1	4835	677	56	34	60	38	5	0	0	16	22	21	7	1	0	0	5	0	0	0	0	0	13	5	392857	375	125	17857	89286	1	0	5	7	28	3	3	0	0	2	3	1	0	1	0	0	0	-217	1160285	8047	8047	50779	4417	5.146.311	1739551	180108	5097674	2122981	37502	-57062	-6144	-63079	0	75	6667	8333	7	5	8333	1	7548	1667	625	0	0	0	0	0	0	0	0	1	0	0	0	0	0	0	0
1	50048	695	61	34	66	39	5	0	0	17	27	24	7	1	0	0	0	2	0	0	0	2	10	2	442623	393443	114754	16393	32787	1	0	6	8	34	3	4	0	0	2	4	1	0	1	0	0	0	-3045	1359105	8099	8099	55175	52696	5.786.374	991545	180108	5808472	2414292	41199	-60798	-65616	-67475	1	5	5	6667	6	5	6667	1	6333	1667	625	0	0	0	0	0	0	0	0	0	0	0	0	0	0	0	0
1	48403	695	61	34	66	39	5	0	0	17	27	24	7	1	0	0	1	1	0	0	0	1	10	2	442623	393443	114754	16393	32787	1	0	6	8	34	3	4	0	0	2	4	1	0	1	0	0	0	-3045	1313221	8099	8099	54157	48107	5.600.693	1141147	180108	5634385	2342945	40285	-59933	-64649	-66457	0	75	5	8333	7	5	8333	1	731	1667	625	0	0	0	0	0	0	0	0	0	0	0	0	0	0	0	0
1	46604	72	61	33	66	38	5	0	0	17	28	24	7	1	0	0	0	1	0	0	0	1	9	1	459016	393443	114754	16393	16393	1	0	6	8	34	3	4	0	0	2	4	1	0	1	0	0	0	-322	1311057	8099	8099	53131	46052	5.572.355	991545	180108	560515	2330963	39678	-59062	-63675	-65431	0	75	5	8333	7	5	8333	1	731	1667	625	0	0	0	0	0	0	0	0	0	0	0	0	0	0	0	0
1	46604	72	61	33	66	38	5	0	0	17	28	24	7	1	0	0	0	1	0	0	0	1	9	1	459016	393443	114754	16393	16393	1	0	6	8	34	3	4	0	0	2	4	1	0	1	0	0	0	-322	1311057	8099	8099	53131	46052	5.572.355	991545	180108	560515	2330963	39678	-59062	-63675	-65431	0	75	5	8333	7	5	8333	1	731	1667	625	0	0	0	0	0	0	0	0	0	0	0	0	0	0	0	0
1	4836	672	63	35	68	40	4	0	0	17	28	25	7	0	0	0	3	0	0	0	0	0	10	3	444444	396825	111111	0	47619	1	0	6	8	35	3	4	0	0	2	3	2	0	0	1	0	0	-3163	1303938	7176	7176	63668	50171	5.573.539	133035	180108	562608	2339541	40829	-68018	-73685	-75968	0	75	5	8333	7	5	8333	1	731	1667	625	0	0	0	0	0	0	0	0	0	0	0	0	0	0	0	0
1	4836	672	63	35	68	40	4	0	0	17	28	25	7	0	0	0	3	0	0	0	0	0	10	3	444444	396825	111111	0	47619	1	0	6	8	34	3	4	0	0	2	4	1	0	1	0	0	0	-3163	1311173	7176	7176	60988	48867	5.573.539	133035	180108	562608	2339541	40829	-6574	-71139	-73288	0	75	5	8333	7	5	8333	1	731	1667	625	0	0	0	0	0	0	0	0	0	0	0	0	0	0	0	0
1	49763	651	66	36	71	41	4	0	0	17	30	26	7	0	0	0	3	0	0	0	0	0	10	3	454545	393939	106061	0	45455	1	0	6	8	35	3	4	0	0	2	3	2	0	0	1	0	0	-3275	1357183	7176	7176	62985	53429	5.834.307	133035	180108	5860133	2435464	42559	-67437	-73036	-75285	0	75	5	8333	7	5	8333	1	731	1667	625	0	0	0	0	0	0	0	0	0	0	0	0	0	0	0	0
1	46561	695	63	34	68	39	4	0	0	17	29	25	7	0	0	0	2	0	0	0	0	0	9	2	460317	396825	111111	0	31746	1	0	6	8	35	3	4	0	0	2	3	2	0	0	1	0	0	-3336	1301774	7176	7176	62658	48116	5.545.202	1180749	180108	5596844	2327559	40222	-67159	-72725	-74958	0	75	5	8333	7	5	8333	1	731	1667	625	0	0	0	0	0	0	0	0	0	0	0	0	0	0	0	0
1	4836	672	63	35	68	40	4	0	0	17	28	25	7	0	0	0	3	0	0	0	0	0	10	3	444444	396825	111111	0	47619	1	0	6	8	35	3	4	0	0	2	3	2	0	0	1	0	0	-3163	1310904	7176	7176	55548	46387	5.579.666	13279	180108	562608	2339541	40829	-61116	-65971	-67848	0	75	5	8333	7	5	8333	1	731	1667	625	0	0	0	0	0	0	0	0	0	0	0	0	0	0	0	0
1	4836	672	63	35	68	40	4	0	0	17	28	25	7	0	0	0	3	0	0	0	0	0	10	3	444444	396825	111111	0	47619	1	0	6	8	35	3	4	0	0	2	3	2	0	0	1	0	0	-3163	1303938	7176	7176	63668	50171	5.573.539	133035	180108	562608	2339541	40829	-68018	-73685	-75968	0	75	5	8333	7	5	8333	1	731	1667	625	0	0	0	0	0	0	0	0	0	0	0	0	0	0	0	0
1	47257	695	61	34	66	39	4	0	0	16	27	24	6	1	0	0	3	0	0	0	0	0	10	3	442623	393443	98361	16393	4918	1	0	6	8	34	3	4	0	0	3	2	2	0	0	1	0	0	-3045	1240793	7201	7201	58356	48353	535.416	1287947	180108	5395183	2244911	39142	-63502	-68638	-70656	0	75	5	8333	7	5	8333	1	731	1667	625	1	0	0	0	0	0	0	0	0	0	0	0	0	0	0	0
1	49763	651	66	36	71	41	4	0	0	17	30	26	7	0	0	0	3	0	0	0	0	0	10	3	454545	393939	106061	0	45455	1	0	6	8	35	3	4	0	0	2	3	2	0	0	1	0	0	-3275	1357183	7176	7176	62985	53429	5.834.307	133035	180108	5860133	2435464	42559	-67437	-73036	-75285	0	75	5	8333	7	5	8333	1	731	1667	625	0	0	0	0	0	0	0	0	0	0	0	0	0	0	0	0
1	49862	651	65	36	70	41	4	0	0	17	29	25	8	0	0	0	3	0	0	0	0	0	11	3	446154	384615	123077	0	46154	1	0	6	8	35	3	4	0	0	2	3	2	0	0	1	0	0	-2999	1349076	75	75	60245	51783	5.734.974	1361593	180108	579186	2407484	41929	-65108	-70432	-72545	0	75	5	8333	7	5	8333	1	731	1667	625	0	0	0	0	0	0	0	0	0	0	0	0	0	0	0	0
1	45257	72	59	33	64	38	4	0	0	17	26	23	8	0	0	0	2	0	0	0	0	0	10	2	440678	389831	135593	0	33898	1	0	6	8	34	3	4	0	0	2	4	1	0	1	0	0	0	-292	1247229	75	75	55115	4067	5.185.102	1211992	180108	5294518	2203655	37862	-60748	-65559	-67415	0	75	5	8333	7	5	8333	1	731	1667	75	1	0	0	0	0	0	1	0	1	0	0	0	1	0	1	0
1	48459	672	62	35	67	40	4	0	0	17	27	24	8	0	0	0	3	0	0	0	0	0	11	3	435484	387097	129032	0	48387	1	0	6	8	34	3	4	0	0	2	4	1	0	1	0	0	0	-2879	1302638	75	75	58217	45983	5.474.207	1361593	180108	5557807	231156	40199	-63384	-68506	-70517	0	75	5	8333	7	5	8333	1	731	1667	625	0	0	0	0	0	0	0	0	0	0	0	0	0	0	0	0
1	45257	72	59	33	64	38	4	0	0	17	26	23	8	0	0	0	2	0	0	0	0	0	10	2	440678	389831	135593	0	33898	1	0	6	8	34	3	4	0	0	2	4	1	0	1	0	0	0	-292	1254195	75	75	46995	36886	5.191.228	1209542	180108	5294518	2203655	37862	-53846	-57845	-59295	0	75	5	1	8	5	1	1	7929	1667	75	1	0	0	0	0	0	1	0	1	0	0	0	1	0	1	0
1	45257	72	59	33	64	38	4	0	0	17	26	23	8	0	0	0	2	0	0	0	0	0	10	2	440678	389831	135593	0	33898	1	0	6	8	34	3	4	0	0	2	4	1	0	1	0	0	0	-292	1247229	75	75	55115	4067	5.185.102	1211992	180108	5294518	2203655	37862	-60748	-65559	-67415	0	75	5	8333	7	5	8333	1	731	1667	75	1	0	0	0	0	0	1	0	1	0	0	0	1	0	1	0
1	47056	695	59	34	64	39	4	0	0	17	25	23	8	0	0	0	3	0	0	0	0	0	11	3	423729	389831	135593	0	50847	1	0	6	8	33	3	4	0	0	3	3	1	1	0	0	0	0	-2753	1253984	75	75	56157	45359	5.213.439	1361593	180108	5323754	2215637	38469	-61634	-66549	-68457	0	75	5	8333	7	5	8333	1	731	1667	625	1	0	0	0	0	0	0	0	0	0	0	0	1	0	0	0
1	4836	672	63	35	68	40	4	0	0	17	28	25	7	0	0	0	3	0	0	0	0	0	10	3	444444	396825	111111	0	47619	1	0	6	8	35	3	4	0	0	2	3	2	0	0	1	0	0	-3163	1303938	7176	7176	63668	50171	5.573.539	133035	180108	562608	2339541	40829	-68018	-73685	-75968	0	75	5	8333	7	5	8333	1	731	1667	625	0	0	0	0	0	0	0	0	0	0	0	0	0	0	0	0
1	61023	549	79	41	83	45	7	3	0	12	38	30	3	4	0	1	2	1	0	0	0	2	11	3	481013	379747	37975	50633	37975	1	0	5	5	30	0	5	0	0	0	5	0	0	0	0	0	0	-727	1556635	7016	7854	45139	6552	7.499.893	1181452	0	7220764	29931	5395	-52268	-56082	-57439	1	5	6667	8333	9	1	8333	1	819	1667	625	0	0	0	0	0	0	0	0	0	0	0	0	0	0	0	0
1	59224	564	79	40	83	44	7	3	0	12	39	30	3	4	0	1	1	1	0	0	0	2	10	2	493671	379747	37975	50633	25316	1	0	5	5	30	0	5	0	0	0	5	0	0	0	0	0	0	-745	1554471	7016	7854	41523	63465	7.471.555	1031851	0	7191528	2981118	53343	-49195	-52647	-53823	1	5	8333	8333	9	1	8333	1	8429	1667	75	0	0	0	0	0	0	0	0	0	0	0	0	0	0	0	0
0	48669	635	70	36	74	40	6	0	0	22	34	27	8	1	0	0	0	0	0	0	0	0	9	0	485714	385714	114286	14286	0	1	0	5	6	29	1	4	0	0	1	4	0	0	1	0	0	0	-3551	1415065	9388	9388	56421	52746	6.481.388	1160626	180108	6307309	2618733	44065	-61858	-668	-68721	0	75	5	8333	7	5	8333	1	731	1667	625	0	0	0	0	0	0	0	0	0	0	0	0	0	0	0	0
0	47069	655	69	35	73	39	6	0	0	22	34	27	8	0	0	0	0	0	0	0	0	0	8	0	492754	391304	115942	0	0	1	0	5	6	29	1	4	0	0	1	4	0	0	1	0	0	0	-373	1404268	75	75	44891	50175	6.304.673	914015	180108	6209801	2578771	43186	-52058	-55847	-57191	0	75	8333	1	8	5	1	1	8405	1667	625	0	0	0	0	0	0	0	0	0	0	0	0	0	0	0	0
0	41861	731	61	31	64	34	7	0	0	21	30	23	8	0	0	0	0	0	0	0	0	0	8	0	491803	377049	131148	0	0	1	0	4	5	22	1	3	0	0	2	2	0	0	1	0	0	0	225	1256375	8548	8548	45507	48284	5.685.835	1030411	360215	5525415	2298285	37766	-52581	-56432	-57807	0	75	8333	1	8	5	1	1	8405	1667	875	1	0	0	0	0	0	1	0	0	0	0	0	0	0	1	0
0	48558	619	63	36	66	39	8	2	1	18	27	28	3	5	0	0	0	0	0	0	0	0	8	0	428571	444444	47619	79365	0	1	0	4	5	23	1	3	0	0	1	3	0	0	1	0	0	0	773	134044	12068	12068	23617	39477	643.875	1820538	787048	6068605	2520904	45345	-33975	-35636	-35917	0	1	8333	1	8	5	1	1	8762	3333	875	0	0	0	0	0	0	0	0	0	0	0	0	0	0	0	0
0	48558	619	63	36	66	39	8	2	1	18	27	28	3	5	0	0	0	0	0	0	0	0	8	0	428571	444444	47619	79365	0	1	0	4	5	23	1	3	0	0	1	3	0	0	1	0	0	0	773	134044	12068	12068	23617	39477	643.875	1820538	787048	6068605	2520904	45345	-33975	-35636	-35917	0	1	8333	1	8	5	1	1	8762	3333	875	0	0	0	0	0	0	0	0	0	0	0	0	0	0	0	0
0	48558	619	63	36	66	39	8	2	1	18	27	28	3	5	0	0	0	0	0	0	0	0	8	0	428571	444444	47619	79365	0	1	0	4	5	23	1	3	0	0	1	3	0	0	1	0	0	0	773	134044	12068	12068	23617	39477	643.875	1820538	787048	6068605	2520904	45345	-33975	-35636	-35917	0	1	8333	1	8	5	1	1	8762	3333	875	0	0	0	0	0	0	0	0	0	0	0	0	0	0	0	0
0	48558	619	63	36	66	39	8	2	1	18	27	28	3	5	0	0	0	0	0	0	0	0	8	0	428571	444444	47619	79365	0	1	0	4	5	23	1	3	0	0	1	3	0	0	1	0	0	0	773	134044	12068	12068	23617	39477	643.875	1820538	787048	6068605	2520904	45345	-33975	-35636	-35917	0	1	8333	1	8	5	1	1	8762	3333	875	0	0	0	0	0	0	0	0	0	0	0	0	0	0	0	0
1	42203	794	56	28	58	30	6	2	0	12	28	22	1	3	0	1	0	1	0	0	0	2	6	1	50	392857	17857	53571	17857	1	0	3	3	18	0	3	0	0	0	3	0	0	0	0	0	0	-3585	1157307	5761	6599	40394	6256	5.621.267	885149	426833	5293023	2203042	38553	-48235	-51575	-52694	0	1	1	1	1	1	1	1	1	1667	1	0	0	0	0	0	0	0	0	0	0	0	0	0	0	0	0
1	41002	798	55	27	56	28	7	2	0	12	28	21	1	3	0	1	0	1	0	0	0	2	6	1	509091	381818	18182	54545	18182	1	0	2	2	12	0	2	0	0	0	2	0	0	0	0	0	0	-3456	1128828	5761	6599	42166	58539	5.784.642	885149	426833	5239369	2181053	38059	-49741	-53258	-54466	0	75	1	1	1	1	1	1	9643	1667	875	0	0	0	0	0	0	0	0	0	0	0	0	0	0	0	0
0	36793	906	46	24	47	25	6	2	0	12	22	18	1	3	0	1	0	1	0	0	0	2	6	1	478261	391304	21739	65217	21739	1	0	2	2	12	0	2	0	0	0	2	0	0	0	0	0	0	-3008	993117	5761	6599	35473	48815	4.897.584	885149	426833	4537209	1893283	32869	-44052	-46899	-47773	0	1	1	1	8	5	1	1	9	1667	1	1	0	0	0	1	0	1	0	0	0	0	0	0	0	1	0
0	408	826	53	27	55	29	6	2	0	12	26	21	1	3	0	1	0	1	0	0	0	2	6	1	490566	396226	18868	56604	18868	1	0	3	3	18	0	3	0	0	0	3	0	0	0	0	0	0	-3456	1113125	5761	6599	38246	58785	531.865	885149	426833	505897	2107119	36823	-46409	-49534	-50546	0	1	1	1	1	5	1	1	9286	1667	1	0	0	0	0	0	0	0	0	0	0	0	0	0	0	0	0
0	39599	831	52	26	53	27	7	2	0	12	26	20	1	3	0	1	0	1	0	0	0	2	6	1	50	384615	19231	57692	19231	1	0	2	2	12	0	2	0	0	0	2	0	0	0	0	0	0	-3317	1084646	5761	6599	39978	54764	5.482.025	885149	426833	5005316	2085129	36329	-47881	-51179	-52278	0	1	1	1	1	1	1	1	1	1667	1	1	0	0	0	0	0	0	0	0	0	0	0	0	0	0	0
0	39599	831	52	26	53	27	8	2	0	12	26	20	1	3	0	1	0	1	0	0	0	2	6	1	50	384615	19231	57692	19231	1	0	2	2	12	0	2	0	0	0	2	0	0	0	0	0	0	-3317	1085905	5761	6599	39978	57264	5.419.118	885149	426833	5005316	2085129	36329	-47881	-51179	-52278	0	1	1	1	1	1	1	1	1	1667	1	0	0	0	0	0	0	0	0	0	0	0	0	0	0	0	0
0	34151	978	47	24	50	27	3	2	0	12	23	20	1	2	0	1	0	0	0	0	0	1	4	0	489362	425532	21277	42553	0	1	0	4	7	24	3	2	0	0	1	2	1	1	0	0	1	1	-3831	968438	4617	5455	36546	46093	4.313.704	607179	16405	4343688	181397	31457	-44964	-47919	-48846	0	1	1	1	8	5	1	1	9	6667	1	1	0	0	0	1	0	1	0	0	0	0	0	1	0	1	0
0	51806	635	60	36	64	40	7	3	0	27	24	29	1	4	0	1	0	1	0	0	0	2	7	1	40	483333	16667	66667	16667	1	0	5	8	29	2	3	0	0	1	4	0	0	2	0	0	0	-7994	1418979	6537	7375	50985	77674	6.038.337	804578	0	6168106	2561683	43952	-57237	-61636	-63285	1	5	6667	6667	4	5	6667	1	6286	1667	625	0	0	0	0	0	0	0	0	0	0	0	0	0	0	0	0
0	39546	82	45	28	48	31	5	3	0	21	17	21	1	5	0	1	0	0	0	0	0	1	7	0	377778	466667	22222	111111	0	1	0	4	7	23	2	2	0	0	1	3	0	0	2	0	0	0	-3231	1045273	856	9398	26889	48199	4.555.596	1231411	426833	4584551	1912685	32588	-36756	-38745	-39189	0	1	1	1	6	0	1	1	8	3333	1	1	0	0	0	0	0	1	0	0	0	0	0	0	0	1	0
0	34151	978	47	24	50	27	3	2	0	12	23	20	1	2	0	1	0	0	0	0	0	1	4	0	489362	425532	21277	42553	0	1	0	4	7	24	3	2	0	0	1	2	1	1	0	0	1	1	-3831	968438	4617	5455	36546	46093	4.313.704	607179	16405	4343688	181397	31457	-44964	-47919	-48846	0	1	1	1	8	5	1	1	9	6667	1	1	0	0	0	1	0	1	0	0	0	0	0	1	0	1	0
0	32791	1095	43	21	45	23	2	2	0	6	22	16	1	2	0	1	0	1	0	0	0	2	5	1	511628	372093	23256	46512	23256	1	0	3	4	18	1	2	0	0	0	3	0	0	0	1	0	0	-7504	859845	3738	4576	34651	47357	4.167.406	458315	0	4005482	1675361	29176	-43353	-46118	-46951	0	1	1	1	1	1	1	1	1	6667	1	1	0	0	0	1	0	1	0	0	0	0	0	0	0	1	0
0	4616	663	65	33	67	35	8	1	0	12	32	26	2	2	0	0	3	0	0	0	0	0	7	3	492308	40	30769	30769	46154	1	-1	3	3	18	0	3	0	0	0	3	0	0	0	0	0	0	-7812	1202912	5626	5626	45048	57282	6.271.795	1165576	0	5803156	2412113	43747	-52191	-55996	-57348	0	75	6667	1	1	1	1	1	9167	3333	75	0	0	0	0	0	0	0	0	0	0	0	0	0	0	0	0
0	33046	9	47	25	49	27	4	1	0	18	22	22	2	1	0	0	0	0	0	0	0	0	3	0	468085	468085	42553	21277	0	1	0	3	3	18	0	3	0	0	0	3	0	0	0	0	0	0	-4354	1010486	4199	4199	35408	42486	4.603.803	599412	180108	4503156	1879326	32377	-43997	-46838	-47708	0	1	1	1	8	5	1	1	9	5	1	1	0	1	0	1	0	1	0	1	0	0	0	1	0	1	0
1	37255	794	56	28	58	30	6	1	0	18	28	25	2	1	0	0	0	0	0	0	0	0	3	0	50	446429	35714	17857	0	1	0	3	3	18	0	3	0	0	0	3	0	0	0	0	0	0	-4645	1147992	4199	4199	41745	54128	5.423.666	599412	180108	5205316	2167097	37567	-49383	-52857	-54045	0	75	1	1	8	5	1	1	8643	5	1	1	0	0	0	0	0	0	0	0	0	0	0	0	0	0	0
0	37452	794	54	28	56	30	7	1	0	18	26	24	2	2	0	0	0	0	0	0	0	0	4	0	481481	444444	37037	37037	0	1	0	3	3	18	0	3	0	0	0	3	0	0	0	0	0	0	141	1121789	6222	6222	3159	39353	5.346.208	1026246	606941	5068771	2111136	36716	-40751	-4321	-4389	0	1	1	1	8	5	1	1	9	1667	1	1	0	1	0	1	0	1	1	1	0	0	0	1	0	1	0
0	31643	942	44	24	46	26	4	1	0	18	20	21	2	1	0	0	0	0	0	0	0	0	3	0	454545	477273	45455	22727	0	1	0	3	3	18	0	3	0	0	0	3	0	0	0	0	0	0	-4243	964741	4199	4199	33221	37861	4.305.474	599412	180108	4269103	1783403	30647	-42137	-44759	-45521	0	1	1	1	6	5	1	1	8714	5	1	1	1	1	0	1	0	1	0	1	0	1	0	1	0	1	0
0	34151	978	47	24	50	27	3	2	0	12	23	20	1	2	0	1	0	0	0	0	0	1	4	0	489362	425532	21277	42553	0	1	0	4	7	24	3	2	0	0	1	2	1	1	0	0	1	1	-3831	968438	4617	5455	36546	46093	4.313.704	607179	16405	4343688	181397	31457	-44964	-47919	-48846	0	1	1	1	8	5	1	1	9	6667	1	1	0	0	0	1	0	1	0	0	0	0	0	1	0	1	0
0	34952	892	53	26	56	29	4	0	0	16	27	22	3	1	0	0	0	0	0	0	0	0	4	0	509434	415094	56604	18868	0	1	0	4	5	23	1	3	0	0	1	3	0	0	1	0	0	0	-8365	1058007	2977	2977	33661	42403	4.746.839	309097	0	4702824	1961157	33033	-42512	-45178	-45961	0	1	1	1	8	5	1	1	9	3333	1	1	0	1	0	1	0	1	1	1	0	0	0	1	0	1	0
0	32943	933	44	25	47	28	4	0	0	22	19	21	3	1	0	0	0	0	0	0	0	0	4	0	431818	477273	68182	22727	0	1	0	4	5	23	1	3	0	0	1	3	0	0	1	0	0	0	-8299	98091	3942	3942	31882	41275	4.167.324	445709	0	4254485	1777412	29421	-41	-43488	-44182	0	1	1	1	6	5	1	1	8714	3333	1	1	0	1	0	1	0	1	0	1	0	0	0	1	0	1	0
1	43699	753	56	31	60	35	4	0	0	18	25	23	6	1	0	0	0	1	0	0	0	1	8	1	446429	410714	107143	17857	17857	1	0	5	6	30	1	4	0	0	0	5	0	0	0	1	0	0	-3287	1257527	6641	6641	33422	44704	5.282.683	856159	180108	5314286	2211756	3782	-42309	-44951	-45722	0	1	1	1	8	5	1	1	9	1667	875	1	0	0	0	0	0	1	0	1	0	0	0	1	0	1	0
1	50919	701	66	33	70	37	7	2	0	11	33	25	2	3	0	2	0	1	0	0	0	3	8	1	50	378788	30303	45455	15152	1	0	5	8	29	3	3	0	0	2	2	1	1	0	0	1	1	-3521	1358602	5864	9526	39524	57856	6.237.912	748422	16405	6143189	2551471	44486	-47496	-50748	-51824	0	75	8333	8333	9	1	8333	1	8786	1667	75	0	0	0	0	0	0	0	0	0	0	0	0	0	0	0	0
0	27381	1324	33	17	34	18	2	2	0	6	16	12	1	2	0	1	0	1	0	0	0	2	5	1	484848	363636	30303	60606	30303	1	0	2	2	12	0	2	0	0	0	2	0	0	0	0	0	0	-6919	697715	3738	4576	24527	34306	3.406.161	458315	0	3249668	1365602	23492	-34748	-36501	-36827	0	1	1	1	8	5	1	1	9	1	1	1	0	1	1	1	0	0	0	1	0	1	1	1	1	1	1
1	49516	726	63	32	67	36	7	2	0	11	31	24	2	3	0	2	0	1	0	0	0	3	8	1	492063	380952	31746	47619	15873	1	0	5	8	28	3	3	0	0	3	1	1	1	0	0	1	1	-3407	1312592	5864	9526	37481	53294	5.977.144	748422	16405	5909136	2455548	42756	-45759	-48807	-49781	0	1	8333	1	1	1	1	1	9762	1667	75	0	0	0	0	0	0	0	0	0	0	0	0	0	0	0	0
1	49959	619	65	36	68	39	6	1	0	18	29	29	1	2	0	0	4	0	0	0	0	0	7	4	446154	446154	15385	30769	61538	1	0	4	4	24	0	4	0	0	0	4	0	0	0	0	0	0	-4102	1327817	4054	4054	60308	74527	6.284.574	130793	426833	6009801	2496804	45458	-65161	-70492	-72608	0	75	6667	8333	7	5	8333	1	7548	5	75	0	0	0	0	0	0	0	0	0	0	0	0	0	0	0	0
1	49769	677	68	34	72	38	4	3	0	6	34	25	3	2	0	1	3	0	0	0	0	1	9	3	50	367647	44118	29412	44118	1	0	5	8	29	3	2	0	0	2	2	1	1	0	0	1	1	-3336	1295415	5265	6103	45472	50546	6.035.148	1102412	16405	5895681	2450033	4451	-52551	-56399	-57772	0	75	6667	1	1	1	1	1	9167	1667	625	0	0	0	0	0	0	0	0	0	0	0	0	0	0	0	0
1	55015	616	70	37	74	41	6	3	0	12	33	27	3	4	0	1	1	1	0	0	0	2	10	2	471429	385714	42857	57143	28571	1	0	5	5	27	0	5	1	0	0	4	0	0	0	0	0	0	-3381	1401284	7895	8733	35777	54633	6.741.677	1180715	180108	6489369	2693348	48153	-44311	-47189	-48077	0	75	8333	8333	9	1	8333	1	8786	1667	75	0	0	0	0	0	0	0	0	0	0	0	0	0	0	0	0
1	42697	805	54	30	59	35	4	0	0	16	24	22	6	0	0	0	1	1	0	0	0	1	8	2	444444	407407	111111	0	37037	1	0	6	8	31	3	4	0	3	2	1	1	0	0	1	0	0	-3159	1164941	6056	6056	55054	35373	4.917.884	832049	180108	4974419	2072467	3511	-60696	-65501	-67354	0	75	6667	8333	9	5	8333	1	7833	1667	75	1	0	1	0	0	0	1	0	1	0	0	0	1	0	1	0
1	40898	837	54	29	59	34	4	0	0	16	25	22	6	0	0	0	0	1	0	0	0	1	7	1	462963	407407	111111	0	18519	1	0	6	8	31	3	4	0	3	2	1	1	0	0	1	0	0	-3364	1162777	6056	6056	51313	33318	4.889.546	682448	180108	4945183	2060485	34503	-57516	-61948	-63613	0	75	6667	8333	9	5	8333	1	7833	1667	75	1	0	1	0	0	0	1	1	1	0	0	0	1	0	1	0
1	41052	805	54	30	59	35	4	0	0	16	24	22	6	0	0	0	2	0	0	0	0	0	8	2	444444	407407	111111	0	37037	1	0	6	8	31	3	4	0	3	2	1	1	0	0	1	0	0	-3159	1119057	6056	6056	53993	30784	4.732.203	98165	180108	4800332	200112	34196	-59794	-64494	-66293	0	75	6667	8333	9	5	8333	1	7833	1667	75	1	0	1	0	0	0	1	0	1	1	0	0	1	0	1	0
1	39253	837	54	29	59	34	4	0	0	16	25	22	6	0	0	0	1	0	0	0	0	0	7	1	462963	407407	111111	0	18519	1	0	6	8	31	3	4	0	3	2	1	1	0	0	1	0	0	-3364	1116893	6056	6056	50244	28729	4.703.865	832049	180108	4771096	1989138	33589	-56607	-60932	-62544	0	75	6667	8333	9	5	8333	1	7833	1667	75	1	0	1	0	0	0	1	0	1	1	0	0	1	0	1	0
1	40898	837	54	29	59	34	4	0	0	16	25	22	6	0	0	0	0	1	0	0	0	1	7	1	462963	407407	111111	0	18519	1	0	6	8	31	3	4	0	3	2	1	1	0	0	1	0	0	-3364	1162777	6056	6056	51313	33318	4.889.546	682448	180108	4945183	2060485	34503	-57516	-61948	-63613	0	75	6667	8333	9	5	8333	1	7833	1667	75	1	0	1	0	0	0	1	1	1	0	0	0	1	0	1	0
1	42697	805	54	30	59	35	4	0	0	16	24	22	6	0	0	0	1	1	0	0	0	1	8	2	444444	407407	111111	0	37037	1	0	6	8	31	3	4	0	3	2	1	1	0	0	1	0	0	-3159	1164941	6056	6056	55054	35373	4.917.884	832049	180108	4974419	2072467	3511	-60696	-65501	-67354	0	75	6667	8333	9	5	8333	1	7833	1667	75	1	0	1	0	0	0	1	0	1	0	0	0	1	0	1	0
1	40898	837	54	29	59	34	4	0	0	16	25	22	6	0	0	0	0	1	0	0	0	1	7	1	462963	407407	111111	0	18519	1	0	6	8	31	3	4	0	3	2	1	1	0	0	1	0	0	-3364	1162777	6056	6056	51313	33318	4.889.546	682448	180108	4945183	2060485	34503	-57516	-61948	-63613	0	75	6667	8333	9	5	8333	1	7833	1667	75	1	0	1	0	0	0	1	1	1	0	0	0	1	0	1	0
1	41052	805	54	30	59	35	4	0	0	16	24	22	6	0	0	0	2	0	0	0	0	0	8	2	444444	407407	111111	0	37037	1	0	6	8	31	3	4	0	3	2	1	1	0	0	1	0	0	-3159	1119057	6056	6056	53993	30784	4.732.203	98165	180108	4800332	200112	34196	-59794	-64494	-66293	0	75	6667	8333	9	5	8333	1	7833	1667	75	1	0	1	0	0	0	1	0	1	1	0	0	1	0	1	0
1	39253	837	54	29	59	34	4	0	0	16	25	22	6	0	0	0	1	0	0	0	0	0	7	1	462963	407407	111111	0	18519	1	0	6	8	31	3	4	0	3	2	1	1	0	0	1	0	0	-3364	1116893	6056	6056	50244	28729	4.703.865	832049	180108	4771096	1989138	33589	-56607	-60932	-62544	0	75	6667	8333	9	5	8333	1	7833	1667	75	1	0	1	0	0	0	1	0	1	1	0	0	1	0	1	0
1	40898	837	54	29	59	34	4	0	0	16	25	22	6	0	0	0	0	1	0	0	0	1	7	1	462963	407407	111111	0	18519	1	0	6	8	31	3	4	0	3	2	1	1	0	0	1	0	0	-3364	1162777	6056	6056	51313	33318	4.889.546	682448	180108	4945183	2060485	34503	-57516	-61948	-63613	0	75	6667	8333	9	5	8333	1	7833	1667	75	1	0	1	0	0	0	1	1	1	0	0	0	1	0	1	0
1	46906	72	63	33	68	38	4	0	0	16	30	25	6	0	0	0	1	1	0	0	0	1	8	2	47619	396825	95238	0	31746	1	0	6	8	35	4	4	0	0	2	4	1	0	0	1	0	0	-3521	1304255	6056	6056	61235	52773	5.700.186	832049	180108	5676578	2360237	403	-65949	-71373	-73535	0	75	5	8333	7	5	8333	1	731	1667	625	0	0	0	0	0	0	0	0	0	0	0	0	0	0	0	0
1	45261	72	63	33	68	38	4	0	0	16	30	25	6	0	0	0	2	0	0	0	0	0	8	2	47619	396825	95238	0	31746	1	0	6	8	35	4	4	0	0	2	4	1	0	0	1	0	0	-3521	1258371	6056	6056	60225	48184	5.514.505	98165	180108	5502492	228889	39386	-65091	-70413	-72525	0	75	5	8333	7	5	8333	1	731	1667	75	1	0	0	0	0	0	1	0	0	0	0	0	0	0	1	0
1	46906	72	63	33	68	38	4	0	0	16	30	25	6	0	0	0	1	1	0	0	0	1	8	2	47619	396825	95238	0	31746	1	0	6	8	35	4	4	0	0	2	4	1	0	0	1	0	0	-3521	1304255	6056	6056	61235	52773	5.700.186	832049	180108	5676578	2360237	403	-65949	-71373	-73535	0	75	5	8333	7	5	8333	1	731	1667	625	0	0	0	0	0	0	0	0	0	0	0	0	0	0	0	0
1	45261	72	63	33	68	38	4	0	0	16	30	25	6	0	0	0	2	0	0	0	0	0	8	2	47619	396825	95238	0	31746	1	0	6	8	35	4	4	0	0	2	4	1	0	0	1	0	0	-3521	1258371	6056	6056	60225	48184	5.514.505	98165	180108	5502492	228889	39386	-65091	-70413	-72525	0	75	5	8333	7	5	8333	1	731	1667	75	1	0	0	0	0	0	1	0	0	0	0	0	0	0	1	0
0	39946	782	48	30	52	34	3	1	0	23	18	23	5	1	0	0	1	0	0	0	0	0	7	1	375	479167	104167	20833	20833	1	0	5	8	30	2	3	0	0	1	3	1	0	0	0	2	0	2099	1116481	7936	7936	35106	38628	4.505.548	1096976	360215	4760133	1984645	33924	-4374	-46551	-47406	0	1	1	1	6	0	1	1	8	3333	875	1	0	1	0	0	0	1	0	1	0	0	0	1	0	1	0
0	38651	788	52	29	55	32	5	0	0	23	23	24	4	0	0	0	1	0	0	0	0	0	5	1	442308	461538	76923	0	19231	1	0	4	4	23	0	4	0	0	1	3	0	0	0	0	0	0	-4047	1160536	4274	4274	49447	51506	4.955.853	665419	180108	4982724	2075871	35175	-5593	-60175	-61747	0	75	8333	1	6	5	1	1	8119	3333	875	1	0	0	0	0	0	1	0	0	0	0	0	0	0	0	0
0	44858	677	59	34	63	38	6	0	0	29	25	29	4	0	0	0	1	0	0	0	0	0	5	1	423729	491525	67797	0	16949	1	0	5	5	29	0	5	0	0	1	4	0	0	0	0	0	0	-4503	1361486	4274	4274	5734	61828	5.608.691	665419	180108	5758306	2393732	40707	-62639	-67673	-6964	0	75	8333	8333	5	5	8333	1	75	3333	75	0	0	0	0	0	0	0	0	0	0	0	0	0	0	0	0
1	40692	788	49	29	52	32	5	0	0	23	20	23	4	0	0	0	1	1	0	0	0	1	6	2	408163	469388	81633	0	40816	1	0	4	4	23	0	4	0	0	1	3	0	0	0	0	0	0	-3706	1158172	4274	4274	52127	53288	4.909.104	665419	180108	4951993	2063276	34966	-58208	-62721	-64427	0	75	8333	8333	5	5	8333	1	75	3333	875	1	0	0	0	0	0	0	0	0	0	0	0	0	0	0	0
0	41556	731	57	31	60	34	6	0	0	23	26	25	5	0	0	0	1	0	0	0	0	0	6	1	45614	438596	87719	0	17544	1	0	4	4	23	0	4	0	0	1	3	0	0	0	0	0	0	-3926	125441	4598	4598	46311	48266	5.415.616	696662	180108	5382558	2239737	38005	-53264	-57195	-58611	0	75	8333	1	8	5	1	1	8405	3333	875	1	0	0	0	0	0	1	0	0	0	0	0	0	0	1	0
0	43057	706	59	32	62	35	7	0	0	23	27	26	4	1	0	0	1	0	0	0	0	0	6	1	457627	440678	67797	16949	16949	1	0	4	4	23	0	4	0	0	1	3	0	0	0	0	0	0	-4027	1266418	5197	5197	48338	53743	5.645.526	775418	180108	5548339	230768	39514	-54987	-59121	-60638	0	75	8333	1	8	5	1	1	8405	3333	875	1	0	0	0	0	0	0	0	0	0	0	0	0	0	0	0
1	50249	635	55	36	59	40	4	1	0	22	19	24	6	1	0	0	5	0	0	0	0	0	12	5	345455	436364	109091	18182	90909	1	0	5	6	29	1	4	0	0	2	2	1	0	0	0	1	0	-6616	1225815	6884	6884	45207	49454	5.280.607	1530588	0	5348339	2225713	39446	-52326	-56147	-57507	1	5	6667	8333	7	5	8333	1	719	1667	625	0	0	0	0	0	0	0	0	0	0	0	0	0	0	0	0
1	4845	655	55	35	59	39	4	1	0	22	20	24	6	1	0	0	4	0	0	0	0	0	11	4	363636	436364	109091	18182	72727	1	0	5	6	29	1	4	0	0	2	2	1	0	0	0	1	0	-6803	1223651	6884	6884	44197	47399	5.252.269	1380987	0	5319103	2213731	38839	-51468	-55187	-56497	0	75	8333	1	8	5	1	1	8405	1667	625	0	0	0	0	0	0	0	0	0	0	0	0	0	0	0	0
1	50951	616	56	37	60	41	4	1	1	22	19	25	7	1	0	0	4	0	0	0	0	0	12	4	339286	446429	125	17857	71429	1	0	5	6	29	1	4	0	0	2	2	1	0	0	0	1	0	-6707	1281028	9263	9263	38015	46188	5.548.262	1691581	0	557608	2319049	41141	-46212	-49314	-50315	0	75	8333	8333	5	5	8333	1	75	1667	75	0	0	0	0	0	0	0	0	0	0	0	0	0	0	0	0
1	50249	635	55	36	59	40	4	1	0	22	19	24	6	1	0	0	5	0	0	0	0	0	12	5	345455	436364	109091	18182	90909	1	0	5	6	29	1	4	0	0	2	2	1	0	0	0	1	0	-6616	1225815	6884	6884	45207	49454	5.280.607	1530588	0	5348339	2225713	39446	-52326	-56147	-57507	1	5	6667	8333	7	5	8333	1	719	1667	625	0	0	0	0	0	0	0	0	0	0	0	0	0	0	0	0
1	58253	549	62	41	66	45	6	1	0	22	21	26	6	2	0	0	7	0	0	0	0	0	15	7	33871	419355	96774	32258	112903	1	0	5	6	29	1	4	0	0	2	2	1	0	0	0	1	0	-6301	1342784	7807	7807	43631	57309	6.009.973	1939789	0	5972425	2481486	44999	-50986	-54649	-55931	1	5	8333	8333	7	5	8333	1	7429	1667	625	0	0	0	0	0	0	0	0	0	0	0	0	0	0	0	0
1	56751	564	60	40	64	44	5	1	0	22	20	26	5	2	0	0	7	0	0	0	0	0	14	7	333333	433333	83333	33333	116667	1	0	5	6	29	1	4	0	0	2	2	1	0	0	0	1	0	-6457	1313278	7483	7483	47054	73254	5.848.538	1908546	0	5806645	2413543	43899	-53896	-57901	-59354	1	5	6667	8333	7	5	8333	1	719	1667	625	0	0	0	0	0	0	0	0	0	0	0	0	0	0	0	0
1	48549	655	54	35	58	39	4	1	0	22	19	23	7	1	0	0	4	0	0	0	0	0	12	4	351852	425926	12963	18519	74074	1	0	5	6	29	1	4	0	0	2	2	1	0	0	0	1	0	-652	1205217	8173	8173	42791	41284	5.199.074	1548842	0	5250831	218575	38209	-50272	-53851	-55091	0	75	8333	1	8	5	1	1	8405	1667	625	0	0	0	0	0	0	0	0	1	0	0	0	0	0	0	0
0	39452	847	47	28	51	32	4	0	0	21	19	20	6	0	0	1	1	0	0	0	0	1	8	1	404255	425532	12766	0	21277	1	0	5	6	27	1	4	0	0	3	2	0	0	1	0	0	0	2823	1083705	7142	9966	41576	45708	4.352.084	832049	346738	4612126	1923986	31598	-4924	-52697	-53876	0	75	1	1	8	5	1	1	8643	1667	875	1	0	0	0	0	0	1	0	0	0	0	0	1	0	1	0
1	43661	753	56	31	60	35	5	0	0	21	25	23	6	0	0	1	1	0	0	0	0	1	8	1	446429	410714	107143	0	17857	1	0	5	6	26	1	4	0	0	4	1	0	1	0	0	0	0	-3287	12247	6056	888	48082	52518	5.266.608	832049	180108	5314286	2211756	36788	-5477	-58878	-60382	0	75	8333	1	8	5	1	1	8405	1667	75	1	0	0	0	0	0	0	0	0	0	0	0	0	0	0	0
1	45064	726	59	32	63	36	5	0	0	21	27	24	6	0	0	1	1	0	0	0	0	1	8	1	457627	40678	101695	0	16949	1	0	5	6	27	1	4	0	0	3	2	0	0	1	0	0	0	-3407	127071	6056	888	50176	5708	5.527.375	832049	180108	5548339	230768	38518	-56549	-60867	-62476	0	75	6667	8333	7	5	8333	1	7548	1667	75	0	0	0	0	0	0	0	0	0	0	0	0	0	0	0	0
1	42258	782	53	30	57	34	5	0	0	21	23	22	6	0	0	1	1	0	0	0	0	1	8	1	433962	415094	113208	0	18868	1	0	5	6	26	1	4	0	0	4	1	0	1	0	0	0	0	-3159	1178324	6056	888	45952	50468	4.942.934	832049	180108	5080233	2115833	35058	-5296	-56855	-58252	0	75	8333	1	8	5	1	1	8405	1667	75	1	0	0	0	0	0	1	0	0	0	0	0	0	0	1	0
1	43661	753	56	31	60	35	5	0	0	21	25	23	6	0	0	1	1	0	0	0	0	1	8	1	446429	410714	107143	0	17857	1	0	5	6	27	1	4	0	0	3	2	0	0	1	0	0	0	-3287	1224334	6056	888	48082	5503	5.203.701	832049	180108	5314286	2211756	36788	-5477	-58878	-60382	0	75	8333	1	8	5	1	1	8405	1667	75	1	0	0	0	0	0	0	0	0	0	0	0	0	0	0	0
0	39452	847	47	28	51	32	4	0	0	21	19	20	6	0	0	1	1	0	0	0	0	1	8	1	404255	425532	12766	0	21277	1	0	5	6	26	1	4	0	0	4	1	0	1	0	0	0	0	-2878	1086662	6056	888	41576	43205	4.379.549	832049	180108	4612126	1923986	31598	-4924	-52697	-53876	0	75	1	1	8	5	1	1	8643	1667	875	1	0	1	0	0	0	1	0	1	0	0	0	1	0	1	0
1	39056	847	50	28	54	32	4	0	0	21	22	21	6	0	0	1	0	0	0	0	0	1	7	0	44	42	12	0	0	1	0	5	6	27	1	4	0	0	3	2	0	0	1	0	0	0	-3231	1130508	6056	888	42686	45712	4.611.979	682448	180108	4816944	2007928	32721	-50183	-53751	-54986	0	75	1	1	8	5	1	1	8643	1667	75	1	0	0	0	0	0	1	1	0	0	0	0	1	0	1	0
1	40855	813	50	29	54	33	4	0	0	21	21	21	6	0	0	1	1	0	0	0	0	1	8	1	42	42	12	0	2	1	0	5	6	27	1	4	0	0	3	2	0	0	1	0	0	0	-3023	1132672	6056	888	43785	47767	4.640.317	832049	180108	4846179	201991	33328	-51117	-54795	-56085	0	75	1	1	8	5	1	1	8643	1667	75	1	0	0	0	0	0	1	1	0	0	0	0	0	0	1	0
0	39155	847	49	28	53	32	4	0	0	21	21	20	7	0	0	1	0	0	0	0	0	1	8	0	428571	408163	142857	0	0	1	0	5	6	27	1	4	0	0	3	2	0	0	1	0	0	0	-2878	1112074	7345	10169	40984	39597	4.558.784	850303	180108	4748671	1979947	32091	-48737	-52135	-53284	0	1	1	1	8	5	1	1	9	1667	875	1	0	1	0	0	0	1	1	1	0	0	0	1	0	1	0
1	43459	774	54	31	59	36	5	0	0	21	23	23	6	0	0	1	1	0	0	0	0	1	8	1	425926	425926	111111	0	18519	1	0	6	7	30	1	5	0	1	4	1	0	1	0	0	0	0	-3287	1204776	6056	888	48082	52664	4.842.466	832049	180108	5133887	2137823	35552	-5477	-58878	-60382	0	75	6667	1	8	5	1	1	8167	1667	75	1	0	0	0	0	0	0	0	0	0	0	0	0	0	0	0
1	44862	746	57	32	62	37	5	0	0	21	25	24	6	0	0	1	1	0	0	0	0	1	8	1	438596	421053	105263	0	17544	1	0	6	7	31	1	5	0	1	3	2	0	0	1	0	0	0	-3407	1250786	6056	888	50176	57226	5.103.233	832049	180108	536794	2233746	37282	-56549	-60867	-62476	0	75	6667	8333	7	5	8333	1	7548	1667	75	0	0	0	0	0	0	0	0	0	0	0	0	0	0	0	0
1	46265	72	60	33	65	38	5	0	0	21	27	25	6	0	0	1	1	0	0	0	0	1	8	1	45	416667	10	0	16667	1	0	6	7	32	1	5	0	0	4	2	0	0	1	0	0	0	-3521	1296796	6056	888	52235	61788	536.4	832049	180108	5601993	2329669	39012	-583	-62824	-64535	0	75	5	8333	7	5	8333	1	731	1667	625	0	0	0	0	0	0	0	0	0	0	0	0	0	0	0	0
1	47668	695	63	34	68	39	5	0	0	21	29	26	6	0	0	1	1	0	0	0	0	1	8	1	460317	412698	95238	0	15873	1	0	6	7	33	1	5	0	0	3	3	0	0	1	0	0	0	-3628	1342806	6056	888	54263	6635	5.624.768	832049	180108	5836047	2425593	40742	-60024	-6475	-66563	0	75	5	8333	7	5	8333	1	731	1667	625	0	0	0	0	0	0	0	0	0	0	0	0	0	0	0	0
0	4917	672	65	35	70	40	5	0	0	21	30	26	7	0	0	1	1	0	0	0	0	1	9	1	461538	40	107692	0	15385	1	0	6	7	33	1	5	0	0	3	3	0	0	1	0	0	0	-3446	1387183	638	9204	46672	48875	5.823.764	863292	180108	6001827	2493536	41842	-53571	-57538	-58972	0	75	5	1	8	5	1	1	7929	1667	625	0	0	0	0	0	0	0	0	0	0	0	0	0	0	0	0
1	46462	72	58	33	63	38	5	0	0	21	25	24	6	1	0	1	1	0	0	0	0	1	9	1	431034	413793	103448	17241	17241	1	0	6	7	32	1	5	0	0	4	2	0	0	1	0	0	0	-322	1268773	6979	9803	42584	45555	5.254.389	942048	180108	5465449	2273708	38161	-50097	-53655	-54884	0	75	6667	1	8	5	1	1	8167	1667	625	1	0	0	0	0	0	0	0	0	0	0	0	1	0	0	0
0	47865	695	61	34	66	39	5	0	0	21	27	25	6	1	0	1	1	0	0	0	0	1	9	1	442623	409836	98361	16393	16393	1	0	6	7	33	1	5	0	0	3	3	0	0	1	0	0	0	-3336	1317427	6979	9803	44644	46179	5.515.156	942048	180108	5699502	2369632	39891	-51847	-55612	-56944	0	75	6667	1	8	5	1	1	8167	1667	625	0	0	0	0	0	0	0	0	0	0	0	0	0	0	0	0
1	46664	701	60	33	64	37	6	0	0	21	27	24	6	1	0	1	1	0	0	0	0	1	9	1	45	40	10	16667	16667	1	0	5	6	27	1	4	0	0	3	2	0	0	1	0	0	0	2219	1286153	8079	10903	42584	48198	5.769.303	1258883	606941	5645847	2347642	39397	-50097	-53655	-54884	0	75	8333	1	8	5	1	1	8405	1667	625	1	0	0	0	0	0	0	0	0	0	0	0	0	0	0	0
1	46252	726	50	32	54	36	5	0	0	21	18	21	6	0	0	1	4	0	0	0	0	1	11	4	36	42	12	0	8	1	0	5	6	26	1	4	0	0	4	1	0	1	0	0	0	0	-2478	1141163	6056	888	47022	53279	472.533	1280853	180108	4933887	2055855	35149	-53869	-57871	-59322	0	75	6667	1	8	5	1	1	8167	1667	625	1	0	0	0	0	0	0	0	0	0	0	0	0	0	0	0
1	47655	701	53	33	57	37	5	0	0	21	20	22	6	0	0	1	4	0	0	0	0	1	11	4	377358	415094	113208	0	75472	1	0	5	6	27	1	4	0	0	3	2	0	0	1	0	0	0	-2619	1187173	6056	888	49133	57841	4.986.098	1280853	180108	516794	2151779	36879	-55663	-59877	-61433	0	75	6667	1	8	5	1	1	8167	1667	625	0	0	0	0	0	0	0	0	0	0	0	0	0	0	0	0
1	52173	631	69	37	74	42	8	0	0	21	32	27	7	1	0	1	1	0	0	0	0	1	10	1	463768	391304	101449	14493	14493	1	0	6	7	33	1	5	0	0	3	3	0	0	1	0	0	0	-3381	1452262	7303	10127	41186	46655	6.193.837	973291	180108	6333389	2629422	44451	-48908	-52326	-53486	0	75	6667	8333	7	5	8333	1	7548	1667	75	0	0	0	0	0	0	0	0	0	0	0	0	0	0	0	0
1	45261	726	57	32	61	36	7	0	0	21	25	23	6	1	0	1	1	0	0	0	0	1	9	1	438596	403509	105263	17544	17544	1	0	5	6	27	1	4	0	0	3	2	0	0	1	0	0	0	2389	1244249	8079	10903	40491	42997	5.382.722	1258883	606941	5411794	2251719	37667	-48317	-51666	-52791	0	1	8333	1	8	5	1	1	8762	1667	875	1	0	0	0	0	0	1	0	1	0	0	0	1	0	1	0
1	44057	753	53	31	57	35	5	0	0	21	22	22	6	0	0	1	2	0	0	0	0	1	9	2	415094	415094	113208	0	37736	1	0	5	6	27	1	4	0	0	3	2	0	0	1	0	0	0	-2967	1178674	6056	888	47022	51773	4.929.422	98165	180108	5109468	2127815	35665	-53869	-57871	-59322	0	75	8333	1	8	5	1	1	8405	1667	75	1	0	0	0	0	0	1	0	0	0	0	0	0	0	0	0
1	50573	651	68	36	73	41	7	0	0	21	32	27	7	0	0	1	1	0	0	0	0	1	9	1	470588	397059	102941	0	14706	1	0	6	7	33	1	5	0	0	3	3	0	0	1	0	0	0	-3551	1434275	638	9204	48669	58326	6.042.682	863292	180108	623588	2589459	43572	-55269	-59436	-60969	1	5	5	8333	7	5	8333	1	6952	1667	625	0	0	0	0	0	0	0	0	0	0	0	0	0	0	0	0
0	5077	651	66	36	71	41	7	0	0	21	30	26	7	1	0	1	1	0	0	0	0	1	10	1	454545	393939	106061	15152	15152	1	0	6	7	33	1	5	0	0	3	3	0	0	1	0	0	0	-3275	1403608	7303	10127	39188	46031	593.307	973291	180108	6099336	2533498	42721	-4721	-50429	-51488	0	75	6667	8333	7	5	8333	1	7548	1667	75	0	0	0	0	0	0	0	0	0	0	0	0	0	0	0	0
0	42455	782	51	30	55	34	6	0	0	21	21	21	6	1	0	1	1	0	0	0	0	1	9	1	411765	411765	117647	19608	19608	1	0	5	6	26	1	4	0	0	4	1	0	1	0	0	0	0	276	1149585	8079	10903	36193	37811	4.861.187	1258883	606941	4943688	2059872	34207	-44664	-47584	-48493	0	1	1	1	8	5	1	1	9	1667	875	1	0	1	0	0	0	1	0	1	0	0	0	1	0	1	0
1	43858	753	54	31	58	35	6	0	0	21	23	22	6	1	0	1	1	0	0	0	0	1	9	1	425926	407407	111111	18519	18519	1	0	5	6	27	1	4	0	0	3	2	0	0	1	0	0	0	2569	1195595	8079	10903	38361	42373	5.121.955	1258883	606941	5177741	2155795	35937	-46507	-49643	-50661	0	1	1	1	8	5	1	1	9	1667	875	1	0	0	0	0	0	1	0	1	0	0	0	1	0	1	0
1	45266	706	61	32	64	35	6	0	0	21	29	24	6	0	0	1	1	0	0	0	0	1	8	1	47541	393443	98361	0	16393	1	0	4	4	21	0	4	0	0	3	1	0	0	0	0	0	0	-3407	1283065	6056	888	50176	60166	5.989.079	832049	180108	5728738	2381614	39754	-56549	-60867	-62476	0	75	6667	8333	7	5	8333	1	7548	1667	875	0	0	0	0	0	0	0	0	0	0	0	0	0	0	0	0
1	43863	731	58	31	61	34	6	0	0	21	27	23	6	0	0	1	1	0	0	0	0	1	8	1	465517	396552	103448	0	17241	1	0	4	4	21	0	4	0	0	3	1	0	0	0	0	0	0	-3287	1236689	6056	888	48082	58116	5.665.405	832049	180108	5494684	228569	38024	-5477	-58878	-60382	0	75	8333	1	8	5	1	1	8405	1667	875	0	0	0	0	0	0	0	0	0	0	0	0	0	0	0	0
1	39258	82	52	28	55	31	5	0	0	21	24	21	6	0	0	1	0	0	0	0	0	1	7	0	461538	403846	115385	0	0	1	0	4	4	21	0	4	0	0	3	1	0	0	0	0	0	0	-3231	1142863	6056	888	42686	48798	5.073.683	682448	180108	4997342	2081862	33957	-50183	-53751	-54986	0	75	1	1	8	5	1	1	8643	1667	875	1	0	0	0	0	0	1	1	0	0	0	0	0	0	1	0
1	41057	788	52	29	55	32	5	0	0	21	23	21	6	0	0	1	1	0	0	0	0	1	8	1	442308	403846	115385	0	19231	1	0	4	4	21	0	4	0	0	3	1	0	0	0	0	0	0	-3023	1145027	6056	888	43785	50853	510.202	832049	180108	5026578	2093843	34564	-51117	-54795	-56085	0	75	1	1	8	5	1	1	8643	1667	875	1	0	0	0	0	0	1	0	0	0	0	0	0	0	1	0
0	39357	82	51	28	54	31	5	0	0	21	23	20	7	0	0	1	0	0	0	0	0	1	8	0	45098	392157	137255	0	0	1	0	4	4	21	0	4	0	0	3	1	0	0	0	0	0	0	-2878	1124429	7345	10169	40984	42683	5.020.488	850303	180108	492907	2053881	33327	-48737	-52135	-53284	0	1	1	1	8	5	1	1	9	1667	1	1	0	1	0	0	0	1	1	1	0	0	0	1	0	1	0
1	47857	682	55	33	58	36	6	0	0	21	22	22	6	0	0	1	4	0	0	0	0	1	11	4	40	40	109091	0	72727	1	0	4	4	21	0	4	0	0	3	1	0	0	0	0	0	0	-2619	1199528	6056	888	49133	60927	5.447.801	1280853	180108	5348339	2225713	38115	-55663	-59877	-61433	0	75	6667	1	8	5	1	1	8167	1667	75	0	0	0	0	0	0	0	0	0	0	0	0	0	0	0	0
1	46454	706	52	32	55	35	5	0	0	21	20	21	6	0	0	1	4	0	0	0	0	1	11	4	384615	403846	115385	0	76923	1	0	4	4	21	0	4	0	0	3	1	0	0	0	0	0	0	-2478	1156143	6056	888	47022	55585	5.191.322	1280853	180108	5114286	2129789	36385	-53869	-57871	-59322	0	75	6667	1	8	5	1	1	8167	1667	75	1	0	0	0	0	0	0	0	0	0	0	0	0	0	0	0
0	49045	682	46	33	49	36	5	0	0	21	13	19	6	0	0	1	7	0	0	0	0	1	14	7	282609	413043	130435	0	152174	1	0	4	4	21	0	4	0	0	3	1	0	0	0	0	0	0	-1718	1072606	6056	888	45952	56346	4.650.045	1729656	180108	4733887	1973888	34746	-5296	-56855	-58252	0	75	6667	1	6	5	1	1	7881	1667	75	0	0	0	0	0	0	0	0	0	0	0	0	0	0	0	0
1	41642	759	46	30	49	33	4	0	0	22	16	20	6	0	0	0	4	0	0	0	0	0	10	4	347826	434783	130435	0	86957	1	0	4	4	22	0	4	0	0	2	2	0	0	0	0	0	0	-2499	1024826	6056	6056	52254	46078	4.452.977	1280853	180108	4537209	1893283	3254	-58316	-62841	-64554	0	75	8333	8333	5	0	8333	1	6786	1667	875	1	0	0	0	0	0	1	0	0	0	0	0	1	0	1	0
1	44143	706	47	32	50	35	4	0	1	22	15	21	7	0	0	0	4	0	0	0	0	0	11	4	319149	446809	148936	0	85106	1	0	4	4	22	0	4	0	0	2	2	0	0	0	0	0	0	-2478	1082203	8435	8435	46086	44867	4.748.971	1591446	180108	4794186	1998601	34842	-53073	-56982	-58386	0	75	8333	1	4	0	1	1	7119	1667	875	1	0	1	0	0	0	1	0	1	0	0	0	1	0	1	0
0	50042	639	50	35	53	38	5	0	0	22	15	21	6	1	0	0	7	0	0	0	0	0	14	7	30	42	12	2	14	1	0	4	4	22	0	4	0	0	2	2	0	0	0	0	0	0	-2029	1100568	6979	6979	49965	67277	4.949.914	1839655	180108	4956478	2065114	3697	-5637	-60667	-62265	1	5	6667	8333	3	5	8333	1	6619	1667	75	0	0	0	0	0	0	0	0	0	0	0	0	0	0	0	0
1	43144	731	48	31	51	34	4	0	0	22	17	20	7	0	0	0	4	0	0	0	0	0	11	4	354167	416667	145833	0	83333	1	0	4	4	22	0	4	0	0	2	2	0	0	0	0	0	0	-2328	1045452	7345	7345	44663	41683	466.055	1448708	180108	470299	1961225	3364	-51863	-55629	-56963	0	75	1	1	6	5	1	1	8357	1667	875	1	0	1	0	0	0	1	0	1	0	0	0	1	0	1	0
1	41548	753	50	31	54	35	4	0	0	27	19	24	5	0	0	0	2	0	0	0	0	0	7	2	38	48	10	0	4	1	0	5	6	28	1	4	0	0	2	3	0	0	1	0	0	0	-3606	1156182	4767	4767	44573	53899	4.659.009	81502	180108	4925914	2052588	34292	-51787	-55544	-56873	0	75	1	1	6	0	1	1	7643	3333	75	1	0	0	0	0	0	0	0	0	0	0	0	0	0	0	0
1	39848	782	49	30	53	34	4	0	0	27	19	23	6	0	0	0	1	0	0	0	0	0	7	1	387755	469388	122449	0	20408	1	0	5	6	28	1	4	0	0	2	3	0	0	1	0	0	0	-3489	1135584	6056	6056	41846	45729	4.577.477	833275	180108	4828405	2012625	33055	-49469	-52954	-54146	0	75	1	1	6	0	1	1	7643	1667	875	1	0	0	0	0	0	1	1	0	0	0	0	1	0	1	0
1	39848	782	49	30	53	34	4	0	0	27	19	23	6	0	0	0	1	0	0	0	0	0	7	1	387755	469388	122449	0	20408	1	0	5	6	28	1	4	0	0	2	3	0	0	1	0	0	0	-3489	1135584	6056	6056	41846	45729	4.577.477	833275	180108	4828405	2012625	33055	-49469	-52954	-54146	0	75	1	1	6	0	1	1	7643	1667	875	1	0	0	0	0	0	1	1	0	0	0	0	1	0	1	0
1	38656	847	50	28	54	32	4	0	0	22	22	23	4	0	0	1	0	0	0	0	0	1	5	0	44	46	8	0	0	1	0	5	6	28	1	4	0	0	2	3	0	0	1	0	0	0	-3938	1149444	4274	7098	47018	52146	4.674.045	515818	180108	488206	2034615	33717	-53866	-57868	-59318	0	75	8333	1	8	5	1	1	8405	1667	75	1	0	0	0	0	0	0	0	0	0	0	0	0	0	0	0
1	41157	782	51	30	55	34	4	0	1	22	21	24	5	0	0	1	0	0	0	0	0	1	6	0	411765	470588	98039	0	0	1	0	5	6	28	1	4	0	0	2	3	0	0	1	0	0	0	-3819	1206821	6653	9477	43208	50935	4.970.038	826412	180108	5139037	2139933	36019	-50627	-54248	-55508	0	75	1	1	8	5	1	1	8643	1667	75	1	0	0	0	0	0	1	0	0	0	0	0	0	0	1	0
0	45456	726	53	32	57	36	4	0	0	22	21	24	4	0	0	1	3	0	0	0	0	1	8	3	396226	45283	75472	0	56604	1	0	5	6	28	1	4	0	0	2	3	0	0	1	0	0	0	-3407	1209181	4274	7098	54912	61569	5.019.826	964621	180108	5203821	2166484	37268	-60575	-65366	-67212	0	75	6667	8333	7	5	8333	1	7548	1667	75	0	0	0	0	0	0	0	0	0	0	0	0	0	0	0	0
0	40059	813	53	29	57	33	4	0	0	22	24	24	4	0	0	1	0	0	0	0	0	1	5	0	45283	45283	75472	0	0	1	0	5	6	28	1	4	0	0	2	3	0	0	1	0	0	0	-4047	1199856	4274	7098	4913	57008	4.934.812	515818	180108	5116113	2130538	35447	-5566	-59873	-6143	0	75	8333	1	8	5	1	1	8405	1667	75	0	0	0	0	0	0	0	0	0	0	0	0	0	0	0	0
0	421	813	50	29	54	33	4	0	0	22	21	23	4	0	0	1	0	1	0	0	0	2	6	1	42	46	8	0	2	1	0	5	6	28	1	4	0	0	2	3	0	0	1	0	0	0	-3706	1197492	4274	7098	5181	5879	4.888.064	515818	180108	5085382	2117943	35238	-57938	-62419	-6411	0	75	8333	8333	7	5	8333	1	7786	1667	75	0	0	0	0	0	0	0	0	0	0	0	0	0	0	0	0
1	40455	813	50	29	54	33	4	0	0	22	21	23	4	0	0	1	1	0	0	0	0	1	6	1	42	46	8	0	2	1	0	5	6	28	1	4	0	0	2	3	0	0	1	0	0	0	-3706	1151608	4274	7098	50759	54201	4.702.383	665419	180108	4911296	2046597	34324	-57045	-61421	-63059	0	75	8333	8333	7	5	8333	1	7786	1667	75	1	0	0	0	0	0	0	0	0	0	0	0	0	0	0	0
1	40256	813	51	29	55	33	4	0	0	22	22	23	4	1	0	1	0	0	0	0	0	1	6	0	431373	45098	78431	19608	0	1	0	5	6	28	1	4	0	0	2	3	0	0	1	0	0	0	1938	1166385	6297	9121	41822	49472	4.888.405	942652	606941	4979568	2074577	34596	-49449	-52931	-54122	0	75	1	1	8	5	1	1	8643	1667	875	1	0	0	0	0	0	1	1	0	0	0	0	0	0	1	0
0	42791	753	49	31	53	35	4	2	0	23	18	25	3	2	0	0	0	1	0	0	0	1	6	1	367347	510204	61224	40816	20408	1	0	5	6	28	1	4	0	0	2	3	0	0	1	0	0	0	-3926	1212167	5991	5991	41856	4908	4.888.228	709411	180108	5096844	2122641	36713	-49478	-52964	-54156	0	75	1	1	6	0	1	1	7643	3333	875	1	0	0	0	0	0	1	0	0	0	0	0	0	0	1	0
0	3994	788	45	29	48	32	3	2	0	17	16	21	3	2	0	0	3	0	0	0	0	0	8	3	355556	466667	66667	44444	66667	1	0	4	5	23	1	3	0	0	1	3	0	0	0	1	0	0	-3023	1023357	6005	6005	36692	31434	4.457.821	1326185	426833	4439701	185332	33211	-45089	-48058	-48992	0	1	1	1	6	5	1	1	8714	3333	1	1	0	1	0	0	0	1	0	1	1	0	0	1	0	1	0
0	39748	782	50	30	54	34	3	1	0	23	20	25	3	1	0	0	1	0	0	0	0	0	5	1	40	50	6	2	2	1	0	5	8	30	2	3	0	0	1	3	1	0	0	0	2	0	-8254	1141352	4778	4778	45355	52524	4.684.021	736761	0	4896678	2040606	35184	-52452	-56288	-57655	0	75	8333	1	6	5	1	1	8119	5	75	1	0	0	0	0	0	0	0	0	0	0	0	0	0	0	0
1	39052	847	47	28	51	32	3	0	0	22	19	22	4	0	0	1	1	0	0	0	0	1	6	1	404255	468085	85106	0	21277	1	0	5	8	29	2	3	0	0	2	2	1	0	0	1	1	0	-3585	1117159	4274	7098	48629	49632	4.404.054	665419	180108	4677243	1950673	32594	-55235	-59398	-60929	0	75	8333	1	6	5	1	1	8119	3333	75	1	0	0	0	0	0	1	0	0	0	0	0	0	0	1	0
1	37253	883	47	27	51	31	3	0	0	22	20	22	4	0	0	1	0	0	0	0	0	1	5	0	425532	468085	85106	0	0	1	0	5	8	29	2	3	0	0	2	2	1	0	0	1	1	0	-3822	1114995	4274	7098	4487	47577	4.375.716	515818	180108	4648007	1938691	31987	-5204	-55827	-5717	0	75	1	1	6	5	1	1	8357	3333	75	1	0	0	0	1	0	1	0	0	0	0	0	0	0	1	0
1	3955	782	51	30	55	34	3	1	0	23	21	24	5	1	0	0	0	0	0	0	0	0	6	0	411765	470588	98039	19608	0	1	0	5	8	30	2	3	0	0	1	3	1	0	0	0	2	0	1769	1160062	7936	7936	33477	41198	4.775.539	947375	360215	496495	2068586	35047	-42355	-45003	-45777	0	1	1	1	6	0	1	1	8	3333	875	1	0	1	0	0	0	1	1	1	0	0	0	1	0	1	0
1	38147	813	48	29	52	33	3	1	0	23	19	23	5	1	0	0	0	0	0	0	0	0	6	0	395833	479167	104167	20833	0	1	0	5	8	30	2	3	0	0	1	3	1	0	0	0	2	0	1938	1114317	7936	7936	31366	36573	447.721	947375	360215	4730897	1972663	33317	-40561	-42997	-43666	0	1	1	1	6	0	1	1	8	3333	875	1	0	1	0	0	0	1	0	1	0	0	0	1	0	1	0
1	40142	788	47	29	50	32	3	1	0	17	18	21	3	2	0	0	3	0	0	0	0	0	8	3	382979	446809	6383	42553	6383	1	0	4	5	23	1	3	0	0	1	3	0	0	0	1	0	0	-3023	1022422	5836	5836	37432	35294	4.554.409	1326185	426833	451113	1882594	33475	-45717	-4876	-49732	0	1	1	1	8	5	1	1	9	5	1	1	0	1	0	0	0	1	0	1	0	0	0	1	0	1	0
1	53897	616	60	37	64	41	4	4	0	11	23	25	4	3	0	0	4	1	0	0	0	1	12	5	383333	416667	66667	5	83333	1	0	5	6	28	1	4	0	0	2	3	0	0	0	1	0	0	-6707	1300508	6936	6936	37477	3162	5.828.812	1441644	0	5762791	239557	44356	-45755	-48803	-49777	0	75	8333	8333	7	5	8333	1	7786	1667	75	0	0	0	0	0	0	0	0	0	0	0	0	0	0	0	0
1	52098	635	60	36	64	40	4	4	0	11	24	25	4	3	0	0	3	1	0	0	0	1	11	4	40	416667	66667	5	66667	1	0	5	6	28	1	4	0	0	2	3	0	0	0	1	0	0	-6892	1298344	6936	6936	36489	29565	5.800.474	1292042	0	5733555	2383588	43749	-44916	-47865	-48789	0	75	8333	8333	7	5	8333	1	7786	1667	75	0	0	0	0	0	0	0	0	0	0	0	0	0	0	0	0
1	49855	635	61	36	65	40	3	5	0	11	25	26	4	3	0	0	3	0	0	0	0	0	10	3	409836	42623	65574	4918	4918	1	0	5	7	29	2	3	0	0	1	4	0	0	0	2	0	0	-7167	1307385	6936	6936	35749	26522	5.796.558	1292042	0	5692857	2366909	43694	-44287	-47162	-48049	0	1	8333	1	8	5	1	1	8762	3333	75	0	0	0	0	0	0	0	0	0	0	0	0	0	0	0	0
1	51455	616	62	37	66	41	4	5	0	11	25	26	4	4	0	0	3	0	0	0	0	0	11	3	403226	419355	64516	64516	48387	1	0	5	7	29	2	3	0	0	1	4	0	0	0	2	0	0	-6976	132339	7859	7859	28266	38298	5.947.714	1402041	0	5790365	2406871	44573	-37926	-40053	-40566	0	75	8333	8333	7	5	8333	1	7786	3333	75	0	0	0	0	0	0	0	0	0	0	0	0	0	0	0	0
1	46951	677	56	34	60	38	3	4	0	15	22	24	5	2	0	0	3	0	0	0	0	0	10	3	392857	428571	89286	35714	53571	1	0	5	7	28	2	3	0	0	2	3	0	0	1	1	0	0	-7001	1230887	6506	6506	31724	2404	521.847	1182044	0	5293023	2203042	39365	-40866	-43338	-44024	0	1	8333	1	8	5	1	1	8762	3333	75	1	0	0	0	0	0	0	0	1	0	0	0	1	0	0	0
1	49252	639	59	35	62	38	6	4	0	11	24	24	4	3	0	0	4	0	0	0	0	0	11	4	40678	40678	67797	50847	67797	1	0	4	5	23	1	3	0	0	1	3	0	0	0	1	0	0	-6803	1223365	6936	6936	33482	27665	5.718.856	1441644	0	5505814	2290252	42341	-4236	-45008	-45782	0	1	8333	1	8	5	1	1	8762	1667	875	0	0	0	0	0	0	0	0	1	0	0	0	0	0	0	0
0	49855	635	61	36	65	40	3	5	0	11	25	26	4	3	0	0	3	0	0	0	0	0	10	3	409836	42623	65574	4918	4918	1	0	5	7	29	2	3	0	0	1	4	0	0	0	2	0	0	-7167	1307385	6936	6936	35749	26522	5.796.558	1292042	0	5692857	2366909	43694	-44287	-47162	-48049	0	1	8333	1	8	5	1	1	8762	3333	75	0	0	0	0	0	0	0	0	0	0	0	0	0	0	0	0
1	46951	677	56	34	60	38	3	4	0	15	22	24	5	2	0	0	3	0	0	0	0	0	10	3	392857	428571	89286	35714	53571	1	0	5	7	28	2	3	0	0	2	3	0	0	1	1	0	0	-7001	1230887	6506	6506	31724	2404	521.847	1182044	0	5293023	2203042	39365	-40866	-43338	-44024	0	1	8333	1	8	5	1	1	8762	3333	75	1	0	0	0	0	0	0	0	1	0	0	0	1	0	0	0
1	49855	651	61	36	66	41	3	4	0	11	25	26	4	3	0	0	3	0	0	0	0	0	10	3	409836	42623	65574	4918	4918	1	0	6	10	32	3	3	1	0	1	4	1	0	0	2	1	0	-7167	1281676	6936	6936	36489	20874	562.809	1292042	0	5583887	2322249	42722	-44916	-47865	-48789	0	1	6667	1	8	5	1	1	8524	3333	75	0	0	0	0	0	0	0	0	0	0	0	0	0	0	0	0
1	51455	631	62	37	67	42	4	4	0	11	25	26	4	4	0	0	3	0	0	0	0	0	11	3	403226	419355	64516	64516	48387	1	0	6	10	32	3	3	1	0	1	4	1	0	0	2	1	0	-6976	1297681	7859	7859	29006	3265	5.779.246	1402041	0	5681395	2362211	43601	-38555	-40755	-41306	0	75	6667	8333	7	5	8333	1	7548	3333	75	0	0	0	0	0	0	0	0	0	0	0	0	0	0	0	0
1	47049	695	55	34	60	39	3	4	0	11	21	24	4	3	0	0	3	0	0	0	0	0	10	3	381818	436364	72727	54545	54545	1	0	6	10	32	3	3	1	0	1	4	1	0	0	2	1	0	-7001	1191118	6936	6936	32464	15049	5.026.666	1292042	0	5115781	2130402	39262	-41494	-44041	-44764	0	1	6667	1	8	5	1	1	8524	3333	75	1	0	0	0	0	0	0	0	1	0	0	0	1	0	0	0
1	47049	695	55	34	60	39	3	4	0	11	21	24	4	3	0	0	3	0	0	0	0	0	10	3	381818	436364	72727	54545	54545	1	0	6	10	32	3	3	1	0	1	4	1	0	0	2	1	0	-7001	1191118	6936	6936	32464	15049	5.026.666	1292042	0	5115781	2130402	39262	-41494	-44041	-44764	0	1	6667	1	8	5	1	1	8524	3333	75	1	0	0	0	0	0	0	0	1	0	0	0	1	0	0	0
1	43693	774	52	31	57	36	3	4	0	11	21	23	4	3	0	0	0	1	0	0	0	1	8	1	403846	442308	76923	57692	19231	1	0	6	10	32	3	3	1	0	1	4	1	0	0	2	1	0	-7351	1179429	6936	6936	29362	1227	4.894.904	843239	0	4997342	2081862	37232	-38858	-41094	-41662	0	1	8333	1	8	5	1	1	8762	5	875	1	0	0	0	0	0	0	0	1	0	0	0	1	0	1	0
1	47049	695	55	34	60	39	3	4	0	11	21	24	4	3	0	0	3	0	0	0	0	0	10	3	381818	436364	72727	54545	54545	1	0	6	10	32	3	3	1	0	1	4	1	0	0	2	1	0	-7001	1191118	6936	6936	32464	15049	5.026.666	1292042	0	5115781	2130402	39262	-41494	-44041	-44764	0	1	6667	1	8	5	1	1	8524	3333	75	1	0	0	0	0	0	0	0	1	0	0	0	1	0	0	0
1	40892	813	50	29	54	33	4	4	0	11	21	22	4	2	0	0	0	1	0	0	0	1	7	1	42	44	8	4	2	1	0	5	6	26	1	4	1	0	1	3	0	0	0	1	0	0	-7511	1133409	6013	6013	34842	17918	4.806.655	73324	0	4846179	201991	35859	-43516	-463	-47142	0	1	1	1	8	5	1	1	9	1667	875	1	0	1	0	0	0	0	0	1	1	0	0	1	0	1	0
1	44233	782	47	30	51	34	3	4	0	15	17	21	5	2	0	0	0	2	0	0	0	2	9	2	361702	446809	106383	42553	42553	1	0	5	7	28	2	3	0	0	2	3	0	0	1	1	0	0	-2829	1172872	7592	7592	26511	24985	4.709.877	73324	167855	4909801	2045984	35396	-36434	-38385	-38811	0	1	1	1	6	5	1	1	8714	5	875	1	0	1	0	0	0	1	0	1	0	0	0	1	0	1	0
1	40789	813	47	29	51	33	3	4	0	15	18	21	5	2	0	0	0	1	0	0	0	1	8	1	382979	446809	106383	42553	21277	1	0	5	7	28	2	3	0	0	2	3	0	0	1	1	0	0	-3023	1124824	7592	7592	24363	18341	4.495.858	73324	167855	4706478	1962655	33875	-34608	-36344	-36663	0	1	1	1	6	5	1	1	8714	5	875	1	0	1	0	0	0	0	0	1	1	0	0	1	0	1	0
1	48452	655	58	35	62	39	3	5	0	11	23	25	4	3	0	0	3	0	0	0	0	0	10	3	396552	431034	68966	51724	51724	1	0	5	7	29	2	3	0	0	1	4	0	0	0	2	0	0	-7087	1263203	6936	6936	33752	22747	5.493.941	1292042	0	5458804	2270985	41964	-42589	-45265	-46052	0	1	8333	1	8	5	1	1	8762	3333	75	0	0	0	0	0	0	0	0	1	0	0	0	0	0	0	0
1	45096	726	55	32	59	36	3	5	0	11	23	24	4	3	0	0	0	1	0	0	0	1	8	1	418182	436364	72727	54545	18182	1	0	5	7	29	2	3	0	0	1	4	0	0	0	2	0	0	-7434	1251514	6936	6936	30699	19968	5.362.179	843239	0	5340365	2222445	39934	-39994	-42364	-42999	0	1	8333	1	8	5	1	1	8762	3333	875	1	0	0	0	0	0	0	0	1	0	0	0	1	0	1	0
1	45646	701	52	33	56	37	3	5	0	11	19	23	4	3	0	0	3	0	0	0	0	0	10	3	365385	442308	76923	57692	57692	1	0	5	7	29	2	3	0	0	1	4	0	0	0	2	0	0	-6911	1172645	6936	6936	29665	16922	4.892.517	1292042	0	4990698	2079138	38504	-39115	-41382	-41965	0	1	8333	1	8	5	1	1	8762	5	875	1	0	0	0	0	0	0	0	1	0	0	0	1	0	0	0
0	40241	788	46	29	49	32	3	4	0	11	17	20	4	2	0	0	3	0	0	0	0	0	9	3	369565	434783	86957	43478	65217	1	0	4	5	23	1	3	0	0	1	3	0	0	0	1	0	0	-6828	1026873	6013	6013	31605	15271	4.416.882	1182044	0	4442857	1854614	33935	-40764	-43224	-43905	0	1	1	1	8	5	1	1	9	3333	1	1	0	1	0	0	0	0	0	1	1	0	0	1	0	1	0
1	45247	701	52	33	56	37	3	4	0	16	19	24	4	2	0	0	3	0	0	0	0	0	9	3	365385	461538	76923	38462	57692	1	0	5	7	29	2	3	0	0	1	4	0	0	0	2	0	0	-7211	1191375	6013	6013	38591	24355	4.893.288	1182044	0	5055814	2105825	38001	-46702	-49861	-50891	0	1	8333	1	8	5	1	1	8762	3333	875	1	0	0	0	0	0	1	0	1	0	0	0	1	0	1	0
1	41891	782	49	30	53	34	3	4	0	16	19	23	4	2	0	0	0	1	0	0	0	1	7	1	387755	469388	81633	40816	20408	1	0	5	7	29	2	3	0	0	1	4	0	0	0	2	0	0	-7593	1179686	6013	6013	35489	21576	4.761.526	73324	0	4937375	2057285	35971	-44065	-46914	-47789	0	1	1	1	6	5	1	1	8714	3333	875	1	0	1	0	0	0	0	0	1	0	0	0	1	0	1	0
1	38447	813	49	29	53	33	3	4	0	16	20	23	4	2	0	0	0	0	0	0	0	0	6	0	408163	469388	81633	40816	0	1	0	5	7	29	2	3	0	0	1	4	0	0	0	2	0	0	-7852	1131638	6013	6013	30697	14932	4.547.507	73324	0	4734053	1973956	3445	-39993	-42363	-42997	0	1	1	1	6	5	1	1	8714	3333	875	1	0	1	0	0	0	0	0	1	1	0	0	1	0	1	0
1	45848	701	54	33	58	37	3	4	0	11	21	23	4	3	0	0	3	0	0	0	0	0	10	3	388889	425926	74074	55556	55556	1	0	5	7	29	2	3	0	0	1	4	0	0	0	2	0	0	-6911	1166449	6936	6936	30404	17397	5.026.666	1292042	0	5062126	2108412	38768	-39744	-42084	-42704	0	1	8333	1	8	5	1	1	8762	3333	875	1	0	0	0	0	0	0	0	1	0	0	0	1	0	0	0
1	47347	677	53	34	57	38	3	4	0	15	19	23	5	2	0	0	4	0	0	0	0	0	11	4	358491	433962	9434	37736	75472	1	0	5	7	28	2	3	0	0	2	3	0	0	1	1	0	0	-671	1188869	6506	6506	30699	2232	494.419	1331645	0	5088206	2119101	38242	-39994	-42364	-42999	0	1	8333	1	8	5	1	1	8762	3333	75	1	0	0	0	0	0	0	0	1	0	0	0	1	0	0	0
1	47347	677	53	34	57	38	3	4	0	15	19	23	5	2	0	0	4	0	0	0	0	0	11	4	358491	433962	9434	37736	75472	1	0	5	7	28	2	3	0	0	2	3	0	0	1	1	0	0	-671	1188869	6506	6506	30699	2232	494.419	1331645	0	5088206	2119101	38242	-39994	-42364	-42999	0	1	8333	1	8	5	1	1	8762	3333	75	1	0	0	0	0	0	0	0	1	0	0	0	1	0	0	0
1	47347	677	53	34	57	38	3	4	0	15	19	23	5	2	0	0	4	0	0	0	0	0	11	4	358491	433962	9434	37736	75472	1	0	5	7	28	2	3	0	0	2	3	0	0	1	1	0	0	-671	1188869	6506	6506	30699	2232	494.419	1331645	0	5088206	2119101	38242	-39994	-42364	-42999	0	1	8333	1	8	5	1	1	8762	3333	75	1	0	0	0	0	0	0	0	1	0	0	0	1	0	0	0
1	45548	701	53	33	57	37	3	4	0	15	20	23	5	2	0	0	3	0	0	0	0	0	10	3	377358	433962	9434	37736	56604	1	0	5	7	28	2	3	0	0	2	3	0	0	1	1	0	0	-6911	1186705	6506	6506	29665	20265	4.915.853	1182044	0	505897	2107119	37635	-39115	-41382	-41965	0	1	8333	1	8	5	1	1	8762	5	875	1	0	0	0	0	0	0	0	1	0	0	0	1	0	0	0
0	44244	726	49	32	53	36	3	4	0	15	17	21	6	2	0	0	3	0	0	0	0	0	11	3	346939	428571	122449	40816	61224	1	0	5	7	28	2	3	0	0	2	3	0	0	1	1	0	0	-6505	1122879	7743	7743	26078	1271	4.608.017	1348674	0	4756645	1983215	35275	-36066	-37974	-38378	0	1	1	1	6	5	1	1	8714	5	875	1	0	0	0	0	0	0	0	1	0	0	0	1	0	1	0
0	43244	731	50	31	53	34	5	4	0	11	19	21	4	3	0	0	3	0	0	0	0	0	10	3	38	42	8	6	6	1	0	4	5	23	1	3	0	0	1	3	0	0	0	1	0	0	-6712	1086269	6936	6936	26181	15758	4.828.805	1292042	0	4774419	1990499	36544	-36154	-38072	-38481	0	1	1	1	8	5	1	1	9	3333	1	1	0	1	0	0	0	0	0	1	1	0	0	1	0	1	0
1	46688	706	50	32	53	35	5	4	0	11	18	21	4	3	0	0	3	1	0	0	0	1	11	4	36	42	8	6	8	1	0	4	5	23	1	3	0	0	1	3	0	0	0	1	0	0	-6505	1134317	6936	6936	28311	22402	5.042.824	1292042	0	4977741	2073828	38065	-37964	-40095	-40611	0	1	8333	1	8	5	1	1	8762	3333	875	1	0	0	0	0	0	0	0	1	0	0	0	1	0	0	0
1	50751	655	52	35	56	39	5	4	0	15	17	22	5	3	0	1	4	0	0	0	0	1	13	4	326923	423077	96154	57692	76923	1	0	5	7	28	2	3	0	0	2	3	0	0	1	1	0	0	-6236	1214289	8225	11049	21139	22718	5.131.641	1609499	0	5223256	2174449	39242	-31868	-33282	-33439	0	75	8333	8333	5	5	8333	1	75	3333	75	0	0	0	0	0	0	0	0	0	0	0	0	0	0	0	0
1	47849	66	56	34	59	37	6	4	0	11	22	23	4	3	0	0	4	0	0	0	0	0	11	4	392857	410714	71429	53571	71429	1	0	4	5	23	1	3	0	0	1	3	0	0	0	1	0	0	-671	1179183	6936	6936	31438	2389	5.416.239	1441644	0	5271761	2194328	40611	-40623	-43066	-43738	0	1	8333	1	8	5	1	1	8762	1667	875	1	0	0	0	0	0	0	0	1	0	0	0	0	0	0	0
1	47849	66	56	34	59	37	6	4	0	11	22	23	4	3	0	0	4	0	0	0	0	0	11	4	392857	410714	71429	53571	71429	1	0	4	5	23	1	3	0	0	1	3	0	0	0	1	0	0	-671	1179183	6936	6936	31438	2389	5.416.239	1441644	0	5271761	2194328	40611	-40623	-43066	-43738	0	1	8333	1	8	5	1	1	8762	1667	875	1	0	0	0	0	0	0	0	1	0	0	0	0	0	0	0
1	49252	639	59	35	62	38	6	4	0	11	24	24	4	3	0	0	4	0	0	0	0	0	11	4	40678	40678	67797	50847	67797	1	0	4	5	23	1	3	0	0	1	3	0	0	0	1	0	0	-6803	122468	6936	6936	33482	26955	5.739.913	1441644	0	5505814	2290252	42341	-4236	-45008	-45782	0	1	8333	1	8	5	1	1	8762	1667	875	0	0	0	0	0	0	0	0	1	0	0	0	0	0	0	0
1	45043	706	50	32	53	35	5	4	0	11	18	21	4	3	0	0	4	0	0	0	0	0	11	4	36	42	8	6	8	1	0	4	5	23	1	3	0	0	1	3	0	0	0	1	0	0	-6505	1088433	6936	6936	2725	17813	4.857.143	1441644	0	4803654	2002481	37151	-37063	-39088	-3955	0	1	8333	1	8	5	1	1	8762	3333	1	1	0	0	0	0	0	0	0	1	0	0	0	1	0	1	0
1	47251	677	57	34	61	38	6	4	0	11	23	24	4	3	0	0	3	0	0	0	0	0	10	3	403509	421053	70175	52632	52632	1	0	5	6	27	1	4	0	1	1	3	0	0	0	1	0	0	-7001	120455	6936	6936	32464	13656	5.287.433	1292042	0	5296179	2204336	40498	-41494	-44041	-44764	0	1	8333	1	8	5	1	1	8762	1667	75	1	0	0	0	0	0	0	0	1	0	0	0	1	0	0	0
0	43244	731	50	31	53	34	5	4	0	11	19	21	4	3	0	0	3	0	0	0	0	0	10	3	38	42	8	6	6	1	0	4	5	23	1	3	0	0	1	3	0	0	0	1	0	0	-6712	1086269	6936	6936	26181	15758	4.828.805	1292042	0	4774419	1990499	36544	-36154	-38072	-38481	0	1	1	1	8	5	1	1	9	3333	1	1	0	1	0	0	0	0	0	1	1	0	0	1	0	1	0
1	43249	726	53	32	57	36	5	4	0	16	21	24	4	3	0	0	1	0	0	0	0	0	8	1	396226	45283	75472	56604	18868	1	0	5	7	29	2	3	0	0	1	4	0	0	0	2	0	0	-7434	1193198	6936	6936	2894	17474	4.987.769	99284	0	509485	2121824	37666	-38499	-40693	-4124	0	1	1	1	8	5	1	1	9	3333	875	1	0	0	0	0	0	0	0	1	0	0	0	1	0	1	0
1	42056	731	59	31	62	34	6	4	0	11	28	24	4	3	0	0	0	0	0	0	0	0	7	0	474576	40678	67797	50847	0	1	0	4	5	23	1	3	0	0	1	3	0	0	0	1	0	0	-7671	1213191	6936	6936	29362	20339	5.626.562	843239	0	538887	2242324	39913	-38858	-41094	-41662	0	1	1	1	8	5	1	1	9	3333	1	1	0	0	0	0	0	0	0	1	0	0	0	1	0	1	0
1	43244	731	50	31	53	34	5	4	0	11	19	21	4	3	0	0	3	0	0	0	0	0	10	3	38	42	8	6	6	1	0	4	5	23	1	3	0	0	1	3	0	0	0	1	0	0	-6712	1086269	6936	6936	26181	15758	4.828.805	1292042	0	4774419	1990499	36544	-36154	-38072	-38481	0	1	1	1	8	5	1	1	9	3333	1	1	0	1	0	0	0	0	0	1	1	0	0	1	0	1	0
1	49949	635	56	36	60	40	6	4	0	16	20	24	5	4	0	0	3	0	0	0	0	0	12	3	357143	428571	89286	71429	53571	1	0	5	6	28	1	4	0	0	2	3	0	0	0	1	0	0	-6616	1247106	9539	9539	24246	22682	5.416.642	158535	0	5416611	2253693	40859	-34509	-36234	-36546	0	1	6667	1	8	5	1	1	8524	3333	75	0	0	0	0	0	0	0	0	1	0	0	0	0	0	0	0
1	4815	655	56	35	60	39	6	4	0	16	21	24	5	4	0	0	2	0	0	0	0	0	11	2	375	428571	89286	71429	35714	1	0	5	6	28	1	4	0	0	2	3	0	0	0	1	0	0	-6803	1238209	9539	9539	2322	17739	5.388.304	1435748	0	5387375	2241711	40252	-33637	-35259	-3552	0	1	6667	1	8	5	1	1	8524	3333	75	0	0	0	0	0	0	0	0	1	0	0	0	0	0	0	0
1	46159	701	56	33	60	37	6	4	0	16	23	24	5	3	0	1	0	0	0	0	0	1	9	0	410714	428571	89286	53571	0	1	0	5	6	28	1	4	0	0	2	3	0	0	0	1	0	0	-7211	1301437	8225	11049	20414	17382	5.457.697	992999	0	550299	2289094	4001	-31252	-32593	-32714	0	1	8333	1	8	5	1	1	8762	3333	75	0	0	0	0	0	0	0	0	0	0	0	0	0	0	0	0
1	41854	753	57	31	61	35	6	4	0	11	26	24	4	3	0	0	0	0	0	0	0	0	7	0	45614	421053	70175	52632	0	1	0	5	6	27	1	4	0	1	1	3	0	0	0	1	0	0	-7671	1196428	6936	6936	29362	19123	520.242	843239	0	5208472	216839	38677	-38858	-41094	-41662	0	1	1	1	8	5	1	1	9	3333	875	1	0	0	0	0	0	0	0	1	0	0	0	1	0	1	0
1	51556	635	56	36	60	40	6	4	0	16	20	24	5	3	0	1	3	0	0	0	0	1	12	3	357143	428571	89286	53571	53571	1	0	5	6	28	1	4	0	0	2	3	0	0	0	1	0	0	-6616	130021	8225	11049	23516	23849	5.540.502	1459898	0	5590698	232504	41831	-33889	-35541	-35816	0	75	8333	8333	7	5	8333	1	7786	3333	75	0	0	0	0	0	0	0	0	0	0	0	0	0	0	0	0
1	46159	701	56	33	60	37	6	4	0	16	23	24	5	3	0	1	0	0	0	0	0	1	9	0	410714	428571	89286	53571	0	1	0	5	6	28	1	4	0	0	2	3	0	0	0	1	0	0	-7211	1290108	8225	11049	20414	12967	5.455.489	1011094	0	550299	2289094	4001	-31252	-32593	-32714	0	1	8333	1	8	5	1	1	8762	3333	75	1	0	0	0	0	0	0	0	0	0	0	0	0	0	0	0
0	39888	82	47	28	50	31	5	4	0	11	19	20	4	3	0	0	0	1	0	0	0	1	8	1	404255	425532	85106	6383	21277	1	0	4	5	23	1	3	0	0	1	3	0	0	0	1	0	0	-7068	107458	6936	6936	22914	12979	4.697.044	843239	0	465598	1941959	34514	-33377	-34968	-35214	0	1	1	1	8	5	1	1	9	3333	1	1	0	0	0	0	0	0	0	1	1	0	0	1	0	1	0
1	57425	58	79	39	83	43	7	3	0	12	40	30	3	4	0	1	0	1	0	0	0	2	9	1	506329	379747	37975	50633	12658	1	0	5	5	30	0	5	0	0	0	5	0	0	0	0	0	0	-764	1547019	7016	7854	37901	69286	7.443.217	88225	0	7162292	2969136	52736	-46116	-49206	-50201	0	75	8333	8333	9	1	8333	1	8786	1667	75	0	0	0	0	0	0	0	0	0	0	0	0	0	0	0	0
1	49152	677	51	34	55	38	4	1	0	21	17	21	7	1	0	1	4	0	0	0	0	1	13	4	333333	411765	137255	19608	78431	1	0	5	6	28	1	4	0	0	3	1	1	0	0	0	1	0	-6126	1188686	8173	10997	39328	40285	505.036	1548842	0	5125748	2134487	36864	-47328	-50561	-51628	0	1	8333	1	6	5	1	1	8476	1667	75	0	0	0	0	0	0	0	0	1	0	0	0	0	0	0	0
0	48648	655	53	35	57	39	4	1	0	22	18	22	8	1	0	0	4	0	0	0	0	0	13	4	339623	415094	150943	18868	75472	1	0	5	6	29	1	4	0	0	2	2	1	0	0	0	1	0	-6236	1189754	9462	9462	37384	34822	5.145.879	1716698	0	5182558	215777	37579	-45676	-48715	-49684	0	1	6667	1	6	5	1	1	8238	1667	75	0	0	0	0	0	0	0	0	1	0	0	0	0	0	0	0
1	56418	597	73	38	77	42	8	3	0	12	35	28	3	4	0	1	1	1	0	0	0	2	10	2	479452	383562	41096	54795	27397	1	0	5	5	27	0	5	1	0	0	4	0	0	0	0	0	0	-7316	1458467	7016	7854	37718	6096	6.945.732	1031851	0	6723422	2789271	49883	-45961	-49032	-50018	0	75	8333	8333	9	1	8333	1	8786	1667	75	0	0	0	0	0	0	0	0	0	0	0	0	0	0	0	0
1	54619	616	73	37	77	41	8	3	0	12	36	28	3	4	0	1	0	1	0	0	0	2	9	1	493151	383562	41096	54795	13699	1	0	5	5	27	0	5	1	0	0	4	0	0	0	0	0	0	-7512	1456303	7016	7854	34071	58905	6.917.394	88225	0	6694186	2777289	49276	-42861	-45568	-46371	0	75	8333	8333	9	1	8333	1	8786	1667	75	0	0	0	0	0	0	0	0	0	0	0	0	0	0	0	0
1	45349	753	49	31	53	35	3	2	0	16	18	19	5	3	0	1	3	0	0	0	0	1	12	3	367347	387755	102041	61224	61224	1	0	5	8	28	3	3	0	0	2	3	0	1	1	0	1	0	-2008	1042603	10498	11336	17081	22963	4.640.341	1504533	16663	4706146	1962519	34237	-28419	-29427	-29381	0	1	8333	1	8	5	1	1	8762	5	875	1	0	0	0	0	0	0	0	1	0	0	0	1	0	1	0
1	46956	753	49	31	53	35	3	2	0	16	18	19	5	2	0	2	3	0	0	0	0	2	12	3	367347	387755	102041	40816	61224	1	0	5	8	28	3	3	0	0	2	3	0	1	1	0	1	0	-2008	1107036	9184	12846	16445	28545	4.776.236	1409459	16663	4880233	2033866	35209	-27878	-28822	-28745	0	1	8333	1	8	5	1	1	8762	5	75	1	0	0	0	0	0	0	0	1	0	0	0	1	0	0	0
0	39052	847	47	28	51	32	3	0	0	22	19	22	4	0	0	1	1	0	0	0	0	1	6	1	404255	468085	85106	0	21277	1	0	5	8	29	2	3	0	0	2	2	1	0	0	1	1	0	-3585	1119654	4274	7098	48629	48261	4.404.054	665419	180108	4677243	1950673	32594	-55235	-59398	-60929	0	75	8333	1	6	5	1	1	8119	3333	75	1	0	0	0	0	0	1	0	0	0	0	0	0	0	1	0
1	40157	813	52	29	56	33	4	0	0	22	23	24	3	1	0	1	0	0	0	0	0	1	5	0	442308	461538	57692	19231	0	1	0	5	6	28	1	4	0	0	2	3	0	0	1	0	0	0	-4047	1174791	5095	7919	4913	55128	4.888.407	610892	180108	5047841	2102558	35226	-5566	-59873	-6143	0	75	8333	1	8	5	1	1	8405	1667	75	1	0	0	0	0	0	0	0	0	0	0	0	0	0	0	0
1	47954	651	58	36	63	41	5	1	0	28	22	29	3	3	0	0	1	0	0	0	0	0	7	1	37931	50	51724	51724	17241	1	0	6	8	34	2	4	0	0	2	4	0	0	2	0	0	0	-7994	1340031	6167	6167	48484	57088	5.466.204	848479	0	5704651	2371742	41008	-55112	-5926	-60784	0	75	5	1	6	0	1	1	6929	1667	625	0	0	0	0	0	0	0	0	0	0	0	0	0	0	0	0
0	40362	782	63	30	67	34	5	0	0	16	33	26	3	1	0	0	0	0	0	0	0	0	4	0	52381	412698	47619	15873	0	1	0	5	6	29	1	4	0	0	1	4	0	0	1	0	0	0	-8584	1217729	2977	2977	42041	56124	5.470.523	309097	0	5458638	2270917	38717	-49635	-53139	-54341	0	75	1	1	1	5	1	1	8929	3333	75	0	0	0	0	0	0	0	0	0	0	0	0	0	0	0	0
0	35253	862	54	26	56	28	8	0	0	16	28	21	4	1	0	0	0	0	0	0	0	0	5	0	518519	388889	74074	18519	0	1	0	3	4	17	1	2	0	0	1	2	0	0	1	0	0	0	-7984	1066323	3301	3301	23597	34858	5.008.742	34034	0	481495	2007111	33639	-33957	-35617	-35897	0	1	1	1	1	5	1	1	9286	5	1	1	1	1	0	1	0	1	1	1	0	0	0	1	1	1	0
1	44051	813	44	29	48	33	3	2	0	16	15	18	4	2	0	2	3	0	0	0	0	2	11	3	340909	409091	90909	45455	68182	1	0	5	8	25	2	3	1	0	2	2	0	0	2	0	0	1	-1999	1039724	7895	11557	27144	43485	4.266.047	1241604	16663	4480399	1869999	32379	-36972	-38987	-39444	0	1	1	1	6	5	1	1	8714	5	875	1	0	1	0	0	0	1	0	1	0	0	0	1	0	1	0
1	38754	847	49	28	53	32	4	0	0	22	21	23	3	1	0	1	0	0	0	0	0	1	5	0	428571	469388	61224	20408	0	1	0	5	6	28	1	4	0	0	2	3	0	0	1	0	0	0	-3938	1128876	5095	7919	47018	52302	4.627.639	610892	180108	4813787	2006634	33496	-53866	-57868	-59318	0	75	8333	1	8	5	1	1	8405	1667	75	1	0	0	0	0	0	0	0	0	0	0	0	0	0	0	0
0	38229	942	37	24	39	26	4	2	0	17	13	16	3	2	0	1	0	2	0	0	0	3	8	2	351351	432432	81081	54054	54054	1	0	3	3	17	0	3	0	0	1	2	0	0	0	0	0	0	-2186	963504	6399	7237	30657	40494	4.144.077	775035	16405	4183223	1748206	29397	-39959	-42324	-42957	0	1	1	1	4	0	1	1	7714	1667	1	1	1	1	0	0	0	0	0	1	0	0	0	1	0	1	0
1	35647	883	47	27	51	31	3	0	0	22	20	21	6	0	0	0	0	0	0	0	0	0	6	0	425532	446809	12766	0	0	1	0	5	8	29	2	3	0	0	2	2	1	0	0	1	1	0	-3456	1059939	6056	6056	51446	42516	4.245.284	681223	180108	447392	1867344	30606	-57629	-62074	-63746	0	75	8333	8333	5	5	8333	1	75	3333	75	1	0	1	0	1	0	1	0	1	0	0	0	1	0	1	0
1	37352	883	46	27	50	31	3	0	0	22	19	21	5	0	0	1	0	0	0	0	0	1	6	0	413043	456522	108696	0	0	1	0	5	8	29	2	3	0	0	2	2	1	0	0	1	1	0	-3456	1089382	5563	8387	51046	43036	4.328.647	682448	180108	4579734	1910711	31357	-57289	-61693	-63346	0	75	8333	8333	5	5	8333	1	75	3333	75	1	0	1	0	1	0	1	0	1	0	0	0	1	0	1	0
1	38246	813	47	29	51	33	3	1	0	23	18	22	6	1	0	0	0	0	0	0	0	0	7	0	382979	468085	12766	21277	0	1	0	5	8	30	2	3	0	0	1	3	1	0	0	0	2	0	2279	1088704	9225	9225	37866	32032	4.430.141	1114005	360215	4662625	1944682	32687	-46086	-49173	-50166	0	1	1	1	6	0	1	1	8	3333	875	1	1	1	0	0	0	1	0	1	1	0	0	1	0	1	0
0	42596	782	54	30	58	34	6	0	0	17	24	22	5	2	0	0	0	1	0	0	0	1	8	1	444444	407407	92593	37037	18519	1	0	5	6	25	2	4	0	3	1	2	0	0	0	0	0	0	243	1164112	9696	9696	42947	33559	5.433.451	1370985	606941	5083389	2117127	36133	-50405	-53999	-55247	0	75	1	1	1	1	1	1	9643	1667	75	1	0	1	0	0	0	1	0	1	0	0	0	1	0	1	0
1	40091	847	49	28	53	32	6	0	0	16	21	19	6	2	0	0	0	1	0	0	0	1	9	1	428571	387755	122449	40816	20408	1	0	5	6	24	2	4	0	3	2	1	0	0	0	0	0	0	-2525	1075723	9089	9089	55333	35405	4.786.929	1052925	180108	4618439	1926573	32307	-60933	-65766	-67633	0	75	8333	8333	9	1	8333	1	8786	1667	75	1	0	1	0	0	0	1	1	1	0	0	0	1	0	1	0
0	44747	746	52	32	57	37	5	0	0	16	20	20	7	2	0	0	3	0	0	0	0	0	12	3	384615	384615	134615	38462	57692	1	0	6	8	30	3	4	0	3	2	2	0	0	1	0	0	0	-2168	111214	9413	9413	51271	43465	4.714.601	1532972	180108	4722259	1969123	34201	-57481	-61908	-63571	0	75	5	8333	9	5	8333	1	7595	1667	75	1	0	0	0	0	0	1	0	1	0	0	0	1	0	1	0
0	39791	873	48	28	53	33	4	0	0	16	20	19	7	1	0	0	0	1	0	0	0	1	9	1	416667	395833	145833	20833	20833	1	0	6	8	30	3	4	0	3	2	2	0	0	1	0	0	0	-2525	1084446	849	849	55333	2891	4.431.684	97417	180108	4506312	188062	31292	-60933	-65766	-67633	0	75	6667	8333	7	5	8333	1	7548	1667	75	1	0	1	0	0	0	1	0	1	1	0	0	1	0	1	0
1	46805	701	63	33	67	37	6	0	0	17	30	25	5	2	0	0	0	1	0	0	0	1	8	1	47619	396825	79365	31746	15873	1	0	5	6	29	3	4	0	0	1	5	0	0	0	0	0	0	1919	1302142	9696	9696	49178	47245	6.215.753	1370985	606941	5785548	2404897	41323	-55701	-59919	-61478	0	75	6667	1	8	5	1	1	8167	1667	625	0	0	0	0	0	0	0	0	0	0	0	0	0	0	0	0
1	443	753	58	31	62	35	6	0	0	16	27	22	6	2	0	0	0	1	0	0	0	1	9	1	465517	37931	103448	34483	17241	1	0	5	6	28	3	4	0	0	2	4	0	0	0	0	0	0	-2967	1213753	9089	9089	61899	49091	5.569.231	1052925	180108	5320598	2214343	37497	-66514	-72004	-74199	0	75	8333	8333	7	5	8333	1	7786	1667	75	1	0	0	0	0	0	1	0	0	0	0	0	0	0	1	0
1	48956	672	61	35	66	40	5	0	0	16	26	23	7	2	0	0	3	0	0	0	0	0	12	3	42623	377049	114754	32787	4918	1	0	6	8	34	4	4	0	0	2	5	0	0	1	0	0	0	-2596	125017	9413	9413	57663	57151	5.496.904	1532972	180108	5424419	2256893	39391	-62913	-67979	-69963	0	75	3333	8333	7	5	8333	1	7071	1667	625	0	0	0	0	0	0	0	0	0	0	0	0	0	0	0	0
1	440	774	57	31	62	36	4	0	0	16	26	22	7	1	0	0	0	1	0	0	0	1	9	1	45614	385965	122807	17544	17544	1	0	6	8	34	4	4	0	0	2	5	0	0	1	0	0	0	-2967	1222476	849	849	61899	42596	5.213.986	97417	180108	5208472	216839	36482	-66514	-72004	-74199	0	75	6667	8333	7	5	8333	1	7548	1667	75	1	0	0	0	0	0	1	0	1	0	0	0	1	0	1	0
0	436	847	46	28	50	32	3	2	0	16	18	18	5	2	0	2	0	1	0	0	0	3	10	1	391304	391304	108696	43478	21739	1	0	5	8	28	3	3	0	0	2	3	0	1	1	0	1	0	-2171	1118795	9184	12846	21169	28907	4.650.601	958205	16663	4761794	1985325	33179	-31894	-33311	-33469	0	1	1	1	8	5	1	1	9	5	875	1	0	1	0	0	0	1	0	1	0	0	0	1	0	1	0
1	43595	731	53	31	56	34	6	0	0	23	22	23	5	2	0	0	0	1	0	0	0	1	8	1	415094	433962	9434	37736	18868	1	0	4	4	23	0	4	0	0	1	3	0	0	0	0	0	0	225	1207521	9696	9696	48197	47349	5.560.466	1370985	606941	5283555	2199162	37217	-54868	-58988	-60497	0	75	8333	1	8	5	1	1	8405	1667	875	1	0	0	0	0	0	1	0	0	0	0	0	0	0	1	0
0	4109	788	48	29	51	32	6	0	0	22	19	20	6	2	0	0	0	1	0	0	0	1	9	1	395833	416667	125	41667	20833	1	0	4	4	22	0	4	0	0	2	2	0	0	0	0	0	0	-2682	1119132	9089	9089	55291	49195	4.913.944	1052925	180108	4818605	2008608	33391	-60898	-65727	-67591	0	75	8333	8333	5	0	8333	1	6786	1667	875	1	0	0	0	0	0	1	0	0	0	0	0	0	0	1	0
0	39046	813	48	29	52	33	4	0	0	22	19	21	6	1	0	0	1	0	0	0	0	0	8	1	395833	4375	125	20833	20833	1	0	5	6	28	1	4	0	0	2	3	0	0	1	0	0	0	-3023	1090506	8166	8166	59814	40995	447.235	1092528	180108	4600664	1919289	32092	-64742	-70023	-72114	0	75	8333	8333	7	5	8333	1	7786	1667	75	1	0	1	0	0	0	1	0	1	0	0	0	1	0	1	0
1	45746	701	51	33	55	37	5	0	0	22	18	21	7	2	0	0	3	0	0	0	0	0	12	3	352941	411765	137255	39216	58824	1	0	5	6	28	1	4	0	0	2	3	0	0	1	0	0	0	-2319	1155549	9413	9413	51168	57255	4.841.617	1532972	180108	4922425	2051158	35285	-57393	-6181	-63468	0	75	5	8333	7	5	8333	1	731	1667	75	0	0	0	0	0	0	0	0	0	0	0	0	0	0	0	0
1	4079	813	47	29	51	33	4	0	0	22	18	20	7	1	0	0	0	1	0	0	0	1	9	1	382979	425532	148936	21277	21277	1	0	5	6	28	1	4	0	0	2	3	0	0	1	0	0	0	-2682	1127855	849	849	55291	427	4.558.699	97417	180108	4706478	1962655	32376	-60898	-65727	-67591	0	75	8333	8333	5	0	8333	1	6786	1667	75	1	0	1	0	0	0	1	0	1	0	0	0	1	0	1	0
1	50548	655	56	35	60	39	5	0	0	15	21	20	7	2	0	0	6	0	0	0	0	0	15	6	375	357143	125	35714	107143	1	0	5	7	27	3	3	0	0	3	2	1	0	1	0	0	0	-1746	1145747	9361	9361	55307	44223	5.173.917	1981775	180108	5061794	2108276	37522	-60911	-65741	-67607	1	5	5	6667	6	5	6667	1	6333	1667	625	0	0	0	0	0	0	0	0	1	0	0	0	0	0	0	0
1	50548	655	56	35	60	39	5	0	0	15	21	20	7	2	0	0	6	0	0	0	0	0	15	6	375	357143	125	35714	107143	1	0	5	7	27	3	3	0	0	3	2	1	0	1	0	0	0	-1746	1145747	9361	9361	55307	44223	5.173.917	1981775	180108	5061794	2108276	37522	-60911	-65741	-67607	1	5	5	6667	6	5	6667	1	6333	1667	625	0	0	0	0	0	0	0	0	1	0	0	0	0	0	0	0
1	43748	753	53	31	57	35	5	0	0	15	22	19	7	2	0	0	3	0	0	0	0	0	12	3	415094	358491	132075	37736	56604	1	0	5	7	27	3	3	0	0	3	2	1	0	1	0	0	0	-2008	1087235	9361	9361	47181	31886	4.828.136	1532972	180108	4740033	1976407	33971	-54004	-58022	-59481	0	75	6667	1	8	5	1	1	8167	1667	75	1	0	1	0	0	0	1	0	1	0	0	0	1	0	1	0
1	45953	72	57	33	62	38	4	0	0	16	24	22	7	1	0	0	3	0	0	0	0	0	11	3	421053	385965	122807	17544	52632	1	0	6	8	33	3	4	0	0	3	3	1	0	1	0	0	0	-2619	1190311	849	849	62959	36944	503.429	1422973	180108	5092857	2121007	36782	-67415	-73011	-75259	0	75	5	8333	7	5	8333	1	731	1667	75	1	0	0	0	0	0	1	0	1	0	0	0	1	0	0	0
1	47356	695	60	34	65	39	4	0	0	16	26	23	7	1	0	0	3	0	0	0	0	0	11	3	433333	383333	116667	16667	5	1	0	6	8	34	3	4	0	0	3	2	2	0	0	1	0	0	-2753	1236321	849	849	65053	41506	5.295.057	1422973	180108	532691	221693	38512	-69195	-75	-77353	0	75	5	8333	7	5	8333	1	731	1667	625	1	0	0	0	0	0	0	0	1	0	0	0	1	0	0	0
1	46904	701	62	33	66	37	6	0	0	17	29	24	6	2	0	0	0	1	0	0	0	1	9	1	467742	387097	96774	32258	16129	1	0	5	6	28	2	4	0	0	2	3	1	0	0	0	0	0	2219	1302998	1002	1002	46391	39188	606.573	1402228	606941	5717276	2376916	40693	-53333	-57272	-58691	0	75	6667	1	8	5	1	1	8167	1667	625	0	0	0	0	0	0	0	0	0	0	0	0	0	0	0	0
1	44399	753	57	31	61	35	6	0	0	16	26	21	7	2	0	0	0	1	0	0	0	1	10	1	45614	368421	122807	35088	17544	1	0	5	6	27	2	4	0	0	3	2	1	0	0	0	0	0	-2648	1214609	9413	9413	5642	41034	5.419.208	1084169	180108	5252326	2186363	36867	-61857	-66799	-6872	0	75	6667	8333	7	5	8333	1	7548	1667	75	1	0	0	0	0	0	1	0	1	0	0	0	1	0	1	0
1	49055	672	60	35	65	40	5	0	0	16	25	22	8	2	0	0	3	0	0	0	0	0	13	3	416667	366667	133333	33333	5	1	0	6	8	33	3	4	0	0	3	3	1	0	1	0	0	0	-2313	1251026	9737	9737	52321	49094	534.688	1564215	180108	5356146	2228912	38761	-58373	-62905	-64621	0	75	3333	8333	7	5	8333	1	7071	1667	625	0	0	0	0	0	0	0	0	0	0	0	0	0	0	0	0
1	44099	774	56	31	61	36	4	0	0	16	25	21	8	1	0	0	0	1	0	0	0	1	10	1	446429	375	142857	17857	17857	1	0	6	8	33	3	4	0	0	3	3	1	0	1	0	0	0	-2648	1223332	8814	8814	5642	34539	5.063.962	1005413	180108	5140199	214041	35852	-61857	-66799	-6872	0	75	5	8333	7	5	8333	1	731	1667	75	1	0	0	0	0	0	1	0	1	0	0	0	1	0	1	0
1	48445	71	54	31	56	33	9	2	0	17	23	20	5	3	0	1	0	2	0	0	0	3	11	2	425926	37037	92593	55556	37037	1	0	3	3	17	0	3	0	0	1	2	0	0	0	0	0	0	-2328	1238253	10121	10959	41239	45474	5.910.855	1383814	426833	5548505	2307748	39396	-48953	-52377	-53539	0	1	8333	8333	8	5	1	1	8524	1667	875	0	0	0	0	0	0	0	0	0	0	0	0	0	0	0	0
1	48445	71	54	31	56	33	9	2	0	17	23	20	5	3	0	1	0	2	0	0	0	3	11	2	425926	37037	92593	55556	37037	1	0	3	3	17	0	3	0	0	1	2	0	0	0	0	0	0	-2328	126452	10121	10959	41239	44564	5.910.855	1382588	426833	5548505	2307748	39396	-48953	-52377	-53539	0	1	8333	8333	8	5	1	1	8524	1667	875	0	0	0	0	0	0	0	0	1	0	0	0	0	0	0	0
1	41993	847	46	28	50	32	3	2	0	16	18	18	5	3	0	1	0	1	0	0	0	2	10	1	391304	391304	108696	65217	21739	1	0	5	8	28	3	3	0	0	2	3	0	1	1	0	1	0	-2171	1028095	10498	11336	29926	24235	4.520.614	1086108	16663	4587708	1913979	32207	-39337	-4163	-42226	0	1	1	1	8	5	1	1	9	5	875	1	0	1	0	0	0	1	0	1	1	0	0	1	0	1	0
0	38426	942	35	24	37	26	4	2	0	17	11	15	3	3	0	1	0	2	0	0	0	3	9	2	314286	428571	85714	85714	57143	1	0	3	3	17	0	3	0	0	1	2	0	0	0	0	0	0	-1774	916336	8509	9347	36802	37698	4.056.511	1068342	16405	4046678	1692245	28546	-45182	-48162	-49102	0	1	1	1	4	0	1	1	7714	1667	1	1	1	1	0	0	0	0	0	1	0	0	0	1	0	1	1
1	47346	701	53	33	57	37	6	0	0	15	20	19	7	2	0	0	5	0	0	0	0	0	14	5	377358	358491	132075	37736	9434	1	0	5	7	27	3	3	0	0	3	2	1	0	1	0	0	0	-1718	1063466	9361	9361	49389	33937	4.873.737	1865003	180108	4798505	2000371	35185	-55881	-6012	-61689	0	75	5	1	8	5	1	1	7929	1667	625	1	0	0	0	0	0	0	0	1	0	0	0	1	0	0	0
1	49145	677	53	34	57	38	5	0	0	15	19	19	7	2	0	0	6	0	0	0	0	0	15	6	358491	358491	132075	37736	113208	1	0	5	7	27	3	3	0	0	3	2	1	0	1	0	0	0	-1586	1075298	9361	9361	53158	41358	4.902.075	2014604	180108	4827741	2012353	35792	-59084	-637	-65458	0	75	5	8333	7	5	8333	1	731	1667	625	0	0	0	0	0	0	0	0	1	0	0	0	0	0	0	0
1	42345	782	50	30	54	34	5	0	0	15	20	18	7	2	0	0	3	0	0	0	0	0	12	3	40	36	14	4	6	1	0	5	7	27	3	3	0	0	3	2	1	0	1	0	0	0	-1838	1016786	9361	9361	44929	29021	4.556.294	1565801	180108	450598	1880484	32241	-52089	-55882	-57229	0	75	8333	1	8	5	1	1	8405	1667	75	1	0	1	0	0	0	1	0	1	1	0	0	1	0	1	0
1	47356	695	60	34	65	39	4	0	0	16	26	23	7	1	0	0	3	0	0	0	0	0	11	3	433333	383333	116667	16667	5	1	0	6	8	34	3	4	0	0	3	2	2	0	0	1	0	0	-2753	1210054	849	849	65053	42416	5.300.965	1455802	180108	532691	221693	38512	-69195	-75	-77353	0	75	5	8333	7	5	8333	1	731	1667	625	1	0	0	0	0	0	0	0	1	0	0	0	1	0	0	0
1	44253	746	56	32	61	37	4	0	0	16	24	21	8	1	0	0	2	0	0	0	0	0	11	2	428571	375	142857	17857	35714	1	0	6	8	33	3	4	0	0	3	3	1	0	1	0	0	0	-2478	1153345	8814	8814	5642	32915	4.912.527	1337444	180108	4995349	2081045	35545	-61857	-66799	-6872	0	75	5	8333	7	5	8333	1	731	1667	75	1	0	1	0	0	0	1	0	1	0	0	0	1	0	1	0
0	4046	847	48	28	52	32	4	0	0	22	20	22	4	0	0	2	0	0	0	0	0	2	6	0	416667	458333	83333	0	0	1	0	5	6	28	1	4	0	0	2	3	0	0	1	0	0	0	-3585	1165201	507	10718	4487	54714	4.712.547	665578	180108	4919601	2050001	33838	-5204	-55827	-5717	0	75	1	1	8	5	1	1	8643	1667	75	1	0	0	0	0	0	0	0	0	0	0	0	0	0	0	0
1	45355	753	53	31	57	35	5	0	0	15	22	19	7	1	0	1	3	0	0	0	0	1	12	3	415094	358491	132075	18868	56604	1	0	5	7	27	3	3	0	0	3	2	1	0	1	0	0	0	-2008	1125401	8047	10871	42391	38378	4.960.113	1422254	180108	491412	2047754	34943	-49932	-53471	-54691	0	75	8333	1	8	5	1	1	8405	1667	75	1	0	0	0	0	0	1	0	1	0	0	0	1	0	1	0
1	42549	813	47	29	51	33	4	0	0	15	18	17	7	1	0	1	3	0	0	0	0	1	12	3	382979	361702	148936	21277	6383	1	0	5	7	27	3	3	0	0	3	2	1	0	1	0	0	0	-1657	1037828	8047	10871	3784	45892	4.421.595	1422254	180108	4446013	1855907	31483	-46064	-49148	-5014	0	1	1	1	8	5	1	1	9	1667	875	1	0	0	0	0	0	1	0	0	0	0	0	1	0	1	0
1	43952	782	50	30	54	34	5	0	0	15	20	18	7	1	0	1	3	0	0	0	0	1	12	3	40	36	14	2	6	1	0	5	7	27	3	3	0	0	3	2	1	0	1	0	0	0	-1838	1081219	8047	10871	40139	34603	4.682.362	1422254	180108	4680066	1951831	33213	-48018	-51332	-52439	0	1	1	1	8	5	1	1	9	1667	875	1	0	1	0	0	0	1	0	1	0	0	0	1	0	1	0
1	42759	805	55	30	60	35	6	0	0	15	25	20	7	2	0	1	0	0	0	0	0	1	10	0	454545	363636	127273	36364	0	1	0	6	8	31	3	4	0	1	3	2	1	0	1	0	0	0	-2499	1163037	897	11794	3388	2197	4.946.365	1083449	180108	4977575	207376	34495	-42698	-45386	-4618	0	1	6667	1	8	5	1	1	8524	1667	875	1	0	1	0	0	0	0	0	1	0	0	0	1	0	1	0
1	45355	753	53	31	57	35	6	0	0	15	22	19	7	1	0	1	3	0	0	0	0	1	12	3	415094	358491	132075	18868	56604	1	0	5	7	27	3	3	0	0	3	2	1	0	1	0	0	0	-2008	1110335	8047	10871	42391	31723	494.313	1422254	180108	491412	2047754	34943	-49932	-53471	-54691	0	75	8333	1	8	5	1	1	8405	1667	75	1	0	0	0	0	0	1	0	1	0	0	0	1	0	1	0
1	46758	726	56	32	60	36	7	0	0	15	24	20	7	1	0	1	3	0	0	0	0	1	12	3	428571	357143	125	17857	53571	1	0	5	7	27	3	3	0	0	3	2	1	0	1	0	0	0	-2168	1173283	8047	10871	44599	40371	5.203.897	1422254	180108	5148173	2143677	36673	-5181	-55569	-56899	0	75	8333	1	8	5	1	1	8405	1667	625	1	0	0	0	0	0	0	0	1	0	0	0	1	0	0	0
1	47057	72	54	33	59	38	4	4	0	11	21	23	6	0	0	1	3	0	0	0	0	1	10	3	388889	425926	111111	0	55556	1	0	6	8	33	3	4	0	0	3	3	1	0	1	0	0	0	-292	1224972	6577	9401	50176	42441	5.045.276	131348	180108	5192359	2161786	38946	-56549	-60867	-62476	0	75	5	8333	7	5	8333	1	731	1667	625	1	0	0	0	0	0	0	0	1	0	0	0	1	0	0	0
1	4245	813	48	29	52	33	4	4	0	5	19	18	6	1	0	1	3	0	0	0	0	1	11	3	395833	375	125	20833	625	1	0	5	7	27	3	3	0	0	3	2	1	0	1	0	0	0	-1999	1052255	75	10324	26022	37867	4.543.594	1423479	180108	4514286	1883888	34293	-36019	-37921	-38322	0	1	1	1	8	5	1	1	9	3333	875	1	0	1	0	0	0	1	0	1	0	0	0	1	0	1	0
1	4815	701	49	33	53	37	4	0	0	21	16	20	7	0	0	1	5	0	0	0	0	1	13	5	326531	408163	142857	0	102041	1	0	5	6	28	1	4	0	0	2	3	0	0	1	0	0	0	-2019	114766	7124	9948	54601	45076	4.744.531	1611457	180108	489485	2039857	35126	-60311	-65071	-66901	0	75	6667	8333	5	5	8333	1	7262	1667	625	0	0	0	0	0	0	0	0	0	0	0	0	0	0	0	0
1	47156	72	53	33	58	38	4	0	0	21	20	22	7	0	0	1	3	0	0	0	0	1	11	3	377358	415094	132075	0	56604	1	0	6	8	33	3	4	0	0	3	3	1	0	1	0	0	0	-2619	121994	7124	9948	56731	46042	4.923.277	1312255	180108	5124086	2133806	36136	-62121	-67094	-69031	0	75	5	8333	7	5	8333	1	731	1667	625	1	0	0	0	0	0	0	0	0	0	0	0	1	0	0	0
1	4815	701	49	33	53	37	4	0	0	21	16	20	7	0	0	1	5	0	0	0	0	1	13	5	326531	408163	142857	0	102041	1	0	5	6	28	1	4	0	0	2	3	0	0	1	0	0	0	-2019	114766	7124	9948	54601	45076	4.744.531	1611457	180108	489485	2039857	35126	-60311	-65071	-66901	0	75	6667	8333	5	5	8333	1	7262	1667	625	0	0	0	0	0	0	0	0	0	0	0	0	0	0	0	0
0	39492	892	45	26	48	29	3	3	0	11	19	17	4	3	0	1	0	1	0	0	0	2	9	1	422222	377778	88889	66667	22222	1	0	4	7	23	3	2	0	0	1	3	0	1	1	0	1	0	-2177	98782	8637	9475	15542	21843	4.450.191	907638	16663	4439701	185332	31967	-27111	-27965	-27842	0	1	1	1	8	5	1	1	9	5	1	1	0	1	0	0	0	0	0	1	1	0	0	1	0	1	0
1	47346	713	56	30	57	31	10	3	0	12	26	21	2	4	0	1	0	2	0	0	0	3	9	2	464286	375	35714	71429	35714	1	0	2	2	12	0	2	0	0	0	2	0	0	0	0	0	0	276	1212792	8671	9509	34702	47471	6.111.741	1316705	606941	5634551	2343013	41295	-43397	-46167	-47002	0	1	6667	8333	1	1	1	1	9286	1667	875	1	0	0	0	0	0	0	0	0	0	0	0	0	0	0	0
0	34449	862	50	26	52	28	5	1	0	18	24	23	2	1	0	0	0	0	0	0	0	0	3	0	48	46	4	2	0	1	0	3	3	18	0	3	0	0	0	3	0	0	0	0	0	0	-4458	1056496	4199	4199	37557	47048	486.457	599412	180108	4737209	197525	34107	-45823	-48879	-49857	0	1	1	1	8	5	1	1	9	5	1	1	0	0	0	1	0	1	1	0	0	0	0	0	0	1	0
1	48946	688	57	31	58	32	10	3	0	12	26	21	2	5	0	1	0	2	0	0	0	3	10	2	45614	368421	35088	87719	35088	1	0	2	2	12	0	2	0	0	0	2	0	0	0	0	0	0	2889	1224571	9594	10432	3117	5331	6.304.746	1426704	606941	573206	2382975	42174	-40395	-42812	-4347	0	1	6667	8333	1	1	1	1	9286	1667	875	0	0	0	0	0	0	0	0	0	0	0	0	0	0	0	0
1	48157	655	61	35	65	39	6	0	0	22	26	26	5	1	0	0	3	0	0	0	0	0	9	3	42623	42623	81967	16393	4918	1	0	5	6	28	1	4	0	0	2	3	0	0	1	0	0	0	-3446	1289897	5897	5897	47401	60756	5.613.441	924531	16663	5663621	2354927	40856	-54191	-58231	-59701	0	75	6667	1	8	5	1	1	8167	3333	625	0	0	0	0	0	0	0	0	0	0	0	0	0	0	0	0
1	44658	701	60	33	64	37	6	0	0	22	27	25	6	1	0	0	1	0	0	0	0	0	8	1	45	416667	10	16667	16667	1	0	5	6	28	1	4	0	0	2	3	0	0	1	0	0	0	-7512	1279926	61	61	52024	45359	5.531.036	791959	0	5536877	2302982	39012	-58121	-62623	-64324	0	75	8333	8333	7	5	8333	1	7786	1667	75	1	0	0	0	0	0	1	0	0	0	0	0	1	0	1	0
0	38963	764	64	29	66	31	9	0	0	17	35	27	1	1	0	0	0	0	0	0	0	0	2	0	546875	421875	15625	15625	0	1	0	3	4	18	1	2	0	0	0	3	0	0	0	1	0	0	-5071	1236189	2347	2347	52834	64377	6.158.385	458077	426833	5650498	2349548	40455	-58809	-63392	-65134	0	75	8333	6667	9	1	8333	1	8548	5	875	0	0	0	0	0	0	0	0	0	0	0	0	0	0	0	0
1	45406	764	53	29	55	31	9	2	0	16	24	20	3	3	0	2	0	1	0	0	0	3	9	1	45283	377358	56604	56604	18868	1	0	3	3	16	0	3	0	0	2	1	0	0	0	0	0	0	2962	1181256	8422	12084	27826	51549	564.861	1200643	590883	5356645	2229117	3779	-37552	-39634	-40126	0	1	8333	8333	8	5	1	1	8524	3333	1	1	0	0	0	0	0	1	0	0	0	0	0	0	0	0	0
0	38196	867	49	25	50	26	7	2	0	12	24	19	1	3	0	1	0	1	0	0	0	2	6	1	489796	387755	20408	61224	20408	1	0	2	2	12	0	2	0	0	0	2	0	0	0	0	0	0	-3168	1037823	5761	6599	37748	54634	5.162.639	885149	426833	4771262	1989206	34599	-45986	-49061	-50048	0	1	1	1	1	5	1	1	9286	1667	1	1	0	0	0	0	0	0	0	0	0	0	0	0	0	0	0
1	39594	831	48	26	49	27	8	3	0	12	22	19	1	4	0	1	0	1	0	0	0	2	7	1	458333	395833	20833	83333	20833	1	0	2	2	12	0	2	0	0	0	2	0	0	0	0	0	0	-2937	1027977	7468	8306	37235	50975	5.187.765	1136598	426833	4797342	1999894	35214	-4555	-48573	-49535	0	1	1	1	8	5	1	1	9	1667	1	1	0	0	0	0	0	1	0	0	0	0	0	0	0	1	0
1	63428	532	84	43	89	48	10	3	0	12	41	32	3	5	0	1	1	1	0	0	0	2	11	2	488095	380952	35714	59524	2381	1	0	6	7	32	2	5	1	0	1	4	1	0	0	0	0	0	1373	1628083	9918	10756	37749	5742	7.988.848	1607548	606941	7576744	3138994	56446	-45987	-49062	-50049	0	75	5	6667	9	1	8333	1	8071	1667	75	0	0	0	0	0	0	0	0	0	0	0	0	0	0	0	0
1	3935	764	53	29	55	31	7	2	0	17	24	23	3	2	0	0	1	0	0	0	0	0	6	1	45283	433962	56604	37736	18868	1	0	3	3	17	0	3	0	0	1	2	0	0	0	0	0	0	-3706	1123091	5615	5615	36142	4132	5.235.096	859012	180108	5029734	2095137	36693	-44621	-47535	-48442	0	1	1	1	8	5	1	1	9	3333	1	1	0	1	0	0	0	1	1	1	0	0	0	1	0	1	0
0	42848	71	54	31	56	33	8	1	0	18	23	25	0	3	0	0	3	0	0	0	0	0	6	3	425926	462963	0	55556	55556	1	0	3	3	18	0	3	0	0	0	3	0	0	0	0	0	0	-3926	1133278	4653	4653	55458	68719	5.447.151	1237085	426833	5156478	2147081	38946	-61039	-65885	-67758	0	75	8333	8333	7	5	8333	1	7786	5	875	0	0	0	0	0	0	0	0	0	0	0	0	0	0	0	0
1	38196	867	49	25	50	26	7	2	0	12	24	19	1	3	0	1	0	1	0	0	0	2	6	1	489796	387755	20408	61224	20408	1	0	2	2	12	0	2	0	0	0	2	0	0	0	0	0	0	-3168	1038591	5761	6599	37748	53959	5.162.639	885149	426833	4771262	1989206	34599	-45986	-49061	-50048	0	1	1	1	1	5	1	1	9286	1667	1	1	0	0	0	0	0	0	0	0	0	0	0	0	0	0	0
1	40237	867	46	25	47	26	7	2	0	12	21	18	1	3	0	1	0	2	0	0	0	3	7	2	456522	391304	21739	65217	43478	1	0	2	2	12	0	2	0	0	0	2	0	0	0	0	0	0	-2773	1036227	5761	6599	40428	55741	5.115.891	885149	426833	4740532	1976611	3439	-48264	-51607	-52728	0	1	1	1	8	5	1	1	9	1667	1	1	0	0	0	0	0	0	0	0	0	0	0	0	0	0	0
1	52374	569	79	38	81	40	12	3	0	12	41	30	3	5	0	0	0	0	0	0	0	0	8	0	518987	379747	37975	63291	0	1	0	3	3	19	0	3	0	0	0	2	1	0	0	0	0	0	7384	1464595	10797	10797	32576	48051	7.711.168	1648481	752891	7002824	290378	52187	-41589	-44147	-44876	0	75	6667	6667	9	1	6667	5	7357	1667	75	0	0	0	0	0	0	0	0	0	0	0	0	0	0	0	0
0	54417	569	77	38	79	40	11	3	0	12	39	30	3	3	0	0	1	1	0	0	0	1	8	2	506494	38961	38961	38961	25974	1	0	3	3	19	0	3	0	0	0	2	1	0	0	0	0	0	7384	1486115	925	925	42375	59899	7.558.557	1444271	509079	7040365	2919166	52557	-49918	-53456	-54675	1	5	6667	6667	9	1	6667	5	7	1667	625	0	0	0	0	0	0	0	0	0	0	0	0	0	0	0	0
1	46265	642	68	34	70	36	9	4	0	12	34	27	4	3	0	0	0	0	0	0	0	0	7	0	50	397059	58824	44118	0	1	0	3	4	19	1	2	0	0	0	2	1	0	0	0	1	0	782	1321056	10486	10486	36135	43318	6.649.171	1462526	509079	620	2574754	46075	-44614	-47528	-48435	0	1	8333	8333	1	1	1	1	9524	1667	875	0	0	0	0	0	0	0	0	0	0	0	0	0	0	0	0
0	38196	867	49	25	50	26	7	2	0	12	24	19	1	3	0	1	0	1	0	0	0	2	6	1	489796	387755	20408	61224	20408	1	0	2	2	12	0	2	0	0	0	2	0	0	0	0	0	0	-3168	1038591	5761	6599	37748	53959	5.162.639	885149	426833	4771262	1989206	34599	-45986	-49061	-50048	0	1	1	1	1	5	1	1	9286	1667	1	1	0	0	0	0	0	0	0	0	0	0	0	0	0	0	0
1	44764	685	67	32	69	34	9	1	0	11	35	24	5	1	0	0	2	0	0	0	0	0	8	2	522388	358209	74627	14925	29851	1	0	3	4	17	1	2	0	0	1	2	0	0	0	1	0	0	208	1235884	6219	6219	42739	42201	627.653	1109965	360215	5812791	2416062	42497	-50228	-53802	-55039	0	75	1	8333	1	1	1	1	9405	1667	875	1	0	0	0	0	0	0	0	0	0	0	0	0	0	0	0
1	47368	66	71	34	74	37	9	1	0	11	37	26	5	1	0	0	2	0	0	0	0	0	8	2	521127	366197	70423	14085	28169	1	0	4	5	22	1	3	0	0	2	2	0	0	0	1	0	0	1766	1311286	6219	6219	46795	46811	6.436.829	1109965	360215	6100498	2533975	44721	-53676	-57655	-59095	0	75	6667	8333	1	1	1	1	8929	1667	75	0	0	0	0	0	0	0	0	0	0	0	0	0	0	0	0
1	48771	639	74	35	77	38	9	1	0	11	39	27	5	1	0	0	2	0	0	0	0	0	8	2	527027	364865	67568	13514	27027	1	0	4	5	23	1	3	0	0	1	3	0	0	0	1	0	0	1622	1357296	6219	6219	48778	51373	6.697.596	1109965	360215	6334551	2629898	46451	-55361	-59539	-61078	0	75	6667	8333	1	1	1	1	8929	1667	75	0	0	0	0	0	0	0	0	0	0	0	0	0	0	0	0
1	48968	639	72	35	75	38	9	1	0	11	37	26	5	2	0	0	2	0	0	0	0	0	9	2	513889	361111	69444	27778	27778	1	0	4	5	23	1	3	0	0	1	3	0	0	0	1	0	0	1905	1326629	7142	7142	39204	39078	6.587.985	1219964	360215	6198007	2573937	456	-47223	-50443	-51504	0	1	8333	8333	1	1	1	1	9524	1667	875	0	0	0	0	0	0	0	0	0	0	0	0	0	0	0	0
1	46167	663	70	33	72	35	10	1	0	11	37	25	5	1	0	0	2	0	0	0	0	0	8	2	528571	357143	71429	14286	28571	1	0	3	4	17	1	2	0	0	1	2	0	0	0	1	0	0	8316	1274599	7098	7098	44783	44105	6.551.681	1258829	540323	6046844	2511985	44227	-51965	-55744	-57083	0	75	6667	8333	1	1	1	1	8929	1667	75	1	0	0	0	0	0	0	0	0	0	0	0	0	0	0	0
1	48973	622	76	35	78	37	11	1	0	11	41	27	5	1	0	0	2	0	0	0	0	0	8	2	539474	355263	65789	13158	26316	1	0	3	4	17	1	2	0	0	1	2	0	0	0	1	0	0	7916	136436	7098	7098	48778	51497	7.131.835	1258829	540323	651495	2703832	47687	-55361	-59539	-61078	0	75	5	8333	1	1	8333	5	7738	1667	625	0	0	0	0	0	0	0	0	0	0	0	0	0	0	0	0
1	50161	622	67	35	69	37	10	1	0	11	32	24	5	1	0	0	5	0	0	0	0	0	11	5	477612	358209	74627	14925	74627	1	0	3	4	17	1	2	0	0	1	2	0	0	0	1	0	0	8767	1237438	7098	7098	45793	46916	6.334.078	1707633	540323	5900498	2452008	44318	-52824	-56703	-58093	1	5	5	6667	9	1	8333	1	7714	1667	75	0	0	0	0	0	0	0	0	0	0	0	0	0	0	0	0
1	45574	667	72	31	72	31	13	2	0	5	41	23	3	4	0	1	0	0	0	0	0	1	8	0	569444	319444	41667	55556	0	1	0	1	1	5	0	1	0	0	1	0	0	0	0	0	0	0	876	1255089	10055	12879	23224	40226	7.410.077	1567801	787048	6256478	2597901	45931	-33641	-35263	-35524	0	1	6667	8333	1	1	8333	5	8333	3333	875	0	0	0	0	0	0	0	0	0	0	0	0	0	0	0	0
1	45574	667	72	31	72	31	13	2	0	5	41	23	3	4	0	1	0	0	0	0	0	1	8	0	569444	319444	41667	55556	0	1	0	1	1	5	0	1	0	0	1	0	0	0	0	0	0	0	876	1255089	10055	12879	23224	40226	7.410.077	1567801	787048	6256478	2597901	45931	-33641	-35263	-35524	0	1	6667	8333	1	1	8333	5	8333	3333	875	0	0	0	0	0	0	0	0	0	0	0	0	0	0	0	0
1	37156	833	54	25	54	25	8	2	0	5	29	17	3	4	0	1	0	0	0	0	0	1	8	0	537037	314815	55556	74074	0	1	0	1	1	5	0	1	0	0	1	0	0	0	0	0	0	0	18151	976774	11155	13979	9684	18832	592.355	1884636	1213882	4852159	202236	35551	-22131	-224	-21984	0	1	1	1	1	1	1	1	1	1667	1	1	1	1	0	1	0	0	0	1	1	0	0	1	1	1	0
1	35556	87	53	24	53	24	8	2	0	5	29	17	3	3	0	1	0	0	0	0	0	1	7	0	54717	320755	56604	56604	0	1	0	1	1	5	0	1	0	0	1	0	0	0	0	0	0	0	10389	959706	9132	11956	17275	28887	5.614.427	1457802	787048	4754651	1982398	34672	-28584	-29611	-29575	0	1	1	1	1	1	1	1	1	3333	1	1	1	1	0	1	0	1	0	1	1	0	0	1	1	1	0
1	44171	69	69	30	69	30	12	2	0	5	39	22	3	4	0	1	0	0	0	0	0	1	8	0	565217	318841	43478	57971	0	1	0	1	1	5	0	1	0	0	1	0	0	0	0	0	0	0	16305	1207577	11155	13979	21076	36141	7.264.948	1884636	1213882	6022425	2501978	44201	-31814	-33222	-33376	0	1	8333	8333	1	1	8333	5	8571	1667	875	1	0	0	0	0	0	0	0	0	0	0	0	0	0	0	0
1	45574	667	72	31	72	31	13	2	0	5	41	23	3	4	0	1	0	0	0	0	0	1	8	0	569444	319444	41667	55556	0	1	0	1	1	5	0	1	0	0	1	0	0	0	0	0	0	0	876	1255089	10055	12879	23224	40226	7.410.077	1567801	787048	6256478	2597901	45931	-33641	-35263	-35524	0	1	6667	8333	1	1	8333	5	8333	3333	875	0	0	0	0	0	0	0	0	0	0	0	0	0	0	0	0
1	44171	69	69	30	69	30	13	2	0	5	39	22	3	4	0	1	0	0	0	0	0	1	8	0	565217	318841	43478	57971	0	1	0	1	1	5	0	1	0	0	1	0	0	0	0	0	0	0	9001	1211106	10055	12879	21076	37489	7.086.403	1567801	787048	6022425	2501978	44201	-31814	-33222	-33376	0	1	8333	8333	1	1	8333	5	8571	3333	875	1	0	0	0	0	0	0	0	0	0	0	0	0	0	0	0
1	44171	69	69	30	69	30	13	2	0	5	39	22	3	4	0	1	0	0	0	0	0	1	8	0	565217	318841	43478	57971	0	1	0	1	1	5	0	1	0	0	1	0	0	0	0	0	0	0	9001	1211106	10055	12879	21076	37489	7.086.403	1567801	787048	6022425	2501978	44201	-31814	-33222	-33376	0	1	8333	8333	1	1	8333	5	8571	3333	875	1	0	0	0	0	0	0	0	0	0	0	0	0	0	0	0
1	44171	69	69	30	69	30	13	2	0	5	39	22	3	4	0	1	0	0	0	0	0	1	8	0	565217	318841	43478	57971	0	1	0	1	1	5	0	1	0	0	1	0	0	0	0	0	0	0	9001	1211106	10055	12879	21076	37489	7.086.403	1567801	787048	6022425	2501978	44201	-31814	-33222	-33376	0	1	8333	8333	1	1	8333	5	8571	3333	875	1	0	0	0	0	0	0	0	0	0	0	0	0	0	0	0
1	43958	713	57	30	58	31	10	2	0	11	27	21	3	3	0	1	2	0	0	0	0	1	9	2	473684	368421	52632	52632	35088	1	0	2	2	11	0	2	0	0	1	1	0	0	0	0	0	0	9331	1120757	9132	11956	31545	43301	5.962.706	1757005	787048	5354651	22283	39688	-40713	-43168	-43845	0	1	8333	8333	1	1	1	1	9524	1667	1	1	0	1	0	0	0	1	0	1	0	0	0	1	0	1	0
1	4196	739	58	29	59	30	10	2	0	11	29	21	3	4	0	1	0	0	0	0	0	1	8	0	50	362069	51724	68966	0	1	0	2	2	11	0	2	0	0	1	1	0	0	0	0	0	0	16631	1131961	11155	13979	16406	30486	6.215.152	1884636	1213882	5393688	2244298	39353	-27845	-28785	-28706	0	1	8333	8333	1	1	1	1	9524	1667	1	1	0	1	0	0	0	1	0	1	1	0	0	1	0	1	0
1	4196	739	58	29	59	30	10	2	0	11	29	21	3	4	0	1	0	0	0	0	0	1	8	0	50	362069	51724	68966	0	1	0	2	2	11	0	2	0	0	1	1	0	0	0	0	0	0	16631	1131961	11155	13979	16406	30486	6.215.152	1884636	1213882	5393688	2244298	39353	-27845	-28785	-28706	0	1	8333	8333	1	1	1	1	9524	1667	1	1	0	1	0	0	0	1	0	1	1	0	0	1	0	1	0
1	35354	87	51	24	51	24	8	3	0	5	27	17	3	3	0	1	0	0	0	0	0	1	7	0	529412	333333	58824	58824	0	1	0	1	1	5	0	1	0	0	1	0	0	0	0	0	0	0	3372	953541	8816	1164	16416	31356	5.372.667	1282418	360215	4683223	1953124	34408	-27854	-28795	-28716	0	1	1	1	1	1	1	1	1	3333	1	1	1	1	0	1	0	1	0	1	1	0	0	1	1	1	0
1	43651	688	57	31	58	32	10	3	0	11	26	21	4	4	0	0	2	0	0	0	0	0	10	2	45614	368421	70175	70175	35088	1	0	2	2	11	0	2	0	0	1	1	0	0	0	0	0	0	2889	1090167	10232	10232	31935	28263	5.849.806	1691619	360215	5274917	2195622	39552	-41045	-43538	-44235	0	1	8333	8333	1	1	1	1	9524	1667	1	1	0	1	0	0	0	1	0	1	0	0	0	1	0	1	0
1	45054	665	60	32	61	33	11	3	0	11	28	22	4	4	0	0	2	0	0	0	0	0	10	2	466667	366667	66667	66667	33333	1	0	2	2	11	0	2	0	0	1	1	0	0	0	0	0	0	2699	1135659	10232	10232	34083	28611	6.110.574	1691619	360215	550897	2291545	41282	-42871	-45579	-46383	0	1	6667	8333	1	1	8333	5	8333	1667	875	1	0	0	0	0	0	1	0	1	0	0	0	1	0	1	0
1	47565	642	69	34	71	36	11	2	0	11	35	25	5	2	0	0	2	0	0	0	0	0	9	2	507246	362319	72464	28986	28986	1	0	3	3	16	0	3	0	0	2	1	0	0	0	0	0	0	2058	1284375	7926	7926	40453	35679	6.537.464	1361414	360215	6072924	2522674	44842	-48285	-51631	-52753	0	1	6667	8333	1	1	8333	5	8333	1667	75	1	0	0	0	0	0	0	0	0	0	0	0	0	0	0	0
1	42253	713	58	30	59	31	10	2	0	11	28	21	4	3	0	0	2	0	0	0	0	0	9	2	482759	362069	68966	51724	34483	1	0	2	2	11	0	2	0	0	1	1	0	0	0	0	0	0	9331	1091705	9625	9625	32074	24288	5.877.504	1757005	787048	5248837	2184933	38937	-41163	-4367	-44374	0	1	8333	8333	1	1	1	1	9524	1667	1	1	0	1	0	0	0	1	0	1	1	0	0	1	0	1	0
1	43558	688	62	31	63	32	10	2	0	11	31	22	5	2	0	0	2	0	0	0	0	0	9	2	50	354839	80645	32258	32258	1	0	2	2	11	0	2	0	0	1	1	0	0	0	0	0	0	2569	1160319	7926	7926	34222	30445	6.116.397	1361414	360215	5551163	2308837	40888	-42989	-45711	-46522	0	1	8333	8333	1	1	1	1	9524	1667	1	1	0	0	0	0	0	1	0	1	0	0	0	1	0	1	0
1	46162	663	66	33	68	35	10	2	0	11	33	24	5	2	0	0	2	0	0	0	0	0	9	2	50	363636	75758	30303	30303	1	0	3	3	16	0	3	0	0	2	1	0	0	0	0	0	0	2219	1235721	7926	7926	3841	35055	6.276.697	1361414	360215	583887	242675	43112	-46548	-49689	-5071	0	1	6667	8333	1	1	1	1	9286	1667	875	1	0	0	0	0	0	0	0	1	0	0	0	0	0	0	0
1	47762	642	67	34	69	36	10	2	0	11	33	24	5	3	0	0	2	0	0	0	0	0	10	2	492537	358209	74627	44776	29851	1	0	3	3	17	0	3	0	0	1	2	0	0	0	0	0	0	235	1251064	8849	8849	30927	27322	6.427.852	1471413	360215	5936379	2466713	43991	-40188	-4258	-43227	0	1	6667	8333	1	1	1	1	9286	1667	875	1	0	0	0	0	0	0	0	0	0	0	0	0	0	0	0
1	44961	665	65	32	66	33	11	2	0	11	33	23	5	2	0	0	2	0	0	0	0	0	9	2	507692	353846	76923	30769	30769	1	0	2	2	11	0	2	0	0	1	1	0	0	0	0	0	0	8842	1199034	8805	8805	36333	32349	6.391.549	1510279	540323	5785216	2404761	42618	-44783	-47717	-48633	0	1	8333	8333	1	1	8333	5	8571	1667	875	1	0	0	0	0	0	0	0	1	0	0	0	0	0	0	0
1	42155	713	59	30	60	31	10	2	0	11	29	21	5	2	0	0	2	0	0	0	0	0	9	2	491525	355932	84746	33898	33898	1	0	2	2	11	0	2	0	0	1	1	0	0	0	0	0	0	9331	1107372	8805	8805	32074	25086	5.828.165	1510279	540323	531711	2212914	39158	-41163	-4367	-44374	0	1	8333	8333	1	1	1	1	9524	1667	1	1	0	1	0	0	0	1	0	1	0	0	0	1	0	1	0
1	50568	603	73	36	75	38	11	2	0	11	37	26	5	3	0	0	2	0	0	0	0	0	10	2	506849	356164	68493	41096	27397	1	0	3	3	17	0	3	0	0	1	2	0	0	0	0	0	0	15225	1334193	10828	10828	34982	313	7.096.393	1937112	967156	6404485	2658559	47451	-43635	-46433	-47282	0	75	6667	6667	9	1	6667	5	7357	0	75	0	0	0	0	0	0	0	0	0	0	0	0	0	0	0	0
1	47767	624	71	34	72	35	12	2	0	11	37	25	5	2	0	0	2	0	0	0	0	0	9	2	521127	352113	70423	28169	28169	1	0	2	2	11	0	2	0	0	1	1	0	0	0	0	0	0	8403	1288795	8805	8805	40453	39741	6.971.702	1510279	540323	6253322	2596607	46078	-48285	-51631	-52753	0	1	6667	8333	1	1	8333	5	8333	1667	75	0	0	0	0	0	0	0	0	0	0	0	0	0	0	0	0
1	49765	603	69	36	71	38	12	2	0	17	33	27	5	2	0	0	2	0	0	0	0	0	9	2	478261	391304	72464	28986	28986	1	0	3	3	17	0	3	0	0	1	2	0	0	0	0	0	0	8006	1353498	8805	8805	42177	40921	674.177	1510279	540323	6326744	2626698	4642	-49751	-53268	-54477	0	75	6667	8333	1	1	8333	5	7976	1667	625	0	0	0	0	0	0	0	0	0	0	0	0	0	0	0	0
1	50568	603	73	36	75	38	12	2	0	11	37	26	5	3	0	0	2	0	0	0	0	0	10	2	506849	356164	68493	41096	27397	1	0	3	3	17	0	3	0	0	1	2	0	0	0	0	0	0	8282	1340297	9728	9728	34982	29279	6.959.483	1620278	540323	6404485	2658559	47451	-43635	-46433	-47282	0	75	6667	6667	9	1	6667	5	7357	1667	75	0	0	0	0	0	0	0	0	0	0	0	0	0	0	0	0
1	4085	739	55	29	56	30	9	2	0	11	26	20	4	3	0	0	2	0	0	0	0	0	9	2	472727	363636	72727	54545	36364	1	0	2	2	11	0	2	0	0	1	1	0	0	0	0	0	0	9598	1043051	9625	9625	29886	23664	5.616.737	1757005	787048	5014784	208901	37207	-39303	-41591	-42186	0	1	1	8333	1	1	1	1	9762	3333	1	1	0	1	0	0	0	1	0	1	1	0	0	1	0	1	0
1	40653	739	57	29	58	30	10	2	0	11	28	21	4	2	0	0	2	0	0	0	0	0	8	2	491228	368421	70175	35088	35088	1	0	2	2	11	0	2	0	0	1	1	0	0	0	0	0	0	262	1071716	7602	7602	39665	4097	5.593.727	1330171	360215	5151329	2144971	38058	-47615	-50882	-51965	0	1	8333	8333	1	1	1	1	9524	1667	1	1	0	1	0	0	0	1	1	1	0	0	0	1	0	1	0
1	40845	739	51	29	52	30	10	3	0	11	22	19	4	4	0	0	2	0	0	0	0	0	10	2	431373	372549	78431	78431	39216	1	0	2	2	11	0	2	0	0	1	1	0	0	0	0	0	0	3303	999609	10232	10232	27517	22438	5.223.515	1691619	360215	4806811	2003775	36092	-3729	-39341	-39817	0	1	8333	8333	1	1	1	1	9524	3333	1	1	0	1	0	0	0	0	0	1	1	0	0	1	0	1	0
1	43356	71	60	31	62	33	10	2	0	11	29	22	5	2	0	0	2	0	0	0	0	0	9	2	483333	366667	83333	33333	33333	1	0	3	3	16	0	3	0	0	2	1	0	0	0	0	0	0	2569	1145163	7926	7926	34222	2923	5.650.405	1361414	360215	5370764	2234903	39652	-42989	-45711	-46522	0	1	8333	8333	1	1	1	1	9524	1667	1	1	0	0	0	0	0	1	0	1	0	0	0	1	0	1	0
1	38044	798	49	27	50	28	9	2	0	11	22	18	4	3	0	0	2	0	0	0	0	0	9	2	44898	367347	81633	61224	40816	1	0	2	2	11	0	2	0	0	1	1	0	0	0	0	0	0	10181	952493	9625	9625	25381	17839	4.990.446	1757005	787048	4546678	1897163	33747	-35474	-37312	-37681	0	1	1	8333	1	1	1	1	9762	3333	1	1	1	1	0	0	0	0	0	1	1	0	0	1	1	1	0
1	4095	767	49	28	50	29	8	3	0	11	21	19	3	3	0	1	2	0	0	0	0	1	9	2	428571	387755	61224	61224	40816	1	0	2	2	11	0	2	0	0	1	1	0	0	0	0	0	0	3177	1022898	8816	1164	29032	30022	5.161.849	158162	360215	4815116	2007179	35964	-38577	-4078	-41332	0	1	1	1	1	1	1	1	1	3333	1	1	0	1	0	0	0	1	0	1	1	0	0	1	0	1	0
1	4386	713	58	30	59	31	9	2	0	11	28	21	4	2	0	1	2	0	0	0	0	1	9	2	482759	362069	68966	34483	34483	1	0	2	2	11	0	2	0	0	1	1	0	0	0	0	0	0	276	1148479	7433	10257	31545	37134	5.882.213	1361414	360215	5422924	225628	39909	-40713	-43168	-43845	0	1	1	8333	1	1	1	1	9762	1667	1	1	0	1	0	0	0	1	0	1	0	0	0	1	0	1	0
1	49369	642	67	34	69	36	9	2	0	11	33	24	5	2	0	1	2	0	0	0	0	1	10	2	492537	358209	74627	29851	29851	1	0	3	3	17	0	3	0	0	1	2	0	0	0	0	0	0	235	130898	7757	10581	3029	36707	6.502.275	1392657	360215	6110465	2538059	44963	-39646	-41975	-4259	0	1	8333	8333	1	1	1	1	9524	1667	875	0	0	0	0	0	0	0	0	0	0	0	0	0	0	0	0
1	42457	739	55	29	56	30	9	2	0	11	26	20	4	2	0	1	2	0	0	0	0	1	9	2	472727	363636	72727	36364	36364	1	0	2	2	11	0	2	0	0	1	1	0	0	0	0	0	0	9598	1095532	8312	11136	29357	31775	559.398	1510279	540323	518887	2160357	38179	-38854	-41089	-41657	0	1	1	8333	1	1	1	1	9762	3333	1	1	0	1	0	0	0	1	0	1	1	0	0	1	0	1	0
1	46666	665	64	32	65	33	11	2	0	11	32	23	4	2	0	1	2	0	0	0	0	1	9	2	50	359375	625	3125	3125	1	0	2	2	11	0	2	0	0	1	1	0	0	0	0	0	0	8842	1232972	8312	11136	35805	43693	6.413.844	1510279	540323	589103	2448127	43369	-44334	-47215	-48105	0	1	6667	8333	1	1	8333	5	8333	1667	75	1	0	0	0	0	0	0	0	1	0	0	0	0	0	0	0
1	49257	644	58	33	59	34	10	2	0	11	25	21	4	2	0	1	5	0	0	0	0	1	12	5	431034	362069	68966	34483	86207	1	0	2	2	11	0	2	0	0	1	1	0	0	0	0	0	0	9518	1150033	8312	11136	34754	41849	5.939.761	1959082	540323	5510631	2292226	4173	-43441	-46216	-47054	0	1	6667	8333	1	1	1	1	9286	1667	875	0	0	0	0	0	0	0	0	1	0	0	0	0	0	0	0
1	4386	713	58	30	59	31	10	2	0	11	28	21	4	2	0	1	2	0	0	0	0	1	9	2	482759	362069	68966	34483	34483	1	0	2	2	11	0	2	0	0	1	1	0	0	0	0	0	0	9331	1143012	8312	11136	31545	35263	5.854.748	1510279	540323	5422924	225628	39909	-40713	-43168	-43845	0	1	8333	8333	1	1	1	1	9524	1667	1	1	0	1	0	0	0	1	0	1	0	0	0	1	0	1	0
1	49472	624	70	34	71	35	12	2	0	11	36	25	4	2	0	1	2	0	0	0	0	1	9	2	514286	357143	57143	28571	28571	1	0	2	2	11	0	2	0	0	1	1	0	0	0	0	0	0	8403	1324501	8312	11136	39925	49642	6.998.285	1510279	540323	6359136	2639974	46829	-47836	-51128	-52225	0	1	6667	8333	1	1	8333	5	8333	1667	75	0	0	0	0	0	0	0	0	0	0	0	0	0	0	0	0
1	48069	644	67	33	68	34	12	2	0	11	34	24	4	2	0	1	2	0	0	0	0	1	9	2	507463	358209	59701	29851	29851	1	0	2	2	11	0	2	0	0	1	1	0	0	0	0	0	0	8617	127975	8312	11136	37881	4758	6.674.611	1510279	540323	6125083	254405	45099	-46099	-49187	-50181	0	1	6667	8333	1	1	8333	5	8333	1667	75	0	0	0	0	0	0	0	0	0	0	0	0	0	0	0	0
1	38149	831	47	26	48	27	7	2	0	11	21	18	3	2	0	1	2	0	0	0	0	1	8	2	446809	382979	6383	42553	42553	1	0	2	2	11	0	2	0	0	1	1	0	0	0	0	0	0	3271	968505	7109	9933	32572	31164	4.859.065	1330171	360215	4554983	1900567	33619	-41586	-44143	-44872	0	1	1	1	1	1	1	1	1	1667	1	1	1	1	0	0	0	1	0	1	1	0	0	1	1	1	0
1	39552	798	50	27	51	28	8	2	0	11	23	19	3	2	0	1	2	0	0	0	0	1	8	2	46	38	6	4	4	1	0	2	2	11	0	2	0	0	1	1	0	0	0	0	0	0	304	1014774	7109	9933	34847	37833	5.119.832	1330171	360215	4789037	199649	35349	-4352	-46304	-47147	0	1	1	1	1	1	1	1	1	1667	1	1	0	1	0	0	0	1	1	1	0	0	0	1	0	1	0
1	39552	798	50	27	51	28	8	2	0	11	23	19	3	2	0	1	2	0	0	0	0	1	8	2	46	38	6	4	4	1	0	2	2	11	0	2	0	0	1	1	0	0	0	0	0	0	304	1014604	7109	9933	34847	39632	5.157.394	1330171	360215	4789037	199649	35349	-4352	-46304	-47147	0	1	1	1	1	1	1	1	1	1667	1	1	0	1	0	0	0	1	1	1	0	0	0	1	0	1	0
1	45164	688	62	31	63	32	10	2	0	11	31	23	3	2	0	1	2	0	0	0	0	1	8	2	50	370968	48387	32258	32258	1	0	2	2	11	0	2	0	0	1	1	0	0	0	0	0	0	225	1196861	7109	9933	43524	53336	6.300.931	1330171	360215	5725249	2380184	42269	-50896	-54548	-55824	0	75	6667	8333	1	1	1	1	8929	1667	875	1	0	0	0	0	0	0	0	0	0	0	0	0	0	0	0
1	51067	605	67	35	68	36	13	3	0	11	32	24	4	4	0	1	2	0	0	0	0	1	11	2	477612	358209	59701	59701	29851	1	0	2	2	11	0	2	0	0	1	1	0	0	0	0	0	0	8767	1293798	10942	13766	30151	40359	6.909.633	1871727	540323	6248671	2594701	46593	-39529	-41844	-42451	0	75	6667	6667	9	1	6667	5	7357	1667	75	0	0	0	0	0	0	0	0	0	0	0	0	0	0	0	0
1	45061	71	59	31	61	33	9	2	0	11	28	22	4	2	0	1	2	0	0	0	0	1	9	2	474576	372881	67797	33898	33898	1	0	3	3	16	0	3	0	0	2	1	0	0	0	0	0	0	2569	1177966	7433	10257	33693	38918	5.781.745	1361414	360215	5476578	227827	40403	-42539	-45209	-45993	0	1	8333	8333	1	1	1	1	9524	1667	1	1	0	0	0	0	0	1	0	1	0	0	0	1	0	1	0
1	46661	685	60	32	62	34	9	2	0	11	28	22	4	3	0	1	2	0	0	0	0	1	10	2	466667	366667	66667	5	33333	1	0	3	3	17	0	3	0	0	1	2	0	0	0	0	0	0	2699	1193309	8356	1118	26102	31185	5.932.901	1471413	360215	5574086	2318232	41282	-36087	-37997	-38402	0	1	8333	8333	1	1	1	1	9524	3333	875	1	0	0	0	0	0	0	0	1	0	0	0	1	0	0	0
1	4386	713	58	30	59	31	10	2	0	11	28	21	4	2	0	1	2	0	0	0	0	1	9	2	482759	362069	68966	34483	34483	1	0	2	2	11	0	2	0	0	1	1	0	0	0	0	0	0	9331	1141279	8312	11136	31545	36212	5.896.597	1510279	540323	5422924	225628	39909	-40713	-43168	-43845	0	1	8333	8333	1	1	1	1	9524	1667	1	1	0	1	0	0	0	1	0	1	0	0	0	1	0	1	0
1	46666	665	64	32	65	33	11	2	0	11	32	23	4	2	0	1	2	0	0	0	0	1	9	2	50	359375	625	3125	3125	1	0	2	2	11	0	2	0	0	1	1	0	0	0	0	0	0	8842	123104	8312	11136	35805	43604	647.675	1510279	540323	589103	2448127	43369	-44334	-47215	-48105	0	1	6667	8333	1	1	8333	5	8333	1667	75	1	0	0	0	0	0	0	0	1	0	0	0	0	0	0	0
1	45263	688	61	31	62	32	11	2	0	11	30	22	4	2	0	1	2	0	0	0	0	1	9	2	491803	360656	65574	32787	32787	1	0	2	2	11	0	2	0	0	1	1	0	0	0	0	0	0	908	1187057	8312	11136	33693	40867	6.153.076	1510279	540323	5656977	2352204	41639	-42539	-45209	-45993	0	1	6667	8333	1	1	8333	5	8333	1667	875	1	0	0	0	0	0	1	0	1	0	0	0	1	0	1	0
1	48664	642	62	34	64	36	11	2	0	17	28	25	4	2	0	1	2	0	0	0	0	1	9	2	451613	403226	64516	32258	32258	1	0	3	3	17	0	3	0	0	1	2	0	0	0	0	0	0	8403	1295743	8312	11136	37654	44784	6.246.818	1510279	540323	5964452	2478218	43711	-45906	-48971	-49954	0	1	6667	8333	1	5	8333	5	7619	1667	75	0	0	0	0	0	0	0	0	0	0	0	0	0	0	0	0
1	48069	644	67	33	68	34	12	2	0	11	34	24	4	2	0	1	2	0	0	0	0	1	9	2	507463	358209	59701	29851	29851	1	0	2	2	11	0	2	0	0	1	1	0	0	0	0	0	0	8617	1278586	8312	11136	37881	46816	6.737.518	1510279	540323	6125083	254405	45099	-46099	-49187	-50181	0	1	6667	8333	1	1	8333	5	8333	1667	75	0	0	0	0	0	0	0	0	0	0	0	0	0	0	0	0
1	46666	665	64	32	65	33	12	2	0	11	32	23	4	2	0	1	2	0	0	0	0	1	9	2	50	359375	625	3125	3125	1	0	2	2	11	0	2	0	0	1	1	0	0	0	0	0	0	8842	1233835	8312	11136	35805	44754	6.413.844	1510279	540323	589103	2448127	43369	-44334	-47215	-48105	0	1	6667	8333	1	1	8333	5	8333	1667	75	1	0	0	0	0	0	0	0	1	0	0	0	0	0	0	0
1	42358	739	56	29	57	30	10	2	0	11	27	21	3	2	0	1	2	0	0	0	0	1	8	2	482143	375	53571	35714	35714	1	0	2	2	11	0	2	0	0	1	1	0	0	0	0	0	0	262	1106624	7109	9933	39265	48756	5.678.928	1330171	360215	5257143	2188337	38809	-47275	-50501	-51565	0	1	8333	8333	1	1	1	1	9524	1667	1	1	0	0	0	0	0	1	0	0	0	0	0	0	0	1	0
1	43958	713	57	30	58	31	10	2	0	11	27	21	3	3	0	1	2	0	0	0	0	1	9	2	473684	368421	52632	52632	35088	1	0	2	2	11	0	2	0	0	1	1	0	0	0	0	0	0	9331	1122156	9132	11956	31545	40051	5.988.051	1757005	787048	5354651	22283	39688	-40713	-43168	-43845	0	1	8333	8333	1	1	1	1	9524	1667	1	1	0	1	0	0	0	1	0	1	0	0	0	1	0	1	0
1	38248	831	46	26	47	27	8	2	0	11	20	17	4	2	0	1	2	0	0	0	0	1	9	2	434783	369565	86957	43478	43478	1	0	2	2	11	0	2	0	0	1	1	0	0	0	0	0	0	18114	957689	9711	12535	22529	20856	4.742.363	1659143	689187	4486711	1872586	32989	-33049	-34602	-34829	0	1	1	1	1	1	1	1	1	1667	1	1	1	1	0	0	0	0	0	1	1	0	0	1	1	1	0
1	45258	71	57	31	59	33	9	2	0	11	26	21	4	3	0	1	2	0	0	0	0	1	10	2	45614	368421	70175	52632	35088	1	0	3	3	17	0	3	0	0	1	2	0	0	0	0	0	0	2889	1149127	8356	1118	23954	2741	5.630.284	1471413	360215	5340033	2222309	39552	-34261	-35956	-36254	0	1	8333	8333	1	1	1	1	9524	3333	1	1	0	0	0	0	0	1	0	1	0	0	0	1	0	1	0
1	41054	767	52	28	53	29	10	2	0	11	24	19	4	2	0	1	2	0	0	0	0	1	9	2	461538	365385	76923	38462	38462	1	0	2	2	11	0	2	0	0	1	1	0	0	0	0	0	0	988	1052915	8312	11136	27127	28662	5.291.363	1510279	540323	4954817	2064433	36449	-36958	-38971	-39427	0	1	8333	8333	1	1	1	1	9524	3333	1	1	0	1	0	0	0	1	0	1	1	0	0	1	0	1	0
1	4957	624	69	34	70	35	13	2	0	11	35	25	3	3	0	1	2	0	0	0	0	1	9	2	507246	362319	43478	43478	28986	1	0	2	2	11	0	2	0	0	1	1	0	0	0	0	0	0	8403	1308485	9132	11956	39925	51448	7.068.682	1757005	787048	6290864	2611993	46608	-47836	-51128	-52225	0	1	6667	8333	1	1	8333	5	8333	1667	75	0	0	0	0	0	0	0	0	0	0	0	0	0	0	0	0
1	50973	605	72	35	73	36	14	2	0	11	37	26	3	3	0	1	2	0	0	0	0	1	9	2	513889	361111	41667	41667	27778	1	0	2	2	11	0	2	0	0	1	1	0	0	0	0	0	0	1905	1355997	8032	10856	41937	55533	7.213.811	144017	360215	6524917	2707917	48338	-49546	-5304	-54237	1	5	6667	6667	9	1	6667	5	7	1667	75	0	0	0	0	0	0	0	0	0	0	0	0	0	0	0	0
1	37765	798	66	27	67	28	11	1	0	5	39	21	5	1	0	0	0	0	0	0	0	0	6	0	590909	318182	75758	15152	0	1	0	2	2	10	0	2	0	0	2	0	0	0	0	0	0	0	2307	1119628	6219	6219	31443	35795	608.855	810763	360215	5446844	2266084	39211	-40627	-43071	-43743	0	1	8333	8333	1	1	8333	5	8571	1667	875	1	0	0	0	0	0	0	0	1	0	0	0	0	0	0	0
1	42367	731	68	31	71	34	9	1	0	11	37	25	5	1	0	0	0	0	0	0	0	0	6	0	544118	367647	73529	14706	0	1	0	4	5	21	1	3	0	0	3	1	0	0	1	0	0	0	161	1260948	6219	6219	37379	38139	6.119.386	810763	360215	5807973	2414087	41777	-45672	-4871	-49679	0	1	1	8333	1	1	1	1	9762	1667	1	1	0	0	0	0	0	0	0	0	0	0	0	0	0	0	0
1	47214	682	71	33	74	36	9	1	0	11	38	26	5	1	0	0	0	1	0	0	0	1	7	1	535211	366197	70423	14085	14085	1	0	4	5	22	1	3	0	0	2	2	0	0	0	1	0	0	1618	1355006	6219	6219	44115	49345	6.594.172	810763	360215	6245349	259334	45028	-51398	-55109	-56415	0	75	8333	8333	1	1	1	1	9167	1667	75	0	0	0	0	0	0	0	0	0	0	0	0	0	0	0	0
1	47368	66	71	34	74	37	9	1	0	11	37	26	5	1	0	0	2	0	0	0	0	0	8	2	521127	366197	70423	14085	28169	1	0	4	5	22	1	3	0	0	2	2	0	0	0	1	0	0	1766	1311286	6219	6219	46795	46811	6.436.829	1109965	360215	6100498	2533975	44721	-53676	-57655	-59095	0	75	6667	8333	1	1	1	1	8929	1667	75	0	0	0	0	0	0	0	0	0	0	0	0	0	0	0	0
1	45569	682	71	33	74	36	9	1	0	11	38	26	5	1	0	0	1	0	0	0	0	0	7	1	535211	366197	70423	14085	14085	1	0	4	5	22	1	3	0	0	2	2	0	0	0	1	0	0	1618	1309122	6219	6219	43113	44756	6.408.491	960364	360215	6071262	2521993	44114	-50546	-54157	-55413	0	75	8333	8333	1	1	1	1	9167	1667	875	0	0	0	0	0	0	0	0	0	0	0	0	0	0	0	0
1	47214	682	71	33	74	36	9	1	0	11	38	26	5	1	0	0	0	1	0	0	0	1	7	1	535211	366197	70423	14085	14085	1	0	4	5	22	1	3	0	0	2	2	0	0	0	1	0	0	1618	1355006	6219	6219	44115	49345	6.594.172	810763	360215	6245349	259334	45028	-51398	-55109	-56415	0	75	8333	8333	1	1	1	1	9167	1667	75	0	0	0	0	0	0	0	0	0	0	0	0	0	0	0	0
1	4377	706	71	32	74	35	9	1	0	11	39	26	5	1	0	0	0	0	0	0	0	0	6	0	549296	366197	70423	14085	0	1	0	4	5	22	1	3	0	0	2	2	0	0	0	1	0	0	146	1306958	6219	6219	39423	42701	6.380.153	810763	360215	6042027	2510011	43507	-47409	-50652	-51723	0	1	1	8333	1	1	1	1	9762	1667	1	0	0	0	0	0	0	0	0	0	0	0	0	0	0	0	0
1	43967	706	69	32	72	35	9	1	0	11	37	25	5	2	0	0	0	0	0	0	0	0	7	0	536232	362319	72464	28986	0	1	0	4	5	22	1	3	0	0	2	2	0	0	0	1	0	0	177	1272798	7142	7142	32468	35414	6.270.542	920762	360215	5905482	245405	42656	-41498	-44044	-44768	0	1	1	8333	1	1	1	1	9762	1667	1	1	0	0	0	0	0	0	0	0	0	0	0	0	0	0	0
1	43361	71	64	31	66	33	10	1	0	11	33	23	5	1	0	0	2	0	0	0	0	0	8	2	515625	359375	78125	15625	3125	1	0	3	3	16	0	3	0	0	2	1	0	0	0	0	0	0	225	1187936	6219	6219	40663	38003	5.973.912	1109965	360215	5578738	2320138	40767	-48463	-5183	-52963	0	1	8333	8333	1	1	1	1	9524	1667	1	1	0	0	0	0	0	0	0	1	0	0	0	0	0	1	0
0	37765	798	66	27	67	28	11	1	0	5	39	21	5	1	0	0	0	0	0	0	0	0	6	0	590909	318182	75758	15152	0	1	0	2	2	10	0	2	0	0	2	0	0	0	0	0	0	0	2307	11217	6219	6219	31443	33863	6.084.262	810763	360215	5446844	2266084	39211	-40627	-43071	-43743	0	1	8333	8333	1	1	8333	5	8571	1667	875	1	0	0	0	0	0	0	0	1	0	0	0	0	0	0	0
1	44764	685	67	32	69	34	11	1	0	11	35	24	5	1	0	0	2	0	0	0	0	0	8	2	522388	358209	74627	14925	29851	1	0	3	3	16	0	3	0	0	2	1	0	0	0	0	0	0	208	1235482	6219	6219	42739	41215	623.468	1109965	360215	5812791	2416062	42497	-50228	-53802	-55039	0	75	8333	8333	1	1	8333	5	8214	1667	75	1	0	0	0	0	0	0	0	0	0	0	0	0	0	0	0
1	50307	706	57	32	60	35	4	4	0	12	25	23	0	4	0	2	2	1	0	0	0	3	9	3	438596	403509	0	70175	52632	1	0	4	5	24	1	3	0	0	0	4	0	0	0	1	0	0	-7124	1204986	6828	8504	53886	57019	5.792.745	1185461	0	5608472	2332324	41891	-59703	-64392	-66186	1	5	6667	6667	6	5	6667	1	6571	1667	75	0	0	0	0	0	0	0	0	0	0	0	0	0	0	0	0
1	50406	706	56	32	59	35	4	4	0	12	24	22	1	4	0	2	2	1	0	0	0	3	10	3	428571	392857	17857	71429	53571	1	0	4	5	24	1	3	0	0	0	4	0	0	0	1	0	0	-2788	1189904	8031	9707	43933	50185	5.709.991	1349511	16405	5540199	2304344	41261	-51243	-54937	-56233	1	5	8333	8333	7	5	8333	1	7429	1667	75	0	0	0	0	0	0	0	0	0	0	0	0	0	0	0	0
1	37389	933	41	25	44	28	3	2	0	17	16	18	3	2	0	1	0	1	0	0	0	2	7	1	390244	439024	73171	4878	2439	1	0	4	7	23	2	2	0	0	1	3	0	0	1	1	0	0	-2773	996592	6606	7444	32981	48536	4.138.333	624945	16663	4267608	178279	301	-41934	-44532	-45281	0	1	1	1	6	5	1	1	8714	3333	1	1	0	0	0	1	0	1	0	0	0	0	0	0	0	1	0
0	37339	9	39	25	41	27	3	3	0	11	14	15	3	3	0	1	3	0	0	0	0	1	10	3	358974	384615	76923	76923	76923	1	0	3	4	17	1	2	0	0	1	2	0	0	1	0	0	0	-1588	854948	8313	9151	18169	32732	392.004	1325198	16663	3870598	1620081	28943	-29344	-3046	-30469	0	1	1	1	8	5	1	1	9	5	1	1	1	1	1	1	0	0	0	1	1	0	0	1	1	1	1
1	43156	706	58	32	61	35	7	0	0	23	26	25	5	1	0	0	1	0	0	0	0	0	7	1	448276	431034	86207	17241	17241	1	0	4	4	23	0	4	0	0	1	3	0	0	0	0	0	0	-3717	1266091	6486	6486	46711	55515	5.581.475	940823	180108	5480066	2279699	38884	-53604	-57575	-59011	0	75	8333	1	8	5	1	1	8405	1667	875	1	0	0	0	0	0	0	0	0	0	0	0	0	0	0	0
1	47446	685	48	32	50	34	5	2	0	18	16	21	2	2	0	1	6	0	0	0	0	1	11	6	333333	4375	41667	41667	125	1	0	3	3	18	0	3	0	0	0	3	0	0	0	0	0	0	-2478	1088161	5906	6744	42965	5992	4.906.571	1672642	16405	488505	203584	37283	-5042	-54017	-55265	0	75	8333	1	8	5	1	1	8405	1667	75	0	0	0	0	0	0	0	0	0	0	0	0	0	0	0	0
1	40657	788	52	29	55	32	5	0	0	22	23	23	4	0	0	1	1	0	0	0	0	1	6	1	442308	442308	76923	0	19231	1	0	4	4	22	0	4	0	0	2	2	0	0	0	0	0	0	-3706	118096	4274	7098	50759	63968	5.026.057	665419	180108	5091694	212053	3556	-57045	-61421	-63059	0	75	8333	8333	7	5	8333	1	7786	1667	875	0	0	0	0	0	0	0	0	0	0	0	0	0	0	0	0
0	35554	933	50	25	53	28	4	2	0	12	25	21	1	2	0	1	0	0	0	0	0	1	4	0	50	42	2	4	0	1	0	4	7	24	3	2	0	0	1	2	1	1	0	0	1	1	-3959	1014448	4617	5455	38776	50655	4.574.471	607179	16405	4577741	1909894	33187	-4686	-50037	-51076	0	1	1	1	8	5	1	1	9	5	1	1	0	0	0	0	0	1	0	0	0	0	0	0	0	1	0
1	55526	601	80	37	83	40	8	3	0	6	43	27	4	4	0	1	0	1	0	0	0	2	10	1	5375	3375	5	5	125	1	0	4	4	24	0	4	0	0	0	4	0	0	0	0	0	0	-7244	148782	734	8178	26963	42461	751.091	913493	0	7020598	2911065	51764	-36819	-38815	-39263	0	75	8333	8333	9	1	8333	1	8786	3333	875	0	0	0	0	0	0	0	0	0	0	0	0	0	0	0	0
1	51218	66	72	34	75	37	7	3	0	6	38	25	3	4	0	1	0	1	0	0	0	2	9	1	527778	347222	41667	55556	13889	1	0	4	4	24	0	4	0	0	0	4	0	0	0	0	0	0	-7293	1354721	7016	7854	30451	50525	6.748.529	88225	0	6386711	2651275	47204	-39784	-42129	-42751	0	75	8333	8333	9	1	8333	1	8786	1667	875	0	0	0	0	0	0	0	0	0	0	0	0	0	0	0	0
0	28784	1242	36	18	37	19	3	2	0	6	18	13	1	2	0	1	0	1	0	0	0	2	5	1	50	361111	27778	55556	27778	1	0	2	2	12	0	2	0	0	0	2	0	0	0	0	0	0	-709	742957	3738	4576	27163	39543	3.666.928	458315	0	3483721	1461525	25222	-36989	-39005	-39463	0	1	1	1	1	5	1	1	9286	1	1	1	1	1	1	1	0	0	0	1	0	0	0	1	0	1	0
0	46366	701	62	33	66	37	6	2	0	16	29	25	5	2	0	1	0	0	0	0	0	1	8	0	467742	403226	80645	32258	0	1	0	5	6	28	1	4	0	0	2	3	0	0	0	1	0	0	-7512	1319987	6477	9301	34198	42335	5.845.847	783139	0	5782392	2403603	41389	-42969	-45688	-46498	0	1	8333	1	8	5	1	1	8762	1667	75	0	0	0	0	0	0	0	0	0	0	0	0	0	0	0	0
0	40454	782	55	30	59	34	4	0	0	21	25	23	6	0	0	0	1	0	0	0	0	0	7	1	454545	418182	109091	0	18182	1	0	5	7	28	2	3	0	0	2	3	0	0	2	0	0	0	-3489	1193882	6004	6004	50842	56137	4.921.342	830824	180108	5042691	2100447	34937	-57116	-615	-63142	0	75	8333	8333	7	5	8333	1	7786	1667	75	0	0	0	0	0	0	0	0	0	0	0	0	0	0	0	0
0	3915	813	51	29	55	33	4	0	0	21	22	21	7	0	0	0	1	0	0	0	0	0	8	1	431373	411765	137255	0	19608	1	0	5	7	28	2	3	0	0	2	3	0	0	2	0	0	0	-3023	1133069	7293	7293	55193	39772	460.738	997454	180108	4740365	1976543	32577	-60814	-65634	-67493	0	75	8333	8333	7	5	8333	1	7786	1667	75	1	0	1	0	0	0	1	1	1	0	0	0	1	0	1	0
0	3915	813	51	29	55	33	4	0	0	21	22	21	7	0	0	0	1	0	0	0	0	0	8	1	431373	411765	137255	0	19608	1	0	5	7	28	2	3	0	0	2	3	0	0	2	0	0	0	-3023	1141269	7293	7293	47073	47552	4.613.506	996229	180108	4740365	1976543	32577	-53912	-5792	-59373	0	75	8333	1	8	5	1	1	8405	1667	75	1	0	0	0	0	0	1	1	0	0	0	0	0	0	1	0
0	45871	644	75	33	76	34	13	3	0	6	42	27	2	4	0	0	0	0	0	0	0	0	6	0	56	36	26667	53333	0	1	0	2	2	12	0	2	0	0	0	2	0	0	0	0	0	0	7716	1301993	955	955	26575	48293	7.301.431	1541396	787048	643206	2669861	48136	-36489	-38446	-38875	0	1	6667	8333	1	1	8333	5	8333	3333	875	0	0	0	0	0	0	0	0	0	0	0	0	0	0	0	0
0	43873	667	77	31	77	31	14	3	0	0	46	25	2	4	0	0	0	0	0	0	0	0	6	0	597403	324675	25974	51948	0	1	0	1	1	6	0	1	0	0	0	1	0	0	0	0	0	0	8121	1238549	955	955	25107	49613	7.468.457	1541396	787048	6358638	263977	47794	-35241	-37052	-37407	0	1	8333	8333	1	1	8333	5	8571	3333	875	0	0	0	0	0	0	0	0	0	0	0	0	0	0	0	0
0	40559	759	61	30	64	33	6	1	0	16	31	25	3	2	0	0	0	0	0	0	0	0	5	0	508197	409836	4918	32787	0	1	0	4	5	23	1	3	0	0	1	3	0	0	1	0	0	0	-8254	1192998	4684	4684	35405	4623	5.571.158	560547	0	5431063	2259616	38838	-43995	-46835	-47705	0	1	1	1	1	5	1	1	9286	3333	1	1	0	0	0	0	0	1	1	0	0	0	0	1	0	1	0
0	35852	826	53	27	55	29	6	1	0	18	26	24	2	1	0	0	0	0	0	0	0	0	3	0	490566	45283	37736	18868	0	1	0	3	3	18	0	3	0	0	0	3	0	0	0	0	0	0	-4555	1102506	4199	4199	39668	5161	5.125.338	599412	180108	4971262	2071173	35837	-47618	-50885	-51968	0	1	1	1	8	5	1	1	9	5	1	1	0	0	0	0	0	1	0	0	0	0	0	0	0	0	0
0	47125	798	46	27	47	28	7	2	0	12	19	18	1	3	0	1	0	4	0	0	0	5	9	4	413043	391304	21739	65217	86957	1	0	2	2	12	0	2	0	0	0	2	0	0	0	0	0	0	-2357	1132323	5761	6599	44846	69029	5.543.929	885149	426833	5147176	2143269	37432	-52019	-55804	-57146	0	75	8333	1	8	5	1	1	8405	1667	75	0	0	0	0	0	0	0	0	0	0	0	0	0	0	0	0
1	44682	867	46	25	47	26	7	2	0	12	21	18	1	3	0	1	0	1	1	0	0	3	7	2	456522	391304	21739	65217	43478	1	0	2	2	12	0	2	0	0	0	2	0	0	0	0	0	0	-2773	1064407	5761	6599	41548	56581	517.949	885149	426833	4827907	2012421	34797	-49216	-52671	-53848	0	75	1	1	8	5	1	1	8643	1667	1	0	0	0	0	0	0	0	0	0	0	0	0	0	0	0	0
1	39294	831	47	26	48	27	7	2	1	12	21	19	2	3	0	1	0	1	0	0	0	2	7	1	446809	404255	42553	6383	21277	1	0	2	2	12	0	2	0	0	0	2	0	0	0	0	0	0	-2937	1045556	814	8978	31795	47886	5.197.865	1195742	426833	4794186	1998601	35171	-40926	-43405	-44095	0	1	1	1	8	5	1	1	9	1667	1	1	0	0	0	0	0	1	0	0	0	0	0	0	0	1	0
0	41002	798	55	27	56	28	8	2	0	12	28	21	1	3	0	1	0	1	0	0	0	2	6	1	509091	381818	18182	54545	18182	1	0	2	2	12	0	2	0	0	0	2	0	0	0	0	0	0	-3456	1130087	5761	6599	42166	61039	5.721.735	885149	426833	5239369	2181053	38059	-49741	-53258	-54466	0	75	1	1	1	1	1	1	9643	1667	875	0	0	0	0	0	0	0	0	0	0	0	0	0	0	0	0
1	43593	767	49	28	50	29	7	2	0	12	21	19	1	3	0	1	3	1	0	0	0	2	9	4	428571	387755	20408	61224	81633	1	0	2	2	12	0	2	0	0	0	2	0	0	0	0	0	0	-2525	1047916	5761	6599	43757	5852	5.247.653	1333952	426833	485897	2025152	3642	-51093	-54769	-56057	0	75	1	1	1	5	1	1	8929	1667	875	0	0	0	0	0	0	0	0	0	0	0	0	0	0	0	0
1	38196	867	49	25	50	26	7	2	0	12	24	19	1	3	0	1	0	1	0	0	0	2	6	1	489796	387755	20408	61224	20408	1	0	2	2	12	0	2	0	0	0	2	0	0	0	0	0	0	-3168	1038591	5761	6599	37748	53959	5.162.639	885149	426833	4771262	1989206	34599	-45986	-49061	-50048	0	1	1	1	1	5	1	1	9286	1667	1	1	0	0	0	0	0	0	0	0	0	0	0	0	0	0	0
1	39599	831	52	26	53	27	8	2	0	12	26	20	1	3	0	1	0	1	0	0	0	2	6	1	50	384615	19231	57692	19231	1	0	2	2	12	0	2	0	0	0	2	0	0	0	0	0	0	-3317	1084601	5761	6599	39978	58521	5.423.407	885149	426833	5005316	2085129	36329	-47881	-51179	-52278	0	1	1	1	1	1	1	1	1	1667	1	0	0	0	0	0	0	0	0	0	0	0	0	0	0	0	0
1	43681	831	46	26	47	27	7	2	0	12	20	18	1	3	0	1	0	3	0	0	0	4	8	3	434783	391304	21739	65217	65217	1	0	2	2	12	0	2	0	0	0	2	0	0	0	0	0	0	-2557	1084275	5761	6599	42658	62385	532.991	885149	426833	4943854	205994	35911	-50159	-53725	-54958	0	75	1	1	8	5	1	1	8643	1667	875	0	0	0	0	0	0	0	0	0	0	0	0	0	0	0	0
1	40237	867	46	25	47	26	7	2	0	12	21	18	1	3	0	1	0	2	0	0	0	3	7	2	456522	391304	21739	65217	43478	1	0	2	2	12	0	2	0	0	0	2	0	0	0	0	0	0	-2773	1036227	5761	6599	40428	55741	5.115.891	885149	426833	4740532	1976611	3439	-48264	-51607	-52728	0	1	1	1	8	5	1	1	9	1667	1	1	0	0	0	0	0	0	0	0	0	0	0	0	0	0	0
0	43681	831	46	26	47	27	7	2	0	12	20	18	1	3	0	1	0	3	0	0	0	4	8	3	434783	391304	21739	65217	65217	1	0	2	2	12	0	2	0	0	0	2	0	0	0	0	0	0	-2557	1084275	5761	6599	42658	62385	532.991	885149	426833	4943854	205994	35911	-50159	-53725	-54958	0	75	1	1	8	5	1	1	8643	1667	875	0	0	0	0	0	0	0	0	0	0	0	0	0	0	0	0
1	38592	867	46	25	47	26	7	2	0	12	21	18	1	3	0	1	1	1	0	0	0	2	7	2	456522	391304	21739	65217	43478	1	0	2	2	12	0	2	0	0	0	2	0	0	0	0	0	0	-2773	990343	5761	6599	39296	51152	493.021	103475	426833	4566445	1905264	33476	-47302	-50532	-51596	0	1	1	1	8	5	1	1	9	1667	1	1	0	0	0	0	0	1	0	0	0	0	0	0	0	0	0
0	39796	831	50	26	51	27	8	2	0	12	24	19	1	4	0	1	0	1	0	0	0	2	7	1	48	38	2	8	2	1	0	2	2	12	0	2	0	0	0	2	0	0	0	0	0	0	-2937	1052811	6684	7522	32551	48933	5.313.795	995147	426833	4868771	2029168	35478	-41569	-44124	-44851	0	1	1	1	1	1	1	1	1	1667	1	1	0	0	0	0	0	1	1	0	0	0	0	0	0	1	0
0	38196	867	49	25	50	26	7	2	0	12	24	19	1	3	0	1	0	1	0	0	0	2	6	1	489796	387755	20408	61224	20408	1	0	2	2	12	0	2	0	0	0	2	0	0	0	0	0	0	-3168	1038591	5761	6599	37748	53959	5.162.639	885149	426833	4771262	1989206	34599	-45986	-49061	-50048	0	1	1	1	1	5	1	1	9286	1667	1	1	0	0	0	0	0	0	0	0	0	0	0	0	0	0	0
0	36793	906	46	24	47	25	7	2	0	12	22	18	1	3	0	1	0	1	0	0	0	2	6	1	478261	391304	21739	65217	21739	1	0	2	2	12	0	2	0	0	0	2	0	0	0	0	0	0	-3008	988179	5761	6599	35473	49097	4.901.872	885149	426833	4537209	1893283	32869	-44052	-46899	-47773	0	1	1	1	8	5	1	1	9	1667	1	1	0	0	0	0	0	1	0	0	0	0	0	0	0	1	0
1	46061	677	63	34	67	38	7	0	0	22	29	26	6	1	0	0	1	0	0	0	0	0	8	1	460317	412698	95238	15873	15873	1	0	5	6	28	1	4	0	0	2	3	0	0	1	0	0	0	-7585	1325936	61	61	54052	49921	5.791.803	791959	0	577093	2398906	40742	-59844	-6455	-66352	0	75	6667	8333	7	5	8333	1	7548	1667	625	0	0	0	0	0	0	0	0	0	0	0	0	0	0	0	0
1	45164	688	62	31	63	32	12	2	0	11	31	23	3	2	0	1	2	0	0	0	0	1	8	2	50	370968	48387	32258	32258	1	0	2	2	11	0	2	0	0	1	1	0	0	0	0	0	0	225	1198644	7109	9933	43524	5788	6.200.463	1330171	360215	5725249	2380184	42269	-50896	-54548	-55824	0	75	6667	8333	1	1	8333	5	7976	1667	75	0	0	0	0	0	0	0	0	0	0	0	0	0	0	0	0
1	4164	831	49	26	50	27	8	2	0	12	23	19	1	3	0	1	0	2	0	0	0	3	7	2	469388	387755	20408	61224	40816	1	0	2	2	12	0	2	0	0	0	2	0	0	0	0	0	0	-2937	1082237	5761	6599	42658	60303	5.376.658	885149	426833	4974585	2072535	3612	-50159	-53725	-54958	0	75	1	1	1	5	1	1	8929	1667	875	0	0	0	0	0	0	0	0	0	0	0	0	0	0	0	0
0	50154	622	62	35	64	37	8	1	0	12	27	25	2	2	0	0	6	0	0	0	0	0	10	6	435484	403226	32258	32258	96774	1	-1	3	3	18	0	3	0	0	0	3	0	0	0	0	0	0	-7087	1171248	5626	5626	48716	61361	6.058.479	161438	0	5656811	2352136	43838	-55308	-5948	-61016	1	5	6667	8333	9	1	8333	1	819	3333	75	0	0	0	0	0	0	0	0	0	0	0	0	0	0	0	0
1	57919	58	75	39	79	43	8	3	0	12	36	29	2	5	0	1	1	1	0	0	0	2	10	2	48	386667	26667	66667	26667	1	0	5	5	27	0	5	1	0	0	4	0	0	0	0	0	0	-3579	1480237	8715	9553	39633	59045	7.354.666	1427441	426833	6889203	2857214	51392	-47588	-50852	-51933	0	75	8333	8333	9	1	8333	1	8786	1667	75	0	0	0	0	0	0	0	0	0	0	0	0	0	0	0	0
1	51809	682	59	33	62	36	5	4	0	12	26	23	1	4	0	2	2	1	0	0	0	3	10	3	440678	389831	16949	67797	50847	1	0	4	5	24	1	3	0	0	0	4	0	0	0	1	0	0	-292	1235914	8031	9707	4601	54747	5.970.758	1349511	16405	5774252	2400267	42991	-53008	-56909	-5831	1	5	6667	8333	7	5	8333	1	719	1667	75	0	0	0	0	0	0	0	0	0	0	0	0	0	0	0	0
0	48849	663	51	33	53	35	6	2	0	18	18	22	2	2	0	1	6	0	0	0	0	1	11	6	352941	431373	39216	39216	117647	1	0	3	3	18	0	3	0	0	0	3	0	0	0	0	0	0	-2619	1134171	5906	6744	45041	64482	5.167.338	1672642	16405	5119103	2131764	39013	-52185	-55989	-57341	0	75	6667	1	8	5	1	1	8167	1667	75	0	0	0	0	0	0	0	0	0	0	0	0	0	0	0	0
0	44465	71	63	31	65	33	9	3	0	12	32	24	2	4	0	1	0	0	0	0	0	1	7	0	507937	380952	31746	63492	0	1	0	3	3	19	0	3	0	0	0	2	1	0	0	0	0	0	-3606	1232394	7571	8409	27533	50051	6.035.055	999871	180108	5749668	2390192	42207	-37303	-39357	-39833	0	1	1	8333	1	1	1	1	9762	3333	1	1	0	0	0	0	0	1	0	0	0	0	0	0	0	1	0
0	42352	759	51	30	54	33	7	3	0	21	21	23	1	5	0	1	0	0	0	0	0	1	7	0	411765	45098	19608	98039	0	1	0	4	7	23	2	2	0	0	1	3	0	0	2	0	0	0	-3489	1137293	856	9398	31226	57323	5.077.131	1231411	426833	5052658	2104532	36048	-40442	-42864	-43526	0	1	1	1	6	5	1	1	8714	1667	1	0	0	0	0	0	0	0	0	0	0	0	0	0	0	0	0
0	30187	117	39	19	40	20	4	2	0	6	20	14	1	2	0	1	0	1	0	0	0	2	5	1	512821	358974	25641	51282	25641	1	0	2	2	12	0	2	0	0	0	2	0	0	0	0	0	0	-7242	788967	3738	4576	29724	44105	3.927.695	458315	0	3717774	1557448	26952	-39166	-41438	-42024	0	1	1	1	1	1	1	1	1	6667	1	1	0	1	0	1	0	0	0	1	0	0	0	1	0	1	0
0	39453	788	55	29	58	32	6	1	0	16	26	21	6	2	0	0	0	0	0	0	0	0	8	0	472727	381818	109091	36364	0	1	0	4	5	22	1	3	0	0	2	2	0	0	1	0	0	0	-7169	1116004	7807	7807	40547	25891	5.110.794	893807	0	4992193	2079751	35218	-48365	-5172	-52847	0	1	1	1	8	5	1	1	9	1667	1	1	0	1	0	0	0	1	0	1	1	0	0	1	0	1	0
1	37255	794	56	28	58	30	7	1	0	18	28	25	2	1	0	0	0	0	0	0	0	0	3	0	50	446429	35714	17857	0	1	0	3	3	18	0	3	0	0	0	3	0	0	0	0	0	0	-4645	1148516	4199	4199	41745	56172	5.386.105	599412	180108	5205316	2167097	37567	-49383	-52857	-54045	0	75	1	1	8	5	1	1	8643	5	1	0	0	0	0	0	0	0	0	0	0	0	0	0	0	0	0
0	51557	603	65	36	67	38	9	1	0	12	29	26	2	2	0	0	6	0	0	0	0	0	10	6	446154	40	30769	30769	92308	1	-1	3	3	18	0	3	0	0	0	3	0	0	0	0	0	0	-7167	1217258	5626	5626	5067	65923	6.319.247	161438	0	5890864	2448059	45568	-5697	-61337	-6297	1	5	6667	5	8	1	6667	1	7333	3333	75	0	0	0	0	0	0	0	0	0	0	0	0	0	0	0	0
0	38456	788	57	29	60	32	7	0	0	22	28	26	2	1	0	0	0	0	0	0	0	0	3	0	491228	45614	35088	17544	0	1	0	4	5	23	1	3	0	0	1	3	0	0	1	0	0	0	-8876	1190921	2653	2653	50528	71329	5.263.588	277854	0	525897	2189086	36971	-56849	-61202	-62828	0	75	8333	8333	7	5	8333	1	7786	5	875	0	0	0	0	0	0	0	0	0	0	0	0	0	0	0	0
1	44906	736	59	30	61	32	8	3	0	12	29	23	2	3	0	1	0	1	0	0	0	2	7	1	491525	389831	33898	50847	16949	1	0	3	3	19	0	3	0	0	0	2	1	0	0	0	0	0	-3489	121434	6648	7486	35253	57933	5.837.151	889872	180108	5621429	2337635	41119	-43865	-4669	-47553	0	1	1	1	1	5	1	1	9286	1667	1	0	0	0	0	0	0	0	0	0	0	0	0	0	0	0	0
1	37552	82	53	28	56	31	7	0	0	21	25	22	5	1	0	0	0	0	0	0	0	0	6	0	471698	415094	9434	18868	0	1	0	4	5	22	1	3	0	0	2	2	0	0	1	0	0	0	-3585	1101161	5638	5638	32693	44803	4.882.953	625817	180108	4891528	2038495	33615	-41689	-44259	-44993	0	1	1	1	8	5	1	1	9	3333	1	1	0	1	0	1	0	1	1	1	0	0	0	1	0	1	0
0	44066	731	63	31	66	34	8	3	0	12	32	25	2	3	0	1	0	0	0	0	0	1	6	0	507937	396825	31746	47619	0	1	0	4	7	24	3	2	0	0	1	2	1	1	0	0	1	1	161	1233147	7527	8365	37329	5279	5.831.088	1038736	344157	5705814	2372219	41822	-4563	-48663	-49629	0	1	1	1	1	5	1	1	9286	1667	1	1	0	0	0	0	0	0	0	0	0	0	0	0	0	0	0
0	5296	586	68	37	70	39	10	1	0	12	31	27	2	2	0	0	6	0	0	0	0	0	10	6	455882	397059	29412	29412	88235	1	-1	3	3	18	0	3	0	0	0	3	0	0	0	0	0	0	-7244	1263268	5626	5626	52598	70485	6.580.014	161438	0	6124917	2543982	47298	-58608	-63168	-64898	1	5	5	5	8	1	6667	1	7095	3333	75	0	0	0	0	0	0	0	0	0	0	0	0	0	0	0	0
0	50576	586	80	37	82	39	18	3	0	15	43	32	1	4	0	0	0	0	0	0	0	0	5	0	5375	40	125	5	0	1	0	3	6	17	2	1	0	0	1	2	0	0	2	0	0	0	-4723	1504946	6853	6853	6139	100317	7.547.379	1039731	426833	704186	2919779	51478	-66082	-71521	-7369	1	5	5	5	8	1	5	5	6143	1667	625	0	0	0	0	0	0	0	0	0	0	0	0	0	0	0	0
0	50576	586	80	37	82	39	18	3	0	15	43	32	1	4	0	0	0	0	0	0	0	0	5	0	5375	40	125	5	0	1	0	3	6	17	2	1	0	0	1	2	0	0	2	0	0	0	-4723	1504946	6853	6853	6139	100317	7.547.379	1039731	426833	704186	2919779	51478	-66082	-71521	-7369	1	5	5	5	8	1	5	5	6143	1667	625	0	0	0	0	0	0	0	0	0	0	0	0	0	0	0	0
0	49367	639	66	35	69	38	12	3	0	21	31	28	1	5	0	1	0	0	0	0	0	1	7	0	469697	424242	15152	75758	0	1	0	4	7	23	2	2	0	0	1	3	0	0	2	0	0	0	-4013	1367343	856	9398	50572	80133	6.380.968	1231411	426833	6222924	2584149	44698	-56886	-61243	-62872	0	75	5	6667	7	5	6667	5	6119	1667	625	0	0	0	0	0	0	0	0	0	0	0	0	0	0	0	0
0	39554	764	58	29	60	31	11	2	0	15	29	24	1	4	0	0	0	0	0	0	0	0	5	0	50	413793	17241	68966	0	1	0	3	6	17	2	1	0	0	1	2	0	0	2	0	0	0	-4047	11257	6853	6853	46369	68267	5.557.828	1039731	426833	5240864	2181665	37902	-53314	-57251	-58669	0	75	6667	8333	1	5	8333	5	7262	1667	75	0	0	0	0	0	0	0	0	0	0	0	0	0	0	0	0
0	4938	603	83	36	85	38	20	1	0	15	47	32	1	3	0	0	0	0	0	0	0	0	4	0	566265	385542	12048	36145	0	1	0	3	6	17	2	1	0	0	1	2	0	0	2	0	0	0	-4929	1493541	5146	5146	66738	108978	760.195	788282	426833	7087209	2938364	51127	-70628	-76601	-79038	0	75	5	6667	9	1	6667	5	7119	3333	625	0	0	0	0	0	0	0	0	0	0	0	0	0	0	0	0
0	55827	54	87	39	88	40	21	2	0	12	48	33	1	4	0	0	0	1	0	0	0	1	6	1	551724	37931	11494	45977	11494	1	0	2	2	12	0	2	0	0	0	2	0	0	0	0	0	0	-4597	1605813	6812	6812	77933	112302	8.629.805	1094468	426833	7731063	3202239	57319	-80143	-87236	-90233	1	5	5	5	8	1	5	5	6143	1667	625	0	0	0	0	0	0	0	0	0	0	0	0	0	0	0	0
0	53021	571	81	37	82	38	19	2	0	12	44	31	1	4	0	0	0	1	0	0	0	1	6	1	54321	382716	12346	49383	12346	1	0	2	2	12	0	2	0	0	0	2	0	0	0	0	0	0	-4454	1513793	6812	6812	74246	103178	810.827	1094468	426833	7262957	3010392	53859	-77009	-83734	-86546	1	5	5	5	8	1	5	5	6143	1667	625	0	0	0	0	0	0	0	0	0	0	0	0	0	0	0	0
0	50215	605	75	35	76	36	17	2	0	12	40	29	1	4	0	0	0	1	0	0	0	1	6	1	533333	386667	13333	53333	13333	1	0	2	2	12	0	2	0	0	0	2	0	0	0	0	0	0	-4297	1421773	6812	6812	70466	94054	7.586.735	1094468	426833	679485	2818545	50399	-73796	-80143	-82766	1	5	5	5	8	1	5	5	6143	1667	625	0	0	0	0	0	0	0	0	0	0	0	0	0	0	0	0
0	48812	624	72	34	73	35	16	2	0	12	38	28	1	4	0	0	0	1	0	0	0	1	6	1	527778	388889	13889	55556	13889	1	0	2	2	12	0	2	0	0	0	2	0	0	0	0	0	0	-4212	1375763	6812	6812	68538	89492	7.325.968	1094468	426833	6560797	2722622	48669	-72158	-78311	-80838	0	75	5	6667	9	1	6667	5	7119	1667	625	0	0	0	0	0	0	0	0	0	0	0	0	0	0	0	0
0	41403	764	61	29	63	31	11	1	0	15	32	25	1	2	0	0	0	1	0	0	0	1	4	1	52459	409836	16393	32787	16393	1	0	3	6	17	2	1	0	0	1	2	0	0	2	0	0	0	-4389	120535	4223	4223	63159	83612	5.877.003	678283	426833	5554651	2310267	39659	-67585	-73201	-75459	0	75	6667	6667	9	1	6667	5	7357	5	75	0	0	0	0	0	0	0	0	0	0	0	0	0	0	0	0
0	38156	794	59	28	61	30	12	1	0	15	31	24	1	3	0	0	0	0	0	0	0	0	4	0	525424	40678	16949	50847	0	1	0	3	6	17	2	1	0	0	1	2	0	0	2	0	0	0	-4292	1125461	5146	5146	50961	72482	5.515.811	788282	426833	5214784	2170977	37287	-57217	-61613	-63261	0	75	6667	6667	9	1	6667	5	7357	3333	75	0	0	0	0	0	0	0	0	0	0	0	0	0	0	0	0
0	47409	644	69	33	70	34	15	2	0	12	36	27	1	4	0	0	0	1	0	0	0	1	6	1	521739	391304	14493	57971	14493	1	0	2	2	12	0	2	0	0	0	2	0	0	0	0	0	0	-4122	1329753	6812	6812	66584	8493	706.52	1094468	426833	6326744	2626698	46939	-70496	-76455	-78884	0	75	5	6667	9	1	6667	5	7119	1667	625	0	0	0	0	0	0	0	0	0	0	0	0	0	0	0	0
0	36753	826	56	27	58	29	11	1	0	15	29	23	1	3	0	0	0	0	0	0	0	0	4	0	517857	410714	17857	53571	0	1	0	3	6	17	2	1	0	0	1	2	0	0	2	0	0	0	-4188	1079451	5146	5146	4885	6792	5.255.044	788282	426833	4980731	2075054	35557	-55422	-59607	-6115	0	75	6667	8333	1	5	8333	5	7262	3333	75	0	0	0	0	0	0	0	0	0	0	0	0	0	0	0	0
0	46006	665	66	32	67	33	14	2	0	12	34	26	1	4	0	0	0	1	0	0	0	1	6	1	515152	393939	15152	60606	15152	1	0	2	2	12	0	2	0	0	0	2	0	0	0	0	0	0	-4027	1283743	6812	6812	64601	80368	6.804.433	1094468	426833	6092691	2530775	45209	-68811	-74571	-76901	0	75	5	6667	9	1	6667	5	7119	1667	625	0	0	0	0	0	0	0	0	0	0	0	0	0	0	0	0
0	55559	571	64	37	65	38	13	3	0	12	27	24	1	5	0	1	6	0	0	0	0	1	13	6	421875	375	15625	78125	9375	1	0	2	2	12	0	2	0	0	0	2	0	0	0	0	0	0	-2576	1258284	8391	9229	56125	78348	6.556.916	2144204	426833	6037209	2508037	46864	-61607	-66519	-68425	1	5	5	5	8	1	5	5	6143	1667	625	0	0	0	0	0	0	0	0	0	0	0	0	0	0	0	0
0	61171	512	76	41	77	42	15	3	0	12	35	28	1	5	0	1	6	0	0	0	0	1	13	6	460526	368421	13158	65789	78947	1	0	2	2	12	0	2	0	0	0	2	0	0	0	0	0	0	-6785	1444013	7291	8129	63893	90171	7.627.052	1827369	0	6973422	289173	53784	-68209	-73898	-76193	1	5	5	5	8	1	5	5	6143	1667	625	0	0	0	0	0	0	0	0	0	0	0	0	0	0	0	0
0	38597	826	55	27	57	29	9	1	0	15	28	23	1	2	0	0	0	1	0	0	0	1	4	1	509091	418182	18182	36364	18182	1	0	3	6	17	2	1	0	0	1	2	0	0	2	0	0	0	-4188	111333	4223	4223	59039	74488	5.355.468	678283	426833	5086545	211842	36199	-64083	-69287	-71339	0	75	8333	6667	7	5	8333	1	7548	5	875	0	0	0	0	0	0	0	0	0	0	0	0	0	0	0	0
0	4761	66	68	34	71	37	12	1	0	21	34	30	1	2	0	0	0	1	0	0	0	1	4	1	50	441176	14706	29412	14706	1	0	4	7	23	2	2	0	0	1	3	0	0	2	0	0	0	-8752	1407147	3123	3123	70668	92833	6.477.017	361448	0	6330233	2628128	45191	-73967	-80334	-82968	0	75	5	6667	7	5	6667	5	6119	5	625	0	0	0	0	0	0	0	0	0	0	0	0	0	0	0	0
0	38151	794	55	28	57	30	11	2	0	15	27	23	1	4	0	0	0	0	0	0	0	0	5	0	490909	418182	18182	72727	0	1	0	3	6	17	2	1	0	0	1	2	0	0	2	0	0	0	-3938	1099351	6853	6853	42878	60952	529.706	1039731	426833	5006811	2085742	36172	-50346	-53934	-55178	0	75	8333	8333	8	5	8333	5	7214	1667	75	0	0	0	0	0	0	0	0	0	0	0	0	0	0	0	0
0	39554	764	58	29	60	31	12	2	0	15	29	24	1	4	0	0	0	0	0	0	0	0	5	0	50	413793	17241	68966	0	1	0	3	6	17	2	1	0	0	1	2	0	0	2	0	0	0	-8193	1147042	5753	5753	44989	63462	5.505.004	722896	0	5240864	2181665	37902	-52141	-5594	-57289	0	75	8333	8333	1	5	8333	5	75	3333	75	0	0	0	0	0	0	0	0	0	0	0	0	0	0	0	0
0	42557	71	62	31	64	33	13	2	0	15	31	25	1	5	0	0	0	0	0	0	0	0	6	0	50	403226	16129	80645	0	1	0	3	6	17	2	1	0	0	1	2	0	0	2	0	0	0	161	1192527	8876	8876	44786	64312	6.022.575	1466564	853667	5572425	2317551	40511	-51968	-55747	-57086	0	75	8333	8333	1	1	8333	5	8214	1667	75	0	0	0	0	0	0	0	0	0	0	0	0	0	0	0	0
0	36955	826	58	27	60	29	11	0	0	15	31	23	1	3	0	0	0	0	0	0	0	0	4	0	534483	396552	17241	51724	0	1	0	3	6	17	2	1	0	0	1	2	0	0	2	0	0	0	1574	1102175	5462	5462	41528	55224	5.450.788	963666	853667	5052159	2104328	35821	-49198	-52651	-53828	0	75	8333	8333	1	1	8333	5	8214	3333	875	1	0	0	0	0	0	0	0	0	0	0	0	0	0	0	0
0	29546	1039	47	22	49	24	7	0	0	15	25	20	1	1	0	0	0	0	0	0	0	0	2	0	531915	425532	21277	21277	0	1	0	3	6	17	2	1	0	0	1	2	0	0	2	0	0	0	-444	923402	2516	2516	51397	64153	4.289.949	426833	426833	4154983	1736633	28873	-57588	-62028	-63697	0	75	8333	8333	7	5	8333	1	7786	6667	875	0	0	0	0	0	0	0	0	0	0	0	0	0	0	0	0
0	38156	794	59	28	61	30	10	1	0	15	31	24	1	3	0	0	0	0	0	0	0	0	4	0	525424	40678	16949	50847	0	1	0	3	6	17	2	1	0	0	1	2	0	0	2	0	0	0	-4292	1123999	5146	5146	50961	69183	5.595.701	788282	426833	5214784	2170977	37287	-57217	-61613	-63261	0	75	6667	6667	9	1	8333	1	831	3333	875	0	0	0	0	0	0	0	0	0	0	0	0	0	0	0	0
0	61681	502	86	46	92	52	13	2	0	27	40	39	2	5	0	0	0	0	0	0	0	0	7	0	465116	453488	23256	5814	0	1	0	7	11	39	3	4	0	0	3	4	0	0	3	0	0	0	-4791	1799317	7316	7316	52436	8786	7.859.803	1039522	426833	7864784	3257043	57123	-5847	-63014	-64736	1	5	3333	5	6	5	5	5	4905	1667	5	0	0	0	0	0	0	0	0	0	0	0	0	0	0	0	0
0	39254	788	57	29	60	32	9	2	0	15	28	24	2	3	0	0	0	0	0	0	0	0	5	0	491228	421053	35088	52632	0	1	0	4	7	22	2	2	0	0	2	2	0	0	2	0	0	0	1596	1156181	6349	6349	34329	52951	5.239.899	968389	606941	5128738	2135712	36887	-4308	-45813	-46629	0	1	1	8333	8	5	1	1	8762	1667	1	1	0	0	0	0	0	0	0	0	0	0	0	0	0	0	0
0	39352	788	56	29	59	32	9	2	0	15	27	24	1	4	0	0	0	0	0	0	0	0	5	0	482143	428571	17857	71429	0	1	0	4	7	22	2	2	0	0	2	2	0	0	2	0	0	0	-4047	1136683	6069	6069	38389	59424	5.219.524	89828	426833	5060465	2107732	36666	-46531	-4967	-50689	0	1	1	8333	8	5	1	1	8762	1667	1	0	0	0	0	0	0	0	0	0	0	0	0	0	0	0	0
0	41557	731	60	31	63	34	10	1	0	21	29	27	1	3	0	0	0	0	0	0	0	0	4	0	483333	45	16667	5	0	1	0	4	7	23	2	2	0	0	1	3	0	0	2	0	0	0	-4565	1236453	5146	5146	60182	78473	5.647.114	788282	426833	5522259	2296991	39359	-65055	-70373	-72482	0	75	6667	6667	7	5	8333	1	731	3333	875	0	0	0	0	0	0	0	0	0	0	0	0	0	0	0	0
1	38838	942	50	24	52	26	8	0	0	15	26	21	1	1	0	0	0	0	1	0	0	1	3	1	52	42	2	2	2	1	0	3	6	17	2	1	0	0	1	2	0	0	2	0	0	0	-8639	1045653	1416	1416	56894	73147	4.765.131	109999	0	4679734	1951694	32531	-6226	-6725	-69194	0	75	8333	8333	7	5	8333	1	7786	5	875	0	0	0	0	0	0	0	0	0	0	0	0	0	0	0	0
0	3345	9	51	25	53	27	9	0	1	15	26	22	2	1	0	0	0	0	0	0	0	0	3	0	509804	431373	39216	19608	0	1	0	3	6	17	2	1	0	0	1	2	0	0	2	0	0	0	-8694	1023234	3795	3795	4666	66103	4.783.506	420592	0	4646013	1937874	32905	-53561	-57527	-5896	0	75	8333	8333	8	5	1	1	8167	5	875	0	0	0	0	0	0	0	0	0	0	0	0	0	0	0	0
0	3535	862	53	26	55	28	10	1	0	15	27	22	1	3	0	0	0	0	0	0	0	0	4	0	509434	415094	18868	56604	0	1	0	3	6	17	2	1	0	0	1	2	0	0	2	0	0	0	-4078	1033441	5146	5146	46701	63358	4.994.276	788282	426833	4746678	197913	33827	-53596	-57566	-59001	0	75	6667	8333	8	5	1	1	7929	3333	875	0	0	0	0	0	0	0	0	0	0	0	0	0	0	0	0
0	36753	826	56	27	58	29	11	1	0	15	29	23	1	3	0	0	0	0	0	0	0	0	4	0	517857	410714	17857	53571	0	1	0	3	6	17	2	1	0	0	1	2	0	0	2	0	0	0	-8426	1081132	4046	4046	4885	65868	520.222	471447	0	4980731	2075054	35557	-55422	-59607	-6115	0	75	6667	8333	1	5	8333	5	7262	3333	75	0	0	0	0	0	0	0	0	0	0	0	0	0	0	0	0
0	40962	736	65	30	67	32	13	1	0	15	35	26	1	3	0	0	0	0	0	0	0	0	4	0	538462	40	15385	46154	0	1	0	3	6	17	2	1	0	0	1	2	0	0	2	0	0	0	-8584	1218572	4046	4046	55081	77786	6.022.083	471447	0	568289	2362824	40747	-60719	-65527	-67381	0	75	6667	6667	9	1	6667	5	7357	3333	75	0	0	0	0	0	0	0	0	0	0	0	0	0	0	0	0
0	38156	794	59	28	61	30	12	1	0	15	31	24	1	3	0	0	0	0	0	0	0	0	4	0	525424	40678	16949	50847	0	1	0	3	6	17	2	1	0	0	1	2	0	0	2	0	0	0	-8482	1128612	4046	4046	50961	69356	5.462.987	471447	0	5214784	2170977	37287	-57217	-61613	-63261	0	75	6667	6667	9	1	6667	5	7357	3333	75	0	0	0	0	0	0	0	0	0	0	0	0	0	0	0	0
0	35252	862	54	26	56	28	10	1	0	15	28	22	2	2	0	0	0	0	0	0	0	0	4	0	518519	407407	37037	37037	0	1	0	3	6	17	2	1	0	0	1	2	0	0	2	0	0	0	175	1051663	5725	5725	42641	57336	4.934.362	69042	328972	481495	2007111	34048	-50145	-53709	-54941	0	75	8333	8333	8	5	1	1	8167	3333	875	0	0	0	0	0	0	0	0	0	0	0	0	0	0	0	0
0	37754	82	55	28	58	31	10	0	0	20	27	22	5	1	0	0	0	0	0	0	0	0	6	0	490909	40	90909	18182	0	1	0	4	7	22	2	2	0	0	2	2	0	0	2	0	0	0	-3585	1123393	6862	6862	5077	62008	4.994.244	608664	165405	4962957	2067769	33879	-57054	-61431	-6307	0	75	6667	6667	7	5	8333	1	731	1667	875	0	0	0	0	0	0	0	0	0	0	0	0	0	0	0	0
0	36753	826	56	27	58	29	11	1	0	15	29	23	1	3	0	0	0	0	0	0	0	0	4	0	517857	410714	17857	53571	0	1	0	3	6	17	2	1	0	0	1	2	0	0	2	0	0	0	-4188	1078933	5146	5146	4885	63706	5.255.044	788282	426833	4980731	2075054	35557	-55422	-59607	-6115	0	75	6667	8333	1	5	8333	5	7262	3333	75	0	0	0	0	0	0	0	0	0	0	0	0	0	0	0	0
0	53056	586	65	37	67	39	11	2	0	15	28	26	2	3	0	0	6	0	0	0	0	0	11	6	430769	40	30769	46154	92308	1	0	3	6	17	2	1	0	0	1	2	0	0	2	0	0	0	-6976	1260892	5154	5154	52378	80251	6.244.406	1541747	0	5952658	2473384	45225	-58422	-62959	-64678	1	5	5	5	8	1	5	5	6143	3333	625	0	0	0	0	0	0	0	0	0	0	0	0	0	0	0	0
0	33854	9	55	25	57	27	10	0	0	15	30	22	2	1	0	0	0	0	0	0	0	0	3	0	545455	40	36364	18182	0	1	0	3	6	17	2	1	0	0	1	2	0	0	2	0	0	0	1542	1050591	4018	4018	47457	58373	4.892.346	438971	328972	478887	1996422	33433	-54239	-58285	-59757	0	75	6667	8333	1	5	1	1	8214	5	875	0	0	0	0	0	0	0	0	0	0	0	0	0	0	0	0
0	36655	826	57	27	59	29	11	1	0	15	30	23	2	2	0	0	0	0	0	0	0	0	4	0	526316	403509	35088	35088	0	1	0	3	6	17	2	1	0	0	1	2	0	0	2	0	0	0	-4188	1099105	4326	4326	4479	58117	5.222.595	541556	180108	5049003	2103034	35778	-51971	-5575	-5709	0	75	8333	8333	1	5	8333	5	75	3333	75	0	0	0	0	0	0	0	0	0	0	0	0	0	0	0	0
0	33952	9	54	25	56	27	10	0	0	15	29	22	1	2	0	0	0	0	0	0	0	0	3	0	537037	407407	18519	37037	0	1	0	3	6	17	2	1	0	0	1	2	0	0	2	0	0	0	-4354	1034016	3439	3439	47457	61269	496.915	536832	426833	4720598	1968442	33212	-54239	-58285	-59757	0	75	6667	8333	1	5	1	1	8214	5	875	0	0	0	0	0	0	0	0	0	0	0	0	0	0	0	0
0	45962	685	70	32	72	34	15	1	0	15	38	26	1	4	1	0	0	0	0	0	0	1	6	0	542857	371429	14286	57143	0	1	0	3	6	17	2	1	0	0	1	2	0	0	2	0	0	0	-8053	1316881	4969	595	51264	66778	6.475.525	451064	0	6191694	257135	43873	-57475	-61901	-63564	0	75	5	6667	9	1	6667	5	7119	3333	75	0	0	0	0	0	0	0	0	0	0	0	0	0	0	0	0
0	40359	794	57	28	59	30	11	2	0	15	29	22	1	4	0	1	0	0	0	0	0	1	6	0	508772	385965	17544	70175	0	1	0	3	6	17	2	1	0	0	1	2	0	0	2	0	0	0	-3585	1120432	6853	7691	42109	57017	5.398.794	944089	390961	5187209	2159676	36821	-49693	-53204	-54409	0	75	8333	8333	8	5	8333	5	7214	1667	75	0	0	0	0	0	0	0	0	0	0	0	0	0	0	0	0
0	44603	688	63	31	64	32	13	2	0	12	32	25	1	4	0	0	0	1	0	0	0	1	6	1	507937	396825	15873	63492	15873	1	0	2	2	12	0	2	0	0	0	2	0	0	0	0	0	0	-3926	1237733	6812	6812	62589	75806	6.543.666	1094468	426833	5858638	2434852	43479	-67101	-72659	-74889	0	75	6667	6667	9	1	6667	5	7357	1667	75	0	0	0	0	0	0	0	0	0	0	0	0	0	0	0	0
1	38699	867	52	25	53	26	8	3	0	6	27	18	2	3	0	1	0	1	0	0	0	2	7	1	519231	346154	38462	57692	19231	1	0	2	2	13	0	2	0	0	0	1	1	0	0	0	0	0	-2773	1010524	6648	7486	2663	45961	5.184.312	889872	180108	4845847	2019773	35587	-36535	-38498	-3893	0	1	1	1	1	1	1	1	1	3333	1	1	0	0	0	0	0	1	1	0	0	0	0	1	0	1	0
0	38055	82	56	28	59	31	7	0	0	16	28	21	6	1	0	0	0	0	0	0	0	0	7	0	50	375	107143	17857	0	1	0	4	5	22	1	3	0	0	2	2	0	0	1	0	0	0	-7422	1126954	61	61	44746	36306	5.068.778	642357	0	4966113	2069063	34603	-51934	-55708	-57046	0	75	1	1	1	5	1	1	8929	1667	875	1	0	1	0	0	0	1	1	1	0	0	0	1	0	1	0
0	4326	726	61	32	65	36	7	0	0	21	29	25	6	0	0	0	1	0	0	0	0	0	7	1	47541	409836	98361	0	16393	1	0	5	7	28	2	3	0	0	2	3	0	0	2	0	0	0	-3717	1287976	6004	6004	54995	63141	5.442.876	830824	180108	5510797	2292294	38397	-60646	-65446	-67295	0	75	8333	8333	7	5	8333	1	7786	1667	75	0	0	0	0	0	0	0	0	0	0	0	0	0	0	0	0
0	32153	1039	49	22	51	24	6	2	0	6	27	18	1	2	0	1	0	0	0	0	0	1	4	0	55102	367347	20408	40816	0	1	0	3	6	18	3	1	0	0	1	1	1	1	0	0	1	1	-3544	904992	4617	5455	31666	43314	4.443.168	607179	16405	4270266	1783879	31115	-40816	-43283	-43966	0	1	1	1	1	1	1	1	1	5	1	1	0	1	0	1	0	1	0	1	0	0	0	1	0	1	0
0	47176	624	79	34	80	35	13	3	0	6	45	28	3	3	0	0	0	0	0	0	0	0	6	0	56962	35443	37975	37975	0	1	0	2	2	12	0	2	0	0	0	2	0	0	0	0	0	0	1183	1369466	7851	7851	32618	53693	7.477.418	1145806	360215	6734385	2793765	50087	-41625	-44187	-44918	0	1	6667	8333	1	1	8333	5	8333	1667	75	0	0	0	0	0	0	0	0	0	0	0	0	0	0	0	0
1	49371	603	75	36	77	38	10	3	0	12	39	29	3	4	0	0	0	0	0	0	0	0	7	0	52	386667	4	53333	0	1	0	3	4	18	1	2	0	0	0	3	0	0	0	1	0	0	1208	1407558	8995	8995	24651	41104	7.360.867	1423775	606941	6671262	2767894	49578	-34854	-36619	-36951	0	1	6667	8333	1	1	1	1	9286	3333	875	0	0	0	0	0	0	0	0	0	0	0	0	0	0	0	0
0	46959	625	66	33	66	33	13	4	0	6	33	23	3	5	0	0	2	0	0	0	0	0	10	2	50	348485	45455	75758	30303	1	0	1	1	6	0	1	0	0	0	1	0	0	0	0	0	0	8917	1177408	11581	11581	2603	29071	6.799.927	2123291	787048	5926578	2462696	45381	-36026	-37929	-3833	0	1	6667	8333	1	1	8333	5	8333	3333	75	1	0	0	0	0	0	0	0	1	0	0	0	0	0	0	0
0	50774	587	79	36	80	37	13	3	0	6	43	28	3	3	0	0	2	0	0	0	0	0	8	2	544304	35443	37975	37975	25316	1	0	2	2	12	0	2	0	0	0	2	0	0	0	0	0	0	1484	1373794	7851	7851	39932	57803	7.534.093	1445008	360215	6792857	2817728	51301	-47842	-51136	-52232	0	75	6667	6667	9	1	6667	5	7357	1667	75	0	0	0	0	0	0	0	0	0	0	0	0	0	0	0	0
0	48574	622	78	35	80	37	10	3	0	6	43	28	3	4	0	0	0	0	0	0	0	0	7	0	551282	358974	38462	51282	0	1	0	3	3	18	0	3	0	0	0	3	0	0	0	0	0	0	1338	136976	8995	8995	25026	43664	7.389.863	1423775	606941	6651495	2759793	4973	-35172	-36975	-37326	0	1	6667	8333	1	1	1	1	9286	3333	875	0	0	0	0	0	0	0	0	0	0	0	0	0	0	0	0
0	49169	622	74	35	76	37	10	3	0	6	39	27	3	3	0	0	2	0	0	0	0	0	8	2	527027	364865	40541	40541	27027	1	0	3	3	17	0	3	0	0	1	2	0	0	0	0	0	0	-373	1313945	6972	6972	37978	48667	6.901.994	1296144	180108	6378405	2647871	48335	-46181	-49279	-50278	0	1	6667	8333	1	1	1	1	9286	1667	875	0	0	0	0	0	0	0	0	0	0	0	0	0	0	0	0
1	46565	644	70	33	71	34	11	3	0	6	37	25	3	3	0	0	2	0	0	0	0	0	8	2	528571	357143	42857	42857	28571	1	0	2	2	12	0	2	0	0	0	2	0	0	0	0	0	0	1919	1237056	7851	7851	33983	45486	671.423	1445008	360215	6090698	2529958	46111	-42785	-45484	-46283	0	1	6667	8333	1	1	8333	5	8333	1667	75	1	0	0	0	0	0	0	0	0	0	0	0	0	0	0	0
0	48377	605	80	35	81	36	13	4	0	6	45	29	3	3	0	0	0	0	0	0	0	0	6	0	5625	3625	375	375	0	1	0	2	2	12	0	2	0	0	0	2	0	0	0	0	0	0	1055	142716	7851	7851	33774	58023	7.641.597	1145806	360215	689701	2860414	51553	-42608	-45286	-46074	0	1	6667	8333	1	1	8333	5	8333	1667	75	0	0	0	0	0	0	0	0	0	0	0	0	0	0	0	0
0	51582	571	86	37	87	38	14	3	0	6	49	30	3	4	0	0	0	0	0	0	0	0	7	0	569767	348837	34884	46512	0	1	0	2	2	12	0	2	0	0	0	2	0	0	0	0	0	0	1085	1477487	8774	8774	28909	54373	8.229.998	1255805	360215	730	3025574	54426	-38472	-40663	-41209	0	75	6667	6667	9	1	6667	5	7357	3333	75	0	0	0	0	0	0	0	0	0	0	0	0	0	0	0	0
1	48776	605	80	35	81	36	13	3	0	6	45	28	3	4	0	0	0	0	0	0	0	0	7	0	5625	35	375	5	0	1	0	2	2	12	0	2	0	0	0	2	0	0	0	0	0	0	7633	1383599	9874	9874	25026	48238	7.761.195	1572639	787048	6831894	2833727	50966	-35172	-36975	-37326	0	1	6667	8333	1	1	8333	5	8333	3333	75	0	0	0	0	0	0	0	0	0	0	0	0	0	0	0	0
0	50179	587	83	36	84	37	14	3	0	6	47	29	3	4	0	0	0	0	0	0	0	0	7	0	566265	349398	36145	48193	0	1	0	2	2	12	0	2	0	0	0	2	0	0	0	0	0	0	1208	1431111	8774	8774	26981	52323	7.906.324	1255805	360215	7065947	292965	52696	-36834	-38832	-39281	0	75	6667	6667	9	1	6667	5	7357	3333	75	0	0	0	0	0	0	0	0	0	0	0	0	0	0	0	0
0	50179	587	83	36	84	37	13	3	0	6	47	29	3	4	0	0	0	0	0	0	0	0	7	0	566265	349398	36145	48193	0	1	0	2	2	12	0	2	0	0	0	2	0	0	0	0	0	0	7455	1429975	9874	9874	26981	50288	8.084.869	1572639	787048	7065947	292965	52696	-36834	-38832	-39281	0	75	6667	6667	9	1	6667	5	7357	3333	75	0	0	0	0	0	0	0	0	0	0	0	0	0	0	0	0
0	51582	571	86	37	87	38	14	3	0	6	49	30	3	4	0	0	0	0	0	0	0	0	7	0	569767	348837	34884	46512	0	1	0	2	2	12	0	2	0	0	0	2	0	0	0	0	0	0	1085	1477487	8774	8774	28909	54373	8.229.998	1255805	360215	730	3025574	54426	-38472	-40663	-41209	0	75	6667	6667	9	1	6667	5	7357	3333	75	0	0	0	0	0	0	0	0	0	0	0	0	0	0	0	0
1	48776	605	80	35	81	36	13	3	0	6	45	28	3	4	0	0	0	0	0	0	0	0	7	0	5625	35	375	5	0	1	0	2	2	12	0	2	0	0	0	2	0	0	0	0	0	0	7633	1383599	9874	9874	25026	48238	7.761.195	1572639	787048	6831894	2833727	50966	-35172	-36975	-37326	0	1	6667	8333	1	1	8333	5	8333	3333	75	0	0	0	0	0	0	0	0	0	0	0	0	0	0	0	0
0	50179	587	83	36	84	37	14	3	0	6	47	29	3	4	0	0	0	0	0	0	0	0	7	0	566265	349398	36145	48193	0	1	0	2	2	12	0	2	0	0	0	2	0	0	0	0	0	0	1208	1431111	8774	8774	26981	52323	7.906.324	1255805	360215	7065947	292965	52696	-36834	-38832	-39281	0	75	6667	6667	9	1	6667	5	7357	3333	75	0	0	0	0	0	0	0	0	0	0	0	0	0	0	0	0
1	50376	587	81	36	82	37	13	3	0	6	45	28	3	5	0	0	0	0	0	0	0	0	8	0	555556	345679	37037	61728	0	1	0	2	2	12	0	2	0	0	0	2	0	0	0	0	0	0	14674	1398272	11897	11897	24283	44339	8.070.317	1999473	1213882	6929402	2873689	51845	-34541	-36269	-36583	0	75	6667	6667	9	1	6667	5	7357	1667	75	0	0	0	0	0	0	0	0	0	0	0	0	0	0	0	0
0	45773	644	76	33	77	34	12	3	0	6	43	27	3	3	0	0	0	0	0	0	0	0	6	0	565789	355263	39474	39474	0	1	0	2	2	12	0	2	0	0	0	2	0	0	0	0	0	0	1318	1323974	7851	7851	33315	53345	721.665	1145806	360215	6500332	2697841	48357	-42218	-44849	-45615	0	1	6667	8333	1	1	8333	5	8333	1667	875	0	0	0	0	0	0	0	0	0	0	0	0	0	0	0	0
1	60776	499	85	42	86	43	13	3	0	6	43	30	3	3	0	0	6	0	0	0	0	0	12	6	505882	352941	35294	35294	70588	1	0	2	2	12	0	2	0	0	0	2	0	0	0	0	0	0	1727	148894	7851	7851	47495	72539	8.168.979	2043413	360215	7377907	3057503	57189	-5427	-5832	-59795	1	5	5	6667	9	1	6667	5	6762	1667	625	0	0	0	0	0	0	0	0	0	0	0	0	0	0	0	0
1	50774	587	79	36	80	37	13	3	0	6	43	28	3	3	0	0	2	0	0	0	0	0	8	2	544304	35443	37975	37975	25316	1	0	2	2	12	0	2	0	0	0	2	0	0	0	0	0	0	1484	1373794	7851	7851	39932	57803	7.534.093	1445008	360215	6792857	2817728	51301	-47842	-51136	-52232	0	75	6667	6667	9	1	6667	5	7357	1667	75	0	0	0	0	0	0	0	0	0	0	0	0	0	0	0	0
0	53182	555	87	38	88	39	15	3	0	6	49	30	3	5	0	0	0	0	0	0	0	0	8	0	563218	344828	34483	57471	0	1	0	2	2	12	0	2	0	0	0	2	0	0	0	0	0	0	1228	149873	9697	9697	26785	53365	8.301.264	1365804	360215	7397508	3065536	55305	-36667	-38646	-39085	0	75	6667	6667	9	1	6667	5	7357	3333	75	0	0	0	0	0	0	0	0	0	0	0	0	0	0	0	0
1	48975	605	79	35	80	36	13	3	0	6	44	28	3	3	0	0	1	0	0	0	0	0	7	1	556962	35443	37975	37975	12658	1	0	2	2	12	0	2	0	0	0	2	0	0	0	0	0	0	1338	137163	7851	7851	36278	55748	7.505.755	1295407	360215	6763621	2805746	50694	-44737	-47664	-48578	0	1	6667	8333	1	1	8333	5	8333	1667	75	0	0	0	0	0	0	0	0	0	0	0	0	0	0	0	0
0	48678	605	81	35	82	36	13	3	0	6	46	28	4	3	0	0	0	0	0	0	0	0	7	0	567901	345679	49383	37037	0	1	0	2	2	12	0	2	0	0	0	2	0	0	0	0	0	0	1463	141647	10453	10453	27706	46227	7.621.483	1474778	689187	6900166	2861707	51187	-3745	-39521	-40006	0	1	6667	8333	1	1	8333	5	8333	1667	75	0	0	0	0	0	0	0	0	0	0	0	0	0	0	0	0
1	48579	605	82	35	83	36	13	3	0	6	47	29	3	3	0	0	0	0	0	0	0	0	6	0	573171	353659	36585	36585	0	1	0	2	2	12	0	2	0	0	0	2	0	0	0	0	0	0	1055	1419878	7851	7851	34572	58555	7.738.185	1145806	360215	6968439	2889688	51817	-43286	-46044	-46872	0	1	6667	8333	1	1	8333	5	8333	1667	75	0	0	0	0	0	0	0	0	0	0	0	0	0	0	0	0
1	5062	605	79	35	80	36	13	3	0	6	44	28	3	3	0	0	0	1	0	0	0	1	7	1	556962	35443	37975	37975	12658	1	0	2	2	12	0	2	0	0	0	2	0	0	0	0	0	0	1338	1417514	7851	7851	37252	60337	7.691.437	1145806	360215	6937708	2877093	51608	-45564	-4859	-49552	0	75	6667	6667	9	1	6667	5	7357	1667	75	0	0	0	0	0	0	0	0	0	0	0	0	0	0	0	0
1	48975	605	79	35	80	36	13	3	0	6	44	28	3	3	0	0	1	0	0	0	0	0	7	1	556962	35443	37975	37975	12658	1	0	2	2	12	0	2	0	0	0	2	0	0	0	0	0	0	1338	137163	7851	7851	36278	55748	7.505.755	1295407	360215	6763621	2805746	50694	-44737	-47664	-48578	0	1	6667	8333	1	1	8333	5	8333	1667	75	0	0	0	0	0	0	0	0	0	0	0	0	0	0	0	0
0	48678	605	81	35	82	36	13	3	0	6	46	28	4	3	0	0	0	0	0	0	0	0	7	0	567901	345679	49383	37037	0	1	0	2	2	12	0	2	0	0	0	2	0	0	0	0	0	0	1463	141647	10453	10453	27706	46227	7.621.483	1474778	689187	6900166	2861707	51187	-3745	-39521	-40006	0	1	6667	8333	1	1	8333	5	8333	1667	75	0	0	0	0	0	0	0	0	0	0	0	0	0	0	0	0
1	50179	587	83	36	84	37	14	3	0	6	47	29	3	4	0	0	0	0	0	0	0	0	7	0	566265	349398	36145	48193	0	1	0	2	2	12	0	2	0	0	0	2	0	0	0	0	0	0	1208	1434098	8774	8774	29661	53529	7.889.341	1255805	360215	7065947	292965	52696	-39112	-41378	-41961	0	75	6667	6667	9	1	6667	5	7357	3333	75	0	0	0	0	0	0	0	0	0	0	0	0	0	0	0	0
1	47176	624	79	34	80	35	13	3	0	6	45	28	3	3	0	0	0	0	0	0	0	0	6	0	56962	35443	37975	37975	0	1	0	2	2	12	0	2	0	0	0	2	0	0	0	0	0	0	1183	1369466	7851	7851	32618	53693	7.477.418	1145806	360215	6734385	2793765	50087	-41625	-44187	-44918	0	1	6667	8333	1	1	8333	5	8333	1667	75	0	0	0	0	0	0	0	0	0	0	0	0	0	0	0	0
1	48975	605	79	35	80	36	13	3	0	6	44	28	3	3	0	0	1	0	0	0	0	0	7	1	556962	35443	37975	37975	12658	1	0	2	2	12	0	2	0	0	0	2	0	0	0	0	0	0	1338	137163	7851	7851	36278	55748	7.505.755	1295407	360215	6763621	2805746	50694	-44737	-47664	-48578	0	1	6667	8333	1	1	8333	5	8333	1667	75	0	0	0	0	0	0	0	0	0	0	0	0	0	0	0	0
1	48579	605	82	35	83	36	14	3	0	6	47	29	3	3	0	0	0	0	0	0	0	0	6	0	573171	353659	36585	36585	0	1	0	2	2	12	0	2	0	0	0	2	0	0	0	0	0	0	1055	1415476	7851	7851	34572	58255	7.738.185	1145806	360215	6968439	2889688	51817	-43286	-46044	-46872	0	1	6667	8333	1	1	8333	5	8333	1667	75	0	0	0	0	0	0	0	0	0	0	0	0	0	0	0	0
0	54175	553	80	39	82	41	13	3	0	12	41	31	3	3	0	0	2	0	0	0	0	0	8	2	5125	3875	375	375	25	1	0	3	3	18	0	3	0	0	0	3	0	0	0	0	0	0	1108	1483248	7851	7851	4331	61045	7.627.835	1445008	360215	7100332	2943743	53373	-50714	-54345	-5561	1	5	6667	6667	9	1	6667	5	7	1667	625	0	0	0	0	0	0	0	0	0	0	0	0	0	0	0	0
1	45162	665	67	32	68	33	11	3	0	6	35	24	3	3	0	0	2	0	0	0	0	0	8	2	522388	358209	44776	44776	29851	1	0	2	2	12	0	2	0	0	0	2	0	0	0	0	0	0	208	1192874	7851	7851	31939	41711	6.411.613	1445008	360215	5856645	2434035	44381	-41048	-43542	-44239	0	1	6667	8333	1	1	8333	5	8333	1667	875	1	0	0	0	0	0	0	0	0	0	0	0	0	0	0	0
0	47378	624	81	34	82	35	14	2	0	6	47	28	3	3	0	0	0	0	0	0	0	0	6	0	580247	345679	37037	37037	0	1	0	2	2	12	0	2	0	0	0	2	0	0	0	0	0	0	7528	1381306	8167	8167	29383	51534	7.719.178	132119	787048	6805814	2823039	50351	-38875	-41114	-41683	0	1	6667	8333	1	1	8333	5	8333	3333	75	0	0	0	0	0	0	0	0	0	0	0	0	0	0	0	0
0	48269	606	74	34	74	34	15	3	0	6	40	25	4	3	0	0	2	0	0	0	0	0	9	2	540541	337838	54054	40541	27027	1	0	1	1	6	0	1	0	0	0	1	0	0	0	0	0	0	15456	1290168	10453	10453	30311	34724	7.219.531	177398	689187	6436877	2671835	48447	-39665	-41996	-42611	0	1	6667	8333	1	1	8333	5	8333	0	75	0	0	0	0	0	0	0	0	0	0	0	0	0	0	0	0
0	45778	644	80	33	81	34	14	2	0	6	47	28	3	2	0	0	0	0	0	0	0	0	5	0	5875	35	375	25	0	1	0	2	2	12	0	2	0	0	0	2	0	0	0	0	0	0	1018	1371153	6144	6144	37102	60289	7.435.401	894357	360215	6708306	2783076	49472	-45437	-48447	-49402	0	1	6667	8333	1	1	8333	5	8333	1667	875	0	0	0	0	0	0	0	0	0	0	0	0	0	0	0	0
0	36793	906	46	24	47	25	7	2	0	12	22	18	1	3	0	1	0	1	0	0	0	2	6	1	478261	391304	21739	65217	21739	1	0	2	2	12	0	2	0	0	0	2	0	0	0	0	0	0	-3008	994409	5761	6599	35473	50184	4.860.022	885149	426833	4537209	1893283	32869	-44052	-46899	-47773	0	1	1	1	8	5	1	1	9	1667	1	1	0	0	0	0	0	1	0	0	0	0	0	0	0	1	0
1	38834	906	43	24	44	25	7	2	0	12	19	17	1	3	0	1	0	2	0	0	0	3	7	2	44186	395349	23256	69767	46512	1	0	2	2	12	0	2	0	0	0	2	0	0	0	0	0	0	-2597	992045	5761	6599	38153	51966	4.813.274	885149	426833	4506478	1880688	3266	-4633	-49445	-50453	0	1	1	1	8	5	1	1	9	1667	1	1	0	0	0	0	0	1	0	0	0	0	0	0	0	0	0
1	48579	605	82	35	83	36	14	3	0	6	47	29	3	3	0	0	0	0	0	0	0	0	6	0	573171	353659	36585	36585	0	1	0	2	2	12	0	2	0	0	0	2	0	0	0	0	0	0	1055	1416946	7851	7851	34572	57181	7.738.185	1145806	360215	6968439	2889688	51817	-43286	-46044	-46872	0	1	6667	8333	1	1	8333	5	8333	1667	75	0	0	0	0	0	0	0	0	0	0	0	0	0	0	0	0
1	46666	665	64	32	65	33	13	2	0	11	32	23	4	2	0	1	2	0	0	0	0	1	9	2	50	359375	625	3125	3125	1	0	2	2	11	0	2	0	0	1	1	0	0	0	0	0	0	2389	1244594	7433	10257	35805	47308	6.361.898	1361414	360215	589103	2448127	43369	-44334	-47215	-48105	0	1	6667	8333	1	1	8333	5	8333	1667	75	1	0	0	0	0	0	0	0	0	0	0	0	0	0	0	0
1	33453	1028	49	23	52	26	3	2	0	6	26	18	2	2	0	1	0	0	0	0	0	1	5	0	530612	367347	40816	40816	0	1	0	4	7	23	3	1	0	0	2	1	1	1	0	0	1	1	-3264	924135	4941	5779	35768	36655	4.346.029	622365	16405	4255648	1777888	30979	-44303	-4718	-48068	0	1	1	1	1	1	1	1	1	5	1	1	1	1	0	1	0	1	0	1	0	0	0	1	1	1	0
1	37552	82	53	28	56	31	7	0	0	21	25	22	5	1	0	0	0	0	0	0	0	0	6	0	471698	415094	9434	18868	0	1	0	4	5	22	1	3	0	0	2	2	0	0	1	0	0	0	-3585	1117635	569	569	32693	46315	488.908	624592	180108	4891528	2038495	33615	-41689	-44259	-44993	0	1	1	1	8	5	1	1	9	3333	1	1	0	0	0	1	0	1	1	0	0	0	0	1	0	1	0
0	39161	788	62	29	65	32	7	0	0	16	33	25	3	1	0	0	0	0	0	0	0	0	4	0	532258	403226	48387	16129	0	1	0	4	5	23	1	3	0	0	1	3	0	0	1	0	0	0	-8535	1196739	2977	2977	39997	5569	5.529.141	309097	0	5404983	2248928	38223	-47898	-51198	-52297	0	1	1	1	1	5	1	1	9286	3333	1	1	0	0	0	0	0	0	0	0	0	0	0	0	0	0	0
0	41857	753	58	31	62	35	6	0	0	21	27	24	6	0	0	0	1	0	0	0	0	0	7	1	465517	413793	103448	0	17241	1	0	5	7	28	2	3	0	0	2	3	0	0	2	0	0	0	-3606	1241966	6004	6004	52936	58579	5.182.109	830824	180108	5276744	2196371	36667	-58895	-63489	-65236	0	75	8333	8333	7	5	8333	1	7786	1667	75	0	0	0	0	0	0	0	0	0	0	0	0	0	0	0	0
1	45773	644	76	33	77	34	13	3	0	6	43	27	3	3	0	0	0	0	0	0	0	0	6	0	565789	355263	39474	39474	0	1	0	2	2	12	0	2	0	0	0	2	0	0	0	0	0	0	7716	1320499	873	873	30635	51634	7.189.185	129467	540323	6500332	2697841	48357	-3994	-42303	-42935	0	1	6667	8333	1	1	8333	5	8333	1667	875	0	0	0	0	0	0	0	0	0	0	0	0	0	0	0	0
1	4466	682	63	33	66	36	7	4	0	12	30	26	4	3	0	0	0	0	0	0	0	0	7	0	47619	412698	63492	47619	0	1	0	4	5	23	1	3	0	1	0	2	1	0	0	0	1	0	1618	126099	9087	9087	34122	3794	6.042.417	1313661	360215	5785548	2404897	43109	-42904	-45616	-46422	0	1	1	1	1	1	1	1	1	1667	1	1	0	0	0	0	0	1	0	1	0	0	0	1	0	1	0
1	45263	688	61	31	62	32	12	2	0	11	30	22	4	2	0	1	2	0	0	0	0	1	9	2	491803	360656	65574	32787	32787	1	0	2	2	11	0	2	0	0	1	1	0	0	0	0	0	0	908	1188349	8312	11136	33693	42236	6.115.515	1510279	540323	5656977	2352204	41639	-42539	-45209	-45993	0	1	6667	8333	1	1	8333	5	8333	1667	875	1	0	0	0	0	0	1	0	1	0	0	0	1	0	1	0
1	46666	665	64	32	65	33	12	2	0	11	32	23	4	2	0	1	2	0	0	0	0	1	9	2	50	359375	625	3125	3125	1	0	2	2	11	0	2	0	0	1	1	0	0	0	0	0	0	8842	1234264	8312	11136	35805	45062	6.376.282	1510279	540323	589103	2448127	43369	-44334	-47215	-48105	0	1	6667	8333	1	1	8333	5	8333	1667	75	1	0	0	0	0	0	0	0	0	0	0	0	0	0	0	0
1	47562	639	65	35	68	38	9	3	0	17	30	27	5	2	0	0	1	0	0	0	0	0	8	1	461538	415385	76923	30769	15385	1	0	4	4	22	0	4	0	0	2	2	0	0	0	0	0	0	-373	1353822	7397	7397	43145	48288	6.226.911	1058111	180108	6045681	2511509	44313	-50573	-54187	-55445	0	75	8333	8333	8	5	1	1	8167	1667	75	0	0	0	0	0	0	0	0	0	0	0	0	0	0	0	0
1	47562	639	65	35	68	38	9	3	0	17	30	27	5	2	0	0	1	0	0	0	0	0	8	1	461538	415385	76923	30769	15385	1	0	4	4	22	0	4	0	0	2	2	0	0	0	0	0	0	-373	1353822	7397	7397	43145	48288	6.226.911	1058111	180108	6045681	2511509	44313	-50573	-54187	-55445	0	75	8333	8333	8	5	1	1	8167	1667	75	0	0	0	0	0	0	0	0	0	0	0	0	0	0	0	0
1	46159	66	62	34	65	37	9	3	0	17	28	26	5	2	0	0	1	0	0	0	0	0	8	1	451613	419355	80645	32258	16129	1	0	4	4	22	0	4	0	0	2	2	0	0	0	0	0	0	-3628	130964	7397	7397	41147	44513	5.924.294	1058111	180108	5811628	2415585	42583	-48875	-5229	-53447	0	1	8333	8333	8	5	1	1	8524	1667	875	0	0	0	0	0	0	1	0	0	0	0	0	0	0	0	0
0	32252	1039	48	22	50	24	6	2	0	6	26	17	2	2	0	1	0	0	0	0	0	1	5	0	541667	354167	41667	41667	0	1	0	3	6	18	3	1	0	0	1	1	1	1	0	0	1	1	3036	891982	582	6658	33392	34548	4.356.125	771229	3281	4201993	1755899	30485	-42284	-44923	-45692	0	1	1	1	1	1	1	1	1	1667	1	1	1	1	0	1	1	1	0	1	0	0	0	1	1	1	0
0	32783	988	41	23	43	25	5	2	0	12	18	19	1	2	0	0	0	1	0	0	0	1	4	1	439024	463415	2439	4878	2439	1	0	3	4	17	1	2	0	0	1	2	0	0	1	0	0	0	-3693	930917	4209	4209	41766	47078	4.134.717	541556	180108	4078904	1705452	30105	-49401	-52878	-54066	0	75	1	1	8	5	1	1	8643	5	1	1	0	0	0	1	0	1	0	0	0	0	0	0	0	1	0
0	3075	1095	46	21	48	23	5	2	0	6	25	17	1	2	0	1	0	0	0	0	0	1	4	0	543478	369565	21739	43478	0	1	0	3	6	18	3	1	0	0	1	1	1	1	0	0	1	1	-3382	858982	4617	5455	29291	38752	4.182.401	607179	16405	4036213	1687956	29385	-38797	-41026	-41591	0	1	1	1	1	1	1	1	1	6667	1	1	1	1	0	1	1	1	0	1	0	0	0	1	0	1	0
0	3449	996	43	22	44	23	5	3	0	6	21	15	2	3	0	1	0	1	0	0	0	2	7	1	488372	348837	46512	69767	23256	1	0	2	2	13	0	2	0	0	0	1	1	0	0	0	0	0	-22	872494	6648	7486	19498	32275	440.201	889872	180108	4143688	1732003	30397	-30474	-31723	-31798	0	1	1	1	1	1	1	1	1	3333	1	1	1	1	0	1	0	1	0	1	1	1	0	1	1	1	0
0	3539	949	43	23	44	24	6	2	0	12	20	17	1	3	0	1	0	1	0	0	0	2	6	1	465116	395349	23256	69767	23256	1	0	2	2	12	0	2	0	0	0	2	0	0	0	0	0	0	-2835	948399	5761	6599	3315	45622	4.599.255	885149	426833	4303156	1797359	31139	-42077	-44692	-4545	0	1	1	1	8	5	1	1	9	1667	1	1	0	0	0	1	0	1	0	0	0	0	0	1	0	1	0
1	51908	682	58	33	61	36	5	4	0	12	25	22	2	4	0	2	2	1	0	0	0	3	11	3	431034	37931	34483	68966	51724	1	0	4	5	24	1	3	0	0	0	4	0	0	0	1	0	0	-2619	1232157	8355	10031	48394	46547	5.857.271	1364697	16405	570598	2372287	42361	-55035	-59174	-60694	1	5	6667	8333	7	5	8333	1	719	1667	75	0	0	0	0	0	0	0	0	0	0	0	0	0	0	0	0
1	51172	655	71	35	75	39	5	3	0	6	36	26	3	2	0	1	3	0	0	0	0	1	9	3	507042	366197	42254	28169	42254	1	0	5	8	29	3	2	0	0	2	2	1	1	0	0	1	1	-3446	1342215	5265	6103	47469	52755	6.295.916	1102412	16405	6129734	2545957	4624	-54249	-58296	-59769	1	5	6667	8333	9	1	8333	1	819	1667	625	0	0	0	0	0	0	0	0	0	0	0	0	0	0	0	0
1	44569	753	66	31	70	35	5	3	0	6	35	24	3	3	0	1	0	0	0	0	0	1	7	0	530303	363636	45455	45455	0	1	0	5	8	29	3	2	0	0	2	2	1	1	0	0	1	1	-3606	1257483	6188	7026	32623	34384	5.802.962	763607	16405	5671429	2358126	41838	-41629	-44192	-44923	0	1	1	1	1	1	1	1	1	1667	875	1	0	0	0	0	0	0	0	1	0	0	0	0	0	0	0
1	3205	1082	46	22	49	25	2	2	0	6	24	17	2	2	0	1	0	0	0	0	0	1	5	0	521739	369565	43478	43478	0	1	0	4	7	23	3	1	0	0	2	1	1	1	0	0	1	1	-3096	878125	4941	5779	33392	32093	4.085.262	622365	16405	4021595	1681965	29249	-42284	-44923	-45692	0	1	1	1	1	5	1	1	9286	5	1	1	1	1	0	1	1	1	0	1	1	0	0	1	1	1	0
1	49209	682	63	33	66	36	7	3	0	12	30	24	3	4	0	1	0	1	0	0	0	2	9	1	47619	380952	47619	63492	15873	1	0	4	5	24	1	3	0	0	0	4	0	0	0	1	0	0	-7211	1305272	7016	7854	28758	52389	6.114.299	88225	0	5938372	246753	43592	-38345	-4052	-41058	0	1	8333	1	1	1	1	1	9762	3333	875	0	0	0	0	0	0	0	0	0	0	0	0	0	0	0	0
1	43863	731	58	31	61	34	7	0	0	21	27	23	6	0	0	1	1	0	0	0	0	1	8	1	465517	396552	103448	0	17241	1	0	4	4	21	0	4	0	0	3	1	0	0	0	0	0	0	-3287	1237749	6056	888	48082	59578	5.623.555	832049	180108	5494684	228569	38024	-5477	-58878	-60382	0	75	8333	1	8	5	1	1	8405	1667	875	0	0	0	0	0	0	0	0	0	0	0	0	0	0	0	0
1	45166	706	61	32	64	35	8	0	0	21	29	23	7	1	0	1	0	0	0	0	0	1	9	0	47541	377049	114754	16393	0	1	0	4	4	21	0	4	0	0	3	1	0	0	0	0	0	0	-3097	1278063	8268	11092	40067	55529	5.953.946	960302	180108	5728738	2381614	39396	-47957	-51264	-52367	0	1	8333	1	8	5	1	1	8762	1667	1	1	0	0	0	0	0	0	0	0	0	0	0	0	0	0	0
1	43661	753	56	31	60	35	6	0	0	21	25	23	6	0	0	1	1	0	0	0	0	1	8	1	446429	410714	107143	0	17857	1	0	5	6	27	1	4	0	0	3	2	0	0	1	0	0	0	-3287	1225394	6056	888	48082	56492	5.161.852	832049	180108	5314286	2211756	36788	-5477	-58878	-60382	0	75	8333	1	8	5	1	1	8405	1667	75	0	0	0	0	0	0	0	0	0	0	0	0	0	0	0	0
1	44964	726	59	32	63	36	7	0	0	21	27	23	7	1	0	1	0	0	0	0	0	1	9	0	457627	389831	118644	16949	0	1	0	5	6	27	1	4	0	0	3	2	0	0	1	0	0	0	-3097	1265708	8268	11092	40067	52443	5.492.242	960302	180108	5548339	230768	3816	-47957	-51264	-52367	0	1	1	1	8	5	1	1	9	1667	875	1	0	0	0	0	0	0	0	0	0	0	0	0	0	0	0
1	40454	782	55	30	59	34	5	0	0	21	25	23	6	0	0	0	1	0	0	0	0	0	7	1	454545	418182	109091	0	18182	1	0	5	7	28	2	3	0	0	2	3	0	0	2	0	0	0	-3489	1195956	6004	6004	50842	54017	4.921.342	830824	180108	5042691	2100447	34937	-57116	-615	-63142	0	75	8333	8333	7	5	8333	1	7786	1667	75	1	0	0	0	0	0	0	0	0	0	0	0	0	0	0	0
1	43257	706	60	32	63	35	6	4	0	12	28	25	4	3	0	0	0	0	0	0	0	0	7	0	466667	416667	66667	5	0	1	0	4	5	23	1	3	0	1	0	2	1	0	0	0	1	0	177	121498	9087	9087	32079	33378	578.165	1313661	360215	5551495	2308973	41379	-41167	-43675	-44379	0	1	1	1	1	1	1	1	1	1667	1	1	0	0	0	0	0	1	0	1	0	0	0	1	0	1	0
1	47543	713	54	30	55	31	10	3	0	12	24	20	2	5	0	1	0	2	0	0	0	3	10	2	444444	37037	37037	92593	37037	1	0	2	2	12	0	2	0	0	0	2	0	0	0	0	0	0	309	1180389	9594	10432	29022	49535	6.002.129	1426704	606941	5498007	2287052	40444	-38569	-40771	-41322	0	1	6667	8333	1	1	1	1	9286	3333	875	1	0	0	0	0	0	0	0	0	0	0	0	0	0	0	0
1	4386	713	58	30	59	31	11	2	0	11	28	21	4	2	0	1	2	0	0	0	0	1	9	2	482759	362069	68966	34483	34483	1	0	2	2	11	0	2	0	0	1	1	0	0	0	0	0	0	9331	1142339	8312	11136	31545	37674	5.854.748	1510279	540323	5422924	225628	39909	-40713	-43168	-43845	0	1	8333	8333	1	1	8333	5	8571	1667	875	1	0	1	0	0	0	1	0	1	0	0	0	1	0	1	0
1	30849	1095	45	21	47	23	5	2	0	6	24	16	2	2	0	1	0	0	0	0	0	1	5	0	533333	355556	44444	44444	0	1	0	3	6	18	3	1	0	0	1	1	1	1	0	0	1	1	3309	845972	582	6658	3096	29986	4.095.358	771229	3281	396794	1659975	28755	-40216	-42612	-4326	0	1	1	1	1	1	1	1	1	1667	1	1	1	1	0	1	1	0	0	1	1	1	0	1	1	1	0
0	52265	597	70	38	74	42	7	2	0	17	32	29	4	3	0	0	2	0	0	0	0	0	9	2	457143	414286	57143	42857	28571	1	0	5	6	30	1	4	0	0	1	3	1	0	0	0	1	0	-7577	1420199	6111	6111	48739	55683	6.533.337	1024485	0	6365781	2642697	47187	-55329	-59503	-61039	1	5	6667	8333	9	5	8333	1	7476	1667	625	0	0	0	0	0	0	0	0	0	0	0	0	0	0	0	0
1	53507	66	59	34	62	37	7	4	0	12	25	23	0	6	0	2	2	1	0	0	0	3	11	3	423729	389831	0	101695	50847	1	0	4	7	24	2	2	0	0	0	4	0	0	0	2	0	0	-671	1240879	8674	1035	3829	40701	6.020.568	1405459	0	5803488	2412249	43649	-46447	-49576	-5059	0	75	8333	8333	7	5	8333	1	7786	1667	875	0	0	0	0	0	0	0	0	0	0	0	0	0	0	0	0
1	49205	71	55	31	57	33	7	4	0	12	24	21	1	4	0	2	2	1	0	0	0	3	10	3	436364	381818	18182	72727	54545	1	0	3	3	18	0	3	0	0	0	3	0	0	0	0	0	0	-2648	1165804	8031	9707	41822	5082	5.718.988	1349511	16405	5486545	2282354	40767	-49449	-52931	-54122	0	75	8333	1	8	5	1	1	8405	1667	875	0	0	0	0	0	0	0	0	0	0	0	0	0	0	0	0
0	29347	1158	43	20	45	22	4	2	0	6	23	16	1	2	0	1	0	0	0	0	0	1	4	0	534884	372093	23256	46512	0	1	0	3	6	18	3	1	0	0	1	1	1	1	0	0	1	1	-3205	812972	4617	5455	26858	3419	3.921.633	607179	16405	3802159	1592033	27655	-3673	-38715	-39158	0	1	1	1	1	1	1	1	1	8333	1	1	1	1	0	1	1	0	0	1	0	1	0	1	1	1	0
0	41356	731	58	31	61	34	6	1	0	22	27	26	3	2	0	0	0	0	0	0	0	0	5	0	465517	448276	51724	34483	0	1	0	4	5	23	1	3	0	0	1	3	0	0	1	0	0	0	-831	1233699	4684	4684	40588	50409	5.504.601	560547	0	5450831	2267717	38686	-484	-51759	-52888	0	1	1	1	8	5	1	1	9	3333	1	1	0	0	0	0	0	1	0	0	0	0	0	0	0	1	0
0	33987	996	40	22	41	23	5	2	0	12	18	16	1	3	0	1	0	1	0	0	0	2	6	1	45	40	25	75	25	1	0	2	2	12	0	2	0	0	0	2	0	0	0	0	0	0	-2648	903157	5761	6599	30774	40385	4.338.488	885149	426833	4069103	1701436	29409	-40058	-42435	-43074	0	1	1	1	8	5	1	1	9	1667	1	1	1	1	1	1	0	1	0	1	0	0	0	1	0	1	0
1	36028	996	37	22	38	23	5	2	0	12	15	15	1	3	0	1	0	2	0	0	0	3	7	2	405405	405405	27027	81081	54054	1	0	2	2	12	0	2	0	0	0	2	0	0	0	0	0	0	-22	900793	5761	6599	33454	42167	4.291.739	885149	426833	4038372	1688841	292	-42336	-44981	-45754	0	1	1	1	8	5	1	1	9	1667	1	1	0	1	0	1	0	0	0	1	0	0	0	1	0	1	0
1	48946	688	57	31	58	32	10	3	0	12	26	21	2	5	0	1	0	2	0	0	0	3	10	2	45614	368421	35088	87719	35088	1	0	2	2	12	0	2	0	0	0	2	0	0	0	0	0	0	-2648	1231594	8715	9553	3117	49845	6.290.362	127784	426833	573206	2382975	42174	-40395	-42812	-4347	0	1	6667	8333	1	1	1	1	9286	1667	875	0	0	0	0	0	0	0	0	0	0	0	0	0	0	0	0
1	41763	759	57	30	60	33	7	0	0	22	27	24	5	0	0	1	0	0	0	0	0	1	6	0	473684	421053	87719	0	0	1	0	4	4	22	0	4	0	0	2	2	0	0	0	0	0	0	-3819	1271208	4598	7422	43933	56225	5.457.482	547061	180108	5462292	2272415	37783	-51243	-54937	-56233	0	75	1	1	8	5	1	1	8643	1667	875	0	0	0	0	0	0	0	0	0	0	0	0	0	0	0	0
1	49615	706	62	32	65	35	8	3	0	11	30	23	3	3	0	2	0	1	0	0	0	3	9	1	483871	370968	48387	48387	16129	1	0	4	7	23	3	2	0	0	2	1	1	1	0	0	1	1	2389	1309759	7851	11513	30969	44061	6.098.154	1069979	344157	5949834	2472227	43098	-40224	-42621	-43269	0	1	8333	1	1	1	1	1	9762	1667	875	0	0	0	0	0	0	0	0	0	0	0	0	0	0	0	0
0	53712	603	67	36	69	38	12	2	0	18	31	27	2	3	0	1	2	1	0	0	0	2	9	3	462687	402985	29851	44776	44776	1	0	3	3	18	0	3	0	0	0	3	0	0	0	0	0	0	-7443	1420179	4985	5823	49078	70623	6.783.737	898759	0	6473256	2686744	47635	-55616	-59824	-61378	1	5	5	6667	9	5	6667	5	6048	3333	625	0	0	0	0	0	0	0	0	0	0	0	0	0	0	0	0
0	37091	862	49	26	51	28	7	2	0	12	23	21	2	2	0	0	0	1	0	0	0	1	5	1	469388	428571	40816	40816	20408	1	0	3	4	17	1	2	0	0	1	2	0	0	1	0	0	0	-3697	1067336	4533	4533	38106	42154	4.855.248	572799	180108	4712791	1965242	34665	-4629	-49401	-50406	0	1	1	1	8	5	1	1	9	3333	1	1	0	1	0	1	0	1	1	1	0	0	0	1	0	1	0
0	40094	794	53	28	55	30	8	2	0	12	25	22	2	3	0	0	0	1	0	0	0	1	6	1	471698	415094	37736	56604	18868	1	0	3	4	17	1	2	0	0	1	2	0	0	1	0	0	0	-3585	1131968	5456	5456	35058	4199	5.267.171	682798	180108	5044352	2101128	37274	-43699	-46505	-47358	0	1	1	1	1	1	1	1	1	3333	1	1	0	1	0	0	0	1	1	1	0	0	0	1	0	1	0
0	51508	639	62	35	65	38	8	3	0	18	27	25	4	4	0	1	0	1	0	0	0	2	10	1	435484	403226	64516	64516	16129	1	0	4	5	24	1	3	0	0	0	4	0	0	0	1	0	0	2189	1374225	10583	11421	31942	49833	6.237.946	1347834	328972	612392	2543574	4454	-41051	-43545	-44242	0	75	8333	8333	7	5	8333	1	7786	1667	875	0	0	0	0	0	0	0	0	0	0	0	0	0	0	0	0
1	50006	66	60	34	63	37	8	3	0	18	26	25	3	4	0	1	0	1	0	0	0	2	9	1	433333	416667	5	66667	16667	1	0	4	5	24	1	3	0	0	0	4	0	0	0	1	0	0	-7293	1324086	7981	8819	28626	51908	609.388	1018862	0	595814	2475631	4344	-38232	-40394	-40926	0	75	8333	8333	7	5	8333	1	7786	3333	875	0	0	0	0	0	0	0	0	0	0	0	0	0	0	0	0
1	52015	639	69	35	72	38	9	3	0	12	34	26	3	4	0	1	0	1	0	0	0	2	9	1	492754	376812	43478	57971	14493	1	0	4	5	23	1	3	0	0	1	3	0	0	0	1	0	0	-737	1400478	7016	7854	32814	54487	6.677.684	88225	0	6406478	2659376	47052	-41792	-44373	-45114	0	75	8333	6667	9	1	8333	1	8548	1667	875	0	0	0	0	0	0	0	0	0	0	0	0	0	0	0	0
1	52015	639	69	35	72	38	10	3	0	12	34	26	3	4	0	1	0	1	0	0	0	2	9	1	492754	376812	43478	57971	14493	1	0	4	5	23	1	3	0	0	1	3	0	0	0	1	0	0	-737	1403776	7016	7854	32814	542	6.635.834	88225	0	6406478	2659376	47052	-41792	-44373	-45114	0	75	6667	6667	9	1	8333	1	831	1667	875	0	0	0	0	0	0	0	0	0	0	0	0	0	0	0	0
1	57397	603	63	36	65	38	12	3	0	17	27	24	4	4	0	1	0	3	0	0	0	4	12	3	428571	380952	63492	63492	47619	1	0	3	3	17	0	3	0	0	1	2	0	0	0	0	0	0	-6616	1432062	8474	9312	34666	57087	6.905.718	1018862	0	6548339	2717516	47352	-43366	-46133	-46966	0	75	6667	6667	7	5	6667	5	6357	1667	75	0	0	0	0	0	0	0	0	0	0	0	0	0	0	0	0
1	56956	586	67	37	69	39	13	3	0	17	30	25	4	5	0	1	0	2	0	0	0	3	12	2	447761	373134	59701	74627	29851	1	0	3	3	17	0	3	0	0	1	2	0	0	0	0	0	0	-2845	1452173	10497	11335	27276	44398	7.173.337	1445695	426833	6676578	2770073	4844	-37085	-39112	-39576	0	75	5	6667	9	1	6667	5	7119	3333	75	0	0	0	0	0	0	0	0	0	0	0	0	0	0	0	0
1	49259	631	62	37	67	42	6	1	0	28	25	30	4	2	0	0	1	0	0	0	0	0	7	1	403226	483871	64516	32258	16129	1	0	6	8	34	2	4	0	0	2	4	0	0	2	0	0	0	-4186	1424817	6432	6432	50399	58827	5.741.431	887805	178882	6006977	2495646	42959	-56739	-61079	-62699	0	75	5	8333	5	5	8333	1	7024	1667	625	0	0	0	0	0	0	0	0	0	0	0	0	0	0	0	0
0	50662	612	65	38	70	43	6	1	0	28	27	31	4	2	0	0	1	0	0	0	0	0	7	1	415385	476923	61538	30769	15385	1	0	6	8	34	2	4	0	0	2	4	0	0	2	0	0	0	-81	1467165	5346	5346	52289	62362	6.029.663	73894	0	624103	259157	44689	-58346	-62875	-64589	1	5	5	6667	4	5	6667	1	6048	3333	625	0	0	0	0	0	0	0	0	0	0	0	0	0	0	0	0
0	42557	726	59	32	63	36	5	1	0	22	27	27	3	2	0	0	0	0	0	0	0	0	5	0	457627	457627	50847	33898	0	1	0	5	7	28	2	3	0	0	2	3	0	0	2	0	0	0	-8363	1259391	4684	4684	42601	48907	5.508.889	560547	0	5504485	2289707	3918	-5011	-53671	-54901	0	75	1	1	8	5	1	1	8643	3333	75	1	0	0	0	0	0	1	0	0	0	0	0	0	0	1	0
1	50505	706	55	32	58	35	4	4	0	12	23	21	2	4	0	2	2	1	0	0	0	3	11	3	418182	381818	36364	72727	54545	1	0	4	5	24	1	3	0	0	0	4	0	0	0	1	0	0	-2478	1186915	8355	10031	46282	4131	5.596.503	1364697	16405	5471927	2276363	40631	-5324	-57168	-58582	1	5	6667	8333	7	5	8333	1	719	1667	75	0	0	0	0	0	0	0	0	1	0	0	0	0	0	0	0
1	30647	1143	43	21	46	24	1	2	0	6	22	16	2	2	0	1	0	0	0	0	0	1	5	0	511628	372093	46512	46512	0	1	0	4	7	23	3	1	0	0	2	1	1	1	0	0	1	1	-2913	832883	4941	5779	3096	26856	3.824.494	622365	16405	3787542	1586042	27519	-40216	-42612	-4326	0	1	1	1	8	5	1	1	9	5	1	1	1	1	0	1	1	0	0	1	1	1	0	1	1	1	0
1	44554	701	57	33	61	37	5	3	0	17	24	25	5	2	0	0	1	0	0	0	0	0	8	1	421053	438596	87719	35088	17544	1	0	5	6	27	1	4	0	0	3	2	0	1	0	0	0	0	-7512	1248347	6518	6518	3912	38546	5.371.606	909246	0	5397176	2245728	39617	-47152	-50364	-5142	0	1	1	1	8	5	1	1	9	1667	875	1	0	0	0	0	0	1	0	1	0	0	0	1	0	1	0
1	46951	677	56	34	60	38	4	4	0	15	22	24	5	2	0	0	3	0	0	0	0	0	10	3	392857	428571	89286	35714	53571	1	0	5	7	28	2	3	0	0	2	3	0	0	1	1	0	0	-7001	1234185	6506	6506	31724	23753	517.662	1182044	0	5293023	2203042	39365	-40866	-43338	-44024	0	1	8333	1	8	5	1	1	8762	1667	75	1	0	0	0	0	0	0	0	1	0	0	0	1	0	0	0
1	4705	677	55	34	59	38	4	4	0	15	21	23	6	2	0	0	3	0	0	0	0	0	11	3	381818	418182	109091	36364	54545	1	0	5	7	28	2	3	0	0	2	3	0	0	1	1	0	0	-671	1212142	7795	7795	30301	12841	5.123.425	1349899	0	5224751	2175062	38735	-39656	-41986	-42601	0	1	8333	1	8	5	1	1	8762	1667	75	1	0	0	0	0	0	0	0	1	0	0	0	1	0	0	0
1	4705	677	55	34	59	38	4	4	0	15	21	23	6	2	0	0	3	0	0	0	0	0	11	3	381818	418182	109091	36364	54545	1	0	5	7	28	2	3	0	0	2	3	0	0	1	1	0	0	-671	1208896	7795	7795	22181	16532	5.123.425	1349899	0	5224751	2175062	38735	-32754	-34272	-34481	0	1	8333	1	8	5	1	1	8762	3333	75	1	0	0	0	0	0	0	0	1	0	0	0	1	0	0	0
1	43595	753	53	31	57	35	4	4	0	15	22	23	5	2	0	0	0	1	0	0	0	1	8	1	415094	433962	9434	37736	18868	1	0	5	7	28	2	3	0	0	2	3	0	0	1	1	0	0	-7351	1222496	6506	6506	28622	20974	5.044.858	73324	0	5174585	2154502	37335	-38229	-40391	-40922	0	1	1	1	8	5	1	1	9	3333	875	1	0	0	0	0	0	0	0	1	0	0	0	1	0	1	0
1	46951	677	56	34	60	38	4	4	0	15	22	24	5	2	0	0	3	0	0	0	0	0	10	3	392857	428571	89286	35714	53571	1	0	5	7	28	2	3	0	0	2	3	0	0	1	1	0	0	-7001	1234185	6506	6506	31724	23753	517.662	1182044	0	5293023	2203042	39365	-40866	-43338	-44024	0	1	8333	1	8	5	1	1	8762	1667	75	1	0	0	0	0	0	0	0	1	0	0	0	1	0	0	0
1	46951	677	56	34	60	38	4	4	0	15	22	24	5	2	0	0	3	0	0	0	0	0	10	3	392857	428571	89286	35714	53571	1	0	5	7	28	2	3	0	0	2	3	0	0	1	1	0	0	-7001	1234185	6506	6506	31724	23753	517.662	1182044	0	5293023	2203042	39365	-40866	-43338	-44024	0	1	8333	1	8	5	1	1	8762	1667	75	1	0	0	0	0	0	0	0	1	0	0	0	1	0	0	0
1	4705	677	55	34	59	38	4	4	0	15	21	23	6	2	0	0	3	0	0	0	0	0	11	3	381818	418182	109091	36364	54545	1	0	5	7	28	2	3	0	0	2	3	0	0	1	1	0	0	-671	1205176	7795	7795	22181	20817	5.123.425	1349899	0	5224751	2175062	38735	-32754	-34272	-34481	0	1	8333	1	8	5	1	1	8762	3333	75	1	0	0	0	0	0	0	0	1	0	0	0	1	0	0	0
1	4916	631	63	37	68	42	6	1	0	28	26	31	3	2	0	0	1	0	0	0	0	0	6	1	412698	492063	47619	31746	15873	1	0	6	8	34	2	4	0	0	2	4	0	0	2	0	0	0	-8317	1422359	4684	4684	51889	60321	5.824.541	710148	0	6075249	2523627	43589	-58005	-62494	-64189	0	75	5	8333	5	5	8333	1	7024	3333	625	0	0	0	0	0	0	0	0	0	0	0	0	0	0	0	0
1	41154	753	56	31	60	35	5	1	0	22	25	26	3	2	0	0	0	0	0	0	0	0	5	0	446429	464286	53571	35714	0	1	0	5	7	28	2	3	0	0	2	3	0	0	2	0	0	0	-831	1219245	4684	4684	40588	47944	5.143.365	560547	0	5270432	2193784	3745	-484	-51759	-52888	0	1	1	1	8	5	1	1	9	3333	875	1	0	0	0	0	0	1	0	0	0	0	0	0	0	1	0
1	45957	677	60	34	64	38	5	3	0	17	26	26	5	2	0	0	1	0	0	0	0	0	8	1	433333	433333	83333	33333	16667	1	0	5	6	28	1	4	0	0	2	3	0	0	1	0	0	0	-7585	1297001	6518	6518	41147	3917	5.632.373	909246	0	5631229	2341651	41347	-48875	-5229	-53447	0	1	8333	1	8	5	1	1	8762	1667	875	1	0	0	0	0	0	1	0	0	0	0	0	0	0	0	0
0	41154	753	56	31	60	35	5	1	0	22	25	26	3	2	0	0	0	0	0	0	0	0	5	0	446429	464286	53571	35714	0	1	0	5	7	29	2	3	0	0	1	4	0	0	1	1	0	0	-831	1216379	4684	4684	40588	46294	5.143.365	560547	0	5270432	2193784	3745	-484	-51759	-52888	0	1	1	1	8	5	1	1	9	3333	875	1	0	0	0	0	0	1	0	0	0	0	0	1	0	1	0
1	4736	655	63	35	67	39	5	3	0	17	28	27	5	2	0	0	1	0	0	0	0	0	8	1	444444	428571	79365	31746	15873	1	0	5	6	29	1	4	0	0	2	2	1	0	0	1	0	0	-7654	1343439	6518	6518	43145	4497	5.893.141	909246	0	5865282	2437575	43077	-50573	-54187	-55445	0	75	8333	1	8	5	1	1	8405	1667	625	0	0	0	0	0	0	0	0	0	0	0	0	0	0	0	0
1	56814	597	70	38	74	42	7	3	0	12	32	27	3	4	0	1	2	1	0	0	0	2	11	3	457143	385714	42857	57143	42857	1	0	5	5	27	0	5	1	0	0	4	0	0	0	0	0	0	-7055	1415511	7016	7854	39431	57985	6.713.781	1181452	0	6518605	270533	4876	-47417	-5066	-51731	0	75	8333	8333	9	1	8333	1	8786	1667	75	0	0	0	0	0	0	0	0	0	0	0	0	0	0	0	0
1	4246	759	55	30	58	33	6	0	0	21	25	22	6	0	0	1	1	0	0	0	0	1	8	1	454545	40	109091	0	18182	1	0	4	4	21	0	4	0	0	3	1	0	0	0	0	0	0	-3159	1192507	6056	888	45952	54341	5.362.788	832049	180108	5260631	2189767	36294	-5296	-56855	-58252	0	75	8333	1	8	5	1	1	8405	1667	875	1	0	0	0	0	0	0	0	0	0	0	0	0	0	0	0
1	43664	731	59	31	62	34	7	0	0	21	28	23	6	1	0	1	0	0	0	0	0	1	8	0	474576	389831	101695	16949	0	1	0	4	4	21	0	4	0	0	3	1	0	0	0	0	0	0	-3287	1254975	6979	9803	3943	52122	5.746.373	792447	180108	5562957	2313671	38296	-47416	-50659	-5173	0	1	1	1	8	5	1	1	9	1667	1	1	0	0	0	0	0	0	0	0	0	0	0	0	0	0	0
1	43763	731	58	31	61	34	7	0	0	21	27	22	7	1	0	1	0	0	0	0	0	1	9	0	465517	37931	12069	17241	0	1	0	4	4	21	0	4	0	0	3	1	0	0	0	0	0	0	-2967	1232821	8268	11092	37919	50292	5.693.179	960302	180108	5494684	228569	37666	-46131	-49223	-50219	0	1	1	1	8	5	1	1	9	1667	1	1	0	0	0	0	0	1	0	0	0	0	0	0	0	1	0
1	40661	788	55	29	58	32	6	0	0	21	26	22	6	0	0	1	0	0	0	0	0	1	7	0	472727	40	109091	0	0	1	0	4	4	21	0	4	0	0	3	1	0	0	0	0	0	0	-3364	1190343	6056	888	44873	52286	533.445	682448	180108	5231395	2177785	35687	-52042	-5583	-57173	0	75	1	1	8	5	1	1	8643	1667	875	1	0	0	0	0	0	0	0	0	0	0	0	0	0	0	0
1	4076	788	54	29	57	32	6	0	0	21	25	21	7	0	0	1	0	0	0	0	0	1	8	0	462963	388889	12963	0	0	1	0	4	4	21	0	4	0	0	3	1	0	0	0	0	0	0	-3023	1171909	7345	10169	43214	46171	5.281.255	850303	180108	5163123	2149804	35057	-50632	-54253	-55514	0	75	1	1	8	5	1	1	8643	1667	875	1	0	0	0	0	0	1	1	0	0	0	0	1	0	1	0
1	41057	788	52	29	55	32	6	0	0	21	23	21	6	0	0	1	1	0	0	0	0	1	8	1	442308	403846	115385	0	19231	1	0	4	4	21	0	4	0	0	3	1	0	0	0	0	0	0	-3023	1147497	6056	888	43785	50172	5.039.114	832049	180108	5026578	2093843	34564	-51117	-54795	-56085	0	75	1	1	8	5	1	1	8643	1667	875	1	0	0	0	0	0	1	0	0	0	0	0	0	0	1	0
1	4236	759	55	30	58	33	7	0	0	21	25	21	7	1	0	1	0	0	0	0	0	1	9	0	454545	381818	127273	18182	0	1	0	4	4	21	0	4	0	0	3	1	0	0	0	0	0	0	-2829	1187811	8268	11092	35731	46123	5.369.504	960302	180108	5260631	2189767	35936	-44271	-47144	-48031	0	1	1	1	8	5	1	1	9	1667	1	1	0	0	0	0	0	1	0	0	0	0	0	1	0	1	0
1	43648	759	46	30	49	33	5	0	0	21	16	19	6	0	0	1	4	0	0	0	0	1	11	4	347826	413043	130435	0	86957	1	0	4	4	21	0	4	0	0	3	1	0	0	0	0	0	0	-2169	1065585	6056	888	42686	4976	4.565.031	1280853	180108	4646179	1937942	32925	-50183	-53751	-54986	0	75	1	1	8	5	1	1	8643	1667	875	1	0	0	0	0	0	1	0	0	0	0	0	0	0	1	0
1	44951	731	49	31	52	34	6	0	0	21	18	19	7	1	0	1	3	0	0	0	0	1	12	3	367347	387755	142857	20408	61224	1	0	4	4	21	0	4	0	0	3	1	0	0	0	0	0	0	-2008	1105899	8268	11092	34621	45711	4.895.422	1409106	180108	4880233	2033866	34297	-43328	-4609	-46921	0	1	1	1	8	5	1	1	9	1667	1	1	0	0	0	0	0	1	0	0	0	0	0	1	0	1	0
1	42258	782	53	30	57	34	6	0	0	21	23	22	6	0	0	1	1	0	0	0	0	1	8	1	433962	415094	113208	0	18868	1	0	5	5	24	0	5	1	0	3	1	0	0	0	0	0	0	-3159	1174485	6056	888	45952	50625	5.001.552	832049	180108	5080233	2115833	35058	-5296	-56855	-58252	0	75	8333	1	8	5	1	1	8405	1667	75	1	0	0	0	0	0	1	0	0	0	0	0	0	0	1	0
1	43561	753	56	31	60	35	7	0	0	21	25	22	7	1	0	1	0	0	0	0	0	1	9	0	446429	392857	125	17857	0	1	0	5	5	24	0	5	1	0	3	1	0	0	0	0	0	0	-2967	1214799	8268	11092	37919	46576	5.331.943	960302	180108	5314286	2211756	3643	-46131	-49223	-50219	0	1	1	1	8	5	1	1	9	1667	875	1	0	0	0	0	0	1	0	0	0	0	0	1	0	1	0
1	46048	682	53	33	56	36	6	0	0	22	20	22	6	1	0	0	4	0	0	0	0	0	11	4	377358	415094	113208	18868	75472	1	0	4	4	22	0	4	0	0	2	2	0	0	0	0	0	0	-2619	1136938	6979	6979	48922	49402	5.125.668	1390852	180108	5102824	2125092	36879	-55484	-59676	-61222	0	75	6667	1	8	5	1	1	8167	1667	75	1	0	0	0	0	0	1	0	0	0	0	0	0	0	0	0
0	42495	782	52	30	56	34	4	0	0	21	22	22	6	0	0	0	1	1	0	0	0	1	8	2	423077	423077	115385	0	38462	1	0	5	7	28	2	3	0	0	2	3	0	0	2	0	0	0	-3159	1209375	6004	6004	53522	57516	4.874.593	830824	180108	501196	2087853	34728	-59394	-64046	-65822	0	75	8333	8333	7	5	8333	1	7786	1667	75	0	0	0	0	0	0	0	0	0	0	0	0	0	0	0	0
1	4705	677	55	34	59	38	4	4	0	15	21	23	6	2	0	0	3	0	0	0	0	0	11	3	381818	418182	109091	36364	54545	1	0	5	7	28	2	3	0	0	2	3	0	0	1	1	0	0	-671	1219751	7795	7795	30301	21541	5.129.551	1348674	0	5224751	2175062	38735	-39656	-41986	-42601	0	1	8333	1	8	5	1	1	8762	1667	75	1	0	0	0	0	0	0	0	1	0	0	0	1	0	0	0
0	43661	753	56	31	60	35	5	0	0	21	25	23	6	0	0	1	1	0	0	0	0	1	8	1	446429	410714	107143	0	17857	1	0	5	6	27	1	4	0	0	3	2	0	0	1	0	0	0	-7351	1229119	5177	8001	48082	53314	5.189.317	683185	0	5314286	2211756	36788	-5477	-58878	-60382	0	75	8333	1	8	5	1	1	8405	1667	75	1	0	0	0	0	0	0	0	0	0	0	0	0	0	0	0
0	44964	726	59	32	63	36	6	0	0	21	27	23	7	1	0	1	0	0	0	0	0	1	9	0	457627	389831	118644	16949	0	1	0	5	6	27	1	4	0	0	3	2	0	0	1	0	0	0	-7124	1269433	7389	10213	40067	49265	5.519.707	811438	0	5548339	230768	3816	-47957	-51264	-52367	0	1	1	1	8	5	1	1	9	1667	875	1	0	0	0	0	0	1	0	0	0	0	0	0	0	1	0
1	45064	726	59	32	63	36	5	0	0	21	27	24	6	0	0	1	1	0	0	0	0	1	8	1	457627	40678	101695	0	16949	1	0	5	6	26	1	4	0	0	4	1	0	1	0	0	0	0	-3407	1270383	6056	888	50176	58005	5.560.648	832049	180108	5548339	230768	38518	-56549	-60867	-62476	0	75	6667	8333	7	5	8333	1	7548	1667	75	0	0	0	0	0	0	0	0	0	0	0	0	0	0	0	0
1	40855	813	50	29	54	33	5	0	0	21	21	21	6	0	0	1	1	0	0	0	0	1	8	1	42	42	12	0	2	1	0	5	6	26	1	4	0	0	4	1	0	1	0	0	0	0	-3023	1134142	6056	888	43785	46693	4.640.317	832049	180108	4846179	201991	33328	-51117	-54795	-56085	0	75	1	1	8	5	1	1	8643	1667	75	1	0	0	0	0	0	1	1	0	0	0	0	1	0	1	0
1	43661	753	56	31	60	35	5	0	0	21	25	23	6	0	0	1	1	0	0	0	0	1	8	1	446429	410714	107143	0	17857	1	0	5	6	26	1	4	0	0	4	1	0	1	0	0	0	0	-3287	1224897	6056	888	48082	55487	526.232	832049	180108	5314286	2211756	36788	-5477	-58878	-60382	0	75	8333	1	8	5	1	1	8405	1667	75	1	0	0	0	0	0	0	0	0	0	0	0	0	0	0	0
1	42258	782	53	30	57	34	5	0	0	21	23	22	6	0	0	1	1	0	0	0	0	1	8	1	433962	415094	113208	0	18868	1	0	5	6	27	1	4	0	0	3	2	0	0	1	0	0	0	-3159	1180152	6056	888	45952	51255	4.901.084	832049	180108	5080233	2115833	35058	-5296	-56855	-58252	0	75	8333	1	8	5	1	1	8405	1667	75	1	0	0	0	0	0	1	0	0	0	0	0	0	0	0	0
1	43661	753	56	31	60	35	5	0	0	21	25	23	6	0	0	1	1	0	0	0	0	1	8	1	446429	410714	107143	0	17857	1	0	5	6	28	1	4	0	0	3	1	1	0	0	1	0	0	-3287	1226162	6056	888	48082	55817	5.161.852	832049	180108	5314286	2211756	36788	-5477	-58878	-60382	0	75	8333	1	8	5	1	1	8405	1667	75	1	0	0	0	0	0	0	0	0	0	0	0	0	0	0	0
1	42158	782	53	30	57	34	5	0	0	21	23	21	7	1	0	1	0	0	0	0	0	1	9	0	433962	396226	132075	18868	0	1	0	5	6	27	1	4	0	0	3	2	0	0	1	0	0	0	276	1172775	9368	12192	35731	44696	503.82	1277137	606941	5080233	2115833	347	-44271	-47144	-48031	0	1	1	1	8	5	1	1	9	1667	875	1	0	1	0	0	0	1	1	1	0	0	0	1	0	1	0
1	43462	753	57	31	61	35	6	0	0	21	26	23	6	1	0	1	0	0	0	0	0	1	8	0	45614	403509	105263	17544	0	1	0	5	6	27	1	4	0	0	3	2	0	0	1	0	0	0	-3287	124262	6979	9803	3943	49036	528.467	792447	180108	5382558	2239737	3706	-47416	-50659	-5173	0	1	1	1	8	5	1	1	9	1667	875	1	0	0	0	0	0	1	0	0	0	0	0	0	0	1	0
1	46367	701	62	33	66	37	6	0	0	21	29	24	7	1	0	1	0	0	0	0	0	1	9	0	467742	387097	112903	16129	0	1	0	5	6	26	1	4	0	0	4	1	0	1	0	0	0	0	-322	1310697	8268	11092	42179	53956	5.891.039	960302	180108	5782392	2403603	3989	-49752	-5327	-54479	0	75	8333	1	8	5	1	1	8405	1667	625	0	0	0	0	0	0	0	0	0	0	0	0	0	0	0	0
1	42158	782	53	30	57	34	6	0	0	21	23	21	7	1	0	1	0	0	0	0	0	1	9	0	433962	396226	132075	18868	0	1	0	5	6	26	1	4	0	0	4	1	0	1	0	0	0	0	-2829	1174456	8268	11092	35731	42644	4.970.708	960302	180108	5080233	2115833	347	-44271	-47144	-48031	0	1	1	1	8	5	1	1	9	1667	875	1	0	1	0	0	0	1	1	1	0	0	0	1	0	1	0
1	44964	726	59	32	63	36	6	0	0	21	27	23	7	1	0	1	0	0	0	0	0	1	9	0	457627	389831	118644	16949	0	1	0	5	6	26	1	4	0	0	4	1	0	1	0	0	0	0	-3097	1265211	8268	11092	40067	51438	559.271	960302	180108	5548339	230768	3816	-47957	-51264	-52367	0	1	1	1	8	5	1	1	9	1667	875	1	0	0	0	0	0	1	0	0	0	0	0	0	0	0	0
1	43561	753	56	31	60	35	6	0	0	21	25	22	7	1	0	1	0	0	0	0	0	1	9	0	446429	392857	125	17857	0	1	0	5	6	27	1	4	0	0	3	2	0	0	1	0	0	0	-2967	1220466	8268	11092	37919	47206	5.231.475	960302	180108	5314286	2211756	3643	-46131	-49223	-50219	0	1	1	1	8	5	1	1	9	1667	875	1	0	0	0	0	0	1	0	0	0	0	0	0	0	1	0
1	44964	726	59	32	63	36	6	0	0	21	27	23	7	1	0	1	0	0	0	0	0	1	9	0	457627	389831	118644	16949	0	1	0	5	6	28	1	4	0	0	3	1	1	0	0	1	0	0	-3097	1266476	8268	11092	40067	51768	5.492.242	960302	180108	5548339	230768	3816	-47957	-51264	-52367	0	1	1	1	8	5	1	1	9	1667	875	1	0	0	0	0	0	1	0	0	0	0	0	0	0	0	0
0	40459	813	53	29	57	33	5	0	0	21	24	22	6	0	0	1	0	0	0	0	0	1	7	0	45283	415094	113208	0	0	1	0	5	6	27	1	4	0	0	3	2	0	0	1	0	0	0	-3364	1177988	6056	888	44873	492	4.872.746	682448	180108	5050997	2103851	34451	-52042	-5583	-57173	0	75	1	1	8	5	1	1	8643	1667	75	1	0	0	0	0	0	1	1	0	0	0	0	0	0	1	0
0	40558	813	52	29	56	33	5	0	0	21	23	21	7	0	0	1	0	0	0	0	0	1	8	0	442308	403846	134615	0	0	1	0	5	6	27	1	4	0	0	3	2	0	0	1	0	0	0	-3023	1159554	7345	10169	43214	43085	4.819.552	850303	180108	4982724	2075871	33821	-50632	-54253	-55514	0	75	1	1	8	5	1	1	8643	1667	75	1	0	1	0	0	0	1	1	1	0	0	0	1	0	1	0
1	4366	753	55	31	59	35	6	0	0	21	24	21	8	1	0	1	0	0	0	0	0	1	10	0	436364	381818	145455	18182	0	1	0	5	6	27	1	4	0	0	3	2	0	0	1	0	0	0	-2648	1202032	9557	12381	36461	41091	517.828	1128158	180108	5246013	2183776	358	-44892	-47838	-48761	0	1	8333	1	8	5	1	1	8762	1667	875	1	0	0	0	0	0	1	0	1	0	0	0	1	0	1	0
0	44052	726	55	32	59	36	4	0	0	21	23	23	6	0	0	0	3	0	0	0	0	0	9	3	418182	418182	109091	0	54545	1	0	5	7	28	2	3	0	0	2	3	0	0	2	0	0	0	-3097	1200787	6004	6004	58296	57515	5.015.579	1130026	180108	5101163	2124411	36151	-63451	-68581	-70596	0	75	8333	8333	7	5	8333	1	7786	1667	75	0	0	0	0	0	0	0	0	0	0	0	0	0	0	0	0
1	41092	813	49	29	53	33	4	0	0	21	20	21	6	0	0	0	1	1	0	0	0	1	8	2	408163	428571	122449	0	40816	1	0	5	7	28	2	3	0	0	2	3	0	0	2	0	0	0	-3023	114835	6004	6004	51392	50562	4.613.826	830824	180108	4777907	1991929	32998	-57584	-62023	-63692	0	75	8333	8333	7	5	8333	1	7786	1667	75	1	0	0	0	0	0	1	0	0	0	0	0	0	0	1	0
1	39051	813	52	29	56	33	4	0	0	21	23	22	6	0	0	0	1	0	0	0	0	0	7	1	442308	423077	115385	0	19231	1	0	5	7	28	2	3	0	0	2	3	0	0	2	0	0	0	-3364	1150714	6004	6004	48712	4878	4.660.574	830824	180108	4808638	2004524	33207	-55306	-59477	-61012	0	75	8333	1	8	5	1	1	8405	1667	75	1	0	0	0	0	0	1	1	0	0	0	0	0	0	1	0
1	41092	813	49	29	53	33	4	0	0	21	20	21	6	0	0	0	1	1	0	0	0	1	8	2	408163	428571	122449	0	40816	1	0	5	7	28	2	3	0	0	2	3	0	0	2	0	0	0	-3023	114835	6004	6004	51392	50562	4.613.826	830824	180108	4777907	1991929	32998	-57584	-62023	-63692	0	75	8333	8333	7	5	8333	1	7786	1667	75	1	0	0	0	0	0	1	0	0	0	0	0	0	0	1	0
1	41246	782	49	30	53	34	4	0	0	21	19	21	6	0	0	0	3	0	0	0	0	0	9	3	387755	428571	122449	0	61224	1	0	5	7	28	2	3	0	0	2	3	0	0	2	0	0	0	-2829	110463	6004	6004	54072	48028	4.456.483	1130026	180108	4633056	1932564	32691	-59862	-64569	-66372	0	75	8333	8333	7	5	8333	1	7786	1667	75	1	0	0	0	0	0	1	1	0	0	0	0	0	0	1	0
0	37351	847	51	28	55	32	4	0	0	21	23	21	7	0	0	0	0	0	0	0	0	0	7	0	45098	411765	137255	0	0	1	0	5	7	28	2	3	0	0	2	3	0	0	2	0	0	0	-3231	1122484	7293	7293	35174	33183	4.579.042	849078	180108	471113	1964561	3197	-43798	-46615	-47474	0	1	1	1	8	5	1	1	9	1667	875	1	0	1	0	1	0	1	1	1	1	0	0	1	0	1	0
1	39293	847	49	28	53	32	4	0	0	21	21	21	6	0	0	0	0	1	0	0	0	1	7	1	428571	428571	122449	0	20408	1	0	5	7	28	2	3	0	0	2	3	0	0	2	0	0	0	-3231	1146186	6004	6004	47633	48507	4.585.488	681223	180108	4748671	1979947	32391	-54388	-58452	-59933	0	75	8333	1	8	5	1	1	8405	1667	75	1	0	0	0	0	0	1	1	0	0	0	0	0	0	1	0
1	41092	813	49	29	53	33	4	0	0	21	20	21	6	0	0	0	1	1	0	0	0	1	8	2	408163	428571	122449	0	40816	1	0	5	7	28	2	3	0	0	2	3	0	0	2	0	0	0	-3023	114835	6004	6004	51392	50562	4.613.826	830824	180108	4777907	1991929	32998	-57584	-62023	-63692	0	75	8333	8333	7	5	8333	1	7786	1667	75	1	0	0	0	0	0	1	0	0	0	0	0	0	0	1	0
1	37648	847	49	28	53	32	4	0	0	21	21	21	6	0	0	0	1	0	0	0	0	0	7	1	428571	428571	122449	0	20408	1	0	5	7	28	2	3	0	0	2	3	0	0	2	0	0	0	-3231	1100302	6004	6004	46545	43918	4.399.807	830824	180108	4574585	19086	31477	-53463	-57417	-58845	0	75	8333	1	8	5	1	1	8405	1667	75	1	0	1	0	1	0	1	1	1	0	0	0	1	0	1	0
1	39051	813	52	29	56	33	4	0	0	21	23	22	6	0	0	0	1	0	0	0	0	0	7	1	442308	423077	115385	0	19231	1	0	5	7	28	2	3	0	0	2	3	0	0	2	0	0	0	-3364	1150714	6004	6004	48712	4878	4.660.574	830824	180108	4808638	2004524	33207	-55306	-59477	-61012	0	75	8333	1	8	5	1	1	8405	1667	75	1	0	0	0	0	0	1	1	0	0	0	0	0	0	1	0
1	40256	782	56	30	60	34	5	0	0	21	26	22	8	0	0	0	0	0	0	0	0	0	8	0	464286	392857	142857	0	0	1	0	5	7	28	2	3	0	0	2	3	0	0	2	0	0	0	-3159	122399	7617	7617	40679	3737	5.038.805	880321	180108	5110963	2128428	348	-48477	-51845	-52979	0	1	1	1	8	5	1	1	9	1667	875	1	0	0	0	0	0	1	0	1	0	0	0	1	0	1	0
1	38951	813	52	29	56	33	5	0	0	21	23	21	7	1	0	0	0	0	0	0	0	0	8	0	442308	403846	134615	19231	0	1	0	5	7	28	2	3	0	0	2	3	0	0	2	0	0	0	-3023	1144336	8216	8216	38491	35584	4.730.198	959077	180108	4808638	2004524	32849	-46617	-49766	-50791	0	1	1	1	8	5	1	1	9	1667	875	1	0	1	0	0	0	1	1	1	0	0	0	1	0	1	0
1	39293	847	49	28	53	32	4	0	0	21	21	21	6	0	0	0	0	1	0	0	0	1	7	1	428571	428571	122449	0	20408	1	0	5	7	28	2	3	0	0	2	3	0	0	2	0	0	0	-3231	1146186	6004	6004	47633	48507	4.585.488	681223	180108	4748671	1979947	32391	-54388	-58452	-59933	0	75	8333	1	8	5	1	1	8405	1667	75	1	0	0	0	0	0	1	1	0	0	0	0	0	0	1	0
1	35849	883	49	27	53	31	4	0	0	21	22	21	6	0	0	0	0	0	0	0	0	0	6	0	44898	428571	122449	0	0	1	0	5	7	28	2	3	0	0	2	3	0	0	2	0	0	0	-3456	1098138	6004	6004	42766	41863	4.371.469	681223	180108	4545349	1896618	3087	-50251	-53827	-55066	0	75	1	1	8	5	1	1	8643	1667	75	1	0	1	0	1	0	1	1	1	0	0	0	1	0	1	0
1	37252	847	52	28	56	32	4	0	0	21	24	22	6	0	0	0	0	0	0	0	0	0	6	0	461538	423077	115385	0	0	1	0	5	7	28	2	3	0	0	2	3	0	0	2	0	0	0	-3585	114855	6004	6004	44953	46725	4.632.237	681223	180108	4779402	1992542	326	-5211	-55906	-57253	0	75	1	1	8	5	1	1	8643	1667	75	1	0	0	0	0	0	1	1	0	0	0	0	1	0	1	0
1	39293	847	49	28	53	32	4	0	0	21	21	21	6	0	0	0	0	1	0	0	0	1	7	1	428571	428571	122449	0	20408	1	0	5	7	28	2	3	0	0	2	3	0	0	2	0	0	0	-3231	1146186	6004	6004	47633	48507	4.585.488	681223	180108	4748671	1979947	32391	-54388	-58452	-59933	0	75	8333	1	8	5	1	1	8405	1667	75	1	0	0	0	0	0	1	1	0	0	0	0	0	0	1	0
1	35948	883	48	27	52	31	4	0	0	21	21	20	7	0	0	0	0	0	0	0	0	0	7	0	4375	416667	145833	0	0	1	0	5	7	28	2	3	0	0	2	3	0	0	2	0	0	0	-3089	1076569	7293	7293	32944	30357	4.318.274	849078	180108	4477076	1868638	3024	-41903	-44497	-45244	0	1	1	1	8	5	1	1	9	1667	875	1	1	1	0	1	0	1	0	1	1	0	0	1	0	1	0
0	37351	847	51	28	55	32	4	0	0	21	23	21	7	0	0	0	0	0	0	0	0	0	7	0	45098	411765	137255	0	0	1	0	5	7	28	2	3	0	0	2	3	0	0	2	0	0	0	-3231	1122484	7293	7293	35174	33183	4.579.042	849078	180108	471113	1964561	3197	-43798	-46615	-47474	0	1	1	1	8	5	1	1	9	1667	875	1	0	1	0	1	0	1	1	1	1	0	0	1	0	1	0
1	38951	813	52	29	56	33	5	0	0	21	23	21	7	1	0	0	0	0	0	0	0	0	8	0	442308	403846	134615	19231	0	1	0	5	7	28	2	3	0	0	2	3	0	0	2	0	0	0	-3023	1144336	8216	8216	38491	35584	4.730.198	959077	180108	4808638	2004524	32849	-46617	-49766	-50791	0	1	1	1	8	5	1	1	9	1667	875	1	0	1	0	0	0	1	1	1	0	0	0	1	0	1	0
1	37351	847	51	28	55	32	4	0	0	21	23	21	7	0	0	0	0	0	0	0	0	0	7	0	45098	411765	137255	0	0	1	0	5	7	28	2	3	0	0	2	3	0	0	2	0	0	0	-3231	1126981	7293	7293	35174	35219	4.579.042	849078	180108	471113	1964561	3197	-43798	-46615	-47474	0	1	1	1	8	5	1	1	9	1667	875	1	0	1	0	1	0	1	1	1	0	0	0	1	0	1	0
1	39392	847	48	28	52	32	4	0	0	21	20	20	7	0	0	0	0	1	0	0	0	1	8	1	416667	416667	145833	0	20833	1	0	5	7	28	2	3	0	0	2	3	0	0	2	0	0	0	-2878	1124617	7293	7293	37854	37001	4.532.293	849078	180108	4680399	1951967	31761	-46076	-49161	-50154	0	1	1	1	8	5	1	1	9	1667	875	1	0	1	0	0	0	1	0	1	0	0	0	1	0	1	0
1	38951	813	52	29	56	33	5	0	0	21	23	21	7	1	0	0	0	0	0	0	0	0	8	0	442308	403846	134615	19231	0	1	0	5	7	28	2	3	0	0	2	3	0	0	2	0	0	0	-3023	1141201	8216	8216	30371	30193	4.730.198	959077	180108	4808638	2004524	32849	-39715	-42052	-42671	0	1	1	1	8	5	1	1	9	1667	875	1	0	1	0	0	0	1	0	1	1	0	0	1	0	1	0
0	37351	847	51	28	55	32	4	0	0	21	23	21	7	0	0	0	0	0	0	0	0	0	7	0	45098	411765	137255	0	0	1	0	5	7	28	2	3	0	0	2	3	0	0	2	0	0	0	-3231	1126981	7293	7293	35174	35219	4.579.042	849078	180108	471113	1964561	3197	-43798	-46615	-47474	0	1	1	1	8	5	1	1	9	1667	875	1	0	1	0	1	0	1	1	1	0	0	0	1	0	1	0
1	38951	813	52	29	56	33	5	0	0	21	23	21	7	1	0	0	0	0	0	0	0	0	8	0	442308	403846	134615	19231	0	1	0	5	7	28	2	3	0	0	2	3	0	0	2	0	0	0	-3023	1141201	8216	8216	30371	30193	4.730.198	959077	180108	4808638	2004524	32849	-39715	-42052	-42671	0	1	1	1	8	5	1	1	9	1667	875	1	0	1	0	0	0	1	0	1	1	0	0	1	0	1	0
0	36848	892	43	26	46	29	5	0	0	21	17	18	6	0	0	1	1	0	0	0	0	1	8	1	395349	418605	139535	0	23256	1	0	4	4	21	0	4	0	0	3	1	0	0	0	0	0	0	-2557	1009568	6056	888	37025	36052	421.925	832049	180108	4324419	1806073	29374	-45371	-48374	-49325	0	1	1	1	6	0	1	1	8	1667	1	1	1	1	0	1	0	1	0	1	0	0	0	1	1	1	0
0	38151	855	46	27	49	30	6	0	0	21	19	18	7	1	0	1	0	0	0	0	0	1	9	0	413043	391304	152174	21739	0	1	0	4	4	21	0	4	0	0	3	1	0	0	0	0	0	0	-2357	1049882	8268	11092	28902	32003	4.549.641	960302	180108	4558472	1901997	30746	-38467	-40657	-41202	0	1	1	1	6	0	1	1	8	3333	1	1	1	1	0	0	0	1	0	1	1	0	0	1	1	1	0
0	3915	813	51	29	55	33	4	0	0	21	22	21	7	0	0	0	1	0	0	0	0	0	8	1	431373	411765	137255	0	19608	1	0	5	7	28	2	3	0	0	2	3	0	0	2	0	0	0	-3023	1143573	7293	7293	47073	45527	4.613.506	996229	180108	4740365	1976543	32577	-53912	-5792	-59373	0	75	8333	1	8	5	1	1	8405	1667	75	1	0	0	0	0	0	1	1	0	0	0	0	1	0	1	0
1	49357	631	61	37	66	42	6	1	0	28	24	30	3	3	0	0	1	0	0	0	0	0	7	1	393443	491803	4918	4918	16393	1	0	6	8	34	2	4	0	0	2	4	0	0	2	0	0	0	-8049	1387511	6167	6167	50399	60576	5.726.971	848479	0	5938704	2467666	42738	-56739	-61079	-62699	0	75	5	8333	5	5	8333	1	7024	1667	625	0	0	0	0	0	0	0	0	0	0	0	0	0	0	0	0
0	50964	631	61	37	66	42	6	1	0	28	24	30	3	2	0	1	1	0	0	0	0	1	7	1	393443	491803	4918	32787	16393	1	0	6	8	34	2	4	0	0	2	4	0	0	2	0	0	0	-8049	1451944	4853	7677	49999	66158	5.855.466	69409	0	6112791	2539013	4371	-56399	-60699	-62299	1	5	5	8333	5	5	8333	1	6667	1667	625	0	0	0	0	0	0	0	0	0	0	0	0	0	0	0	0
0	39747	759	49	30	52	33	6	1	1	22	19	23	5	2	0	0	0	0	0	0	0	0	7	0	387755	469388	102041	40816	0	1	0	4	5	23	1	3	0	0	1	3	0	0	1	0	0	0	-3489	1116773	9231	9231	21014	36515	4.937.632	118786	180108	4937375	2057285	35168	-31762	-33164	-33314	0	1	1	1	6	0	1	1	8	3333	1	1	0	1	0	0	0	1	1	1	0	0	0	1	0	1	0
0	37246	82	48	28	51	31	5	1	0	22	20	22	4	2	0	0	0	0	0	0	0	0	6	0	416667	458333	83333	41667	0	1	0	4	5	23	1	3	0	0	1	3	0	0	1	0	0	0	-3585	1060681	6852	6852	27169	36198	4.641.639	877266	180108	4680399	1951967	32866	-36994	-39011	-39469	0	1	1	1	6	0	1	1	8	3333	1	1	1	1	0	1	0	1	0	1	0	0	0	1	1	1	0
1	42858	706	60	32	63	35	6	1	0	22	28	26	4	2	0	0	0	0	0	0	0	0	6	0	466667	433333	66667	33333	0	1	0	4	5	23	1	3	0	0	1	3	0	0	1	0	0	0	-4027	1260267	6852	6852	32869	50853	5.684.708	877266	180108	5616611	233566	39786	-41838	-44425	-45169	0	1	1	1	8	5	1	1	9	1667	1	1	0	0	0	0	0	1	0	0	0	0	0	0	0	1	0
1	40052	759	54	30	57	33	6	1	0	22	24	24	4	2	0	0	0	0	0	0	0	0	6	0	444444	444444	74074	37037	0	1	0	4	5	23	1	3	0	0	1	3	0	0	1	0	0	0	-3819	1159443	6852	6852	28749	41129	5.163.173	877266	180108	5148505	2143814	36326	-38336	-40511	-41049	0	1	1	1	8	5	1	1	9	3333	1	1	0	1	0	0	0	1	1	1	0	0	0	1	0	1	0
1	41455	731	57	31	60	34	6	1	0	22	26	25	4	2	0	0	0	0	0	0	0	0	6	0	45614	438596	70175	35088	0	1	0	4	5	23	1	3	0	0	1	3	0	0	1	0	0	0	-3926	1209855	6852	6852	30825	45991	5.423.941	877266	180108	5382558	2239737	38056	-40101	-42484	-43125	0	1	1	1	8	5	1	1	9	1667	1	1	0	0	0	0	0	1	0	0	0	0	0	1	0	1	0
1	53059	58	64	39	68	43	7	1	0	28	25	30	4	2	0	0	3	0	0	0	0	0	9	3	390625	46875	625	3125	46875	1	0	5	6	29	1	4	0	0	1	4	0	0	1	0	0	0	-3833	142013	6852	6852	44169	60874	6.161.792	132607	180108	6245847	2593544	45409	-51444	-55161	-56469	1	5	8333	8333	5	5	8333	1	7143	1667	625	0	0	0	0	0	0	0	0	0	0	0	0	0	0	0	0
1	48058	635	61	36	65	40	7	1	0	28	25	29	4	2	0	0	1	0	0	0	0	0	7	1	409836	47541	65574	32787	16393	1	0	5	6	29	1	4	0	0	1	4	0	0	1	0	0	0	-4102	1362557	6852	6852	40364	53506	5.844.349	1026867	180108	5953322	2473657	42465	-4821	-51546	-52664	0	1	8333	1	6	5	1	1	8476	1667	75	0	0	0	0	0	0	0	0	0	0	0	0	0	0	0	0
1	53059	58	64	39	68	43	7	1	0	28	25	30	4	2	0	0	3	0	0	0	0	0	9	3	390625	46875	625	3125	46875	1	0	5	6	29	1	4	0	0	1	4	0	0	1	0	0	0	-3833	142013	6852	6852	44169	60874	6.161.792	132607	180108	6245847	2593544	45409	-51444	-55161	-56469	1	5	8333	8333	5	5	8333	1	7143	1667	625	0	0	0	0	0	0	0	0	0	0	0	0	0	0	0	0
1	48058	635	61	36	65	40	7	1	0	28	25	29	4	2	0	0	1	0	0	0	0	0	7	1	409836	47541	65574	32787	16393	1	0	5	6	29	1	4	0	0	1	4	0	0	1	0	0	0	-4102	1362557	6852	6852	40364	53506	5.844.349	1026867	180108	5953322	2473657	42465	-4821	-51546	-52664	0	1	8333	1	6	5	1	1	8476	1667	75	0	0	0	0	0	0	0	0	0	0	0	0	0	0	0	0
1	46259	655	61	35	65	39	7	1	0	28	26	29	4	2	0	0	0	0	0	0	0	0	6	0	42623	47541	65574	32787	0	1	0	5	6	29	1	4	0	0	1	4	0	0	1	0	0	0	-4297	1360393	6852	6852	36717	51451	5.816.011	877266	180108	5924086	2461675	41858	-4511	-48081	-49017	0	1	8333	1	6	5	1	1	8476	1667	75	0	0	0	0	0	0	0	0	0	0	0	0	0	0	0	0
1	53059	58	64	39	68	43	7	1	0	28	25	30	4	2	0	0	3	0	0	0	0	0	9	3	390625	46875	625	3125	46875	1	0	5	6	29	1	4	0	0	1	4	0	0	1	0	0	0	-3833	142013	6852	6852	44169	60874	6.161.792	132607	180108	6245847	2593544	45409	-51444	-55161	-56469	1	5	8333	8333	5	5	8333	1	7143	1667	625	0	0	0	0	0	0	0	0	0	0	0	0	0	0	0	0
1	48058	635	61	36	65	40	7	1	0	28	25	29	4	2	0	0	1	0	0	0	0	0	7	1	409836	47541	65574	32787	16393	1	0	5	6	29	1	4	0	0	1	4	0	0	1	0	0	0	-4102	1362557	6852	6852	40364	53506	5.844.349	1026867	180108	5953322	2473657	42465	-4821	-51546	-52664	0	1	8333	1	6	5	1	1	8476	1667	75	0	0	0	0	0	0	0	0	0	0	0	0	0	0	0	0
1	40448	759	51	30	54	33	6	1	0	22	21	23	4	2	0	0	1	0	0	0	0	0	7	1	411765	45098	78431	39216	19608	1	0	4	5	23	1	3	0	0	1	3	0	0	1	0	0	0	-3489	1111195	6852	6852	30378	38322	4.930.744	1026867	180108	4943688	2059872	35203	-39721	-42059	-42678	0	1	1	1	6	5	1	1	8714	1667	1	1	0	1	0	0	0	1	1	1	0	0	0	1	0	1	0
0	45355	677	57	34	61	38	7	1	0	27	23	25	7	2	0	0	0	0	0	0	0	0	9	0	403509	438596	122807	35088	0	1	0	5	6	28	1	4	0	0	2	3	0	0	1	0	0	0	-3336	1284709	9923	9923	33989	31692	5.477.545	1211752	180108	5556645	2311084	38502	-4279	-45489	-46289	0	1	6667	1	6	0	1	1	7524	1667	875	1	0	0	0	0	0	1	0	0	0	0	0	0	0	1	0
0	45758	66	61	34	64	37	7	2	0	22	27	26	5	3	0	0	0	0	0	0	0	0	8	0	442623	42623	81967	4918	0	1	0	4	5	23	1	3	0	0	1	3	0	0	1	0	0	0	-3628	1292771	8883	8883	23822	30407	5.925.721	1159959	180108	5808472	2414292	41501	-34149	-35831	-36122	0	1	8333	1	8	5	1	1	8762	3333	1	1	0	0	0	0	0	1	0	0	0	0	0	0	0	0	0
1	46259	655	61	35	65	39	7	1	0	28	26	29	4	2	0	0	0	0	0	0	0	0	6	0	42623	47541	65574	32787	0	1	0	5	6	29	1	4	0	0	1	4	0	0	1	0	0	0	-4297	1360393	6852	6852	36717	51451	5.816.011	877266	180108	5924086	2461675	41858	-4511	-48081	-49017	0	1	8333	1	6	5	1	1	8476	1667	75	0	0	0	0	0	0	0	0	0	0	0	0	0	0	0	0
1	40448	759	51	30	54	33	6	1	0	22	21	23	4	2	0	0	1	0	0	0	0	0	7	1	411765	45098	78431	39216	19608	1	0	4	5	23	1	3	0	0	1	3	0	0	1	0	0	0	-3489	1111195	6852	6852	30378	38322	4.930.744	1026867	180108	4943688	2059872	35203	-39721	-42059	-42678	0	1	1	1	6	5	1	1	8714	1667	1	1	0	1	0	0	0	1	1	1	0	0	0	1	0	1	0
0	40349	759	52	30	55	33	6	1	0	22	22	24	3	2	0	0	1	0	0	0	0	0	6	1	423077	461538	57692	38462	19231	1	0	4	5	23	1	3	0	0	1	3	0	0	1	0	0	0	-3819	1136484	5563	5563	40191	45543	4.983.939	859012	180108	501196	2087853	35833	-48062	-51381	-52491	0	1	1	1	6	5	1	1	8714	3333	1	1	0	0	0	0	0	1	1	0	0	0	0	1	0	1	0
0	38649	788	51	29	54	32	6	1	0	22	22	23	4	2	0	0	0	0	0	0	0	0	6	0	431373	45098	78431	39216	0	1	0	4	5	23	1	3	0	0	1	3	0	0	1	0	0	0	-3706	1109031	6852	6852	26637	36267	4.902.406	877266	180108	4914452	204789	34596	-36542	-38506	-38937	0	1	1	1	6	5	1	1	8714	3333	1	1	0	1	0	0	0	1	1	1	0	0	0	1	0	1	0
0	39953	759	55	30	58	33	6	1	0	22	25	25	3	2	0	0	0	0	0	0	0	0	5	0	454545	454545	54545	36364	0	1	0	4	5	23	1	3	0	0	1	3	0	0	1	0	0	0	-4149	1184732	5563	5563	38545	4835	5.216.368	709411	180108	5216777	2171794	36956	-46663	-49818	-50845	0	1	1	1	8	5	1	1	9	3333	1	1	0	0	0	0	0	1	1	0	0	0	0	0	0	1	0
1	46259	655	61	35	65	39	7	1	0	28	26	29	4	2	0	0	0	0	0	0	0	0	6	0	42623	47541	65574	32787	0	1	0	5	6	29	1	4	0	0	1	4	0	0	1	0	0	0	-4297	1360393	6852	6852	36717	51451	5.816.011	877266	180108	5924086	2461675	41858	-4511	-48081	-49017	0	1	8333	1	6	5	1	1	8476	1667	75	0	0	0	0	0	0	0	0	0	0	0	0	0	0	0	0
1	40448	759	51	30	54	33	6	1	0	22	21	23	4	2	0	0	1	0	0	0	0	0	7	1	411765	45098	78431	39216	19608	1	0	4	5	23	1	3	0	0	1	3	0	0	1	0	0	0	-3489	1111195	6852	6852	30378	38322	4.930.744	1026867	180108	4943688	2059872	35203	-39721	-42059	-42678	0	1	1	1	6	5	1	1	8714	1667	1	1	0	1	0	0	0	1	1	1	0	0	0	1	0	1	0
0	40052	759	54	30	57	33	7	1	0	22	24	24	4	2	0	0	0	0	0	0	0	0	6	0	444444	444444	74074	37037	0	1	0	4	5	23	1	3	0	0	1	3	0	0	1	0	0	0	-3819	1156577	6852	6852	28749	39479	5.163.173	877266	180108	5148505	2143814	36326	-38336	-40511	-41049	0	1	1	1	8	5	1	1	9	3333	1	1	0	1	0	0	0	1	1	1	0	0	0	1	0	1	0
0	40249	759	52	30	55	33	7	1	0	22	22	23	4	3	0	0	0	0	0	0	0	0	7	0	423077	442308	76923	57692	0	1	0	4	5	23	1	3	0	0	1	3	0	0	1	0	0	0	2099	1127555	8875	8875	19046	31681	5.123.276	13041	606941	501196	2087853	35475	-30089	-31294	-31346	0	1	1	1	6	5	1	1	8714	3333	1	1	0	1	0	0	0	1	0	1	1	0	0	1	0	1	0
0	41652	731	55	31	58	34	8	1	0	22	24	24	4	3	0	0	0	0	0	0	0	0	7	0	436364	436364	72727	54545	0	1	0	4	5	23	1	3	0	0	1	3	0	0	1	0	0	0	-3606	1175067	7775	7775	21157	35766	5.314.329	987265	180108	5246013	2183776	37205	-31884	-333	-33457	0	1	1	1	8	5	1	1	9	3333	1	1	0	1	0	0	0	1	1	1	0	0	0	1	0	1	0
0	37246	82	48	28	51	31	6	1	0	22	20	22	4	2	0	0	0	0	0	0	0	0	6	0	416667	458333	83333	41667	0	1	0	4	5	23	1	3	0	0	1	3	0	0	1	0	0	0	-3585	1063116	6852	6852	24489	33441	4.641.639	877266	180108	4680399	1951967	32866	-34716	-36465	-36789	0	1	1	1	6	0	1	1	8	3333	1	1	1	1	0	1	0	1	0	1	1	0	0	1	1	1	0
1	4614	739	51	29	52	30	9	3	0	12	22	19	2	5	0	1	0	2	0	0	0	3	10	2	431373	372549	39216	98039	39216	1	0	2	2	12	0	2	0	0	0	2	0	0	0	0	0	0	3303	1135147	9594	10432	26834	44298	5.741.362	1426704	606941	5263953	2191128	38714	-36709	-38692	-39134	0	1	8333	8333	1	1	1	1	9524	3333	875	1	0	0	0	0	0	1	0	1	0	0	0	1	0	0	0
1	44756	682	59	33	62	36	7	3	0	17	26	25	5	2	0	0	1	0	0	0	0	0	8	1	440678	423729	84746	33898	16949	1	0	4	4	22	0	4	0	0	2	2	0	0	0	0	0	0	-3521	126257	7397	7397	3912	38489	5.705.376	1058111	180108	5577575	2319662	40853	-47152	-50364	-5142	0	1	1	1	8	5	1	1	9	1667	1	1	0	0	0	0	0	1	0	1	0	0	0	1	0	1	0
1	44756	682	59	33	62	36	7	3	0	17	26	25	5	2	0	0	1	0	0	0	0	0	8	1	440678	423729	84746	33898	16949	1	0	4	4	22	0	4	0	0	2	2	0	0	0	0	0	0	-3521	126257	7397	7397	3912	38489	5.705.376	1058111	180108	5577575	2319662	40853	-47152	-50364	-5142	0	1	1	1	8	5	1	1	9	1667	1	1	0	0	0	0	0	1	0	1	0	0	0	1	0	1	0
1	47759	639	63	35	66	38	9	3	0	17	28	26	5	3	0	0	1	0	0	0	0	0	9	1	444444	412698	79365	47619	15873	1	0	4	4	22	0	4	0	0	2	2	0	0	0	0	0	0	1905	1326667	942	942	33664	30231	6.187.014	1484944	606941	5909136	2455548	43462	-42514	-45181	-45964	0	1	8333	8333	8	5	1	1	8524	1667	875	0	0	0	0	0	0	0	0	0	0	0	0	0	0	0	0
1	46356	66	60	34	63	37	8	3	0	17	26	25	5	3	0	0	1	0	0	0	0	0	9	1	433333	416667	83333	5	16667	1	0	4	4	22	0	4	0	0	2	2	0	0	0	0	0	0	2058	1278013	942	942	31636	29607	5.926.247	1484944	606941	5675083	2359624	41732	-40791	-43255	-43936	0	1	8333	1	8	5	1	1	8762	1667	875	1	0	0	0	0	0	1	0	1	0	0	0	1	0	0	0
1	43353	706	56	32	59	35	7	3	0	17	24	24	5	2	0	0	1	0	0	0	0	0	8	1	428571	428571	89286	35714	17857	1	0	4	4	22	0	4	0	0	2	2	0	0	0	0	0	0	-3407	1218388	7397	7397	3706	34714	5.402.759	1058111	180108	5343522	2223738	39123	-45401	-48407	-4936	0	1	1	1	8	5	1	1	9	1667	1	1	0	0	0	0	0	1	0	1	0	0	0	1	0	1	0
0	2537	1324	29	17	30	18	3	2	0	6	12	12	1	3	0	0	0	1	0	0	0	1	5	1	413793	413793	34483	103448	34483	1	0	2	3	12	1	1	0	0	0	2	0	0	0	1	0	0	-1982	667611	5147	5147	29789	23788	311.15	651555	180108	2932724	1235707	21992	-39221	-415	-42089	0	1	1	1	8	5	1	1	9	8333	1	1	0	1	0	0	0	0	0	1	0	1	1	1	0	1	0
1	29446	1158	42	20	44	22	4	2	0	6	22	15	2	2	0	1	0	0	0	0	0	1	5	0	52381	357143	47619	47619	0	1	0	3	6	18	3	1	0	0	1	1	1	1	0	0	1	1	3607	80073	582	6658	28466	24749	3.834.591	771229	3281	3733887	1564052	27025	-38096	-40243	-40766	0	1	1	1	1	1	1	1	1	5	1	1	1	1	0	1	1	0	0	1	1	1	0	1	1	1	1
1	50707	685	57	32	59	34	8	4	0	12	25	21	2	4	0	2	2	1	0	0	0	3	11	3	438596	368421	35088	70175	52632	1	0	3	3	18	0	3	0	0	0	3	0	0	0	0	0	0	3009	1200876	9234	1091	46282	44684	5.888.424	1513561	3281	5652326	2350297	41867	-5324	-57168	-58582	1	5	6667	8333	7	5	8333	1	719	1667	75	0	0	0	0	0	0	0	0	0	0	0	0	0	0	0	0
0	26215	1333	29	16	29	16	5	1	0	6	13	11	1	2	0	0	0	2	0	0	0	2	5	2	448276	37931	34483	68966	68966	1	0	1	1	6	0	1	0	0	0	1	0	0	0	0	0	0	-1682	660315	3833	3833	31986	36143	3.413.269	541556	180108	3056312	1286357	22404	-41089	-43587	-44286	0	1	1	1	1	1	1	1	1	6667	1	1	0	1	0	0	0	0	0	1	0	1	0	1	0	1	0
0	43065	688	69	31	70	32	12	3	0	6	38	25	2	4	0	0	0	0	0	0	0	0	6	0	550725	362319	28986	57971	0	1	0	2	2	12	0	2	0	0	0	2	0	0	0	0	0	0	161	1209749	845	845	30639	48308	6.647.275	1224562	360215	5963953	2478014	44676	-39943	-42307	-42939	0	1	8333	8333	1	1	8333	5	8571	1667	875	1	0	0	0	0	0	0	0	0	0	0	0	0	0	0	0
0	45866	644	71	33	72	34	12	4	0	6	38	26	2	5	0	0	0	0	0	0	0	0	7	0	535211	366197	28169	70423	0	1	0	2	2	12	0	2	0	0	0	2	0	0	0	0	0	0	8016	128029	10473	10473	24293	43644	7.095.232	1651395	787048	6224086	2584626	47021	-34549	-36279	-36593	0	1	6667	8333	1	1	8333	5	8333	3333	875	0	0	0	0	0	0	0	0	0	0	0	0	0	0	0	0
0	46063	644	69	33	70	34	12	4	0	6	36	25	2	6	0	0	0	0	0	0	0	0	8	0	521739	362319	28986	86957	0	1	0	2	2	12	0	2	0	0	0	2	0	0	0	0	0	0	8316	1231497	1218	1218	17447	37824	6.973.069	1902844	787048	6087542	2528665	4617	-2873	-29774	-29747	0	1	6667	8333	1	1	8333	5	8333	3333	75	1	0	0	0	0	0	0	0	0	0	0	0	0	0	0	0
0	47269	642	74	34	76	36	12	3	0	6	40	27	2	5	0	0	0	0	0	0	0	0	7	0	540541	364865	27027	67568	0	1	0	3	3	15	0	3	1	0	0	2	0	0	0	0	0	0	782	1295329	10473	10473	27104	44392	719.182	1651395	787048	6349169	2635889	47779	-36938	-38948	-39404	0	1	6667	8333	1	1	8333	5	8333	3333	75	0	0	0	0	0	0	0	0	0	0	0	0	0	0	0	0
0	43262	688	67	31	68	32	11	3	0	6	36	24	2	5	0	0	0	0	0	0	0	0	7	0	537313	358209	29851	74627	0	1	0	2	2	12	0	2	0	0	0	2	0	0	0	0	0	0	8441	1177104	10473	10473	23651	38966	6.670.285	1651395	787048	5827409	2422053	43825	-34004	-35669	-35951	0	1	8333	8333	1	1	8333	5	8571	3333	875	1	0	0	0	0	0	0	0	0	0	0	0	0	0	0	0
0	44665	665	70	32	71	33	12	3	0	6	38	25	2	5	0	0	0	0	0	0	0	0	7	0	542857	357143	28571	71429	0	1	0	2	2	12	0	2	0	0	0	2	0	0	0	0	0	0	8223	1222596	10473	10473	23048	39314	6.931.052	1651395	787048	6061462	2517976	45555	-33491	-35095	-35348	0	1	8333	8333	1	1	8333	5	8571	3333	875	1	0	0	0	0	0	0	0	0	0	0	0	0	0	0	0
0	46464	644	70	33	71	34	12	3	0	6	37	25	2	5	0	0	1	0	0	0	0	0	8	1	528571	357143	28571	71429	14286	1	0	2	2	12	0	2	0	0	0	2	0	0	0	0	0	0	8316	122476	10473	10473	26754	41369	695.939	1800996	787048	6090698	2529958	46162	-36641	-38616	-39054	0	1	6667	8333	1	1	8333	5	8333	3333	75	1	0	0	0	0	0	0	0	0	0	0	0	0	0	0	0
0	47269	624	74	34	75	35	13	4	0	6	40	27	2	5	0	0	0	0	0	0	0	0	7	0	540541	364865	27027	67568	0	1	0	2	2	12	0	2	0	0	0	2	0	0	0	0	0	0	782	1327068	10473	10473	26306	47531	7.355.999	1651395	787048	645814	2680549	48751	-3626	-3819	-38606	0	1	6667	8333	1	1	8333	5	8333	3333	75	0	0	0	0	0	0	0	0	0	0	0	0	0	0	0	0
1	49666	605	73	35	74	36	13	3	0	6	38	26	2	5	0	0	2	0	0	0	0	0	9	2	520548	356164	27397	68493	27397	1	0	2	2	12	0	2	0	0	0	2	0	0	0	0	0	0	82	1273702	10473	10473	32464	47311	7.248.495	1950597	787048	6353987	2637863	48499	-41494	-4404	-44764	0	1	6667	8333	1	1	8333	5	8333	1667	75	0	0	0	0	0	0	0	0	0	0	0	0	0	0	0	0
0	47867	624	73	34	74	35	13	3	0	6	39	26	2	5	0	0	1	0	0	0	0	0	8	1	534247	356164	27397	68493	13699	1	0	2	2	12	0	2	0	0	0	2	0	0	0	0	0	0	8111	1271538	10473	10473	28781	45256	7.220.158	1800996	787048	6324751	2625881	47892	-38364	-40542	-41081	0	1	6667	8333	1	1	8333	5	8333	3333	75	0	0	0	0	0	0	0	0	0	0	0	0	0	0	0	0
0	47867	624	73	34	74	35	13	3	0	6	39	26	2	5	0	0	1	0	0	0	0	0	8	1	534247	356164	27397	68493	13699	1	0	2	2	12	0	2	0	0	0	2	0	0	0	0	0	0	8111	1271538	10473	10473	28781	45256	7.220.158	1800996	787048	6324751	2625881	47892	-38364	-40542	-41081	0	1	6667	8333	1	1	8333	5	8333	3333	75	0	0	0	0	0	0	0	0	0	0	0	0	0	0	0	0
0	46068	644	73	33	74	34	13	3	0	6	40	26	2	5	0	0	0	0	0	0	0	0	7	0	547945	356164	27397	68493	0	1	0	2	2	12	0	2	0	0	0	2	0	0	0	0	0	0	8016	1269374	10473	10473	25091	43201	719.182	1651395	787048	6295515	26139	47285	-35228	-37037	-37391	0	1	6667	8333	1	1	8333	5	8333	3333	75	0	0	0	0	0	0	0	0	0	0	0	0	0	0	0	0
0	4407	667	75	31	75	31	14	3	0	0	44	24	2	5	0	0	0	0	0	0	0	0	7	0	586667	32	26667	66667	0	1	0	1	1	6	0	1	0	0	0	1	0	0	0	0	0	0	8441	120593	10473	10473	23559	44521	7.358.845	1651395	787048	6222093	2583809	46943	-33925	-35581	-35859	0	1	8333	8333	1	1	8333	5	8571	3333	875	0	0	0	0	0	0	0	0	0	0	0	0	0	0	0	0
0	49469	603	74	36	76	38	13	3	0	12	38	29	2	5	0	0	0	0	0	0	0	0	7	0	513514	391892	27027	67568	0	1	0	3	3	18	0	3	0	0	0	3	0	0	0	0	0	0	7455	1378828	10473	10473	28711	46443	7.285.562	1651395	787048	660299	2739914	49357	-38305	-40476	-41011	0	1	6667	8333	1	1	8333	5	8333	3333	75	0	0	0	0	0	0	0	0	0	0	0	0	0	0	0	0
0	44665	665	70	32	71	33	12	3	0	6	38	25	2	5	0	0	0	0	0	0	0	0	7	0	542857	357143	28571	71429	0	1	0	2	2	12	0	2	0	0	0	2	0	0	0	0	0	0	8223	1222596	10473	10473	23048	39314	6.931.052	1651395	787048	6061462	2517976	45555	-33491	-35095	-35348	0	1	8333	8333	1	1	8333	5	8571	3333	875	1	0	0	0	0	0	0	0	0	0	0	0	0	0	0	0
0	34454	933	57	25	60	28	3	3	0	0	32	22	0	3	0	0	0	0	0	0	0	0	3	0	561404	385965	0	52632	0	1	0	4	10	23	3	1	0	0	1	3	0	0	1	2	0	0	-8694	987464	4337	4337	42445	41943	5.142.959	612897	0	4686213	1954349	35817	-49979	-53523	-54745	0	75	1	1	1	1	1	1	9643	6667	875	1	0	1	0	0	0	1	1	1	0	0	0	1	0	1	0
0	44002	82	50	28	53	31	6	3	0	11	22	20	1	4	0	2	0	1	0	0	0	3	8	1	44	40	2	8	2	1	0	4	7	23	3	2	0	0	2	1	1	1	0	0	1	1	-2878	1104511	7247	10909	33621	43603	5.159.388	968628	16405	5013621	2088533	36587	-42478	-4514	-45921	0	1	1	1	8	5	1	1	9	1667	1	1	0	1	0	0	0	1	0	1	0	0	0	1	0	1	0
1	39198	942	46	24	48	26	6	3	0	5	22	16	1	4	0	2	0	1	0	0	0	3	8	1	478261	347826	21739	86957	21739	1	0	3	4	17	2	2	0	0	2	0	1	1	0	0	0	0	-2186	945169	7247	10909	26816	37543	4.767.317	968628	16405	4472093	1866596	32785	-36693	-38675	-39116	0	1	1	1	1	1	1	1	1	3333	1	1	0	1	0	0	0	1	0	1	0	0	0	1	0	1	0
1	36986	942	40	24	42	26	5	3	0	11	16	15	3	4	0	1	0	1	0	0	0	2	9	1	40	375	75	10	25	1	0	3	4	17	1	2	0	0	1	2	0	0	1	0	0	0	-1774	89666	9236	10074	14794	26782	4.200.202	986393	16663	4083721	1707427	29522	-26475	-27254	-27094	0	1	1	1	8	5	1	1	9	3333	1	1	1	1	1	1	0	1	0	1	1	0	0	1	1	1	1
1	40993	855	47	27	50	30	5	3	0	11	20	18	3	4	0	1	0	1	0	0	0	2	9	1	425532	382979	6383	85106	21277	1	0	4	7	23	3	2	0	0	1	3	0	1	1	0	1	0	-2357	101732	9236	10074	21925	29768	4.700.679	986393	16663	4605482	1921263	33476	-32537	-34029	-34225	0	1	1	1	8	5	1	1	9	3333	1	1	0	1	0	0	0	1	0	1	1	0	0	1	0	1	0
1	36986	942	40	24	42	26	5	3	0	11	16	15	3	4	0	1	0	1	0	0	0	2	9	1	40	375	75	10	25	1	0	3	4	17	1	2	0	0	1	2	0	0	1	0	0	0	-1774	89666	9236	10074	14794	26782	4.200.202	986393	16663	4083721	1707427	29522	-26475	-27254	-27094	0	1	1	1	8	5	1	1	9	3333	1	1	1	1	1	1	0	1	0	1	1	0	0	1	1	1	1
0	40051	759	54	30	57	33	7	1	0	22	24	25	2	3	0	0	0	0	0	0	0	0	5	0	444444	462963	37037	55556	0	1	0	4	5	23	1	3	0	0	1	3	0	0	1	0	0	0	-8254	1165234	5283	5283	42605	54823	5.195.993	639302	0	5148505	2143814	36735	-50114	-53675	-54905	0	75	1	1	8	5	1	1	8643	3333	875	1	0	0	0	0	0	0	0	0	0	0	0	0	0	0	0
0	44958	706	55	32	58	35	7	2	0	21	23	23	5	3	0	1	0	0	0	0	0	1	9	0	418182	418182	90909	54545	0	1	0	4	5	22	1	3	0	0	2	2	0	0	1	0	0	0	2389	125466	10515	13339	34543	37705	5.509.903	1303985	328972	5449336	2267105	38426	-43261	-46016	-46843	0	1	1	1	8	5	1	1	9	1667	1	1	0	0	0	0	0	1	0	1	0	0	0	1	0	1	0
1	41092	855	46	27	49	30	4	3	0	11	19	17	4	4	0	1	0	1	0	0	0	2	10	1	413043	369565	86957	86957	21739	1	0	4	7	23	3	2	0	0	1	3	0	1	1	0	1	0	-199	1005267	956	10398	12119	25094	4.601.347	1017636	16663	4537209	1893283	32846	-24201	-24713	-24419	0	1	1	1	8	5	1	1	9	3333	1	1	0	1	0	0	0	1	0	1	1	0	0	1	0	1	0
0	40756	759	59	30	62	33	6	1	0	16	29	24	3	3	0	0	0	0	0	0	0	0	6	0	491525	40678	50847	50847	0	1	0	4	5	23	1	3	0	0	1	3	0	0	1	0	0	0	-7924	1164435	5607	5607	29669	44919	5.461.546	670545	0	5294518	2203655	37987	-39119	-41386	-41969	0	1	1	1	1	5	1	1	9286	5	1	1	0	1	0	0	0	1	1	1	0	0	0	1	0	1	0
0	43798	764	53	29	55	31	6	3	0	12	24	21	1	5	0	1	0	1	0	0	0	2	8	1	45283	396226	18868	9434	18868	1	0	3	3	18	0	3	0	0	0	3	0	0	0	0	0	0	-7169	1116767	7291	8129	30013	38061	551.917	94582	0	5182558	215777	38317	-39411	-41713	-42313	0	1	1	1	1	5	1	1	9286	1667	1	1	0	1	0	0	0	1	0	1	0	0	0	1	0	1	0
0	41654	731	56	31	59	34	7	0	0	23	25	25	4	1	0	0	1	0	0	0	0	0	6	1	446429	446429	71429	17857	17857	1	0	4	4	23	0	4	0	0	1	3	0	0	0	0	0	0	-3926	1222236	5197	5197	46311	49968	5.367.776	775418	180108	5314286	2211756	37784	-53264	-57195	-58611	0	75	8333	1	8	5	1	1	8405	3333	875	1	0	0	0	0	0	1	0	0	0	0	0	0	0	1	0
0	47055	677	59	34	63	38	6	0	0	21	25	24	6	1	0	0	3	0	0	0	0	0	10	3	423729	40678	101695	16949	50847	1	0	5	7	28	2	3	0	0	2	3	0	0	2	0	0	0	-3045	1262113	6927	6927	52764	52144	5.406.924	1240025	180108	5432724	2260297	3876	-58749	-63326	-65064	0	75	6667	8333	7	5	8333	1	7548	1667	625	1	0	0	0	0	0	0	0	0	0	0	0	0	0	0	0
1	48145	764	54	29	56	31	7	3	0	12	25	21	2	4	0	1	0	0	1	0	0	2	8	1	462963	388889	37037	74074	18519	1	0	3	3	19	0	3	0	0	0	2	1	0	0	0	0	0	-3023	116619	7571	8409	27032	43549	5.530.371	999871	180108	5338206	222156	38945	-36878	-38881	-39332	0	1	8333	1	1	5	1	1	9048	3333	875	0	0	0	0	0	0	0	0	1	0	0	0	0	0	0	0
1	437	764	54	29	56	31	7	3	0	12	25	21	2	4	0	1	0	1	0	0	0	2	8	1	462963	388889	37037	74074	18519	1	0	3	3	19	0	3	0	0	0	2	1	0	0	0	0	0	-3023	113801	7571	8409	25953	42709	5.466.772	999871	180108	5250831	218575	38538	-3596	-37856	-38253	0	1	1	1	1	5	1	1	9286	3333	1	1	0	1	0	0	0	1	0	1	0	0	0	1	0	1	0
1	42055	764	54	29	56	31	7	3	0	12	25	21	2	4	0	1	1	0	0	0	0	1	8	1	462963	388889	37037	74074	18519	1	0	3	3	19	0	3	0	0	0	2	1	0	0	0	0	0	-3023	1092126	7571	8409	24865	3812	5.281.091	1149472	180108	5076744	2114403	37624	-35035	-36821	-37165	0	1	1	1	1	5	1	1	9286	3333	1	1	0	1	0	0	0	1	1	1	0	0	0	1	0	1	0
0	40859	826	51	27	53	29	7	3	0	11	24	19	2	4	0	2	0	0	0	0	0	2	8	0	470588	372549	39216	78431	0	1	0	3	3	18	0	3	0	0	1	1	1	0	0	0	0	0	-2723	1072062	7571	11233	17337	3393	5.106.804	999871	180108	4922425	2051158	35672	-28636	-2967	-29637	0	1	1	1	1	5	1	1	9286	3333	1	1	0	1	0	0	0	1	1	1	1	0	0	1	0	1	0
0	48145	764	54	29	56	31	7	3	0	12	25	21	2	4	0	1	0	0	1	0	0	2	8	1	462963	388889	37037	74074	18519	1	0	3	3	19	0	3	0	0	0	2	1	0	0	0	0	0	-3023	116619	7571	8409	27032	43549	5.530.371	999871	180108	5338206	222156	38945	-36878	-38881	-39332	0	1	8333	1	1	5	1	1	9048	3333	875	0	0	0	0	0	0	0	0	1	0	0	0	0	0	0	0
1	39595	892	48	26	51	29	5	2	0	11	22	18	3	3	0	1	0	1	0	0	0	2	8	1	458333	375	625	625	20833	1	0	4	7	23	3	2	0	0	1	3	0	1	1	0	1	0	-2557	1018743	7529	8367	22172	30686	4.658.663	734944	16663	4579402	1910575	32861	-32746	-34264	-34472	0	1	1	1	8	5	1	1	9	3333	1	1	0	1	0	0	0	1	0	1	1	0	0	1	0	1	0
1	40953	736	57	30	59	32	7	3	0	12	27	23	3	4	0	0	0	0	0	0	0	0	7	0	473684	403509	52632	70175	0	1	0	3	6	19	2	1	0	0	0	2	1	0	0	0	2	0	2099	1137806	8774	8774	1515	17993	5.594.327	1255805	360215	5266944	2192354	39198	-26778	-27593	-2745	0	1	1	1	1	1	1	1	1	3333	1	1	0	1	0	0	0	0	0	1	1	0	0	1	0	1	0
1	52104	682	56	33	59	36	6	4	0	12	23	22	0	6	0	2	2	1	0	0	0	3	11	3	410714	392857	0	107143	53571	1	0	4	7	24	2	2	0	0	0	4	0	0	0	2	0	0	-661	1195637	8674	1035	36214	35464	5.759.801	1405459	0	5569435	2316326	41919	-44682	-47603	-48514	0	75	8333	8333	7	5	8333	1	7786	1667	875	0	0	0	0	0	0	0	0	0	0	0	0	0	0	0	0
0	43098	855	46	27	49	30	4	4	0	11	19	16	4	4	0	2	0	1	0	0	0	3	11	1	413043	347826	86957	86957	21739	1	0	4	7	23	3	2	0	0	1	3	0	1	1	0	1	0	-1624	1032735	10344	1202	8987	21814	4.620.493	108326	16663	4646179	1937942	33231	-21539	-21737	-21287	0	1	1	1	8	5	1	1	9	3333	1	1	0	1	0	0	0	0	0	1	1	0	0	1	0	1	0
0	27944	1228	40	19	42	21	3	2	0	6	21	15	1	2	0	1	0	0	0	0	0	1	4	0	525	375	25	5	0	1	0	3	6	18	3	1	0	0	1	1	1	1	0	0	1	1	-301	76773	4617	5455	24364	28953	3.660.866	607179	16405	3568106	1496109	25925	-3461	-36346	-36664	0	1	1	1	1	5	1	1	9286	1	1	1	1	1	1	1	1	0	0	1	0	1	0	1	1	1	1
1	57821	58	76	39	80	43	7	3	0	12	37	29	3	4	0	1	1	1	0	0	0	2	10	2	486842	381579	39474	52632	26316	1	0	5	5	30	0	5	0	0	0	5	0	0	0	0	0	0	-7385	1510289	7016	7854	39633	5969	7.168.938	1031851	0	6957475	2885195	51613	-47588	-50852	-51933	0	75	8333	8333	9	1	8333	1	8786	1667	75	0	0	0	0	0	0	0	0	0	0	0	0	0	0	0	0
1	54008	635	64	36	68	40	6	3	0	12	28	25	3	4	0	1	2	1	0	0	0	2	11	3	4375	390625	46875	625	46875	1	0	5	5	27	0	5	1	0	0	4	0	0	0	0	0	0	-2999	1315084	7895	8733	35494	49138	6.164.781	1330316	180108	6050498	2513483	453	-4407	-46919	-47794	0	75	8333	8333	9	1	8333	1	8786	1667	75	0	0	0	0	0	0	0	0	0	0	0	0	0	0	0	0
1	60425	561	80	41	85	46	7	3	0	12	39	31	3	4	0	1	1	1	0	0	0	2	10	2	4875	3875	375	5	25	1	0	6	6	33	0	6	1	0	0	5	0	0	0	0	0	0	-7512	1581289	7016	7854	43389	63149	7.409.127	1031851	0	7245183	3003108	53837	-50781	-5442	-55689	1	5	6667	8333	9	1	8333	1	819	1667	625	0	0	0	0	0	0	0	0	0	0	0	0	0	0	0	0
1	33983	1082	36	22	39	25	2	2	0	11	14	14	3	3	0	1	0	1	0	0	0	2	8	1	388889	388889	83333	83333	27778	1	0	4	7	23	3	2	0	0	1	3	0	1	1	0	1	0	-1752	829083	7529	8367	12547	19882	3.578.032	734944	16663	3643189	1526881	25941	-24565	-2512	-24847	0	1	1	1	8	5	1	1	9	5	1	1	1	1	0	1	0	0	0	1	1	1	0	1	1	1	1
1	42296	782	53	30	57	34	4	0	0	18	23	22	6	1	0	0	0	1	0	0	0	1	8	1	433962	415094	113208	18868	18868	1	0	5	6	30	1	4	0	0	0	5	0	0	0	1	0	0	-3159	1207115	6641	6641	3131	39842	5.021.916	856159	180108	5080233	2115833	3609	-40514	-42945	-4361	0	1	1	1	8	5	1	1	9	1667	875	1	0	0	0	0	0	1	0	1	0	0	0	1	0	1	0
1	37589	883	45	27	49	31	3	0	0	22	18	21	5	0	0	0	0	1	0	0	0	1	6	1	40	466667	111111	0	22222	1	0	5	8	29	2	3	0	0	2	2	1	0	0	1	1	0	-3456	1098298	4767	4767	47793	52967	4.245.604	514593	180108	4511462	188273	31027	-54524	-58604	-60093	0	75	8333	1	6	5	1	1	8119	5	75	1	0	0	0	0	0	0	0	0	0	0	0	0	0	0	0
1	39294	883	44	27	48	31	3	0	0	22	17	21	4	0	0	1	0	1	0	0	0	2	6	1	386364	477273	90909	0	22727	1	0	5	8	29	2	3	0	0	2	2	1	0	0	1	1	0	-3456	1127741	4274	7098	4755	53487	4.328.968	515818	180108	4617276	1926097	31778	-54318	-58373	-5985	0	75	8333	1	6	5	1	1	8119	3333	75	1	0	0	0	0	0	0	0	0	0	0	0	0	0	0	0
0	50465	603	70	36	72	38	10	3	0	11	34	25	6	3	0	0	2	0	0	0	0	0	11	2	485714	357143	85714	42857	28571	1	0	3	3	16	0	3	0	0	2	1	0	0	0	0	0	0	2311	1320985	9957	9957	28865	16907	6.778.477	1644107	360215	6264784	2601305	46557	-38435	-40621	-41165	0	75	5	6667	9	1	8333	1	8071	3333	875	0	0	0	0	0	0	0	0	0	0	0	0	0	0	0	0
0	46403	71	57	31	59	33	6	4	0	12	26	22	3	4	0	1	0	1	0	0	0	2	9	1	45614	385965	52632	70175	17544	1	0	3	3	19	0	3	0	0	0	2	1	0	0	0	0	0	-2967	1209638	8679	9517	23831	33525	5.817.396	1172564	180108	5579236	2320343	41104	-34156	-35839	-36131	0	1	8333	1	1	5	1	1	9048	3333	875	1	0	0	0	0	0	0	0	1	0	0	0	1	0	0	0
1	40994	855	47	27	50	30	2	3	0	11	20	17	5	3	0	1	0	1	0	0	0	2	10	1	425532	361702	106383	6383	21277	1	0	4	7	23	3	2	0	0	1	3	0	1	1	0	1	0	-199	1026252	8961	9799	12119	17192	4.649.187	938881	16663	4605482	1921263	33067	-24201	-24713	-24419	0	1	1	1	8	5	1	1	9	5	1	1	0	1	0	0	0	0	0	1	1	0	0	1	0	1	0
1	39891	862	45	26	47	28	5	3	0	11	19	16	4	4	0	1	0	1	0	0	0	2	10	1	422222	355556	88889	88889	22222	1	0	3	4	17	1	2	0	0	1	2	0	0	1	0	0	0	-1796	97828	956	10398	9743	24504	4.659.965	1017636	16663	4483555	1871293	32352	-22182	-22456	-22043	0	1	1	1	8	5	1	1	9	3333	1	1	0	1	0	0	0	1	0	1	1	0	0	1	0	1	0
0	36847	82	48	28	51	31	4	3	0	18	20	23	4	1	0	0	0	0	0	0	0	0	5	0	416667	479167	83333	20833	0	1	0	4	5	23	1	3	0	0	1	3	0	0	1	0	0	0	-3938	1166981	6082	6082	40245	52627	4.685.293	79606	180108	4745515	1978654	34543	-48108	-51433	-52545	0	1	1	1	6	0	1	1	8	1667	1	1	0	0	0	0	0	0	0	0	0	0	0	0	0	0	0
0	52863	597	62	38	66	42	8	4	0	27	24	28	4	5	0	1	0	0	0	0	0	1	10	0	387097	451613	64516	80645	0	1	0	5	8	29	2	3	0	0	1	4	0	0	2	0	0	0	-3482	1482337	11356	12194	29728	68653	6.253.649	1595914	426833	6254153	2596948	44616	-39169	-41441	-42028	0	75	6667	8333	5	0	8333	1	6548	3333	75	0	0	0	0	0	0	0	0	0	0	0	0	0	0	0	0
1	43602	764	55	29	57	31	6	3	0	12	26	21	3	3	0	1	0	1	0	0	0	2	8	1	472727	381818	54545	54545	18182	1	0	3	3	19	0	3	0	0	0	2	1	0	0	0	0	0	-3023	1170184	6972	781	25953	41007	5.514.612	921115	180108	5319103	2213731	38759	-3596	-37856	-38253	0	1	1	1	1	5	1	1	9286	3333	1	1	0	1	0	0	0	1	0	1	0	0	0	1	0	1	0
0	47457	677	56	34	60	38	6	3	0	26	22	26	2	5	0	1	0	0	0	0	0	1	8	0	392857	464286	35714	89286	0	1	0	5	9	29	3	2	0	0	1	4	0	0	2	1	0	0	-3628	1303649	8884	9722	31156	54043	5.491.766	1262654	426833	5597342	2327763	39484	-40383	-42798	-43456	0	1	8333	1	6	0	1	1	7762	1667	75	0	0	0	0	0	0	0	0	0	0	0	0	0	0	0	0
0	49209	682	63	33	66	36	6	3	0	12	30	24	3	4	0	1	0	1	0	0	0	2	9	1	47619	380952	47619	63492	15873	1	0	4	5	24	1	3	0	0	0	4	0	0	0	1	0	0	-7211	130656	7016	7854	28758	45199	6.156.149	88225	0	5938372	246753	43592	-38345	-4052	-41058	0	1	8333	1	1	1	1	1	9762	3333	875	0	0	0	0	0	0	0	0	0	0	0	0	0	0	0	0
0	34285	942	43	24	45	26	5	2	0	12	19	19	2	2	0	0	0	1	0	0	0	1	5	1	44186	44186	46512	46512	23256	1	0	3	4	17	1	2	0	0	1	2	0	0	1	0	0	0	-342	972376	4533	4533	33688	35178	4.333.713	572799	180108	4244684	1773395	31205	-42535	-45204	-45988	0	1	1	1	8	5	1	1	9	3333	1	1	1	1	0	1	0	1	0	1	0	0	0	1	1	1	0
1	49205	71	55	31	57	33	6	4	0	12	24	21	1	4	0	2	2	1	0	0	0	3	10	3	436364	381818	18182	72727	54545	1	0	3	3	18	0	3	0	0	0	3	0	0	0	0	0	0	-6712	1173343	7152	8828	41822	50759	5.742.164	1200647	0	5486545	2282354	40767	-49449	-52931	-54122	0	75	8333	1	8	5	1	1	8405	1667	875	0	0	0	0	0	0	0	0	0	0	0	0	0	0	0	0
0	31776	1105	30	20	31	21	3	2	0	12	10	13	1	2	0	1	2	1	0	0	0	2	7	3	333333	433333	33333	66667	10	1	0	2	2	12	0	2	0	0	0	2	0	0	0	0	0	0	-6396	741434	3738	4576	36606	4219	3.391.991	757517	0	3327907	1397667	24554	-45015	-47976	-48906	0	1	1	1	4	0	1	1	7714	6667	1	1	0	1	0	0	0	0	0	1	0	0	0	1	0	1	0
1	62625	532	80	43	85	48	8	3	0	18	37	33	3	4	0	1	1	1	0	0	0	2	10	2	4625	4125	375	5	25	1	0	6	6	33	0	6	1	0	0	5	0	0	0	0	0	0	-7628	1664862	7016	7854	47558	70698	7.640.898	1031851	0	7499003	3107133	55415	-54324	-5838	-59858	1	5	5	8333	9	1	8333	1	7952	1667	625	0	0	0	0	0	0	0	0	0	0	0	0	0	0	0	0
1	6182	534	76	42	80	46	8	3	0	18	34	31	3	4	0	1	2	1	0	0	0	2	11	3	447368	407895	39474	52632	39474	1	0	5	5	30	0	5	0	0	0	5	0	0	0	0	0	0	-7335	1596026	7016	7854	44817	69294	7.429.047	1181452	0	7240532	3001201	53798	-51995	-55777	-57117	1	5	8333	8333	9	5	8333	1	7714	1667	625	0	0	0	0	0	0	0	0	0	0	0	0	0	0	0	0
1	54419	635	66	36	70	40	8	3	0	17	30	27	3	3	0	2	0	1	0	0	0	3	9	1	454545	409091	45455	45455	15152	1	0	5	8	29	3	3	0	0	2	2	1	1	0	0	1	1	176	1460925	7851	11513	36864	5292	6.490.225	1069979	344157	6491362	2694165	469	-45234	-4822	-49164	0	75	8333	8333	7	5	8333	1	7786	1667	75	0	0	0	0	0	0	0	0	0	0	0	0	0	0	0	0
1	57067	549	74	41	78	45	6	4	0	12	33	30	4	4	0	0	3	0	0	0	0	0	11	3	445946	405405	54054	54054	40541	1	0	5	6	29	1	4	0	1	0	3	1	0	0	0	1	0	7644	1450296	1111	1111	441	51273	7.134.892	2189298	787048	6726578	2790565	51493	-51385	-55095	-564	1	5	8333	8333	9	1	8333	1	8429	1667	625	0	0	0	0	0	0	0	0	0	0	0	0	0	0	0	0
1	57067	549	74	41	78	45	6	4	0	12	33	30	4	4	0	0	3	0	0	0	0	0	11	3	445946	405405	54054	54054	40541	1	0	5	6	29	1	4	0	1	0	3	1	0	0	0	1	0	7644	1450296	1111	1111	441	51273	7.134.892	2189298	787048	6726578	2790565	51493	-51385	-55095	-564	1	5	8333	8333	9	1	8333	1	8429	1667	625	0	0	0	0	0	0	0	0	0	0	0	0	0	0	0	0
1	51659	597	64	38	68	42	6	4	0	18	26	29	4	3	0	0	2	0	0	0	0	0	9	2	40625	453125	625	46875	3125	1	0	5	6	29	1	4	0	1	0	3	1	0	0	0	1	0	1489	1372712	9087	9087	42543	44598	6.230.397	1612864	360215	6151495	2554875	46395	-50061	-53616	-54843	1	5	8333	8333	7	5	8333	1	7429	1667	625	0	0	0	0	0	0	0	0	0	0	0	0	0	0	0	0
1	53062	58	67	39	71	43	6	4	0	18	28	30	4	3	0	0	2	0	0	0	0	0	9	2	41791	447761	59701	44776	29851	1	0	5	6	30	1	4	0	0	1	3	1	0	0	0	1	0	1363	1418722	9087	9087	44445	4916	6.491.164	1612864	360215	6385548	2650798	48125	-51678	-55423	-56745	1	5	8333	8333	7	5	8333	1	7429	1667	625	0	0	0	0	0	0	0	0	0	0	0	0	0	0	0	0
1	50067	635	64	36	68	40	6	4	0	17	28	28	4	3	0	1	0	0	0	0	0	1	8	0	4375	4375	625	46875	0	1	0	5	6	29	1	4	0	0	2	2	1	0	0	0	1	0	1484	1402736	9087	11911	36681	44584	6.285.775	1313661	360215	6201993	2575571	45566	-45078	-48046	-48981	0	75	8333	8333	7	5	8333	1	7786	1667	75	0	0	0	0	0	0	0	0	0	0	0	0	0	0	0	0
1	45964	677	67	34	71	38	6	3	0	12	33	28	3	3	0	0	0	0	0	0	0	0	6	0	492537	41791	44776	44776	0	1	0	5	8	28	2	3	0	1	1	2	1	0	0	0	2	0	1183	1311105	7851	7851	32968	42042	6.125.005	1145806	360215	5978904	2484141	44497	-41923	-4452	-45268	0	1	8333	1	1	1	1	1	9762	1667	875	0	0	0	0	0	0	0	0	0	0	0	0	0	0	0	0
1	55467	564	73	40	77	44	7	4	0	12	33	30	4	3	0	0	3	0	0	0	0	0	10	3	452055	410959	54795	41096	41096	1	0	5	6	28	1	4	0	1	1	2	1	0	0	0	1	0	1491	1440211	9087	9087	47524	55289	6.846.826	1762465	360215	662907	2750602	50614	-54295	-58347	-59824	1	5	6667	8333	9	1	8333	1	819	1667	625	0	0	0	0	0	0	0	0	0	0	0	0	0	0	0	0
0	48439	701	53	33	57	37	3	2	0	18	20	24	5	1	0	0	1	2	0	0	0	2	9	3	377358	45283	9434	18868	56604	1	0	5	6	30	1	4	0	0	0	5	0	0	0	1	0	0	-7211	1305742	5426	5426	48739	55443	5.358.123	83049	0	5472259	22765	4005	-55328	-59502	-61039	0	75	6667	1	8	5	1	1	8167	5	625	0	0	0	0	0	0	0	0	0	0	0	0	0	0	0	0
0	42146	753	49	31	53	35	2	0	1	21	18	23	5	0	0	0	3	0	0	0	0	0	8	3	367347	469388	102041	0	61224	1	0	5	7	28	2	3	0	0	2	3	0	0	2	0	0	0	-7351	1102906	5943	5943	53096	5495	4.623.725	1093882	0	4792525	199792	34523	-59031	-63641	-65396	0	75	8333	8333	7	5	8333	1	7786	5	75	1	0	0	0	0	0	0	0	0	0	0	0	0	0	0	0
1	49102	731	52	31	55	34	3	4	0	12	21	20	2	4	0	2	2	1	0	0	0	3	11	3	403846	384615	38462	76923	57692	1	0	4	5	24	1	3	0	0	0	4	0	0	0	1	0	0	-2328	1139435	8355	10031	44134	37822	5.335.736	1364697	16405	5237874	218044	38901	-51414	-55127	-56434	0	75	8333	1	8	5	1	1	8405	3333	75	0	0	0	0	0	0	0	0	1	0	0	0	0	0	0	0
0	35884	923	41	26	45	30	1	2	0	21	15	22	2	1	0	0	0	1	0	0	0	1	4	1	365854	536585	4878	2439	2439	1	0	5	9	28	3	2	0	0	2	3	0	0	3	0	0	0	-4078	1050662	3779	3779	43432	50947	3.915.869	431557	180108	4274252	1785513	30072	-50817	-5446	-55732	0	75	1	1	6	0	1	1	7643	6667	75	1	0	0	0	0	0	1	0	0	0	0	0	0	0	1	0
0	3244	967	41	25	45	29	1	2	0	21	16	22	2	1	0	0	0	0	0	0	0	0	3	0	390244	536585	4878	2439	0	1	0	5	9	28	3	2	0	0	2	3	0	0	3	0	0	0	-4354	1002614	3779	3779	38604	44303	370.185	431557	180108	407093	1702185	28551	-46713	-49873	-50904	0	1	1	1	6	0	1	1	8	6667	875	1	0	1	0	1	0	1	0	1	0	0	0	1	0	1	0
1	54797	619	55	36	58	39	4	3	0	17	19	23	3	3	0	1	5	1	0	0	0	2	13	6	345455	418182	54545	54545	109091	1	0	4	4	23	0	4	0	0	1	3	0	0	0	0	0	0	-634	1236332	7227	8065	44679	49265	5.726.113	1640458	0	5610133	2333005	424	-51877	-55645	-56979	1	5	8333	8333	7	5	8333	1	7429	1667	75	0	0	0	0	0	0	0	0	0	0	0	0	0	0	0	0
0	33732	949	39	23	40	24	3	1	0	6	16	15	1	2	0	0	5	0	0	0	0	0	8	5	410256	384615	25641	51282	128205	1	0	2	2	12	0	2	0	0	0	2	0	0	0	0	0	0	-1977	727368	4054	4054	34024	32011	3.926.604	1457532	426833	3551661	1489369	28081	-42821	-45523	-46324	0	1	1	1	1	1	1	1	1	6667	1	1	1	1	1	1	0	0	0	1	1	1	0	1	1	1	1
0	61733	534	87	42	91	46	9	3	0	12	45	32	4	4	0	1	0	1	0	0	0	2	10	1	517241	367816	45977	45977	11494	1	0	5	5	30	0	5	0	0	0	5	0	0	0	0	0	0	-7571	168877	734	8178	3415	52783	8.163.748	913493	0	7796179	3228926	57296	-42928	-45643	-4645	0	75	8333	6667	9	1	8333	1	8548	1667	75	0	0	0	0	0	0	0	0	0	0	0	0	0	0	0	0
0	49209	682	63	33	66	36	8	3	0	12	30	24	3	4	0	1	0	1	0	0	0	2	9	1	47619	380952	47619	63492	15873	1	0	4	5	23	1	3	0	0	1	3	0	0	0	1	0	0	-322	1304031	7895	8733	28758	4894	6.128.684	1031114	180108	5938372	246753	43592	-38345	-4052	-41058	0	1	8333	1	1	1	1	1	9762	3333	875	0	0	0	0	0	0	0	0	0	0	0	0	0	0	0	0
1	51266	655	66	35	70	39	4	4	0	6	31	24	4	3	0	1	3	0	0	0	0	1	11	3	469697	363636	60606	45455	45455	1	0	5	8	29	3	2	0	0	2	2	1	1	0	0	1	1	-2879	1287331	7296	8134	31396	31833	5.977.832	1385104	16405	5853488	2432741	44495	-40586	-43026	-43696	0	75	8333	8333	9	1	8333	1	8786	1667	75	0	0	0	0	0	0	0	0	0	0	0	0	0	0	0	0
1	50619	701	65	33	69	37	6	3	0	11	32	25	3	2	0	2	0	1	0	0	0	3	8	1	492308	384615	46154	30769	15385	1	0	5	8	29	3	3	0	0	2	2	1	1	0	0	1	1	-3521	1397299	5265	8927	36069	48673	6.147.314	669666	16405	6140033	2550178	44443	-44559	-47465	-48369	0	75	8333	8333	9	5	8333	1	8071	1667	75	0	0	0	0	0	0	0	0	0	0	0	0	0	0	0	0
1	52318	677	65	34	69	38	6	3	0	11	31	24	4	3	0	2	0	1	0	0	0	3	10	1	476923	369231	61538	46154	15385	1	0	5	8	29	3	3	0	0	2	2	1	1	0	0	1	1	235	13753	8175	11837	25454	36658	6.196.682	1101223	344157	6169269	2562159	44692	-35536	-37382	-37754	0	75	8333	8333	9	1	8333	1	8786	3333	75	0	0	0	0	0	0	0	0	0	0	0	0	0	0	0	0
1	47997	706	52	32	55	35	4	3	0	17	20	22	3	3	0	1	2	1	0	0	0	2	10	3	384615	423077	57692	57692	57692	1	0	4	4	23	0	4	0	0	1	3	0	0	0	0	0	0	-6814	1167761	7227	8065	39549	34056	5.374.206	1192879	0	5288372	2201136	38849	-47516	-50771	-51849	0	1	8333	1	8	5	1	1	8762	1667	875	1	0	0	0	0	0	0	0	1	0	0	0	0	0	0	0
1	63721	532	78	43	83	48	6	4	0	12	35	30	4	5	0	1	2	1	0	0	0	2	13	3	448718	384615	51282	64103	38462	1	0	6	6	32	0	5	1	0	1	4	0	0	0	0	0	0	-6934	1567846	9047	9885	37646	47394	7.480.617	1464144	0	7232226	2997798	54429	-45899	-48964	-49946	0	75	5	8333	9	1	8333	1	831	1667	625	0	0	0	0	0	0	0	0	0	0	0	0	0	0	0	0
1	61117	549	74	41	78	45	6	4	0	12	33	28	4	5	0	1	2	1	0	0	0	2	13	3	445946	378378	54054	67568	40541	1	0	5	5	29	0	4	0	0	1	4	0	0	0	0	0	0	-6785	1496846	9047	9885	33866	43935	7.240.428	1464144	0	6944518	2879885	52205	-42686	-45373	-46166	0	75	6667	8333	9	1	8333	1	8548	1667	625	0	0	0	0	0	0	0	0	0	0	0	0	0	0	0	0
1	58241	601	55	37	58	40	4	3	0	17	18	23	3	3	0	1	5	2	0	0	0	3	14	7	327273	418182	54545	54545	127273	1	0	4	4	23	0	4	0	0	1	3	0	0	0	0	0	0	-6171	1284391	7227	8065	46676	53855	5.940.132	1640458	0	5813455	2416334	43921	-53575	-57542	-58976	1	5	6667	8333	7	5	8333	1	719	1667	75	0	0	0	0	0	0	0	0	0	0	0	0	0	0	0	0
1	53463	631	63	37	68	42	3	2	0	17	26	26	4	2	0	1	4	0	0	0	0	1	11	4	412698	412698	63492	31746	63492	1	0	6	9	34	3	3	0	0	3	2	1	1	0	0	1	1	-3113	1325688	6723	7561	53829	59563	5.740.552	13874	16405	5858638	2434852	43475	-59654	-64337	-66129	1	5	5	6667	6	5	6667	1	6333	3333	625	0	0	0	0	0	0	0	0	0	0	0	0	0	0	0	0
1	58552	612	63	38	68	43	3	2	0	17	25	26	4	2	0	1	3	2	0	0	0	3	12	5	396825	412698	63492	31746	79365	1	0	6	9	34	3	3	0	0	3	2	1	1	0	0	1	1	-296	141962	6723	7561	5943	70796	6.140.252	1237799	16405	6236047	2589527	4591	-64416	-69659	-7173	1	5	5	6667	6	5	6667	1	6333	3333	625	0	0	0	0	0	0	0	0	0	0	0	0	0	0	0	0
1	55108	631	63	37	68	42	3	2	0	17	26	26	4	2	0	1	3	1	0	0	0	2	11	4	412698	412698	63492	31746	63492	1	0	6	9	34	3	3	0	0	3	2	1	1	0	0	1	1	-3113	1371572	6723	7561	54809	64152	5.926.233	1237799	16405	6032724	2506198	44389	-60488	-65269	-67109	1	5	5	6667	6	5	6667	1	6333	3333	625	0	0	0	0	0	0	0	0	0	0	0	0	0	0	0	0
1	55262	612	63	38	68	43	3	2	0	17	25	26	4	2	0	1	5	0	0	0	0	1	12	5	396825	412698	63492	31746	79365	1	0	6	9	34	3	3	0	0	3	2	1	1	0	0	1	1	-296	1327852	6723	7561	57489	61618	576.889	1537001	16405	5887874	2446834	44082	-62766	-67815	-69789	1	5	5	6667	6	5	6667	1	6333	3333	625	0	0	0	0	0	0	0	0	0	0	0	0	0	0	0	0
1	53463	631	63	37	68	42	3	2	0	17	26	26	4	2	0	1	4	0	0	0	0	1	11	4	412698	412698	63492	31746	63492	1	0	6	9	34	3	3	0	0	3	2	1	1	0	0	1	1	-3113	1325688	6723	7561	53829	59563	5.740.552	13874	16405	5858638	2434852	43475	-59654	-64337	-66129	1	5	5	6667	6	5	6667	1	6333	3333	625	0	0	0	0	0	0	0	0	0	0	0	0	0	0	0	0
1	55262	612	63	38	68	43	3	2	0	17	25	26	4	2	0	1	5	0	0	0	0	1	12	5	396825	412698	63492	31746	79365	1	0	6	9	34	3	3	0	0	3	2	1	1	0	0	1	1	-296	1327852	6723	7561	57489	61618	576.889	1537001	16405	5887874	2446834	44082	-62766	-67815	-69789	1	5	5	6667	6	5	6667	1	6333	3333	625	0	0	0	0	0	0	0	0	0	0	0	0	0	0	0	0
1	53463	631	63	37	68	42	3	2	0	17	26	26	4	2	0	1	4	0	0	0	0	1	11	4	412698	412698	63492	31746	63492	1	0	6	9	34	3	3	0	0	3	2	1	1	0	0	1	1	-3113	1325688	6723	7561	53829	59563	5.740.552	13874	16405	5858638	2434852	43475	-59654	-64337	-66129	1	5	5	6667	6	5	6667	1	6333	3333	625	0	0	0	0	0	0	0	0	0	0	0	0	0	0	0	0
1	53463	631	63	37	68	42	3	2	0	17	26	26	4	2	0	1	4	0	0	0	0	1	11	4	412698	412698	63492	31746	63492	1	0	6	9	34	3	3	0	0	3	2	1	1	0	0	1	1	-3113	1325688	6723	7561	53829	59563	5.740.552	13874	16405	5858638	2434852	43475	-59654	-64337	-66129	1	5	5	6667	6	5	6667	1	6333	3333	625	0	0	0	0	0	0	0	0	0	0	0	0	0	0	0	0
1	41042	847	41	28	45	32	2	2	0	16	13	16	6	2	0	1	3	0	0	0	0	1	12	3	317073	390244	146341	4878	73171	1	0	5	11	27	4	2	0	0	3	2	1	1	1	2	0	0	-1464	938531	9677	10515	10181	22717	3.873.009	1408234	16663	4072259	1702729	29268	-22554	-22872	-22481	0	1	1	1	6	5	1	1	8714	5	875	1	0	1	0	0	0	0	0	1	1	0	0	1	0	1	0
0	42954	706	56	32	59	35	6	1	0	23	24	25	5	1	0	0	1	0	0	0	0	0	7	1	428571	446429	89286	17857	17857	1	0	4	4	23	0	4	0	0	1	3	0	0	0	0	0	0	177	1244897	7184	7184	41939	38725	5.430.168	1096976	360215	5408638	2250425	3862	-49548	-53042	-54239	0	75	1	1	6	5	1	1	8357	1667	1	1	0	0	0	0	0	1	0	1	0	0	0	1	0	1	0
1	46655	655	58	35	62	39	6	1	0	28	23	28	4	2	0	0	1	0	0	0	0	0	7	1	396552	482759	68966	34483	17241	1	0	5	6	29	1	4	0	0	1	4	0	0	1	0	0	0	-4013	1315077	6852	6852	38423	50018	5.583.582	1026867	180108	5719269	2377733	40735	-4656	-49702	-50723	0	1	8333	1	6	0	1	1	7762	1667	75	0	0	0	0	0	0	0	0	0	0	0	0	0	0	0	0
1	48454	635	58	36	62	40	6	1	0	28	22	28	4	2	0	0	2	0	0	0	0	0	8	2	37931	482759	68966	34483	34483	1	0	5	6	29	1	4	0	0	1	4	0	0	1	0	0	0	-3826	1317241	6852	6852	39397	52073	561.192	1176469	180108	5748505	2389715	41342	-47388	-50627	-51697	0	1	8333	1	6	0	1	1	7762	1667	75	0	0	0	0	0	0	0	0	0	0	0	0	0	0	0	0
1	54859	564	66	40	70	44	7	4	0	18	26	29	4	5	0	0	2	0	0	0	0	0	11	2	393939	439394	60606	75758	30303	1	0	5	7	30	2	3	0	0	1	3	1	0	1	0	1	0	1739	1403393	10933	10933	31729	41826	6.469.802	1832861	360215	6346512	26348	48153	-4087	-43343	-44029	0	75	6667	8333	7	5	8333	1	7548	1667	75	0	0	0	0	0	0	0	0	0	0	0	0	0	0	0	0
1	44737	767	48	28	49	29	8	3	0	12	20	18	2	5	0	1	0	2	0	0	0	3	10	2	416667	375	41667	104167	41667	1	0	2	2	12	0	2	0	0	0	2	0	0	0	0	0	0	353	1087667	9594	10432	24604	4081	5.480.595	1426704	606941	50299	2095205	36984	-34814	-36574	-36904	0	1	1	1	1	5	1	1	9286	3333	1	1	0	0	0	0	0	1	0	1	0	0	0	1	0	1	0
1	45796	736	52	30	54	32	6	3	0	12	22	21	1	4	0	1	2	1	0	0	0	2	9	3	423077	403846	19231	76923	57692	1	0	3	3	18	0	3	0	0	0	3	0	0	0	0	0	0	-2829	1096908	7247	8085	42561	5198	5.434.786	1283887	180108	5143522	2141771	38652	-50077	-53633	-54861	0	75	8333	1	8	5	1	1	8405	1667	875	1	0	0	0	0	0	1	0	0	0	0	0	0	0	0	0
1	46159	677	62	34	66	38	6	2	0	17	28	26	5	2	0	0	1	0	0	0	0	0	8	1	451613	419355	80645	32258	16129	1	0	5	6	28	1	4	0	0	2	3	0	0	1	0	0	0	-3628	129717	6391	6391	45932	43448	5.768.418	944992	180108	5702658	2370925	41611	-52942	-56836	-58232	0	75	6667	1	8	5	1	1	8167	1667	625	1	0	0	0	0	0	1	0	0	0	0	0	0	0	0	0
1	43353	706	56	32	59	35	6	3	0	17	24	24	5	2	0	0	1	0	0	0	0	0	8	1	428571	428571	89286	35714	17857	1	0	4	4	22	0	4	0	0	2	2	0	0	0	0	0	0	-3407	121509	7397	7397	3706	35001	5.444.609	1058111	180108	5343522	2223738	39123	-45401	-48407	-4936	0	1	1	1	8	5	1	1	9	1667	1	1	0	0	0	0	0	1	0	1	0	0	0	1	0	1	0
0	42257	706	58	32	61	35	6	1	0	24	26	27	4	1	0	0	0	0	0	0	0	0	5	0	448276	465517	68966	17241	0	1	0	4	4	24	0	4	0	0	0	4	0	0	0	0	0	0	115	129494	6691	6691	38509	4478	5.635.745	947375	360215	5610299	2333073	40109	-46632	-49783	-50809	0	1	1	1	6	5	1	1	8714	1667	1	1	0	0	0	0	0	1	0	0	0	0	0	0	0	1	0
1	33845	933	47	25	50	28	4	0	0	16	22	19	4	2	0	0	0	0	0	0	0	0	6	0	468085	404255	85106	42553	0	1	0	4	5	22	1	3	0	0	2	2	0	0	1	0	0	0	-3168	962549	6511	6511	24852	30118	4.313.558	751269	180108	4263953	1781292	29822	-35024	-3681	-37152	0	1	1	1	8	5	1	1	9	3333	1	1	1	1	0	1	0	1	0	1	1	0	0	1	1	1	0
1	42846	731	50	31	53	34	5	0	0	22	19	21	6	1	0	0	3	0	0	0	0	0	10	3	38	42	12	2	6	1	0	4	4	22	0	4	0	0	2	2	0	0	0	0	0	0	-2648	1102146	6979	6979	45741	42211	4.836.563	124125	180108	4839535	2017186	34542	-5278	-56654	-58041	0	75	8333	1	6	5	1	1	8119	1667	875	1	0	1	0	0	0	1	0	1	0	0	0	1	0	1	0
1	40152	759	53	30	56	33	7	0	0	23	23	22	7	1	0	0	0	0	0	0	0	0	8	0	433962	415094	132075	18868	0	1	0	4	4	23	0	4	0	0	1	3	0	0	0	0	0	0	243	1166228	8978	8978	40514	39372	5.101.963	1141635	360215	5080233	2115833	35287	-48337	-51689	-52814	0	1	1	1	6	0	1	1	8	1667	1	1	0	1	0	0	0	1	1	1	0	0	0	1	0	1	0
1	47455	655	58	35	62	39	6	1	0	23	23	24	8	2	0	0	1	0	0	0	0	0	11	1	396552	413793	137931	34483	17241	1	0	5	6	28	1	4	0	0	2	3	0	0	1	0	0	0	8767	1293214	12237	12237	42586	38115	5.661.619	1850542	788272	5589037	2324359	39833	-50099	-53657	-54886	0	75	6667	1	6	0	1	1	7167	1667	625	1	0	0	0	0	0	0	0	0	0	0	0	0	0	0	0
1	47455	655	58	35	62	39	6	1	0	23	23	24	8	2	0	0	1	0	0	0	0	0	11	1	396552	413793	137931	34483	17241	1	0	5	6	28	1	4	0	0	2	3	0	0	1	0	0	0	8767	1293214	12237	12237	42586	38115	5.661.619	1850542	788272	5589037	2324359	39833	-50099	-53657	-54886	0	75	6667	1	6	0	1	1	7167	1667	625	1	0	0	0	0	0	0	0	0	0	0	0	0	0	0	0
1	46155	677	58	34	62	38	6	0	0	23	24	24	7	2	0	0	1	0	0	0	0	0	10	1	413793	413793	12069	34483	17241	1	0	5	6	28	1	4	0	0	2	3	0	0	1	0	0	0	8695	1266427	11001	11001	42487	36144	5.618.064	1716844	787048	5494684	228569	38997	-50014	-53562	-54787	0	75	6667	1	8	5	1	1	8167	1667	625	1	0	0	0	0	0	1	0	1	0	0	0	1	0	0	0
1	45953	677	56	34	60	38	6	1	0	23	22	24	7	2	0	0	1	0	0	0	0	0	10	1	392857	428571	125	35714	17857	1	0	5	6	28	1	4	0	0	2	3	0	0	1	0	0	0	235	1259141	10685	10685	41775	37245	5.376.304	154146	360215	5423256	2256416	38733	-49409	-52886	-54075	0	75	6667	1	8	5	1	1	8167	1667	875	1	0	0	0	0	0	1	0	1	0	0	0	1	0	0	0
1	47558	655	61	35	65	39	6	0	0	23	26	25	7	2	0	0	1	0	0	0	0	0	10	1	42623	409836	114754	32787	16393	1	0	5	6	28	1	4	0	0	2	3	0	0	1	0	0	0	8483	1312803	11001	11001	44546	38194	5.941.738	1716844	787048	5728738	2381614	40727	-51764	-55519	-56846	0	75	6667	1	8	5	1	1	8167	1667	625	0	0	0	0	0	0	0	0	0	0	0	0	0	0	0	0
0	46155	677	58	34	62	38	6	0	0	23	24	24	7	2	0	0	1	0	0	0	0	0	10	1	413793	413793	12069	34483	17241	1	0	5	6	28	1	4	0	0	2	3	0	0	1	0	0	0	8695	1265272	11001	11001	42487	39808	564.341	1716844	787048	5494684	228569	38997	-50014	-53562	-54787	0	75	6667	1	8	5	1	1	8167	1667	625	1	0	0	0	0	0	1	0	1	0	0	0	1	0	0	0
1	44555	701	57	33	61	37	6	0	0	23	24	24	7	1	0	0	1	0	0	0	0	0	9	1	421053	421053	122807	17544	17544	1	0	5	6	28	1	4	0	0	2	3	0	0	1	0	0	0	2219	1251276	8978	8978	49877	47163	5.334.287	1290011	360215	5397176	2245728	38118	-56295	-60583	-62177	0	75	8333	1	8	5	1	1	8405	1667	75	1	0	0	0	0	0	1	0	0	0	0	0	0	0	1	0
1	46155	677	58	34	62	38	6	0	0	23	24	24	7	2	0	0	1	0	0	0	0	0	10	1	413793	413793	12069	34483	17241	1	0	5	6	28	1	4	0	0	2	3	0	0	1	0	0	0	8695	1265272	11001	11001	42487	39808	564.341	1716844	787048	5494684	228569	38997	-50014	-53562	-54787	0	75	6667	1	8	5	1	1	8167	1667	625	1	0	0	0	0	0	1	0	1	0	0	0	1	0	0	0
1	44555	701	57	33	61	37	6	0	0	23	24	24	7	1	0	0	1	0	0	0	0	0	9	1	421053	421053	122807	17544	17544	1	0	5	6	28	1	4	0	0	2	3	0	0	1	0	0	0	2219	1251276	8978	8978	49877	47163	5.334.287	1290011	360215	5397176	2245728	38118	-56295	-60583	-62177	0	75	8333	1	8	5	1	1	8405	1667	75	1	0	0	0	0	0	1	0	0	0	0	0	0	0	1	0
1	47199	677	56	34	60	38	6	2	0	23	22	25	7	1	0	0	0	1	0	0	0	1	9	1	392857	446429	125	17857	17857	1	0	5	6	30	1	4	0	0	1	3	1	0	0	0	1	0	2058	1376507	8925	8925	35302	53116	5.543.873	1141635	360215	5662458	235445	40234	-43907	-46737	-47602	0	1	8333	1	6	0	1	1	7762	1667	75	0	0	0	0	0	0	0	0	0	0	0	0	0	0	0	0
1	37445	82	46	28	49	31	6	0	0	23	18	19	8	1	0	0	0	0	0	0	0	0	9	0	391304	413043	173913	21739	0	1	0	4	4	23	0	4	0	0	1	3	0	0	0	0	0	0	3177	1074208	10267	10267	42671	34926	4.533.359	1308265	360215	4543854	1896006	31197	-50171	-53738	-54971	0	75	8333	1	6	0	1	1	7405	1667	875	1	1	1	0	1	0	1	0	1	0	0	0	1	0	1	0
1	43142	798	51	27	52	28	9	2	0	12	24	19	2	3	0	1	0	2	0	0	0	3	8	2	470588	372549	39216	58824	39216	1	0	2	2	12	0	2	0	0	0	2	0	0	0	0	0	0	304	1119831	6964	7802	34781	44906	5.548.189	1065256	606941	5140365	2140478	3722	-43464	-46242	-47081	0	1	1	8333	1	1	1	1	9762	1667	1	1	0	1	0	0	0	1	0	1	0	0	0	1	0	1	0
0	2323	1324	33	17	34	18	4	2	0	6	16	14	0	3	0	0	0	0	0	0	0	0	3	0	484848	424242	0	90909	0	1	0	2	2	12	0	2	0	0	0	2	0	0	0	0	0	0	-8072	664592	3553	3553	13683	19043	3.281.451	471447	0	3031728	1276282	22831	-25531	-26199	-25983	0	1	1	1	1	5	1	1	9286	8333	1	1	0	1	0	1	0	0	0	1	0	1	1	1	0	1	0
0	25032	1242	36	18	37	19	4	1	0	6	18	14	0	4	0	0	0	0	0	0	0	0	4	0	50	388889	0	111111	0	1	0	2	2	12	0	2	0	0	0	2	0	0	0	0	0	0	-2796	667631	5576	5576	6464	7018	3.661.816	89828	426833	3200664	1345518	23974	-19394	-19341	-18764	0	1	1	1	1	1	1	1	1	6667	1	1	0	0	0	0	0	0	0	1	0	1	0	1	0	1	0
0	14419	2222	22	10	22	10	1	1	0	0	12	7	0	3	0	0	0	0	0	0	0	0	3	0	545455	318182	0	136364	0	1	0	1	1	6	0	1	0	0	0	1	0	0	0	0	0	0	-651	35927	4653	4653	-3132	-645	2.319.304	788282	426833	1859468	795848	14103	-11238	-10224	-9168	0	1	8333	8333	1	1	1	1	9524	1	1	0	0	0	0	0	0	0	0	0	0	0	0	0	0	0	0
0	23432	1324	35	17	36	18	4	1	0	6	18	14	0	3	0	0	0	0	0	0	0	0	3	0	514286	40	0	85714	0	1	0	2	2	12	0	2	0	0	0	2	0	0	0	0	0	0	-8072	652908	3553	3553	14542	19275	3.378.039	471447	0	3103156	1305556	23095	-26261	-27015	-26842	0	1	1	1	1	1	1	1	1	8333	1	1	0	1	0	1	0	0	0	1	0	1	1	1	0	1	0
0	25032	1242	36	18	37	19	4	1	0	6	18	14	0	4	0	0	0	0	0	0	0	0	4	0	50	388889	0	111111	0	1	0	2	2	12	0	2	0	0	0	2	0	0	0	0	0	0	-2796	667631	5576	5576	6464	7018	3.661.816	89828	426833	3200664	1345518	23974	-19394	-19341	-18764	0	1	1	1	1	1	1	1	1	6667	1	1	0	0	0	0	0	0	0	1	0	1	0	1	0	1	0
0	2323	1324	33	17	34	18	4	2	0	6	16	14	0	3	0	0	0	0	0	0	0	0	3	0	484848	424242	0	90909	0	1	0	2	2	12	0	2	0	0	0	2	0	0	0	0	0	0	-8072	664592	3553	3553	13683	19043	3.281.451	471447	0	3031728	1276282	22831	-25531	-26199	-25983	0	1	1	1	1	5	1	1	9286	8333	1	1	0	1	0	1	0	0	0	1	0	1	1	1	0	1	0
0	14419	2222	22	10	22	10	1	1	0	0	12	7	0	3	0	0	0	0	0	0	0	0	3	0	545455	318182	0	136364	0	1	0	1	1	6	0	1	0	0	0	1	0	0	0	0	0	0	-651	35927	4653	4653	-3132	-645	2.319.304	788282	426833	1859468	795848	14103	-11238	-10224	-9168	0	1	8333	8333	1	1	1	1	9524	1	1	0	0	0	0	0	0	0	0	0	0	0	0	0	0	0	0
0	23432	1324	35	17	36	18	4	1	0	6	18	14	0	3	0	0	0	0	0	0	0	0	3	0	514286	40	0	85714	0	1	0	2	2	12	0	2	0	0	0	2	0	0	0	0	0	0	-8072	652908	3553	3553	14542	19275	3.378.039	471447	0	3103156	1305556	23095	-26261	-27015	-26842	0	1	1	1	1	1	1	1	1	8333	1	1	0	1	0	1	0	0	0	1	0	1	1	1	0	1	0
1	46898	71	54	31	56	33	7	4	0	12	23	23	0	4	0	1	2	1	0	0	0	2	8	3	425926	425926	0	74074	55556	1	0	3	3	18	0	3	0	0	0	3	0	0	0	0	0	0	-7351	1165203	6044	6882	53886	62744	5.688.202	110378	0	5374419	2236401	40748	-59703	-64392	-66186	0	75	6667	8333	7	5	8333	1	7548	1667	75	0	0	0	0	0	0	0	0	0	0	0	0	0	0	0	0
1	46898	71	54	31	56	33	7	4	0	12	23	23	0	4	0	1	2	1	0	0	0	2	8	3	425926	425926	0	74074	55556	1	0	3	3	18	0	3	0	0	0	3	0	0	0	0	0	0	-7351	1165203	6044	6882	53886	62744	5.688.202	110378	0	5374419	2236401	40748	-59703	-64392	-66186	0	75	6667	8333	7	5	8333	1	7548	1667	75	0	0	0	0	0	0	0	0	0	0	0	0	0	0	0	0
0	61285	476	92	44	93	45	17	4	0	12	48	33	4	7	0	0	0	0	0	0	0	0	11	0	521739	358696	43478	76087	0	1	0	2	2	12	0	2	0	0	0	2	0	0	0	0	0	0	13767	166734	1463	1463	22217	45291	9.375.306	2224194	967156	8174751	3384078	61207	-32784	-34306	-34517	1	5	5	5	8	1	3333	0	519	1667	625	0	0	0	0	0	0	0	0	0	0	0	0	0	0	0	0
1	65494	444	101	47	102	48	19	4	0	12	54	36	4	7	0	0	0	0	0	0	0	0	11	0	534653	356436	39604	69307	0	1	0	2	2	12	0	2	0	0	0	2	0	0	0	0	0	0	13246	1804078	1463	1463	2765	57608	10.195.169	2224194	967156	887691	3671848	66397	-37403	-39468	-3995	1	5	5	5	8	1	3333	0	519	1667	625	0	0	0	0	0	0	0	0	0	0	0	0	0	0	0	0
0	65494	444	101	47	102	48	19	4	0	12	54	36	4	7	0	0	0	0	0	0	0	0	11	0	534653	356436	39604	69307	0	1	0	2	2	12	0	2	0	0	0	2	0	0	0	0	0	0	13246	1804078	1463	1463	2765	57608	10.195.169	2224194	967156	887691	3671848	66397	-37403	-39468	-3995	1	5	5	5	8	1	3333	0	519	1667	625	0	0	0	0	0	0	0	0	0	0	0	0	0	0	0	0
0	54176	54	82	39	83	40	15	3	0	12	43	30	3	6	0	0	0	0	0	0	0	0	9	0	52439	365854	36585	73171	0	1	0	2	2	12	0	2	0	0	0	2	0	0	0	0	0	0	7476	1493621	1172	1172	27806	48784	8.337.606	1792637	787048	7280731	3017677	54302	-37535	-39615	-40106	0	75	5	6667	9	1	6667	5	7119	3333	75	0	0	0	0	0	0	0	0	0	0	0	0	0	0	0	0
0	68895	424	102	50	104	52	19	4	0	18	52	39	4	7	0	0	0	0	0	0	0	0	11	0	509804	382353	39216	68627	0	1	0	3	3	18	0	3	0	0	0	3	0	0	0	0	0	0	12777	1913532	1463	1463	30768	6085	10.288.911	2224194	967156	9184385	3797863	68469	-40053	-4243	-43068	1	5	5	5	8	1	3333	0	519	0	625	0	0	0	0	0	0	0	0	0	0	0	0	0	0	0	0
0	64091	454	98	46	99	47	18	4	0	12	52	35	4	7	0	0	0	0	0	0	0	0	11	0	530612	357143	40816	71429	0	1	0	2	2	12	0	2	0	0	0	2	0	0	0	0	0	0	13413	17573	1463	1463	2586	53721	9.934.402	2224194	967156	8642857	3575925	64667	-35881	-37767	-3816	1	5	5	5	8	1	3333	0	519	1667	625	0	0	0	0	0	0	0	0	0	0	0	0	0	0	0	0
1	64091	454	98	46	99	47	18	4	0	12	52	35	4	7	0	0	0	0	0	0	0	0	11	0	530612	357143	40816	71429	0	1	0	2	2	12	0	2	0	0	0	2	0	0	0	0	0	0	13413	17573	1463	1463	2586	53721	9.934.402	2224194	967156	8642857	3575925	64667	-35881	-37767	-3816	1	5	5	5	8	1	3333	0	519	1667	625	0	0	0	0	0	0	0	0	0	0	0	0	0	0	0	0
0	74006	392	114	53	115	54	21	5	0	12	61	40	5	8	0	0	0	0	0	0	0	0	13	0	535088	350877	4386	70175	0	1	0	2	2	12	0	2	0	0	0	2	0	0	0	0	0	0	19512	2020979	1754	1754	23675	58658	11.531.197	2655751	1147263	10004983	4134174	75032	-34024	-35691	-35975	1	5	5	5	8	1	3333	0	519	1667	625	0	0	0	0	0	0	0	0	0	0	0	0	0	0	0	0
1	64091	454	98	46	99	47	18	4	0	12	52	35	4	7	0	0	0	0	0	0	0	0	11	0	530612	357143	40816	71429	0	1	0	2	2	12	0	2	0	0	0	2	0	0	0	0	0	0	13413	17573	1463	1463	2586	53721	9.934.402	2224194	967156	8642857	3575925	64667	-35881	-37767	-3816	1	5	5	5	8	1	3333	0	519	1667	625	0	0	0	0	0	0	0	0	0	0	0	0	0	0	0	0
1	74006	392	114	53	115	54	21	5	0	12	61	40	5	8	0	0	0	0	0	0	0	0	13	0	535088	350877	4386	70175	0	1	0	2	2	12	0	2	0	0	0	2	0	0	0	0	0	0	19512	2020979	1754	1754	23675	58658	11.531.197	2655751	1147263	10004983	4134174	75032	-34024	-35691	-35975	1	5	5	5	8	1	3333	0	519	1667	625	0	0	0	0	0	0	0	0	0	0	0	0	0	0	0	0
1	712	408	108	51	109	52	20	5	0	12	57	38	5	8	0	0	0	0	0	0	0	0	13	0	527778	351852	46296	74074	0	1	0	2	2	12	0	2	0	0	0	2	0	0	0	0	0	0	19871	1931019	1754	1754	20227	50228	10.972.101	2655751	1147263	9536877	3942327	71572	-31093	-32415	-32527	1	5	5	5	8	1	3333	0	519	1667	625	0	0	0	0	0	0	0	0	0	0	0	0	0	0	0	0
1	75409	384	117	54	118	55	22	5	0	12	63	41	5	8	0	0	0	0	0	0	0	0	13	0	538462	350427	42735	68376	0	1	0	2	2	12	0	2	0	0	0	2	0	0	0	0	0	0	19341	2067757	1754	1754	25373	62545	11.791.965	2655751	1147263	10239037	4230097	76762	-35467	-37305	-37673	1	5	5	5	8	1	3333	0	519	1667	625	0	0	0	0	0	0	0	0	0	0	0	0	0	0	0	0
1	7881	37	118	57	120	59	22	5	0	18	61	44	5	8	0	0	0	0	0	0	0	0	13	0	516949	372881	42373	67797	0	1	0	3	3	18	0	3	0	0	0	3	0	0	0	0	0	0	18857	2177211	1754	1754	2827	65787	11.885.707	2655751	1147263	10546512	4356111	78834	-3793	-40057	-4057	1	5	5	5	8	1	3333	0	519	1667	625	0	0	0	0	0	0	0	0	0	0	0	0	0	0	0	0
1	64091	454	98	46	99	47	18	4	0	12	52	35	4	7	0	0	0	0	0	0	0	0	11	0	530612	357143	40816	71429	0	1	0	2	2	12	0	2	0	0	0	2	0	0	0	0	0	0	13413	17573	1463	1463	2586	53721	9.934.402	2224194	967156	8642857	3575925	64667	-35881	-37767	-3816	1	5	5	5	8	1	3333	0	519	1667	625	0	0	0	0	0	0	0	0	0	0	0	0	0	0	0	0
0	712	408	108	51	109	52	20	5	0	12	57	38	5	8	0	0	0	0	0	0	0	0	13	0	527778	351852	46296	74074	0	1	0	2	2	12	0	2	0	0	0	2	0	0	0	0	0	0	19871	1931019	1754	1754	20227	50228	10.972.101	2655751	1147263	9536877	3942327	71572	-31093	-32415	-32527	1	5	5	5	8	1	3333	0	519	1667	625	0	0	0	0	0	0	0	0	0	0	0	0	0	0	0	0
0	61285	476	92	44	93	45	17	4	0	12	48	33	4	7	0	0	0	0	0	0	0	0	11	0	521739	358696	43478	76087	0	1	0	2	2	12	0	2	0	0	0	2	0	0	0	0	0	0	13767	166734	1463	1463	22217	45291	9.375.306	2224194	967156	8174751	3384078	61207	-32784	-34306	-34517	1	5	5	5	8	1	3333	0	519	1667	625	0	0	0	0	0	0	0	0	0	0	0	0	0	0	0	0
0	75409	384	117	54	118	55	22	5	0	12	63	41	5	8	0	0	0	0	0	0	0	0	13	0	538462	350427	42735	68376	0	1	0	2	2	12	0	2	0	0	0	2	0	0	0	0	0	0	19341	2067757	1754	1754	25373	62545	11.791.965	2655751	1147263	10239037	4230097	76762	-35467	-37305	-37673	1	5	5	5	8	1	3333	0	519	1667	625	0	0	0	0	0	0	0	0	0	0	0	0	0	0	0	0
1	65494	444	101	47	102	48	19	4	0	12	54	36	4	7	0	0	0	0	0	0	0	0	11	0	534653	356436	39604	69307	0	1	0	2	2	12	0	2	0	0	0	2	0	0	0	0	0	0	13246	1804078	1463	1463	2765	57608	10.195.169	2224194	967156	887691	3671848	66397	-37403	-39468	-3995	1	5	5	5	8	1	3333	0	519	1667	625	0	0	0	0	0	0	0	0	0	0	0	0	0	0	0	0
0	54176	54	82	39	83	40	15	3	0	12	43	30	3	6	0	0	0	0	0	0	0	0	9	0	52439	365854	36585	73171	0	1	0	2	2	12	0	2	0	0	0	2	0	0	0	0	0	0	7476	1493621	1172	1172	27806	48784	8.337.606	1792637	787048	7280731	3017677	54302	-37535	-39615	-40106	0	75	5	6667	9	1	6667	5	7119	3333	75	0	0	0	0	0	0	0	0	0	0	0	0	0	0	0	0
1	7881	37	118	57	120	59	22	5	0	18	61	44	5	8	0	0	0	0	0	0	0	0	13	0	516949	372881	42373	67797	0	1	0	3	3	18	0	3	0	0	0	3	0	0	0	0	0	0	18857	2177211	1754	1754	2827	65787	11.885.707	2655751	1147263	10546512	4356111	78834	-3793	-40057	-4057	1	5	5	5	8	1	3333	0	519	1667	625	0	0	0	0	0	0	0	0	0	0	0	0	0	0	0	0
1	67492	434	99	49	101	51	18	4	0	18	50	38	4	7	0	0	0	0	0	0	0	0	11	0	505051	383838	40404	70707	0	1	0	3	3	18	0	3	0	0	0	3	0	0	0	0	0	0	12928	1866754	1463	1463	29035	56963	10.028.144	2224194	967156	8950332	3701939	66739	-3858	-40783	-41335	1	5	5	5	8	1	3333	0	519	1667	625	0	0	0	0	0	0	0	0	0	0	0	0	0	0	0	0
1	64686	453	93	47	95	49	17	4	0	18	46	36	4	7	0	0	0	0	0	0	0	0	11	0	494624	387097	43011	75269	0	1	0	3	3	18	0	3	0	0	0	3	0	0	0	0	0	0	13246	1776794	1463	1463	25513	48533	9.469.048	2224194	967156	8482226	3510093	63279	-35586	-37438	-37813	1	5	5	5	8	1	3333	0	519	1667	625	0	0	0	0	0	0	0	0	0	0	0	0	0	0	0	0
1	79207	369	115	58	118	61	22	5	0	24	57	47	3	8	0	0	0	0	0	0	0	0	11	0	495652	408696	26087	69565	0	1	0	4	4	24	0	4	0	0	0	4	0	0	0	0	0	0	11725	2229804	16013	16013	42641	80916	11.604.633	24444	967156	10522425	434624	78706	-50145	-53709	-54941	1	25	5	5	8	1	3333	0	4833	0	5	0	0	0	0	0	0	0	0	0	0	0	0	0	0	0	0
0	41662	713	66	30	67	31	11	3	0	6	36	24	2	4	0	0	0	0	0	0	0	0	6	0	545455	363636	30303	60606	0	1	0	2	2	12	0	2	0	0	0	2	0	0	0	0	0	0	1769	1162269	845	845	28563	4482	6.386.508	1224562	360215	57299	238209	42946	-38178	-40335	-40863	0	1	8333	8333	1	1	8333	5	8571	3333	875	1	0	0	0	0	0	0	0	1	0	0	0	0	0	0	0
0	61285	476	92	44	93	45	17	4	0	12	48	33	4	7	0	0	0	0	0	0	0	0	11	0	521739	358696	43478	76087	0	1	0	2	2	12	0	2	0	0	0	2	0	0	0	0	0	0	13767	1667406	1463	1463	22217	45015	9.375.306	2224194	967156	8174751	3384078	61207	-32784	-34306	-34517	1	5	5	5	8	1	3333	0	519	1667	625	0	0	0	0	0	0	0	0	0	0	0	0	0	0	0	0
0	64091	454	98	46	99	47	18	4	0	12	52	35	4	7	0	0	0	0	0	0	0	0	11	0	530612	357143	40816	71429	0	1	0	2	2	12	0	2	0	0	0	2	0	0	0	0	0	0	13413	1759068	1463	1463	2586	52278	993.869	2224194	967156	8642857	3575925	64667	-35881	-37767	-3816	1	5	5	5	8	1	3333	0	519	1667	625	0	0	0	0	0	0	0	0	0	0	0	0	0	0	0	0
1	65494	444	101	47	102	48	19	4	0	12	54	36	4	7	0	0	0	0	0	0	0	0	11	0	534653	356436	39604	69307	0	1	0	2	2	12	0	2	0	0	0	2	0	0	0	0	0	0	13246	1804846	1463	1463	2765	56933	10.195.169	2224194	967156	887691	3671848	66397	-37403	-39468	-3995	1	5	5	5	8	1	3333	0	519	1667	625	0	0	0	0	0	0	0	0	0	0	0	0	0	0	0	0
1	68895	424	102	50	104	52	19	4	0	18	52	39	4	7	0	0	0	0	0	0	0	0	11	0	509804	382353	39216	68627	0	1	0	3	3	18	0	3	0	0	0	3	0	0	0	0	0	0	12777	1913532	1463	1463	30768	6085	10.288.911	2224194	967156	9184385	3797863	68469	-40053	-4243	-43068	1	5	5	5	8	1	3333	0	519	0	625	0	0	0	0	0	0	0	0	0	0	0	0	0	0	0	0
0	72296	406	103	53	106	56	19	4	0	24	50	42	4	7	0	0	0	0	0	0	0	0	11	0	485437	407767	38835	67961	0	1	0	4	4	24	0	4	0	0	0	4	0	0	0	0	0	0	12352	2022986	1463	1463	33824	64092	10.382.653	2224194	967156	949186	3923877	70541	-4265	-45333	-46124	1	5	5	5	8	1	3333	0	519	0	625	0	0	0	0	0	0	0	0	0	0	0	0	0	0	0	0
0	59882	487	89	43	90	44	16	4	0	12	46	32	4	7	0	0	0	0	0	0	0	0	11	0	516854	359551	44944	78652	0	1	0	2	2	12	0	2	0	0	0	2	0	0	0	0	0	0	13954	1620562	1463	1463	20363	41404	9.114.538	2224194	967156	7940698	3288155	59477	-31208	-32544	-32663	1	5	5	5	8	1	3333	0	519	1667	625	0	0	0	0	0	0	0	0	0	0	0	0	0	0	0	0
0	56481	513	88	40	88	40	16	4	0	6	48	29	4	7	0	0	0	0	0	0	0	0	11	0	545455	329545	45455	79545	0	1	0	1	1	6	0	1	0	0	0	1	0	0	0	0	0	0	14561	1511174	1463	1463	16926	37886	9.020.796	2224194	967156	7633223	316214	57405	-28287	-2928	-29226	1	5	5	5	8	1	3333	0	519	1667	625	0	0	0	0	0	0	0	0	0	0	0	0	0	0	0	0
0	59287	488	94	42	94	42	17	4	0	6	52	31	4	7	0	0	0	0	0	0	0	0	11	0	553191	329787	42553	74468	0	1	0	1	1	6	0	1	0	0	0	1	0	0	0	0	0	0	14148	1602836	1463	1463	20756	45149	9.584.181	2224194	967156	8101329	3353987	60865	-31542	-32918	-33056	1	5	5	5	8	1	3333	0	519	1667	625	0	0	0	0	0	0	0	0	0	0	0	0	0	0	0	0
0	6069	476	97	43	97	43	18	4	0	6	54	32	4	7	0	0	0	0	0	0	0	0	11	0	556701	329897	41237	72165	0	1	0	1	1	6	0	1	0	0	0	1	0	0	0	0	0	0	13954	1648614	1463	1463	22634	49804	984.066	2224194	967156	8335382	3449911	62595	-33139	-34702	-34934	1	5	5	5	8	1	3333	0	519	1667	625	0	0	0	0	0	0	0	0	0	0	0	0	0	0	0	0
0	712	408	108	51	109	52	20	5	0	12	57	38	5	8	0	0	0	0	0	0	0	0	13	0	527778	351852	46296	74074	0	1	0	2	2	12	0	2	0	0	0	2	0	0	0	0	0	0	19871	1931019	1754	1754	20227	50228	10.972.101	2655751	1147263	9536877	3942327	71572	-31093	-32415	-32527	1	5	5	5	8	1	3333	0	519	1667	625	0	0	0	0	0	0	0	0	0	0	0	0	0	0	0	0
0	75409	384	117	54	118	55	22	5	0	12	63	41	5	8	0	0	0	0	0	0	0	0	13	0	538462	350427	42735	68376	0	1	0	2	2	12	0	2	0	0	0	2	0	0	0	0	0	0	19341	2067757	1754	1754	25373	62545	11.791.965	2655751	1147263	10239037	4230097	76762	-35467	-37305	-37673	1	5	5	5	8	1	3333	0	519	1667	625	0	0	0	0	0	0	0	0	0	0	0	0	0	0	0	0
0	7881	37	118	57	120	59	22	5	0	18	61	44	5	8	0	0	0	0	0	0	0	0	13	0	516949	372881	42373	67797	0	1	0	3	3	18	0	3	0	0	0	3	0	0	0	0	0	0	18857	2177211	1754	1754	2827	65787	11.885.707	2655751	1147263	10546512	4356111	78834	-3793	-40057	-4057	1	5	5	5	8	1	3333	0	519	1667	625	0	0	0	0	0	0	0	0	0	0	0	0	0	0	0	0
0	74006	392	114	53	115	54	21	5	0	12	61	40	5	8	0	0	0	0	0	0	0	0	13	0	535088	350877	4386	70175	0	1	0	2	2	12	0	2	0	0	0	2	0	0	0	0	0	0	19512	2020979	1754	1754	23675	58658	11.531.197	2655751	1147263	10004983	4134174	75032	-34024	-35691	-35975	1	5	5	5	8	1	3333	0	519	1667	625	0	0	0	0	0	0	0	0	0	0	0	0	0	0	0	0
1	64091	454	98	46	99	47	18	4	0	12	52	35	4	7	0	0	0	0	0	0	0	0	11	0	530612	357143	40816	71429	0	1	0	2	2	12	0	2	0	0	0	2	0	0	0	0	0	0	13413	17573	1463	1463	2586	53721	9.934.402	2224194	967156	8642857	3575925	64667	-35881	-37767	-3816	1	5	5	5	8	1	3333	0	519	1667	625	0	0	0	0	0	0	0	0	0	0	0	0	0	0	0	0
1	64091	454	98	46	99	47	18	4	0	12	52	35	4	7	0	0	0	0	0	0	0	0	11	0	530612	357143	40816	71429	0	1	0	2	2	12	0	2	0	0	0	2	0	0	0	0	0	0	13413	17573	1463	1463	2586	53721	9.934.402	2224194	967156	8642857	3575925	64667	-35881	-37767	-3816	1	5	5	5	8	1	3333	0	519	1667	625	0	0	0	0	0	0	0	0	0	0	0	0	0	0	0	0
0	64091	454	98	46	99	47	18	4	0	12	52	35	4	7	0	0	0	0	0	0	0	0	11	0	530612	357143	40816	71429	0	1	0	2	2	12	0	2	0	0	0	2	0	0	0	0	0	0	13413	17573	1463	1463	2586	53721	9.934.402	2224194	967156	8642857	3575925	64667	-35881	-37767	-3816	1	5	5	5	8	1	3333	0	519	1667	625	0	0	0	0	0	0	0	0	0	0	0	0	0	0	0	0
0	67492	434	99	49	101	51	18	4	0	18	50	38	4	7	0	0	0	0	0	0	0	0	11	0	505051	383838	40404	70707	0	1	0	3	3	18	0	3	0	0	0	3	0	0	0	0	0	0	12928	1866754	1463	1463	29035	56963	10.028.144	2224194	967156	8950332	3701939	66739	-3858	-40783	-41335	1	5	5	5	8	1	3333	0	519	1667	625	0	0	0	0	0	0	0	0	0	0	0	0	0	0	0	0
1	64091	454	98	46	99	47	18	4	0	12	52	35	4	7	0	0	0	0	0	0	0	0	11	0	530612	357143	40816	71429	0	1	0	2	2	12	0	2	0	0	0	2	0	0	0	0	0	0	13413	17573	1463	1463	2586	53721	9.934.402	2224194	967156	8642857	3575925	64667	-35881	-37767	-3816	1	5	5	5	8	1	3333	0	519	1667	625	0	0	0	0	0	0	0	0	0	0	0	0	0	0	0	0
0	64091	454	98	46	99	47	18	4	0	12	52	35	4	7	0	0	0	0	0	0	0	0	11	0	530612	357143	40816	71429	0	1	0	2	2	12	0	2	0	0	0	2	0	0	0	0	0	0	13413	17573	1463	1463	2586	53721	9.934.402	2224194	967156	8642857	3575925	64667	-35881	-37767	-3816	1	5	5	5	8	1	3333	0	519	1667	625	0	0	0	0	0	0	0	0	0	0	0	0	0	0	0	0
0	62688	465	95	45	96	46	17	4	0	12	50	34	4	7	0	0	0	0	0	0	0	0	11	0	526316	357895	42105	73684	0	1	0	2	2	12	0	2	0	0	0	2	0	0	0	0	0	0	13587	1710522	1463	1463	24049	49834	9.673.634	2224194	967156	8408804	3480002	62937	-34342	-36047	-36349	1	5	5	5	8	1	3333	0	519	1667	625	0	0	0	0	0	0	0	0	0	0	0	0	0	0	0	0
1	38884	867	40	25	41	26	6	3	0	12	15	17	0	4	0	1	2	1	0	0	0	2	8	3	375	425	0	10	75	1	0	2	2	12	0	2	0	0	0	2	0	0	0	0	0	0	-6718	894606	6044	6882	45517	44614	4.518.514	110378	0	4221927	1764068	31868	-52589	-56441	-57817	0	75	8333	1	8	5	1	1	8405	1667	875	1	0	1	0	0	0	1	0	1	0	0	0	1	0	1	0
1	49798	682	55	33	58	36	6	4	0	12	22	23	1	5	0	1	2	1	0	0	0	2	10	3	40	418182	18182	90909	54545	1	0	4	4	21	0	4	1	0	0	3	0	0	0	0	0	0	-6911	1176612	8075	8913	4235	37854	5.727.473	1386472	0	5457309	2270373	41491	-49898	-53433	-5465	0	75	8333	1	1	5	1	1	869	1667	75	0	0	0	0	0	0	0	0	1	0	0	0	0	0	0	0
1	44289	764	46	29	48	31	5	4	0	12	17	20	0	5	0	1	2	1	0	0	0	2	9	3	369565	434783	0	108696	65217	1	0	3	3	18	0	3	0	0	0	3	0	0	0	0	0	0	-6828	102268	7751	8589	39673	39983	5.044.504	1355229	0	4769767	1988593	36437	-47622	-5089	-51973	0	1	1	1	8	5	1	1	9	1667	1	1	0	1	0	0	0	1	0	1	0	0	0	1	0	1	0
0	43545	736	46	30	48	32	7	3	0	18	16	21	1	4	0	1	3	0	0	0	0	1	9	3	347826	456522	21739	86957	65217	1	0	3	3	18	0	3	0	0	0	3	0	0	0	0	0	0	-6933	1056951	6368	7206	43236	5199	4.834.622	1268567	0	475515	1982602	35856	-5065	-54274	-55536	0	75	1	1	4	0	1	1	7357	1667	875	1	0	0	0	0	0	1	0	0	0	0	0	0	0	0	0
0	41988	759	48	30	51	33	6	3	0	18	18	24	1	4	0	0	0	1	0	0	0	1	6	1	375	50	20833	83333	20833	1	0	4	5	23	1	3	0	0	1	3	0	0	1	0	0	0	-3819	1153586	6839	6839	44433	4818	4.980.728	903004	180108	4978073	2073964	37131	-51668	-55411	-56733	0	75	1	1	6	0	1	1	7643	1667	875	1	0	0	0	0	0	1	0	0	0	0	0	0	0	1	0
1	4775	701	51	33	55	37	5	3	0	17	18	22	3	4	0	1	3	0	0	0	0	1	11	3	352941	431373	58824	78431	58824	1	0	5	8	26	2	3	1	0	1	3	0	0	1	1	0	0	-2619	1150252	9236	10074	34966	49346	4.921.895	1435197	16663	5031395	2095818	37578	-43621	-46418	-47266	0	1	8333	1	8	5	1	1	8762	1667	75	1	0	0	0	0	0	0	0	0	0	0	0	0	0	0	0
0	48503	685	59	32	61	34	8	3	0	12	27	24	0	4	0	1	2	1	0	0	0	2	8	3	457627	40678	0	67797	50847	1	0	3	3	18	0	3	0	0	0	3	0	0	0	0	0	0	-7434	119827	6044	6882	56669	65038	6.108.464	110378	0	56799	2361598	42742	-62069	-67036	-68969	0	75	6667	8333	9	5	8333	1	7833	1667	75	0	0	0	0	0	0	0	0	0	0	0	0	0	0	0	0
1	471	71	56	31	58	33	8	3	0	12	25	23	0	4	0	1	2	1	0	0	0	2	8	3	446429	410714	0	71429	53571	1	0	3	3	18	0	3	0	0	0	3	0	0	0	0	0	0	-7351	1153519	6044	6882	54626	62976	5.784.789	110378	0	5445847	2265675	41012	-60332	-65095	-66926	0	75	6667	8333	9	5	8333	1	7833	1667	75	0	0	0	0	0	0	0	0	0	0	0	0	0	0	0	0
1	48503	685	59	32	61	34	8	3	0	12	27	24	0	4	0	1	2	1	0	0	0	2	8	3	457627	40678	0	67797	50847	1	0	3	3	18	0	3	0	0	0	3	0	0	0	0	0	0	-7434	119827	6044	6882	56669	65038	6.108.464	110378	0	56799	2361598	42742	-62069	-67036	-68969	0	75	6667	8333	9	5	8333	1	7833	1667	75	0	0	0	0	0	0	0	0	0	0	0	0	0	0	0	0
1	471	71	56	31	58	33	8	3	0	12	25	23	0	4	0	1	2	1	0	0	0	2	8	3	446429	410714	0	71429	53571	1	0	3	3	18	0	3	0	0	0	3	0	0	0	0	0	0	-7351	1153519	6044	6882	54626	62976	5.784.789	110378	0	5445847	2265675	41012	-60332	-65095	-66926	0	75	6667	8333	9	5	8333	1	7833	1667	75	0	0	0	0	0	0	0	0	0	0	0	0	0	0	0	0
1	54957	564	65	40	69	44	8	4	0	18	25	29	3	6	0	0	2	0	0	0	0	0	11	2	384615	446154	46154	92308	30769	1	0	5	7	30	2	3	0	0	1	3	1	0	1	0	1	0	-3422	1383895	10653	10653	35789	48299	6.449.427	1762753	180108	6278239	2606819	47932	-44321	-472	-48089	0	75	6667	8333	7	5	8333	1	7548	1667	75	0	0	0	0	0	0	0	0	0	0	0	0	0	0	0	0
0	2453	1242	33	18	34	19	3	3	0	6	15	14	1	3	0	0	0	0	0	0	0	0	4	0	454545	424242	30303	90909	0	1	0	2	2	12	0	2	0	0	0	2	0	0	0	0	0	0	-7635	686159	4661	4661	129	21789	3.379.192	644141	0	312608	1314951	23667	-24865	-25455	-252	0	1	1	1	8	5	1	1	9	8333	1	1	0	1	0	1	0	0	0	1	0	1	1	1	0	1	1
1	39689	892	43	26	46	29	3	3	0	11	17	16	4	4	0	1	0	1	0	0	0	2	10	1	395349	372093	93023	93023	23256	1	0	4	7	23	3	2	0	0	1	3	0	1	1	0	1	0	-1796	957787	956	10398	9743	21606	4.340.579	1017636	16663	4303156	1797359	31116	-22182	-22456	-22043	0	1	1	1	8	5	1	1	9	5	1	1	0	1	0	0	0	0	0	1	1	0	0	1	0	1	0
0	24732	1242	35	18	36	19	3	2	0	6	17	14	1	3	0	0	0	0	0	0	0	0	4	0	485714	40	28571	85714	0	1	0	2	2	12	0	2	0	0	0	2	0	0	0	0	0	0	-7635	676011	4661	4661	13725	20671	3.475.779	644141	0	3197508	1344225	23931	-25566	-26239	-26025	0	1	1	1	1	1	1	1	1	8333	1	1	0	1	0	1	0	0	0	1	0	1	1	1	0	1	0
0	24934	1242	37	18	38	19	3	1	0	6	19	14	1	3	0	0	0	0	0	0	0	0	4	0	513514	378378	27027	81081	0	1	0	2	2	12	0	2	0	0	0	2	0	0	0	0	0	0	-2796	68423	4977	4977	14584	21066	371.754	819525	426833	3268937	1373499	24195	-26296	-27055	-26884	0	1	1	1	1	1	1	1	1	8333	1	1	0	1	0	1	0	0	0	1	0	1	1	1	0	1	1
1	45796	736	52	30	54	32	6	3	0	12	22	21	1	4	0	1	2	1	0	0	0	2	9	3	423077	403846	19231	76923	57692	1	0	3	3	18	0	3	0	0	0	3	0	0	0	0	0	0	-2829	1096908	7247	8085	42561	5198	5.434.786	1283887	180108	5143522	2141771	38652	-50077	-53633	-54861	0	75	8333	1	8	5	1	1	8405	1667	875	1	0	0	0	0	0	1	0	0	0	0	0	0	0	0	0
1	48167	644	66	33	67	34	12	2	0	11	33	24	3	3	0	1	2	0	0	0	0	1	9	2	50	363636	45455	45455	30303	1	0	2	2	11	0	2	0	0	1	1	0	0	0	0	0	0	2219	1264745	8032	10856	37881	45734	6.692.276	144017	360215	6056811	251607	44878	-46099	-49187	-50181	0	1	6667	8333	1	1	8333	5	8333	1667	75	0	0	0	0	0	0	0	0	0	0	0	0	0	0	0	0
1	46257	677	61	34	65	38	6	2	0	17	27	26	4	3	0	0	1	0	0	0	0	0	8	1	442623	42623	65574	4918	16393	1	0	5	6	28	1	4	0	0	2	3	0	0	1	0	0	0	-7585	1280361	6111	6111	45932	46111	5.748.043	874884	0	5634385	2342945	4139	-52942	-56836	-58232	0	75	6667	1	8	5	1	1	8167	1667	625	1	0	0	0	0	0	1	0	0	0	0	0	0	0	0	0
1	46359	663	64	33	66	35	10	2	0	11	31	23	5	3	0	0	2	0	0	0	0	0	10	2	484375	359375	78125	46875	3125	1	0	3	3	16	0	3	0	0	2	1	0	0	0	0	0	0	252	1207424	8849	8849	2885	20459	6.167.085	1471413	360215	5702326	2370789	42261	-38423	-40608	-4115	0	1	6667	8333	1	1	1	1	9286	3333	875	1	0	0	0	0	0	0	0	1	0	0	0	0	0	0	0
1	41554	731	56	31	59	34	8	0	0	23	25	24	5	2	0	0	0	0	0	0	0	0	7	0	446429	428571	89286	35714	0	1	0	4	4	23	0	4	0	0	1	3	0	0	0	0	0	0	-3606	123046	7409	7409	36017	39239	5.443.525	901221	180108	5314286	2211756	37426	-44515	-47417	-48317	0	1	1	1	8	5	1	1	9	1667	1	1	0	0	0	0	0	1	0	1	0	0	0	1	0	1	0
0	42946	788	47	29	50	32	5	3	0	11	18	18	3	4	0	1	3	0	0	0	0	1	11	3	382979	382979	6383	85106	6383	1	0	4	5	20	1	3	1	0	1	2	0	0	1	0	0	0	-1999	988781	9236	10074	17629	31187	4.571.674	1435197	16663	4489867	187388	33776	-28884	-29947	-29929	0	1	1	1	8	5	1	1	9	3333	1	1	0	1	0	0	0	1	0	1	1	0	0	1	0	1	0
0	43451	706	55	32	58	35	6	3	0	17	23	24	4	3	0	0	1	0	0	0	0	0	8	1	418182	436364	72727	54545	18182	1	0	4	4	22	0	4	0	0	2	2	0	0	0	0	0	0	-7434	1195592	7117	7117	3706	39529	5.424.234	988002	0	5275249	2195758	38902	-45401	-48407	-4936	0	1	1	1	8	5	1	1	9	1667	1	1	0	0	0	0	0	1	0	1	0	0	0	1	0	1	0
1	43844	726	49	32	53	36	3	0	1	21	17	23	4	2	0	0	3	0	0	0	0	0	9	3	346939	469388	81633	40816	61224	1	0	5	7	28	2	3	0	0	2	3	0	0	2	0	0	0	-3097	1111704	7586	7586	29136	49012	4.664.295	114725	167855	4821761	2009902	35181	-38666	-40879	-41436	0	1	1	1	6	5	1	1	8714	5	875	1	0	0	0	0	0	1	0	0	0	0	0	0	0	1	0
1	45643	701	49	33	53	37	3	0	1	21	16	23	4	2	0	0	4	0	0	0	0	0	10	4	326531	469388	81633	40816	81633	1	0	5	7	28	2	3	0	0	2	3	0	0	2	0	0	0	-292	1113868	7586	7586	3017	51067	4.692.633	1296851	167855	4850997	2021884	35788	-39545	-41862	-4247	0	1	8333	1	6	5	1	1	8476	3333	875	1	0	0	0	0	0	1	0	0	0	0	0	0	0	0	0
1	45643	701	49	33	53	37	3	0	1	21	16	23	4	2	0	0	4	0	0	0	0	0	10	4	326531	469388	81633	40816	81633	1	0	5	7	28	2	3	0	0	2	3	0	0	2	0	0	0	-292	1113868	7586	7586	3017	51067	4.692.633	1296851	167855	4850997	2021884	35788	-39545	-41862	-4247	0	1	8333	1	6	5	1	1	8476	3333	875	1	0	0	0	0	0	1	0	0	0	0	0	0	0	0	0
1	40246	782	49	30	53	34	3	0	1	21	19	23	4	2	0	0	1	0	0	0	0	0	7	1	387755	469388	81633	40816	20408	1	0	5	7	28	2	3	0	0	2	3	0	0	2	0	0	0	-3489	1104543	7586	7586	27042	46506	4.607.619	848048	167855	4763289	1985938	33967	-36886	-3889	-39342	0	1	1	1	8	5	1	1	9	5	875	1	0	0	0	0	0	1	1	0	0	0	0	1	0	1	0
1	40246	782	49	30	53	34	3	0	1	21	19	23	4	2	0	0	1	0	0	0	0	0	7	1	387755	469388	81633	40816	20408	1	0	5	7	28	2	3	0	0	2	3	0	0	2	0	0	0	-3489	1104543	7586	7586	27042	46506	4.607.619	848048	167855	4763289	1985938	33967	-36886	-3889	-39342	0	1	1	1	8	5	1	1	9	5	875	1	0	0	0	0	0	1	1	0	0	0	0	1	0	1	0
1	43844	726	49	32	53	36	3	0	1	21	17	23	4	2	0	0	3	0	0	0	0	0	9	3	346939	469388	81633	40816	61224	1	0	5	7	28	2	3	0	0	2	3	0	0	2	0	0	0	-3097	1111704	7586	7586	29136	49012	4.664.295	114725	167855	4821761	2009902	35181	-38666	-40879	-41436	0	1	1	1	6	5	1	1	8714	5	875	1	0	0	0	0	0	1	0	0	0	0	0	0	0	1	0
1	41694	782	51	30	55	34	3	0	1	21	21	24	4	1	0	0	0	1	0	0	0	1	6	1	411765	470588	78431	19608	19608	1	0	5	7	28	2	3	0	0	2	3	0	0	2	0	0	0	-3819	1177213	6663	6663	3789	57682	4.961.052	588448	167855	507392	2113246	35732	-46106	-49195	-5019	0	1	1	1	8	5	1	1	9	3333	875	0	0	0	0	0	0	0	0	0	0	0	0	0	0	0	0
1	41891	782	49	30	53	34	3	0	1	21	19	23	4	2	0	0	0	1	0	0	0	1	7	1	387755	469388	81633	40816	20408	1	0	5	7	28	2	3	0	0	2	3	0	0	2	0	0	0	-3489	1144197	7586	7586	28094	50008	4.810.283	698447	167855	4937375	2057285	34881	-3778	-39889	-40394	0	1	1	1	8	5	1	1	9	5	875	1	0	0	0	0	0	1	0	0	0	0	0	0	0	1	0
1	41891	782	49	30	53	34	3	0	1	21	19	23	4	2	0	0	0	1	0	0	0	1	7	1	387755	469388	81633	40816	20408	1	0	5	7	28	2	3	0	0	2	3	0	0	2	0	0	0	-3489	1144197	7586	7586	28094	50008	4.810.283	698447	167855	4937375	2057285	34881	-3778	-39889	-40394	0	1	1	1	8	5	1	1	9	5	875	1	0	0	0	0	0	1	0	0	0	0	0	0	0	1	0
1	40488	813	46	29	50	33	3	0	1	21	17	22	4	2	0	0	0	1	0	0	0	1	7	1	369565	478261	86957	43478	21739	1	0	5	7	28	2	3	0	0	2	3	0	0	2	0	0	0	-3364	1100015	7586	7586	25982	46233	4.532.533	698447	167855	4703322	1961362	33151	-35985	-37883	-38282	0	1	1	1	6	5	1	1	8714	5	875	1	0	0	0	0	0	1	0	0	0	0	0	1	0	1	0
1	41649	753	52	31	56	35	4	0	1	21	21	24	4	2	0	0	1	0	0	0	0	0	7	1	403846	461538	76923	38462	19231	1	0	5	7	28	2	3	0	0	2	3	0	0	2	0	0	0	-3606	1146395	7586	7586	29136	48049	4.905.948	848048	167855	4997342	2081862	35697	-38666	-40879	-41436	0	1	1	1	8	5	1	1	9	3333	875	1	0	0	0	0	0	1	1	0	0	0	0	0	0	1	0
1	40049	782	51	30	55	34	3	0	1	21	21	24	4	1	0	0	1	0	0	0	0	0	6	1	411765	470588	78431	19608	19608	1	0	5	7	28	2	3	0	0	2	3	0	0	2	0	0	0	-3819	1137023	6663	6663	36856	54762	4.737.809	738049	167855	4899834	2041899	34818	-45227	-48213	-49156	0	1	1	1	8	5	1	1	9	3333	875	1	0	0	0	0	0	0	0	0	0	0	0	0	0	0	0
1	43294	753	52	31	56	35	3	0	1	21	21	24	4	2	0	0	0	1	0	0	0	1	7	1	403846	461538	76923	38462	19231	1	0	5	7	28	2	3	0	0	2	3	0	0	2	0	0	0	193	1192486	8686	8686	3017	4687	5.270.174	1015281	594689	5171429	2153208	36611	-39545	-41862	-4247	0	1	1	1	8	5	1	1	9	3333	875	1	0	0	0	0	0	1	0	0	0	0	0	1	0	1	0
1	44894	726	53	32	57	36	4	0	1	21	21	24	4	3	0	0	0	1	0	0	0	1	8	1	396226	45283	75472	56604	18868	1	0	5	7	28	2	3	0	0	2	3	0	0	2	0	0	0	8532	1207929	10709	10709	22579	37988	5.491.045	1442115	1021522	5268937	2193171	3749	-33092	-3465	-34879	0	1	1	1	8	5	1	1	9	3333	875	1	0	0	0	0	0	1	0	1	0	0	0	1	0	1	0
1	40148	782	50	30	54	34	3	0	1	21	20	23	5	1	0	0	1	0	0	0	0	0	7	1	40	46	10	2	2	1	0	5	7	28	2	3	0	0	2	3	0	0	2	0	0	0	-3489	111141	7952	7952	43282	50221	4.690.741	904679	167855	4831561	2013919	34188	-5069	-54318	-55582	0	75	1	1	8	5	1	1	8643	3333	75	1	0	0	0	0	0	1	0	0	0	0	0	0	0	1	0
1	43746	726	50	32	54	36	3	0	1	21	18	23	5	1	0	0	3	0	0	0	0	0	9	3	36	46	10	2	6	1	0	5	7	28	2	3	0	0	2	3	0	0	2	0	0	0	-3097	1118571	7952	7952	45376	52727	4.747.416	1203881	167855	4890033	2037882	35402	-5247	-56307	-57676	0	75	8333	1	8	5	1	1	8405	3333	75	1	0	0	0	0	0	0	0	0	0	0	0	0	0	0	0
0	43943	726	48	32	52	36	3	0	1	21	16	22	5	2	0	0	3	0	0	0	0	0	10	3	333333	458333	104167	41667	625	1	0	5	7	28	2	3	0	0	2	3	0	0	2	0	0	0	-2788	1086091	8875	8875	35691	44471	4.617.226	131388	167855	4753488	1981921	34551	-44237	-47107	-47991	0	1	1	1	6	5	1	1	8714	3333	875	1	0	1	0	0	0	1	0	1	0	0	0	1	0	1	0
1	45742	701	48	33	52	37	3	0	1	21	15	22	5	2	0	0	4	0	0	0	0	0	11	4	3125	458333	104167	41667	83333	1	0	5	7	28	2	3	0	0	2	3	0	0	2	0	0	0	-2619	1088255	8875	8875	36742	46526	4.645.564	1463481	167855	4782724	1993903	35158	-45131	-48105	-49042	0	1	8333	1	6	5	1	1	8476	3333	875	1	0	0	0	0	0	1	0	0	0	0	0	1	0	0	0
1	40345	782	48	30	52	34	3	0	1	21	18	22	5	2	0	0	1	0	0	0	0	0	8	1	375	458333	104167	41667	20833	1	0	5	7	28	2	3	0	0	2	3	0	0	2	0	0	0	-3159	107893	8875	8875	33561	41965	4.560.551	1014678	167855	4695017	1957958	33337	-42427	-45083	-45861	0	1	1	1	8	5	1	1	9	3333	875	1	0	1	0	0	0	1	0	1	0	0	0	1	0	1	0
1	45742	701	48	33	52	37	3	0	1	21	15	22	5	2	0	0	4	0	0	0	0	0	11	4	3125	458333	104167	41667	83333	1	0	5	7	28	2	3	0	0	2	3	0	0	2	0	0	0	-2619	1088255	8875	8875	36742	46526	4.645.564	1463481	167855	4782724	1993903	35158	-45131	-48105	-49042	0	1	8333	1	6	5	1	1	8476	3333	875	1	0	0	0	0	0	1	0	0	0	0	0	1	0	0	0
1	40345	782	48	30	52	34	3	0	1	21	18	22	5	2	0	0	1	0	0	0	0	0	8	1	375	458333	104167	41667	20833	1	0	5	7	28	2	3	0	0	2	3	0	0	2	0	0	0	-3159	107893	8875	8875	33561	41965	4.560.551	1014678	167855	4695017	1957958	33337	-42427	-45083	-45861	0	1	1	1	8	5	1	1	9	3333	875	1	0	1	0	0	0	1	0	1	0	0	0	1	0	1	0
1	43943	726	48	32	52	36	3	0	1	21	16	22	5	2	0	0	3	0	0	0	0	0	10	3	333333	458333	104167	41667	625	1	0	5	7	28	2	3	0	0	2	3	0	0	2	0	0	0	-2788	1086091	8875	8875	35691	44471	4.617.226	131388	167855	4753488	1981921	34551	-44237	-47107	-47991	0	1	1	1	6	5	1	1	8714	3333	875	1	0	1	0	0	0	1	0	1	0	0	0	1	0	1	0
1	43943	726	48	32	52	36	3	0	1	21	16	22	5	2	0	0	3	0	0	0	0	0	10	3	333333	458333	104167	41667	625	1	0	5	7	28	2	3	0	0	2	3	0	0	2	0	0	0	-2788	1086091	8875	8875	35691	44471	4.617.226	131388	167855	4753488	1981921	34551	-44237	-47107	-47991	0	1	1	1	6	5	1	1	8714	3333	875	1	0	1	0	0	0	1	0	1	0	0	0	1	0	1	0
1	53252	597	59	38	63	42	5	1	0	22	21	25	6	2	0	0	5	0	0	0	0	0	13	5	355932	423729	101695	33898	84746	1	0	5	6	29	1	4	0	0	2	2	1	0	0	0	1	0	-6532	1290447	7807	7807	39721	4929	569.253	1640587	0	56799	2361598	42055	-47663	-50935	-52021	0	75	8333	8333	7	5	8333	1	7786	1667	75	0	0	0	0	0	0	0	0	0	0	0	0	0	0	0	0
1	53252	597	59	38	63	42	5	1	0	22	21	25	6	2	0	0	5	0	0	0	0	0	13	5	355932	423729	101695	33898	84746	1	0	5	6	29	1	4	0	0	2	2	1	0	0	0	1	0	-6532	1290447	7807	7807	39721	4929	569.253	1640587	0	56799	2361598	42055	-47663	-50935	-52021	0	75	8333	8333	7	5	8333	1	7786	1667	75	0	0	0	0	0	0	0	0	0	0	0	0	0	0	0	0
1	46444	682	50	33	53	36	5	0	0	22	17	21	6	1	0	0	5	0	0	0	0	0	12	5	34	42	12	2	10	1	0	4	4	22	0	4	0	0	2	2	0	0	0	0	0	0	-2319	1091622	6979	6979	47871	47969	4.893.238	1540453	180108	4898007	204115	35756	-5459	-58678	-60171	0	75	6667	1	6	5	1	1	7881	1667	75	1	0	0	0	0	0	0	0	0	0	0	0	0	0	0	0
0	3939	82	48	28	51	31	5	2	0	17	20	22	3	2	0	0	0	1	0	0	0	1	6	1	416667	458333	625	41667	20833	1	0	4	5	23	1	3	0	0	1	3	0	0	0	1	0	0	-7775	1106905	4905	4905	37762	34377	478.439	560547	0	4789369	1996627	34641	-45998	-49074	-50062	0	1	1	1	6	5	1	1	8714	3333	1	1	0	1	0	0	0	1	0	1	0	0	0	1	0	1	0
1	39747	782	49	30	53	34	4	1	0	26	19	23	5	2	0	0	0	0	0	0	0	0	7	0	387755	469388	102041	40816	0	1	0	5	8	28	2	3	0	0	2	3	0	0	2	0	0	0	2099	1141562	9199	9199	38634	34303	4.614.172	103761	328972	4828405	2012625	33106	-46739	-49903	-50934	0	1	1	1	6	0	1	1	8	1667	875	1	0	1	0	0	0	1	1	1	0	0	0	1	0	1	0
1	43161	753	56	31	60	35	4	1	0	21	25	24	5	1	0	1	0	0	0	0	0	1	7	0	446429	428571	89286	17857	0	1	0	5	8	29	2	3	0	0	2	2	1	0	1	1	0	0	193	1261807	7885	10709	41654	46281	5.216.262	942537	328972	5379402	2238443	37426	-49306	-52771	-53954	0	75	1	1	8	5	1	1	8643	1667	875	1	0	0	0	0	0	1	0	0	0	0	0	1	0	1	0
0	35745	855	46	27	49	30	4	1	0	22	19	21	5	1	0	0	0	0	0	0	0	0	6	0	413043	456522	108696	21739	0	1	0	4	5	23	1	3	0	0	1	3	0	0	0	1	0	0	2307	105113	7885	7885	34481	32044	4.422.374	942537	328972	4514618	1884024	31357	-43209	-45957	-46781	0	1	1	1	6	0	1	1	8	1667	1	1	1	1	0	1	0	1	0	1	1	0	0	1	1	1	0
0	3995	759	51	30	54	33	6	1	0	23	21	22	7	1	0	0	0	0	0	0	0	0	8	0	411765	431373	137255	19608	0	1	0	4	4	23	0	4	0	0	1	3	0	0	0	0	0	0	9001	1168988	10377	10377	39803	38149	497.791	1290499	509079	5008804	2086559	35023	-47732	-51012	-52103	0	1	1	1	6	0	1	1	8	1667	1	1	0	1	0	0	0	1	1	1	0	0	0	1	0	1	0
0	49368	651	63	36	68	41	7	1	0	27	27	29	5	1	0	1	0	0	0	0	0	1	7	0	428571	460317	79365	15873	0	1	0	6	9	33	2	4	0	0	3	3	0	1	1	0	0	1	-4102	1470847	6486	931	49586	58545	5.896.565	793672	180108	6154983	2556305	42958	-56048	-60307	-61886	0	75	5	1	8	5	1	1	7929	1667	625	0	0	0	0	0	0	0	0	0	0	0	0	0	0	0	0
1	43732	82	45	28	48	31	4	3	0	17	17	21	4	2	0	0	0	0	1	0	0	1	7	1	377778	466667	88889	44444	22222	1	0	4	5	23	1	3	0	0	1	3	0	0	0	1	0	0	-3231	1116758	728	728	36368	36457	4.670.742	877266	180108	4737043	1975182	34154	-44813	-4775	-48668	0	1	1	1	6	0	1	1	8	1667	1	1	0	1	0	0	0	1	0	1	0	0	0	1	0	1	0
1	42643	731	48	31	51	34	4	3	0	17	17	22	4	2	0	0	3	0	0	0	0	0	9	3	354167	458333	83333	41667	625	1	0	4	5	23	1	3	0	0	1	3	0	0	0	1	0	0	-2967	1100267	728	728	38498	38396	4.738.904	132607	180108	4768106	1987912	35777	-46623	-49773	-50798	0	1	1	1	6	0	1	1	8	1667	1	1	0	1	0	0	0	1	0	1	0	0	0	1	0	1	0
0	39287	82	45	28	48	31	4	3	0	17	17	21	4	2	0	0	0	1	0	0	0	1	7	1	377778	466667	88889	44444	22222	1	0	4	5	23	1	3	0	0	1	3	0	0	0	1	0	0	-3231	1088578	728	728	35289	35617	4.607.142	877266	180108	4649668	1939372	33747	-43896	-46725	-47589	0	1	1	1	6	0	1	1	8	1667	1	1	0	1	0	0	0	1	0	1	0	0	0	1	0	1	0
0	43653	731	51	31	54	34	5	5	0	17	20	22	4	4	0	1	0	0	0	0	0	1	9	0	392157	431373	78431	78431	0	1	0	4	5	23	1	3	0	0	1	3	0	0	0	1	0	0	-2967	1178076	10694	11532	26923	24233	5.124.783	1320396	180108	514701	2143201	37565	-36784	-38776	-39223	0	1	1	1	6	0	1	1	8	3333	1	1	0	1	0	0	0	1	0	1	0	0	0	1	0	1	0
0	37642	82	45	28	48	31	4	3	0	17	17	21	4	2	0	0	1	0	0	0	0	0	7	1	377778	466667	88889	44444	22222	1	0	4	5	23	1	3	0	0	1	3	0	0	0	1	0	0	-3231	1042694	728	728	342	31028	4.421.461	1026867	180108	4475581	1868025	32833	-4297	-4569	-465	0	1	1	1	6	0	1	1	8	1667	1	1	1	1	0	1	0	1	0	1	1	0	0	1	1	1	0
0	37642	82	45	28	48	31	4	3	0	17	17	21	4	2	0	0	1	0	0	0	0	0	7	1	377778	466667	88889	44444	22222	1	0	4	5	23	1	3	0	0	1	3	0	0	0	1	0	0	-3231	1042694	728	728	342	31028	4.421.461	1026867	180108	4475581	1868025	32833	-4297	-4569	-465	0	1	1	1	6	0	1	1	8	1667	1	1	1	1	0	1	0	1	0	1	1	0	0	1	1	1	0
0	33042	933	43	25	46	28	4	1	0	21	18	20	4	1	0	0	0	0	0	0	0	0	5	0	418605	465116	93023	23256	0	1	0	4	5	22	1	3	0	0	2	2	0	0	1	0	0	0	-3564	985843	5573	5573	29896	36743	4.065.835	445709	167855	4186213	1749431	28791	-39311	-41601	-42196	0	1	1	1	6	0	1	1	8	5	1	1	1	1	0	1	0	1	0	1	0	0	0	1	1	1	0
0	35843	855	45	27	48	30	4	3	0	17	18	21	4	2	0	0	0	0	0	0	0	0	6	0	40	466667	88889	44444	0	1	0	4	5	23	1	3	0	0	1	3	0	0	0	1	0	0	-3456	104053	728	728	30421	28973	4.393.123	877266	180108	4446346	1856043	32226	-39758	-421	-42721	0	1	1	1	6	0	1	1	8	1667	1	1	1	1	0	1	0	1	0	1	1	0	0	1	1	1	0
0	37246	82	48	28	51	31	4	3	0	17	20	22	4	2	0	0	0	0	0	0	0	0	6	0	416667	458333	83333	41667	0	1	0	4	5	23	1	3	0	0	1	3	0	0	0	1	0	0	-7775	1089497	6194	6194	32609	31032	4.681.356	728402	0	4680399	1951967	33956	-41618	-44179	-44909	0	1	1	1	6	0	1	1	8	1667	1	1	1	1	0	1	0	1	0	1	1	0	0	1	0	1	0
0	43453	701	55	33	59	37	5	3	0	23	22	27	4	2	0	0	0	0	0	0	0	0	6	0	40	490909	72727	36364	0	1	0	5	6	29	1	4	0	0	1	4	0	0	0	1	0	0	-8113	1287273	6194	6194	4358	46798	5.334.194	728402	0	545598	2269828	39488	-50943	-54601	-5588	0	75	1	1	6	0	1	1	7643	1667	75	1	0	0	0	0	0	1	0	0	0	0	0	0	0	1	0
0	39252	82	48	28	51	31	4	3	0	16	20	21	4	2	0	1	0	0	0	0	0	1	7	0	416667	4375	83333	41667	0	1	0	4	5	22	1	3	0	0	2	2	0	0	1	0	0	0	-3231	1121452	728	10104	31146	33155	4.765.945	877266	180108	4789369	1996627	34341	-40374	-42789	-43446	0	1	1	1	6	5	1	1	8714	1667	1	1	0	1	0	0	0	1	0	1	1	0	0	1	0	1	0
1	40453	813	49	29	53	33	4	3	0	16	20	22	4	2	0	1	0	0	0	0	0	1	7	0	408163	44898	81633	40816	0	1	0	5	8	27	2	3	0	0	3	2	0	1	1	0	0	1	-3364	1149699	728	10104	33334	36108	4.665.476	877266	180108	4843023	2018616	34835	-42234	-44867	-45634	0	1	1	1	8	5	1	1	9	1667	875	1	0	1	0	0	0	1	1	1	0	0	0	1	0	1	0
0	37849	855	45	27	48	30	4	3	0	16	18	20	4	2	0	1	0	0	0	0	0	1	7	0	40	444444	88889	44444	0	1	0	4	5	22	1	3	0	0	2	2	0	0	1	0	0	0	-3089	1073042	728	10104	28916	317	4.505.177	877266	180108	4555316	1900703	32611	-38479	-4067	-41216	0	1	1	1	6	0	1	1	8	3333	1	1	1	1	0	1	0	1	0	1	1	0	0	1	0	1	0
1	46159	66	62	34	65	37	5	3	0	17	28	26	5	2	0	0	1	0	0	0	0	0	8	1	451613	419355	80645	32258	16129	1	0	4	4	23	0	4	0	0	1	3	0	0	0	0	0	0	1766	1298325	8324	8324	38467	41395	6.043.435	1206975	496827	5811628	2415585	42583	-46597	-49744	-50767	0	1	8333	1	8	5	1	1	8762	1667	875	1	0	0	0	0	0	1	0	0	0	0	0	0	0	0	0
0	45957	677	60	34	64	38	5	3	0	17	26	26	5	2	0	0	1	0	0	0	0	0	8	1	433333	433333	83333	33333	16667	1	0	5	6	28	1	4	0	0	2	3	0	0	1	0	0	0	-7585	1297001	6634	6634	41147	3917	5.632.373	909246	0	5631229	2341651	41347	-48875	-5229	-53447	0	1	8333	1	8	5	1	1	8762	1667	875	1	0	0	0	0	0	1	0	0	0	0	0	0	0	0	0
1	41954	731	57	31	60	34	5	2	0	17	26	25	3	2	0	0	1	0	0	0	0	0	6	1	45614	438596	52632	35088	17544	1	0	4	4	23	0	4	0	0	1	3	0	0	0	0	0	0	-7991	1198326	4736	4736	40295	43053	5.422.861	710148	0	5317442	221305	38917	-48151	-51481	-52595	0	1	1	1	8	5	1	1	9	3333	1	1	0	0	0	0	0	1	1	1	0	0	0	1	0	1	0
0	36584	892	42	26	45	29	3	2	0	17	16	20	3	2	0	0	0	1	0	0	0	1	6	1	380952	47619	71429	47619	2381	1	0	4	5	22	1	3	0	0	2	2	0	0	1	0	0	0	-3317	1014391	5991	5991	33426	33314	423.539	709411	180108	4321262	180478	31181	-42312	-44954	-45726	0	1	1	1	6	0	1	1	8	5	1	1	1	1	0	1	0	1	0	1	1	0	0	1	1	1	1
0	36884	862	43	26	45	28	6	2	1	12	17	20	2	3	0	0	0	1	0	0	0	1	6	1	395349	465116	46512	69767	23256	1	0	3	4	17	1	2	0	0	1	2	0	0	1	0	0	0	-3317	1001996	7511	7511	29965	36627	4.581.867	962148	180108	4433389	1850733	33286	-3937	-41667	-42265	0	1	1	1	8	5	1	1	9	3333	1	1	1	1	0	1	0	1	0	1	0	0	0	1	1	1	0
0	37288	862	47	26	49	28	6	2	0	12	21	20	2	3	0	0	0	1	0	0	0	1	6	1	446809	425532	42553	6383	21277	1	0	3	4	17	1	2	0	0	1	2	0	0	1	0	0	0	-3317	1037008	5456	5456	30721	35014	4.745.637	682798	180108	4576246	1909281	33814	-40013	-42385	-43021	0	1	1	1	8	5	1	1	9	3333	1	1	1	1	0	1	0	1	0	1	0	0	0	1	1	1	0
0	36384	942	38	24	40	26	3	4	0	12	14	17	1	4	0	1	0	1	0	0	0	2	7	1	368421	447368	26316	105263	26316	1	0	3	4	17	1	2	0	0	1	2	0	0	1	0	0	0	-2597	929731	7623	8461	30517	29051	4.084.075	984685	180108	4077409	170484	30254	-3984	-42191	-42817	0	1	1	1	6	0	1	1	8	3333	1	1	1	1	1	1	0	0	0	1	1	0	0	1	1	1	1
1	48255	655	60	35	64	39	4	2	0	17	25	26	4	2	0	0	3	0	0	0	0	0	9	3	416667	433333	66667	33333	5	1	0	5	6	30	1	4	0	0	1	3	1	0	0	0	1	0	-737	1268514	5188	5188	51461	54597	5.611.234	1064087	0	5595349	2326946	41725	-57642	-62088	-63761	0	75	6667	8333	7	5	8333	1	7548	3333	625	0	0	0	0	0	0	0	0	0	0	0	0	0	0	0	0
0	44657	701	60	33	64	37	4	2	0	17	27	26	4	2	0	0	1	0	0	0	0	0	7	1	45	433333	66667	33333	16667	1	0	5	6	30	1	4	0	0	1	3	1	0	0	0	1	0	-7812	1264186	5188	5188	46784	50487	5.554.558	764885	0	5536877	2302982	40511	-53666	-57644	-59084	0	75	8333	1	8	5	1	1	8405	3333	75	1	0	0	0	0	0	1	0	0	0	0	0	0	0	1	0
1	41954	731	57	31	60	34	5	2	0	17	26	25	3	2	0	0	1	0	0	0	0	0	6	1	45614	438596	52632	35088	17544	1	0	4	4	23	0	4	0	0	1	3	0	0	0	0	0	0	-7991	1198326	4736	4736	40295	43053	5.422.861	710148	0	5317442	221305	38917	-48151	-51481	-52595	0	1	1	1	8	5	1	1	9	3333	1	1	0	0	0	0	0	1	1	1	0	0	0	1	0	1	0
1	45762	677	65	34	69	38	5	2	0	17	31	28	3	3	0	0	0	0	0	0	0	0	6	0	476923	430769	46154	46154	0	1	0	5	5	29	0	5	0	0	1	4	0	0	0	0	0	0	-8168	1335631	5659	5659	34909	34197	6.029.652	670545	0	5907475	2454867	43143	-43572	-46363	-47209	0	1	8333	1	8	5	1	1	8762	3333	875	0	0	0	0	0	0	0	0	0	0	0	0	0	0	0	0
0	46451	677	56	34	60	38	4	3	0	17	22	25	4	3	0	0	2	0	0	0	0	0	9	2	392857	446429	71429	53571	35714	1	0	5	6	29	1	4	0	0	1	4	0	0	0	1	0	0	-7293	1218653	6895	6895	44197	41384	5.339.279	1165935	0	535814	2229729	40003	-51468	-55187	-56497	0	75	8333	1	8	5	1	1	8405	1667	625	1	0	0	0	0	0	0	0	1	0	0	0	1	0	0	0
0	35243	892	46	26	49	29	3	3	0	11	20	19	4	3	0	0	0	0	0	0	0	0	7	0	434783	413043	86957	65217	0	1	0	4	5	23	1	3	0	0	1	3	0	0	0	1	0	0	-7224	971497	6895	6895	25985	21152	4.352.015	866733	0	4290033	1791981	31527	-35988	-37886	-38285	0	1	1	1	8	5	1	1	9	5	1	1	1	1	0	1	0	0	0	1	1	0	0	1	1	1	0
1	46852	677	57	34	61	38	4	2	0	17	23	25	4	2	0	0	3	0	0	0	0	0	9	3	403509	438596	70175	35088	52632	1	0	5	6	29	1	4	0	0	1	4	0	0	0	1	0	0	-7293	1222504	5188	5188	49464	50035	532.56	1064087	0	5361296	2231023	39995	-55944	-6019	-61764	0	75	6667	1	8	5	1	1	8167	3333	625	1	0	0	0	0	0	0	0	0	0	0	0	0	0	0	0
1	46257	677	61	34	65	38	5	2	0	17	27	26	4	3	0	0	1	0	0	0	0	0	8	1	442623	42623	65574	4918	16393	1	0	5	6	28	1	4	0	0	2	3	0	0	1	0	0	0	-3628	1277031	7211	7211	45932	45801	5.880.664	1191718	426833	5634385	2342945	4139	-52942	-56836	-58232	0	75	6667	1	8	5	1	1	8167	1667	625	1	0	0	0	0	0	1	0	0	0	0	0	1	0	0	0
1	46257	677	61	34	65	38	5	2	0	17	27	26	4	3	0	0	1	0	0	0	0	0	8	1	442623	42623	65574	4918	16393	1	0	5	6	28	1	4	0	0	2	3	0	0	1	0	0	0	-3628	1277031	7211	7211	45932	45801	5.880.664	1191718	426833	5634385	2342945	4139	-52942	-56836	-58232	0	75	6667	1	8	5	1	1	8167	1667	625	1	0	0	0	0	0	1	0	0	0	0	0	1	0	0	0
0	44854	701	58	33	62	37	5	2	0	17	25	25	4	3	0	0	1	0	0	0	0	0	8	1	431034	431034	68966	51724	17241	1	0	5	6	28	1	4	0	0	2	3	0	0	1	0	0	0	-3521	1232849	7211	7211	43904	42026	555.699	1191718	426833	5400332	2247021	3966	-51219	-54909	-56204	0	75	1	1	8	5	1	1	8643	1667	75	1	0	0	0	0	0	1	0	1	0	0	0	1	0	1	0
0	46456	677	60	34	64	38	4	2	0	17	26	26	4	2	0	0	2	0	0	0	0	0	8	2	433333	433333	66667	33333	33333	1	0	5	6	29	1	4	0	0	1	4	0	0	0	1	0	0	-7585	1264522	5188	5188	50466	51755	5.599.879	914486	0	5566113	2314964	41118	-56796	-61143	-62766	0	75	6667	8333	7	5	8333	1	7548	3333	625	1	0	0	0	0	0	0	0	0	0	0	0	0	0	0	0
1	50363	616	67	37	71	41	6	3	0	17	30	28	5	3	0	0	1	0	0	0	0	0	9	1	447761	41791	74627	44776	14925	1	0	5	6	28	1	4	0	0	2	3	0	0	1	0	0	0	-7512	1392829	7219	7219	4575	41403	6.359.434	1047577	0	6196844	2573461	45686	-52787	-56662	-5805	1	5	6667	8333	7	5	8333	1	719	1667	625	0	0	0	0	0	0	0	0	0	0	0	0	0	0	0	0
1	47562	655	65	35	69	39	6	2	0	17	30	27	5	2	0	0	1	0	0	0	0	0	8	1	461538	415385	76923	30769	15385	1	0	5	6	28	1	4	0	0	2	3	0	0	1	0	0	0	-7654	1350117	5512	5512	47929	48807	605.665	796128	0	5936711	2466849	43341	-5464	-58733	-60229	0	75	6667	1	8	5	1	1	8167	3333	625	0	0	0	0	0	0	0	0	0	0	0	0	0	0	0	0
1	53969	597	68	38	72	42	7	4	0	17	30	27	5	4	0	1	1	0	0	0	0	1	11	1	441176	397059	73529	58824	14706	1	0	5	6	28	1	4	0	0	2	3	0	0	1	0	0	0	-7055	1436533	8926	9764	39739	44555	6.529.736	12232	0	6403322	2658083	4695	-47679	-50952	-52039	0	75	6667	8333	7	5	8333	1	7548	1667	75	0	0	0	0	0	0	0	0	0	0	0	0	0	0	0	0
1	49162	635	66	36	70	40	8	2	0	17	30	27	5	3	0	0	1	0	0	0	0	0	9	1	454545	409091	75758	45455	15152	1	0	5	6	28	1	4	0	0	2	3	0	0	1	0	0	0	176	1360093	8414	8414	40446	38054	6.250.055	1371826	606941	6034219	2506811	4422	-48279	-51624	-52746	0	1	8333	1	8	5	1	1	8762	1667	75	0	0	0	0	0	0	0	0	0	0	0	0	0	0	0	0
1	44854	701	58	33	62	37	5	2	0	17	25	25	4	3	0	0	1	0	0	0	0	0	8	1	431034	431034	68966	51724	17241	1	0	5	6	28	1	4	0	0	2	3	0	0	1	0	0	0	-3521	1232849	7211	7211	43904	42026	555.699	1191718	426833	5400332	2247021	3966	-51219	-54909	-56204	0	75	1	1	8	5	1	1	8643	1667	75	1	0	0	0	0	0	1	0	1	0	0	0	1	0	1	0
1	48255	655	60	35	64	39	4	2	0	17	25	26	4	2	0	0	3	0	0	0	0	0	9	3	416667	433333	66667	33333	5	1	0	5	6	29	1	4	0	0	1	4	0	0	0	1	0	0	-737	1266686	5188	5188	51461	5381	5.628.217	1064087	0	5595349	2326946	41725	-57642	-62088	-63761	0	75	6667	8333	7	5	8333	1	7548	3333	625	0	0	0	0	0	0	0	0	0	0	0	0	0	0	0	0
1	49855	635	61	36	65	40	5	2	0	17	25	26	4	3	0	0	3	0	0	0	0	0	10	3	409836	42623	65574	4918	4918	1	0	5	6	29	1	4	0	0	1	4	0	0	0	1	0	0	-3275	1282129	7211	7211	43869	44928	5.849.087	149092	426833	5692857	2366909	42604	-51189	-54876	-56169	0	75	8333	1	8	5	1	1	8405	1667	625	0	0	0	0	0	0	0	0	0	0	0	0	0	0	0	0
1	49262	635	66	36	70	40	5	2	0	17	30	28	4	2	0	0	2	0	0	0	0	0	8	2	454545	424242	60606	30303	30303	1	0	5	6	29	1	4	0	0	1	4	0	0	0	1	0	0	-7719	1354482	5188	5188	54403	60185	6.158.975	914486	0	6034219	2506811	44578	-60143	-64883	-66703	0	75	6667	8333	7	5	8333	1	7548	3333	625	0	0	0	0	0	0	0	0	0	0	0	0	0	0	0	0
1	46456	677	60	34	64	38	4	2	0	17	26	26	4	2	0	0	2	0	0	0	0	0	8	2	433333	433333	66667	33333	33333	1	0	5	6	29	1	4	0	0	1	4	0	0	0	1	0	0	-7585	1264522	5188	5188	50466	51755	5.599.879	914486	0	5566113	2314964	41118	-56796	-61143	-62766	0	75	6667	8333	7	5	8333	1	7548	3333	625	1	0	0	0	0	0	0	0	0	0	0	0	0	0	0	0
1	49658	635	63	36	67	40	4	2	0	17	27	27	4	2	0	0	3	0	0	0	0	0	9	3	428571	428571	63492	31746	47619	1	0	5	6	30	1	4	0	0	1	3	1	0	0	0	1	0	-7443	131534	5188	5188	53429	54434	5.888.984	1064087	0	5829402	242287	43455	-59315	-63958	-65729	0	75	6667	8333	7	5	8333	1	7548	3333	625	0	0	0	0	0	0	0	0	0	0	0	0	0	0	0	0
1	48056	655	61	35	65	39	4	2	0	17	26	26	4	3	0	0	2	0	0	0	0	0	9	2	42623	42623	65574	4918	32787	1	0	5	6	30	1	4	0	0	1	3	1	0	0	0	1	0	-3446	1279965	7211	7211	42875	42873	5.866.673	1341319	426833	5663621	2354927	41997	-50343	-53931	-55175	0	75	8333	1	8	5	1	1	8405	1667	625	0	0	0	0	0	0	0	0	1	0	0	0	0	0	0	0
1	39457	788	59	29	62	32	4	2	0	11	30	23	4	2	0	0	0	0	0	0	0	0	6	0	508475	389831	67797	33898	0	1	0	4	5	23	1	3	0	0	1	3	0	0	0	1	0	0	-7852	1151309	5188	5188	39133	4269	5.495.385	615284	0	5200166	2164986	37832	-47163	-50377	-51433	0	1	1	1	1	1	1	1	1	3333	1	1	0	1	0	0	0	1	1	1	0	0	0	1	0	1	0
0	38054	82	56	28	59	31	4	2	0	11	28	22	4	2	0	0	0	0	0	0	0	0	6	0	50	392857	71429	35714	0	1	0	4	5	23	1	3	0	0	1	3	0	0	0	1	0	0	-7775	1107326	5188	5188	36985	39953	5.171.711	615284	0	4966113	2069063	36102	-45337	-48336	-49285	0	1	1	1	1	1	1	1	1	3333	1	1	0	1	0	0	0	1	1	1	0	0	0	1	0	1	0
1	46852	677	57	34	61	38	4	2	0	17	23	25	4	2	0	0	3	0	0	0	0	0	9	3	403509	438596	70175	35088	52632	1	0	5	6	29	1	4	0	0	1	4	0	0	0	1	0	0	-7293	1222504	5188	5188	49464	50035	5.350.467	1064087	0	5361296	2231023	39995	-55944	-6019	-61764	0	75	6667	1	8	5	1	1	8167	3333	625	1	0	0	0	0	0	0	0	0	0	0	0	0	0	0	0
1	48056	655	61	35	65	39	5	2	0	17	26	26	4	3	0	0	2	0	0	0	0	0	9	2	42623	42623	65574	4918	32787	1	0	5	6	29	1	4	0	0	1	4	0	0	0	1	0	0	-737	1284972	6111	6111	42875	47816	5.734.052	1024485	0	5663621	2354927	41997	-50343	-53931	-55175	0	75	8333	1	8	5	1	1	8405	1667	625	0	0	0	0	0	0	0	0	0	0	0	0	0	0	0	0
1	46698	701	57	33	61	37	4	2	0	17	24	25	4	2	0	0	1	1	0	0	0	1	8	2	421053	438596	70175	35088	35088	1	0	5	6	29	1	4	0	0	1	4	0	0	0	1	0	0	-7512	1266224	5188	5188	49464	52569	550.781	764885	0	5506146	2290388	40302	-55944	-6019	-61764	0	75	6667	1	8	5	1	1	8167	3333	625	1	0	0	0	0	0	0	0	0	0	0	0	0	0	0	0
1	43254	726	57	32	61	36	4	2	0	17	25	25	4	2	0	0	1	0	0	0	0	0	7	1	438596	438596	70175	35088	17544	1	0	5	6	29	1	4	0	0	1	4	0	0	0	1	0	0	-7744	1218176	5188	5188	44756	45925	5.293.791	764885	0	5302824	2207059	38781	-51942	-55718	-57056	0	75	1	1	8	5	1	1	8643	3333	75	1	0	0	0	0	0	1	0	0	0	0	0	1	0	1	0
1	41455	753	57	31	61	35	4	2	0	17	26	25	4	2	0	0	0	0	0	0	0	0	6	0	45614	438596	70175	35088	0	1	0	5	6	29	1	4	0	0	1	4	0	0	0	1	0	0	-7991	1216012	5188	5188	4105	4387	5.265.453	615284	0	5273588	2195077	38174	-48793	-52198	-5335	0	1	1	1	8	5	1	1	9	3333	875	1	0	0	0	0	0	1	0	1	0	0	0	1	0	1	0
0	42258	753	61	31	65	35	4	2	0	11	30	24	4	3	0	0	0	0	0	0	0	0	7	0	491803	393443	65574	4918	0	1	0	5	6	29	1	4	0	0	1	4	0	0	0	1	0	0	-7671	1202811	6111	6111	33653	32228	5.483.166	725282	0	5351329	2226938	39205	-42505	-45171	-45953	0	1	1	1	1	1	1	1	1	1667	875	1	0	0	0	0	0	1	0	1	0	0	0	1	0	1	0
0	46364	677	67	34	71	38	5	3	0	11	33	26	5	3	0	0	0	0	0	0	0	0	8	0	492537	38806	74627	44776	0	1	0	5	6	29	1	4	0	0	1	4	0	0	0	1	0	0	-7585	1315294	7219	7219	33575	32346	6.056.997	897976	0	5913787	2457454	43501	-42438	-45096	-45875	0	1	8333	1	1	1	1	1	9762	1667	75	0	0	0	0	0	0	0	0	0	0	0	0	0	0	0	0
1	39457	788	59	29	62	32	5	2	0	11	30	23	4	2	0	0	0	0	0	0	0	0	6	0	508475	389831	67797	33898	0	1	0	4	5	23	1	3	0	0	1	3	0	0	0	1	0	0	-7852	1154104	5188	5188	39133	4384	5.432.479	615284	0	5200166	2164986	37832	-47163	-50377	-51433	0	1	1	1	1	1	1	1	1	3333	1	1	0	1	0	0	0	1	1	1	0	0	0	1	0	1	0
1	42858	726	60	32	64	36	5	2	0	17	28	26	4	2	0	0	0	0	0	0	0	0	6	0	466667	433333	66667	33333	0	1	0	5	6	29	1	4	0	0	1	4	0	0	0	1	0	0	-8053	1263558	5188	5188	43094	47082	5.526.221	615284	0	5507641	2291	39904	-5053	-54139	-55394	0	75	1	1	8	5	1	1	8643	3333	75	1	0	0	0	0	0	1	0	0	0	0	0	0	0	1	0
0	4376	726	63	32	67	36	5	2	0	11	31	24	5	3	0	0	0	0	0	0	0	0	8	0	492063	380952	79365	47619	0	1	0	5	6	29	1	4	0	0	1	4	0	0	0	1	0	0	-7434	1240822	6435	6435	2617	26299	5.644.601	756526	0	551711	2294881	40305	-36145	-38062	-3847	0	1	1	1	1	1	1	1	1	3333	875	1	0	0	0	0	0	1	0	1	0	0	0	1	0	1	0
0	50605	635	64	36	68	40	6	3	0	17	28	27	5	3	0	0	0	1	0	0	0	1	9	1	4375	421875	78125	46875	15625	1	0	5	6	29	1	4	0	0	1	4	0	0	0	1	0	0	-3551	1393597	8098	8098	40709	43246	6.214.555	104684	180108	6136877	2548884	4487	-48503	-51874	-53009	0	75	8333	8333	7	5	8333	1	7786	1667	75	0	0	0	0	0	0	0	0	0	0	0	0	0	0	0	0
0	36848	855	51	27	54	30	4	2	0	11	24	20	4	3	0	0	0	0	0	0	0	0	7	0	470588	392157	78431	58824	0	1	0	4	5	23	1	3	0	0	1	3	0	0	0	1	0	0	-3089	1032809	7211	7211	24976	22641	4.833.485	1042117	426833	4595515	1917178	33521	-35129	-36927	-37276	0	1	1	1	1	5	1	1	9286	3333	1	1	1	1	0	1	0	0	0	1	1	0	0	1	1	1	0
1	45861	677	64	34	68	38	7	2	0	17	30	27	4	3	0	0	0	0	0	0	0	0	7	0	46875	421875	625	46875	0	1	0	5	6	29	1	4	0	0	1	4	0	0	0	1	0	0	-7876	1326447	6111	6111	37515	42561	5.938.144	725282	0	5839203	2426886	42513	-45787	-48839	-49815	0	1	8333	1	8	5	1	1	8762	1667	875	0	0	0	0	0	0	0	0	0	0	0	0	0	0	0	0
0	43058	759	56	30	59	33	5	4	0	11	26	21	4	4	0	1	0	0	0	0	0	1	9	0	464286	375	71429	71429	0	1	0	4	5	23	1	3	0	0	1	3	0	0	0	1	0	0	-6933	1150546	8602	944	26311	24015	5.344.275	1058413	0	5198671	2164373	37981	-36264	-38195	-38611	0	1	1	1	8	5	1	1	9	3333	1	1	0	1	0	0	0	1	0	1	1	0	0	1	0	1	0
1	43254	726	57	32	61	36	4	2	0	17	25	25	4	2	0	0	1	0	0	0	0	0	7	1	438596	438596	70175	35088	17544	1	0	5	6	28	1	4	0	0	2	3	0	0	1	0	0	0	-7744	1219068	5188	5188	51496	47026	5.336.119	764885	0	5302824	2207059	38781	-57671	-62121	-63796	0	75	8333	8333	7	5	8333	1	7786	3333	75	1	0	0	0	0	0	1	0	0	0	0	0	0	0	1	0
1	48452	655	58	35	62	39	5	2	0	17	23	25	4	3	0	0	3	0	0	0	0	0	10	3	396552	431034	68966	51724	51724	1	0	5	6	28	1	4	0	0	2	3	0	0	1	0	0	0	-3163	1237177	7211	7211	45932	46136	5.613.665	149092	426833	5458804	2270985	40874	-52942	-56836	-58232	0	75	6667	1	8	5	1	1	8167	1667	625	0	0	0	0	0	0	0	0	0	0	0	0	0	0	0	0
1	46653	677	58	34	62	38	5	2	0	17	24	25	4	3	0	0	2	0	0	0	0	0	9	2	413793	431034	68966	51724	34483	1	0	5	6	28	1	4	0	0	2	3	0	0	1	0	0	0	-3336	1235013	7211	7211	44922	44081	5.585.327	1341319	426833	5429568	2259003	40267	-52084	-55876	-57222	0	75	8333	1	8	5	1	1	8405	1667	625	1	0	0	0	0	0	0	0	1	0	0	0	1	0	0	0
1	45556	677	59	34	63	38	5	2	1	17	25	26	5	3	0	0	0	0	0	0	0	0	8	0	423729	440678	84746	50847	0	1	0	5	6	28	1	4	0	0	2	3	0	0	1	0	0	0	-3628	1288062	959	959	36714	3876	5.824.645	1352711	426833	5628073	2340358	41355	-45107	-48078	-49014	0	1	8333	1	8	5	1	1	8762	1667	875	1	0	0	0	0	0	1	0	0	0	0	0	0	0	0	0
1	44854	701	58	33	62	37	5	2	0	17	25	25	4	3	0	0	1	0	0	0	0	0	8	1	431034	431034	68966	51724	17241	1	0	5	6	28	1	4	0	0	2	3	0	0	1	0	0	0	-3521	1232849	7211	7211	43904	42026	555.699	1191718	426833	5400332	2247021	3966	-51219	-54909	-56204	0	75	1	1	8	5	1	1	8643	1667	75	1	0	0	0	0	0	1	0	1	0	0	0	1	0	1	0
1	44953	701	57	33	61	37	5	2	0	17	24	24	5	3	0	0	1	0	0	0	0	0	9	1	421053	421053	87719	52632	17544	1	0	5	6	28	1	4	0	0	2	3	0	0	1	0	0	0	-322	120756	85	85	34361	34805	5.503.795	1359573	426833	533206	2219041	3903	-43107	-45843	-46661	0	1	1	1	8	5	1	1	9	1667	875	1	0	0	0	0	0	1	0	1	0	0	0	1	0	1	0
1	44854	701	58	33	62	37	5	2	0	17	25	25	4	3	0	0	1	0	0	0	0	0	8	1	431034	431034	68966	51724	17241	1	0	5	6	28	1	4	0	0	2	3	0	0	1	0	0	0	-3521	1232849	7211	7211	43904	42026	555.699	1191718	426833	5400332	2247021	3966	-51219	-54909	-56204	0	75	1	1	8	5	1	1	8643	1667	75	1	0	0	0	0	0	1	0	1	0	0	0	1	0	1	0
1	43055	726	58	32	62	36	5	2	0	17	26	25	4	3	0	0	0	0	0	0	0	0	7	0	448276	431034	68966	51724	0	1	0	5	6	28	1	4	0	0	2	3	0	0	1	0	0	0	-3717	1230685	7211	7211	40199	39971	5.528.652	1042117	426833	5371096	2235039	39053	-48069	-51389	-52499	0	1	1	1	8	5	1	1	9	1667	875	1	0	0	0	0	0	1	0	1	0	0	0	1	0	1	0
1	44854	701	58	33	62	37	5	2	0	17	25	25	4	3	0	0	1	0	0	0	0	0	8	1	431034	431034	68966	51724	17241	1	0	5	6	28	1	4	0	0	2	3	0	0	1	0	0	0	-3521	1232849	7211	7211	43904	42026	555.699	1191718	426833	5400332	2247021	3966	-51219	-54909	-56204	0	75	1	1	8	5	1	1	8643	1667	75	1	0	0	0	0	0	1	0	1	0	0	0	1	0	1	0
1	44953	701	57	33	61	37	5	2	0	17	24	24	5	3	0	0	1	0	0	0	0	0	9	1	421053	421053	87719	52632	17544	1	0	5	6	28	1	4	0	0	2	3	0	0	1	0	0	0	-322	121128	85	85	34361	3052	5.503.795	1359573	426833	533206	2219041	3903	-43107	-45843	-46661	0	1	1	1	8	5	1	1	9	1667	875	1	0	0	0	0	0	1	0	1	0	0	0	1	0	1	0
1	46055	695	59	34	64	39	3	2	0	17	25	26	4	3	0	0	1	0	0	0	0	0	8	1	423729	440678	67797	50847	16949	1	0	6	8	34	2	3	0	0	2	4	0	0	1	1	0	0	-7585	1259386	6111	6111	45932	47998	5.386.807	874884	0	5453987	2269011	40154	-52942	-56836	-58232	0	75	5	1	8	5	1	1	7929	3333	625	1	0	0	0	0	0	1	0	0	0	0	0	0	0	0	0
1	48255	655	60	35	64	39	4	2	0	17	25	26	4	2	0	0	3	0	0	0	0	0	9	3	416667	433333	66667	33333	5	1	0	5	6	30	1	4	0	0	1	3	1	0	0	0	1	0	-737	1271158	5188	5188	51461	50659	5.611.234	1064087	0	5595349	2326946	41725	-57642	-62088	-63761	0	75	6667	8333	7	5	8333	1	7548	3333	625	0	0	0	0	0	0	0	0	0	0	0	0	0	0	0	0
1	48101	677	60	34	64	38	4	2	0	17	26	26	4	2	0	0	1	1	0	0	0	1	8	2	433333	433333	66667	33333	33333	1	0	5	6	30	1	4	0	0	1	3	1	0	0	0	1	0	-7585	1314878	5188	5188	51461	53193	5.768.577	764885	0	5740199	2386311	42032	-57642	-62088	-63761	0	75	6667	8333	7	5	8333	1	7548	3333	625	0	0	0	0	0	0	0	0	0	0	0	0	0	0	0	0
1	46456	677	60	34	64	38	4	2	0	17	26	26	4	2	0	0	2	0	0	0	0	0	8	2	433333	433333	66667	33333	33333	1	0	5	6	30	1	4	0	0	1	3	1	0	0	0	1	0	-7585	1268994	5188	5188	50466	48604	5.582.896	914486	0	5566113	2314964	41118	-56796	-61143	-62766	0	75	6667	8333	7	5	8333	1	7548	3333	625	1	0	0	0	0	0	0	0	0	0	0	0	0	0	0	0
1	48101	677	60	34	64	38	4	2	0	17	26	26	4	2	0	0	1	1	0	0	0	1	8	2	433333	433333	66667	33333	33333	1	0	5	6	30	1	4	0	0	1	3	1	0	0	0	1	0	-7585	1314878	5188	5188	51461	53193	5.768.577	764885	0	5740199	2386311	42032	-57642	-62088	-63761	0	75	6667	8333	7	5	8333	1	7548	3333	625	0	0	0	0	0	0	0	0	0	0	0	0	0	0	0	0
1	48101	677	60	34	64	38	4	2	0	17	26	26	4	2	0	0	1	1	0	0	0	1	8	2	433333	433333	66667	33333	33333	1	0	5	6	30	1	4	0	0	1	3	1	0	0	0	1	0	-7585	1314878	5188	5188	51461	53193	5.768.577	764885	0	5740199	2386311	42032	-57642	-62088	-63761	0	75	6667	8333	7	5	8333	1	7548	3333	625	0	0	0	0	0	0	0	0	0	0	0	0	0	0	0	0
1	46456	677	60	34	64	38	4	2	0	17	26	26	4	2	0	0	2	0	0	0	0	0	8	2	433333	433333	66667	33333	33333	1	0	5	6	30	1	4	0	0	1	3	1	0	0	0	1	0	-7585	1268994	5188	5188	50466	48604	5.582.896	914486	0	5566113	2314964	41118	-56796	-61143	-62766	0	75	6667	8333	7	5	8333	1	7548	3333	625	1	0	0	0	0	0	0	0	0	0	0	0	0	0	0	0
1	44657	701	60	33	64	37	4	2	0	17	27	26	4	2	0	0	1	0	0	0	0	0	7	1	45	433333	66667	33333	16667	1	0	5	6	30	1	4	0	0	1	3	1	0	0	0	1	0	-7812	126683	5188	5188	46784	46549	5.554.558	764885	0	5536877	2302982	40511	-53666	-57644	-59084	0	75	8333	1	8	5	1	1	8405	3333	75	1	0	0	0	0	0	1	0	0	0	0	0	1	0	1	0
1	46456	677	60	34	64	38	4	2	0	17	26	26	4	2	0	0	2	0	0	0	0	0	8	2	433333	433333	66667	33333	33333	1	0	5	6	30	1	4	0	0	1	3	1	0	0	0	1	0	-7585	1268994	5188	5188	50466	48604	5.582.896	914486	0	5566113	2314964	41118	-56796	-61143	-62766	0	75	6667	8333	7	5	8333	1	7548	3333	625	1	0	0	0	0	0	0	0	0	0	0	0	0	0	0	0
1	44657	701	60	33	64	37	4	2	0	17	27	26	4	2	0	0	1	0	0	0	0	0	7	1	45	433333	66667	33333	16667	1	0	5	6	30	1	4	0	0	1	3	1	0	0	0	1	0	-7812	126683	5188	5188	46784	46549	5.554.558	764885	0	5536877	2302982	40511	-53666	-57644	-59084	0	75	8333	1	8	5	1	1	8405	3333	75	1	0	0	0	0	0	1	0	0	0	0	0	1	0	1	0
1	44657	701	60	33	64	37	4	2	0	17	27	26	4	2	0	0	1	0	0	0	0	0	7	1	45	433333	66667	33333	16667	1	0	5	6	29	1	4	0	0	1	4	0	0	0	1	0	0	-7812	1264552	5188	5188	46784	47975	5.617.465	764885	0	5536877	2302982	40511	-53666	-57644	-59084	0	75	8333	1	8	5	1	1	8405	3333	75	1	0	0	0	0	0	1	0	0	0	0	0	0	0	1	0
0	46257	677	61	34	65	38	5	2	0	17	27	26	4	3	0	0	1	0	0	0	0	0	8	1	442623	42623	65574	4918	16393	1	0	5	6	29	1	4	0	0	1	4	0	0	0	1	0	0	-3628	1279995	7211	7211	39192	39093	5.838.336	1191718	426833	5634385	2342945	4139	-47213	-50433	-51492	0	1	8333	1	8	5	1	1	8762	1667	75	1	0	0	0	0	0	1	0	1	0	0	0	1	0	0	0
1	47458	672	62	35	67	40	3	2	0	17	27	27	4	3	0	0	1	0	0	0	0	0	8	1	435484	435484	64516	48387	16129	1	0	6	8	35	2	3	0	0	1	5	0	0	0	2	0	0	-7654	1310668	6111	6111	43869	43133	5.668.153	874884	0	568804	2364934	41884	-51189	-54876	-56169	0	75	6667	1	8	5	1	1	8167	3333	625	0	0	0	0	0	0	0	0	0	0	0	0	0	0	0	0
1	47902	677	61	34	65	38	5	2	0	17	27	26	4	3	0	0	0	1	0	0	0	1	8	1	442623	42623	65574	4918	16393	1	0	5	6	29	1	4	0	0	1	4	0	0	0	1	0	0	-3628	1323685	7211	7211	40195	45407	6.024.017	1042117	426833	5808472	2414292	42304	-48065	-51385	-52495	0	1	8333	1	8	5	1	1	8762	1667	75	0	0	0	0	0	0	0	0	0	0	0	0	0	0	0	0
1	48056	655	61	35	65	39	5	2	0	17	26	26	4	3	0	0	2	0	0	0	0	0	9	2	42623	42623	65574	4918	32787	1	0	5	6	29	1	4	0	0	1	4	0	0	0	1	0	0	-3446	1279965	7211	7211	42875	42873	5.841.807	1341319	426833	5663621	2354927	41997	-50343	-53931	-55175	0	75	8333	1	8	5	1	1	8405	1667	625	0	0	0	0	0	0	0	0	1	0	0	0	0	0	0	0
1	46852	677	57	34	61	38	4	2	0	17	23	25	4	2	0	0	3	0	0	0	0	0	9	3	403509	438596	70175	35088	52632	1	0	5	6	29	1	4	0	0	1	4	0	0	0	1	0	0	-7293	1222504	5188	5188	49464	50035	532.56	1064087	0	5361296	2231023	39995	-55944	-6019	-61764	0	75	6667	1	8	5	1	1	8167	3333	625	1	0	0	0	0	0	0	0	0	0	0	0	0	0	0	0
1	44657	701	60	33	64	37	4	2	0	17	27	26	4	2	0	0	1	0	0	0	0	0	7	1	45	433333	66667	33333	16667	1	0	5	6	30	1	4	0	0	1	3	1	0	0	0	1	0	-7812	1269116	5188	5188	46784	45236	555.027	764885	0	5536877	2302982	40511	-53666	-57644	-59084	0	75	8333	1	8	5	1	1	8405	3333	75	1	0	0	0	0	0	1	0	0	0	0	0	1	0	1	0
1	46461	672	63	35	68	40	4	2	0	22	28	29	4	2	0	0	0	0	0	0	0	0	6	0	444444	460317	63492	31746	0	1	0	6	8	35	2	4	0	0	1	5	0	0	0	2	0	0	-8221	1380514	5188	5188	47606	52954	5.716.993	615284	0	5886545	2446289	4224	-54365	-58426	-59906	0	75	5	1	8	5	1	1	7929	3333	625	0	0	0	0	0	0	0	0	0	0	0	0	0	0	0	0
1	42858	726	60	32	64	36	4	2	0	17	28	26	4	2	0	0	0	0	0	0	0	0	6	0	466667	433333	66667	33333	0	1	0	5	6	30	1	4	0	0	1	3	1	0	0	0	1	0	-8053	1266952	5188	5188	43094	43181	5.521.932	615284	0	5507641	2291	39904	-5053	-54139	-55394	0	75	1	1	8	5	1	1	8643	3333	75	1	0	0	0	0	0	1	0	1	0	0	0	1	0	1	0
1	41455	753	57	31	61	35	4	2	0	17	26	25	4	2	0	0	0	0	0	0	0	0	6	0	45614	438596	70175	35088	0	1	0	5	6	29	1	4	0	0	1	4	0	0	0	1	0	0	-7991	1216012	5188	5188	4105	4387	5.240.586	615284	0	5273588	2195077	38174	-48793	-52198	-5335	0	1	1	1	8	5	1	1	9	3333	875	1	0	0	0	0	0	1	0	1	0	0	0	1	0	1	0
0	41653	753	55	31	59	35	4	2	0	17	24	23	6	2	0	0	0	0	0	0	0	0	8	0	436364	418182	109091	36364	0	1	0	5	6	29	1	4	0	0	1	4	0	0	0	1	0	0	-7351	1169154	7766	7766	21788	25143	5.134.197	950994	0	5137043	2139116	36914	-32419	-33898	-34088	0	1	1	1	8	5	1	1	9	3333	875	1	0	1	0	0	0	1	0	1	0	0	0	1	0	1	0
0	41855	753	57	31	61	35	4	2	0	16	26	23	6	2	0	0	0	0	0	0	0	0	8	0	45614	403509	105263	35088	0	1	0	5	6	28	1	4	0	0	2	3	0	0	0	1	0	0	-7351	1189299	697	697	30647	28868	5.209.956	783139	0	5208472	216839	37178	-3995	-42315	-42947	0	1	1	1	8	5	1	1	9	1667	875	1	0	1	0	0	0	1	0	1	0	0	0	1	0	1	0
1	42858	726	60	32	64	36	5	2	0	17	28	26	4	2	0	0	0	0	0	0	0	0	6	0	466667	433333	66667	33333	0	1	0	5	6	29	1	4	0	0	1	4	0	0	0	1	0	0	-8053	1263558	5188	5188	43094	47082	5.501.354	615284	0	5507641	2291	39904	-5053	-54139	-55394	0	75	1	1	8	5	1	1	8643	3333	75	1	0	0	0	0	0	1	0	0	0	0	0	0	0	1	0
0	36848	855	51	27	54	30	4	2	0	11	24	20	4	3	0	0	0	0	0	0	0	0	7	0	470588	392157	78431	58824	0	1	0	4	5	23	1	3	0	0	1	3	0	0	0	1	0	0	-3089	1032809	7211	7211	24976	22641	4.808.619	1042117	426833	4595515	1917178	33521	-35129	-36927	-37276	0	1	1	1	1	5	1	1	9286	3333	1	1	1	1	0	1	0	0	0	1	1	0	0	1	1	1	0
1	60691	518	86	44	91	49	9	2	0	23	42	36	4	3	0	0	0	0	0	0	0	1	8	0	488372	418605	46512	34884	0	1	0	6	7	35	1	5	0	0	1	5	0	0	0	1	0	0	-8134	1727845	6111	6111	5767	84805	na	615284	0	7959136	3295712	58516	-6292	-67987	-6997	1	5	5	5	6	5	6667	1	6095	1667	625	0	0	0	0	0	0	0	0	0	0	0	0	0	0	0	0
1	44458	701	61	33	65	37	6	2	0	17	28	26	4	3	0	0	0	0	0	0	0	0	7	0	459016	42623	65574	4918	0	1	0	5	6	29	1	4	0	0	1	4	0	0	0	1	0	0	-7812	1275408	6111	6111	38182	44357	565.251	725282	0	560515	2330963	40783	-46355	-49473	-50482	0	1	1	1	8	5	1	1	9	1667	875	1	0	0	0	0	0	1	0	1	0	0	0	1	0	1	0
1	45861	677	64	34	68	38	7	2	0	17	30	27	4	3	0	0	0	0	0	0	0	0	7	0	46875	421875	625	46875	0	1	0	5	6	29	1	4	0	0	1	4	0	0	0	1	0	0	-7876	1326447	6111	6111	37515	42561	5.913.277	725282	0	5839203	2426886	42513	-45787	-48839	-49815	0	1	8333	1	8	5	1	1	8762	1667	875	0	0	0	0	0	0	0	0	0	0	0	0	0	0	0	0
1	48255	655	60	35	64	39	4	2	0	17	25	26	4	2	0	0	3	0	0	0	0	0	9	3	416667	433333	66667	33333	5	1	0	5	6	30	1	4	0	0	1	3	1	0	0	0	1	0	-737	1271158	5188	5188	51461	50659	5.586.367	1064087	0	5595349	2326946	41725	-57642	-62088	-63761	0	75	6667	8333	7	5	8333	1	7548	3333	625	0	0	0	0	0	0	0	0	0	0	0	0	0	0	0	0
1	48101	677	60	34	64	38	4	2	0	17	26	26	4	2	0	0	1	1	0	0	0	1	8	2	433333	433333	66667	33333	33333	1	0	5	6	30	1	4	0	0	1	3	1	0	0	0	1	0	-7585	1314878	5188	5188	51461	53193	5.743.711	764885	0	5740199	2386311	42032	-57642	-62088	-63761	0	75	6667	8333	7	5	8333	1	7548	3333	625	0	0	0	0	0	0	0	0	0	0	0	0	0	0	0	0
1	46456	677	60	34	64	38	4	2	0	17	26	26	4	2	0	0	2	0	0	0	0	0	8	2	433333	433333	66667	33333	33333	1	0	5	6	30	1	4	0	0	1	3	1	0	0	0	1	0	-7585	1268994	5188	5188	50466	48604	5.558.029	914486	0	5566113	2314964	41118	-56796	-61143	-62766	0	75	6667	8333	7	5	8333	1	7548	3333	625	1	0	0	0	0	0	0	0	0	0	0	0	0	0	0	0
1	44657	701	60	33	64	37	4	2	0	17	27	26	4	2	0	0	1	0	0	0	0	0	7	1	45	433333	66667	33333	16667	1	0	5	6	30	1	4	0	0	1	3	1	0	0	0	1	0	-7812	126683	5188	5188	46784	46549	5.529.692	764885	0	5536877	2302982	40511	-53666	-57644	-59084	0	75	8333	1	8	5	1	1	8405	3333	75	1	0	0	0	0	0	1	0	0	0	0	0	1	0	1	0
1	42858	726	60	32	64	36	4	2	0	17	28	26	4	2	0	0	0	0	0	0	0	0	6	0	466667	433333	66667	33333	0	1	0	5	6	30	1	4	0	0	1	3	1	0	0	0	1	0	-8053	1264666	5188	5188	43094	44494	5.501.354	615284	0	5507641	2291	39904	-5053	-54139	-55394	0	75	1	1	8	5	1	1	8643	3333	75	1	0	0	0	0	0	1	0	1	0	0	0	1	0	1	0
0	33845	933	47	25	50	28	3	2	0	11	22	19	4	2	0	0	0	0	0	0	0	0	6	0	468085	404255	85106	42553	0	1	0	4	5	23	1	3	0	0	1	3	0	0	0	1	0	0	-7509	973184	5188	5188	30292	27748	4.309.998	615284	0	4263953	1781292	30912	-39648	-41978	-42592	0	1	1	1	8	5	1	1	9	5	1	1	1	1	0	1	0	1	0	1	1	0	0	1	1	1	0
1	4195	731	53	31	56	34	5	3	0	17	22	23	5	2	0	0	1	0	0	0	0	0	8	1	415094	433962	9434	37736	18868	1	0	4	4	22	0	4	0	0	2	2	0	0	0	0	0	0	225	1167344	8796	8796	34966	30683	5.156.377	1206975	328972	5109468	2127815	37393	-43621	-46418	-47266	0	1	1	1	6	5	1	1	8714	1667	1	1	0	1	0	0	0	1	0	1	0	0	0	1	0	1	0
1	4195	731	53	31	56	34	5	3	0	17	22	23	5	2	0	0	1	0	0	0	0	0	8	1	415094	433962	9434	37736	18868	1	0	4	4	22	0	4	0	0	2	2	0	0	0	0	0	0	225	1167344	8796	8796	34966	30683	5.156.377	1206975	328972	5109468	2127815	37393	-43621	-46418	-47266	0	1	1	1	6	5	1	1	8714	1667	1	1	0	1	0	0	0	1	0	1	0	0	0	1	0	1	0
1	44953	682	57	33	60	36	7	3	0	17	24	24	5	3	0	0	1	0	0	0	0	0	9	1	421053	421053	87719	52632	17544	1	0	4	4	22	0	4	0	0	2	2	0	0	0	0	0	0	8617	1231441	10819	10819	29577	22425	5.638.014	1633808	755805	544103	2263701	40002	-3904	-41298	-41877	0	1	1	1	8	5	1	1	9	3333	1	1	0	0	0	0	0	0	0	1	0	0	0	1	0	1	0
1	4355	706	54	32	57	35	6	3	0	17	22	23	5	3	0	0	1	0	0	0	0	0	9	1	407407	425926	92593	55556	18519	1	0	4	4	22	0	4	0	0	2	2	0	0	0	0	0	0	8842	1182787	10819	10819	27483	21801	5.377.247	1633808	755805	5206977	2167777	38272	-3726	-39309	-39783	0	1	1	1	6	0	1	1	8	3333	1	1	0	1	0	0	0	0	0	1	0	0	0	1	0	1	0
1	40547	759	50	30	53	33	5	3	0	17	20	22	5	2	0	0	1	0	0	0	0	0	8	1	40	44	10	4	2	1	0	4	4	22	0	4	0	0	2	2	0	0	0	0	0	0	243	1123162	8796	8796	32837	26908	485.376	1206975	328972	4875415	2031892	35663	-41811	-44395	-45137	0	1	1	1	6	0	1	1	8	1667	1	1	0	1	0	0	0	1	0	1	1	0	0	1	0	1	0
0	4736	655	63	35	67	39	6	3	0	17	28	27	5	2	0	0	1	0	0	0	0	0	8	1	444444	428571	79365	31746	15873	1	0	5	5	27	0	5	0	0	3	2	0	0	0	0	0	0	-7654	1343439	6518	6518	43145	4497	5.893.141	909246	0	5865282	2437575	43077	-50573	-54187	-55445	0	75	8333	1	8	5	1	1	8405	1667	625	0	0	0	0	0	0	0	0	0	0	0	0	0	0	0	0
0	48763	635	66	36	70	40	6	3	0	17	30	28	5	2	0	0	1	0	0	0	0	0	8	1	454545	424242	75758	30303	15152	1	0	5	5	28	0	5	0	0	2	3	0	0	0	0	0	0	-7719	1389449	6518	6518	45113	49532	6.153.908	909246	0	6099336	2533498	44807	-52246	-56057	-57413	0	75	6667	1	8	5	1	1	8167	1667	625	0	0	0	0	0	0	0	0	0	0	0	0	0	0	0	0
1	45957	677	60	34	64	38	7	3	0	17	26	26	5	2	0	0	1	0	0	0	0	0	8	1	433333	433333	83333	33333	16667	1	0	5	5	25	0	5	1	0	2	2	0	0	0	0	0	0	-3628	1287194	7397	7397	41147	39898	5.646.758	1058111	180108	5631229	2341651	41347	-48875	-5229	-53447	0	1	8333	1	8	5	1	1	8762	1667	875	1	0	0	0	0	0	1	0	0	0	0	0	0	0	0	0
1	4736	655	63	35	67	39	8	3	0	17	28	27	5	2	0	0	1	0	0	0	0	0	8	1	444444	428571	79365	31746	15873	1	0	5	5	25	0	5	1	0	2	2	0	0	0	0	0	0	-373	1334508	7397	7397	43145	43203	5.903.237	1058111	180108	5865282	2437575	43077	-50573	-54187	-55445	0	75	8333	1	8	5	1	1	8405	1667	625	0	0	0	0	0	0	0	0	0	0	0	0	0	0	0	0
1	4736	655	63	35	67	39	8	3	0	17	28	27	5	2	0	0	1	0	0	0	0	0	8	1	444444	428571	79365	31746	15873	1	0	5	5	25	0	5	1	0	2	2	0	0	0	0	0	0	-373	1334508	7397	7397	43145	43203	5.903.237	1058111	180108	5865282	2437575	43077	-50573	-54187	-55445	0	75	8333	1	8	5	1	1	8405	1667	625	0	0	0	0	0	0	0	0	0	0	0	0	0	0	0	0
1	47759	639	63	35	66	38	9	3	0	17	28	26	5	3	0	0	1	0	0	0	0	0	9	1	444444	412698	79365	47619	15873	1	0	4	4	22	0	4	0	0	2	2	0	0	0	0	0	0	1905	1326667	942	942	33664	30231	6.187.014	1484944	606941	5909136	2455548	43462	-42514	-45181	-45964	0	1	8333	8333	8	5	1	1	8524	1667	875	0	0	0	0	0	0	0	0	0	0	0	0	0	0	0	0
1	47759	639	63	35	66	38	9	3	0	17	28	26	5	3	0	0	1	0	0	0	0	0	9	1	444444	412698	79365	47619	15873	1	0	4	4	22	0	4	0	0	2	2	0	0	0	0	0	0	1905	1326667	942	942	33664	30231	6.187.014	1484944	606941	5909136	2455548	43462	-42514	-45181	-45964	0	1	8333	8333	8	5	1	1	8524	1667	875	0	0	0	0	0	0	0	0	0	0	0	0	0	0	0	0
1	46356	66	60	34	63	37	8	3	0	17	26	25	5	3	0	0	1	0	0	0	0	0	9	1	433333	416667	83333	5	16667	1	0	4	4	22	0	4	0	0	2	2	0	0	0	0	0	0	2058	1278013	942	942	31636	29607	5.926.247	1484944	606941	5675083	2359624	41732	-40791	-43255	-43936	0	1	8333	1	8	5	1	1	8762	1667	875	1	0	0	0	0	0	1	0	1	0	0	0	1	0	0	0
1	46356	66	60	34	63	37	8	3	0	17	26	25	5	3	0	0	1	0	0	0	0	0	9	1	433333	416667	83333	5	16667	1	0	4	4	22	0	4	0	0	2	2	0	0	0	0	0	0	2058	1278013	942	942	31636	29607	5.926.247	1484944	606941	5675083	2359624	41732	-40791	-43255	-43936	0	1	8333	1	8	5	1	1	8762	1667	875	1	0	0	0	0	0	1	0	1	0	0	0	1	0	0	0
1	41748	753	51	31	55	35	4	3	0	17	20	23	5	2	0	0	1	0	0	0	0	0	8	1	392157	45098	98039	39216	19608	1	0	5	6	27	1	4	0	0	3	2	0	1	0	0	0	0	-3287	114792	7397	7397	34966	29699	4.822.606	1058111	180108	492907	2053881	36157	-43621	-46418	-47266	0	1	1	1	6	5	1	1	8714	1667	875	1	0	1	0	0	0	1	0	1	1	0	0	1	0	1	0
1	43151	726	54	32	58	36	4	3	0	17	22	24	5	2	0	0	1	0	0	0	0	0	8	1	407407	444444	92593	37037	18519	1	0	5	6	28	1	4	0	0	2	3	0	0	1	0	0	0	-3407	1196574	7397	7397	3706	30323	5.083.374	1058111	180108	5163123	2149804	37887	-45401	-48407	-4936	0	1	1	1	8	5	1	1	9	1667	875	1	0	0	0	0	0	1	0	1	0	0	0	1	0	1	0
0	44554	701	57	33	61	37	4	3	0	17	24	25	5	2	0	0	1	0	0	0	0	0	8	1	421053	438596	87719	35088	17544	1	0	5	6	29	1	4	0	0	2	2	1	0	0	1	0	0	-3521	1243012	7397	7397	3912	36123	5.344.141	1058111	180108	5397176	2245728	39617	-47152	-50364	-5142	0	1	1	1	8	5	1	1	9	1667	875	1	0	0	0	0	0	1	0	1	0	0	0	1	0	1	0
1	42048	731	52	31	55	34	5	3	0	17	21	23	4	3	0	0	1	0	0	0	0	0	8	1	403846	442308	76923	57692	19231	1	0	4	4	22	0	4	0	0	2	2	0	0	0	0	0	0	-3287	1145552	8191	8191	30906	30451	5.114.874	1141704	180108	5041196	2099834	37172	-4017	-42561	-43206	0	1	1	1	6	5	1	1	8714	1667	1	1	0	1	0	0	0	1	0	1	1	0	0	1	0	1	0
0	42048	731	52	31	55	34	5	3	0	17	21	23	4	3	0	0	1	0	0	0	0	0	8	1	403846	442308	76923	57692	19231	1	0	4	4	22	0	4	0	0	2	2	0	0	0	0	0	0	-3287	1145552	8191	8191	30906	30451	5.114.874	1141704	180108	5041196	2099834	37172	-4017	-42561	-43206	0	1	1	1	6	5	1	1	8714	1667	1	1	0	1	0	0	0	1	0	1	1	0	0	1	0	1	0
1	48452	655	58	35	62	39	4	2	0	17	23	25	4	3	0	0	3	0	0	0	0	0	10	3	396552	431034	68966	51724	51724	1	0	5	6	29	1	4	0	0	1	4	0	0	0	1	0	0	-7087	1241921	6111	6111	41872	42099	5.518.606	1174086	0	5458804	2270985	40874	-49491	-52979	-54172	0	75	8333	1	8	5	1	1	8405	1667	75	0	0	0	0	0	0	0	0	1	0	0	0	0	0	0	0
1	46653	677	58	34	62	38	4	2	0	17	24	25	4	3	0	0	2	0	0	0	0	0	9	2	413793	431034	68966	51724	34483	1	0	5	6	29	1	4	0	0	1	4	0	0	0	1	0	0	-7293	1239757	6111	6111	40862	40044	5.490.268	1024485	0	5429568	2259003	40267	-48633	-52019	-53162	0	1	8333	1	8	5	1	1	8762	1667	75	1	0	0	0	0	0	0	0	1	0	0	0	1	0	0	0
1	48452	655	58	35	62	39	4	2	0	17	23	25	4	3	0	0	3	0	0	0	0	0	10	3	396552	431034	68966	51724	51724	1	0	5	6	29	1	4	0	0	1	4	0	0	0	1	0	0	-7087	1241921	6111	6111	41872	42099	5.518.606	1174086	0	5458804	2270985	40874	-49491	-52979	-54172	0	75	8333	1	8	5	1	1	8405	1667	75	0	0	0	0	0	0	0	0	1	0	0	0	0	0	0	0
1	46653	677	58	34	62	38	4	2	0	17	24	25	4	3	0	0	2	0	0	0	0	0	9	2	413793	431034	68966	51724	34483	1	0	5	6	29	1	4	0	0	1	4	0	0	0	1	0	0	-7293	1239757	6111	6111	40862	40044	5.490.268	1024485	0	5429568	2259003	40267	-48633	-52019	-53162	0	1	8333	1	8	5	1	1	8762	1667	75	1	0	0	0	0	0	0	0	1	0	0	0	1	0	0	0
0	45155	682	59	33	62	36	6	2	0	17	26	24	5	3	0	0	1	0	0	0	0	0	9	1	440678	40678	84746	50847	16949	1	0	4	4	23	0	4	0	0	1	3	0	0	0	0	0	0	8617	1212623	10347	10347	27621	26294	583.507	1633808	923661	5512458	2292975	40266	-37378	-3944	-39921	0	1	8333	1	8	5	1	1	8762	3333	1	1	0	0	0	0	0	1	0	1	0	0	0	1	0	1	0
0	35343	862	46	26	48	28	5	1	0	17	20	20	3	2	0	0	1	0	0	0	0	0	6	1	434783	434783	65217	43478	21739	1	0	3	3	17	0	3	0	0	1	2	0	0	0	0	0	0	-3317	974663	5615	5615	33056	31405	4.549.382	859012	180108	4399003	1836641	31767	-41997	-44603	-45356	0	1	1	1	8	5	1	1	9	3333	1	1	1	1	0	1	0	1	0	1	1	0	0	1	1	1	0
0	38386	855	45	27	48	30	4	1	0	17	18	20	3	3	0	0	0	1	0	0	0	1	7	1	40	444444	66667	66667	22222	1	0	4	5	22	1	3	0	0	2	2	0	0	1	0	0	0	-3089	1018009	6538	6538	26446	30528	4.524.984	81941	180108	4490199	1874016	32324	-36379	-38323	-38746	0	1	1	1	8	5	1	1	9	3333	1	1	1	1	0	0	0	1	0	1	1	0	0	1	1	1	0
0	40753	759	56	30	59	33	5	1	0	17	26	24	3	2	0	0	1	0	0	0	0	0	6	1	464286	428571	53571	35714	17857	1	0	4	4	23	0	4	0	0	1	3	0	0	0	0	0	0	-7924	1146412	4736	4736	41655	41103	5.254.393	710148	0	5154817	2146401	37451	-49307	-52772	-53955	0	75	1	1	8	5	1	1	8643	3333	1	1	0	1	0	0	0	1	1	1	0	0	0	1	0	1	0
0	38941	794	46	28	48	30	5	1	0	17	18	20	3	2	0	0	3	0	0	0	0	0	8	3	391304	434783	65217	43478	65217	1	0	3	3	17	0	3	0	0	1	2	0	0	0	0	0	0	-2878	988054	5615	5615	35264	34998	4.564.208	1158214	180108	4457475	1860605	32981	-43875	-46701	-47564	0	1	1	1	8	5	1	1	9	3333	1	1	1	1	0	0	0	1	0	1	0	0	0	1	0	1	0
1	39751	759	53	30	56	33	6	1	0	23	23	25	3	2	0	0	0	0	0	0	0	0	5	0	433962	471698	56604	37736	0	1	0	4	4	23	0	4	0	0	1	3	0	0	0	0	0	0	-4149	1179679	5615	5615	37833	40759	5.132.033	709411	180108	5145349	214252	36692	-46058	-49141	-50133	0	1	1	1	6	5	1	1	8714	3333	1	1	0	1	0	0	0	1	1	1	0	0	0	1	0	1	0
1	42557	706	59	32	62	35	8	1	0	23	27	27	3	2	0	0	0	0	0	0	0	0	5	0	457627	457627	50847	33898	0	1	0	4	4	23	0	4	0	0	1	3	0	0	0	0	0	0	-4336	1268309	5615	5615	41889	46189	5.691.129	709411	180108	5613455	2334367	40152	-49505	-52994	-54189	0	75	1	1	8	5	1	1	8643	3333	1	1	0	0	0	0	0	1	0	0	0	0	0	1	0	1	0
1	36988	862	46	26	48	28	6	1	0	17	20	20	3	2	0	0	0	1	0	0	0	1	6	1	434783	434783	65217	43478	21739	1	0	3	3	17	0	3	0	0	1	2	0	0	0	0	0	0	-3317	1023911	5615	5615	34165	35431	4.693.213	709411	180108	457309	1907988	32681	-4294	-45657	-46465	0	1	1	1	8	5	1	1	9	3333	1	1	1	1	0	1	0	1	0	1	0	0	0	1	1	1	0
1	46852	677	57	34	61	38	4	2	0	17	23	25	4	2	0	0	3	0	0	0	0	0	9	3	403509	438596	70175	35088	52632	1	0	5	6	30	1	4	0	0	1	3	1	0	0	0	1	0	-7293	1222504	5188	5188	49464	50035	532.56	1064087	0	5361296	2231023	39995	-55944	-6019	-61764	0	75	6667	1	8	5	1	1	8167	3333	625	1	0	0	0	0	0	0	0	0	0	0	0	0	0	0	0
0	45051	701	56	33	60	37	5	2	0	17	23	24	4	4	0	0	1	0	0	0	0	0	9	1	410714	428571	71429	71429	17857	1	0	5	6	29	1	4	0	0	2	2	1	0	0	1	0	0	-322	1208084	8134	8134	34361	30315	5.447.378	1301717	426833	5263787	219106	38809	-43107	-45843	-46661	0	1	8333	1	8	5	1	1	8762	1667	875	1	0	0	0	0	0	1	0	1	0	0	0	1	0	1	0
1	46852	677	57	34	61	38	4	2	0	17	23	25	4	2	0	0	3	0	0	0	0	0	9	3	403509	438596	70175	35088	52632	1	0	5	6	30	1	4	0	0	1	3	1	0	0	0	1	0	-7293	1222504	5188	5188	49464	50035	5.350.467	1064087	0	5361296	2231023	39995	-55944	-6019	-61764	0	75	6667	1	8	5	1	1	8167	3333	625	1	0	0	0	0	0	0	0	0	0	0	0	0	0	0	0
1	45452	701	57	33	61	37	5	1	0	17	24	24	4	3	0	0	2	0	0	0	0	0	9	2	421053	421053	70175	52632	35088	1	0	5	6	29	1	4	0	0	1	4	0	0	0	1	0	0	-7211	1177144	6111	6111	39558	43775	5.326.088	1024485	0	5266944	2192354	38801	-47525	-5078	-51858	0	1	8333	1	8	5	1	1	8762	1667	875	1	0	0	0	0	0	1	0	1	0	0	0	1	0	1	0
1	52098	635	60	36	64	40	5	1	0	17	24	25	4	3	0	0	3	1	0	0	0	1	11	4	40	416667	66667	5	66667	1	0	5	6	29	1	4	0	0	1	4	0	0	0	1	0	0	-6892	1280601	6111	6111	44609	55732	5.829.212	1174086	0	5733555	2383588	42659	-51818	-55579	-56909	1	5	8333	8333	7	5	8333	1	7429	1667	625	0	0	0	0	0	0	0	0	0	0	0	0	0	0	0	0
1	42851	706	53	32	56	35	6	0	1	23	21	24	6	1	0	0	1	0	0	0	0	0	8	1	396226	45283	113208	18868	18868	1	0	4	4	23	0	4	0	0	1	3	0	0	0	0	0	0	-3407	1227046	8865	8865	36348	4488	5.355.933	1251417	180108	5268937	2193171	37726	-44796	-47731	-48648	0	1	1	1	6	5	1	1	8714	1667	1	1	0	0	0	0	0	1	0	1	0	0	0	1	0	1	0
1	44559	682	61	33	64	36	7	0	0	23	28	26	5	1	0	0	1	0	0	0	0	0	7	1	459016	42623	81967	16393	16393	1	0	4	4	23	0	4	0	0	1	3	0	0	0	0	0	0	-3821	1311577	6486	6486	48739	58033	5.879.803	940823	180108	571412	2375623	40614	-55328	-59502	-61039	0	75	8333	1	8	5	1	1	8405	1667	875	0	0	0	0	0	0	0	0	0	0	0	0	0	0	0	0
1	4715	66	55	34	58	37	6	0	0	23	21	24	5	1	0	0	4	0	0	0	0	0	10	4	381818	436364	90909	18182	72727	1	0	4	4	23	0	4	0	0	1	3	0	0	0	0	0	0	-3045	1229406	6486	6486	47729	55514	5.405.721	1389626	180108	5333721	2219722	38975	-54469	-58542	-60029	0	75	6667	1	8	5	1	1	8167	1667	75	1	0	0	0	0	0	0	0	0	0	0	0	0	0	0	0
1	41753	731	55	31	58	34	6	0	0	23	24	24	5	1	0	0	1	0	0	0	0	0	7	1	436364	436364	90909	18182	18182	1	0	4	4	23	0	4	0	0	1	3	0	0	0	0	0	0	-3606	1220081	6486	6486	44651	50953	5.320.707	940823	180108	5246013	2183776	37154	-51854	-55619	-56951	0	75	1	1	8	5	1	1	8643	1667	875	1	0	0	0	0	0	1	0	0	0	0	0	0	0	1	0
1	45351	682	55	33	58	36	6	0	0	23	22	24	5	1	0	0	3	0	0	0	0	0	9	3	40	436364	90909	18182	54545	1	0	4	4	23	0	4	0	0	1	3	0	0	0	0	0	0	-322	1227242	6486	6486	46711	53459	5.377.383	1240025	180108	5304485	220774	38368	-53604	-57575	-59011	0	75	6667	1	8	5	1	1	8167	1667	875	1	0	0	0	0	0	0	0	0	0	0	0	0	0	0	0
0	40251	759	53	30	56	33	6	0	0	23	23	24	4	1	0	0	1	0	0	0	0	0	6	1	433962	45283	75472	18868	18868	1	0	4	4	23	0	4	0	0	1	3	0	0	0	0	0	0	-3819	1167901	5197	5197	36131	45374	5.107.009	775418	180108	5080233	2115833	36054	-44611	-47524	-48431	0	1	1	1	6	5	1	1	8714	3333	1	1	0	0	0	0	0	1	1	0	0	0	0	1	0	1	0
1	41956	759	52	30	55	33	6	0	0	23	22	24	3	1	0	1	1	0	0	0	0	1	6	1	423077	461538	57692	19231	19231	1	0	4	4	23	0	4	0	0	1	3	0	0	0	0	0	0	-3819	1227455	4704	7528	44007	58004	5.198.706	757323	180108	5186047	2159199	36805	-51306	-55007	-56307	0	75	1	1	6	5	1	1	8357	1667	875	0	0	0	0	0	0	0	0	0	0	0	0	0	0	0	0
0	41353	731	55	31	58	34	6	0	0	24	24	26	3	1	0	0	1	0	0	0	0	0	5	1	436364	472727	54545	18182	18182	1	0	4	4	24	0	4	0	0	0	4	0	0	0	0	0	0	-4246	1228258	4704	4704	44703	53461	5.345.212	775418	180108	531113	2210463	3815	-51898	-55668	-57003	0	75	1	1	6	5	1	1	8357	3333	875	1	0	0	0	0	0	0	0	0	0	0	0	0	0	0	0
1	40049	759	51	30	54	33	6	0	0	24	21	24	4	1	0	0	1	0	0	0	0	0	6	1	411765	470588	78431	19608	19608	1	0	4	4	24	0	4	0	0	0	4	0	0	0	0	0	0	-3819	1180976	5993	5993	40859	45961	5.037.376	940823	180108	5008804	2086559	3579	-4863	-52016	-53159	0	1	1	1	6	5	1	1	8714	3333	1	1	0	0	0	0	0	1	1	0	0	0	0	1	0	1	0
1	43359	731	55	31	58	34	6	0	0	23	24	25	3	1	0	1	1	0	0	0	0	1	6	1	436364	454545	54545	18182	18182	1	0	4	4	23	0	4	0	0	1	3	0	0	0	0	0	0	-3926	1264536	4704	7528	46067	55044	5.457.266	775418	180108	54201	2255123	38535	-53057	-56964	-58367	0	75	8333	1	8	5	1	1	8405	1667	875	1	0	0	0	0	0	0	0	0	0	0	0	0	0	0	0
1	40251	759	53	30	56	33	6	0	0	23	23	24	4	1	0	0	1	0	0	0	0	0	6	1	433962	45283	75472	18868	18868	1	0	4	4	23	0	4	0	0	1	3	0	0	0	0	0	0	-3819	1174756	5197	5197	44251	4648	5.107.009	775418	180108	5080233	2115833	36054	-51513	-55238	-56551	0	75	1	1	6	5	1	1	8357	3333	875	1	0	0	0	0	0	1	1	0	0	0	0	1	0	1	0
1	4035	759	52	30	55	33	6	0	0	23	22	23	5	1	0	0	1	0	0	0	0	0	7	1	423077	442308	96154	19231	19231	1	0	4	4	23	0	4	0	0	1	3	0	0	0	0	0	0	-3489	1169669	6486	6486	42558	46091	505.994	940823	180108	501196	2087853	35424	-50074	-5363	-54858	0	75	1	1	6	5	1	1	8357	1667	875	1	0	0	0	0	0	1	1	0	0	0	0	1	0	1	0
1	4035	759	52	30	55	33	6	0	0	23	22	23	5	1	0	0	1	0	0	0	0	0	7	1	423077	442308	96154	19231	19231	1	0	4	4	23	0	4	0	0	1	3	0	0	0	0	0	0	-3489	1169669	6486	6486	42558	46091	505.994	940823	180108	501196	2087853	35424	-50074	-5363	-54858	0	75	1	1	6	5	1	1	8357	1667	875	1	0	0	0	0	0	1	1	0	0	0	0	1	0	1	0
1	38551	788	52	29	55	32	6	0	0	23	23	23	5	1	0	0	0	0	0	0	0	0	6	0	442308	442308	96154	19231	0	1	0	4	4	23	0	4	0	0	1	3	0	0	0	0	0	0	-3706	1167505	6486	6486	41497	44036	5.031.602	791222	180108	4982724	2075871	34817	-49173	-52623	-53797	0	1	1	1	6	5	1	1	8714	1667	1	1	0	1	0	0	0	1	1	1	0	0	0	1	0	1	0
1	4035	759	52	30	55	33	6	0	0	23	22	23	5	1	0	0	1	0	0	0	0	0	7	1	423077	442308	96154	19231	19231	1	0	4	4	23	0	4	0	0	1	3	0	0	0	0	0	0	-3489	1169669	6486	6486	42558	46091	505.994	940823	180108	501196	2087853	35424	-50074	-5363	-54858	0	75	1	1	6	5	1	1	8357	1667	875	1	0	0	0	0	0	1	1	0	0	0	0	1	0	1	0
0	4035	759	52	30	55	33	6	0	0	23	22	23	5	1	0	0	1	0	0	0	0	0	7	1	423077	442308	96154	19231	19231	1	0	4	4	23	0	4	0	0	1	3	0	0	0	0	0	0	-3489	1169669	6486	6486	42558	46091	505.994	940823	180108	501196	2087853	35424	-50074	-5363	-54858	0	75	1	1	6	5	1	1	8357	1667	875	1	0	0	0	0	0	1	1	0	0	0	0	1	0	1	0
1	44756	682	59	33	62	36	7	0	0	23	26	25	5	2	0	0	1	0	0	0	0	0	8	1	440678	423729	84746	33898	16949	1	0	4	4	23	0	4	0	0	1	3	0	0	0	0	0	0	1919	127567	8509	8509	3912	43034	5.928.158	1367656	606941	5577575	2319662	39763	-47152	-50364	-5142	0	1	1	1	8	5	1	1	9	1667	1	1	0	0	0	0	0	1	0	1	0	0	0	1	0	1	0
0	40345	759	48	30	51	33	5	1	0	23	18	22	5	2	0	0	1	0	0	0	0	0	8	1	375	458333	104167	41667	20833	1	0	4	4	23	0	4	0	0	1	3	0	0	0	0	0	0	-3159	1109972	8193	8193	36185	36241	479.934	1192272	180108	4803987	2002618	34309	-44657	-47576	-48485	0	1	1	1	6	0	1	1	8	1667	1	1	0	1	0	0	0	1	0	1	0	0	0	1	0	1	0
1	41753	731	55	31	58	34	6	0	0	23	24	24	5	1	0	0	1	0	0	0	0	0	7	1	436364	436364	90909	18182	18182	1	0	4	4	23	0	4	0	0	1	3	0	0	0	0	0	0	-3606	1216045	6486	6486	44651	48141	5.383.614	940823	180108	5246013	2183776	37154	-51854	-55619	-56951	0	75	1	1	8	5	1	1	8643	1667	875	1	0	0	0	0	0	1	0	0	0	0	0	0	0	1	0
1	38947	788	49	29	52	32	6	0	0	23	20	22	5	1	0	0	1	0	0	0	0	0	7	1	408163	44898	102041	20408	20408	1	0	4	4	23	0	4	0	0	1	3	0	0	0	0	0	0	-3364	1125487	6486	6486	40428	42316	4.757.323	940823	180108	4777907	1991929	33694	-48264	-51607	-52728	0	1	1	1	6	0	1	1	8	1667	1	1	0	1	0	0	0	1	1	1	0	0	0	1	0	1	0
0	49046	663	49	33	51	35	5	2	0	18	16	21	2	3	0	1	6	0	0	0	0	1	12	6	326531	428571	40816	61224	122449	1	0	3	3	18	0	3	0	0	0	3	0	0	0	0	0	0	-2319	1106524	6829	7667	35088	53087	5.057.727	178264	16405	4982558	2075803	38162	-43725	-46534	-47388	0	1	8333	1	4	5	1	1	819	1667	875	0	0	0	0	0	0	0	0	0	0	0	0	0	0	0	0
1	5288	597	74	38	78	42	7	1	0	22	36	29	6	2	0	0	0	0	0	0	0	1	9	0	486486	391892	81081	27027	0	1	0	5	5	29	0	5	0	0	2	2	1	0	0	0	0	0	-7577	1483364	7807	7807	39984	47053	na	892582	0	6878073	2852653	49491	-47886	-51184	-52284	0	75	8333	8333	7	5	8333	1	7786	1667	75	0	0	0	0	0	0	0	0	0	0	0	0	0	0	0	0
1	49274	619	76	36	79	39	7	1	0	16	40	28	6	2	0	0	0	0	0	0	0	0	8	0	526316	368421	78947	26316	0	1	0	4	4	23	0	4	0	0	2	1	1	0	0	0	0	0	-7719	1439308	7807	7807	4025	49518	7.222.639	892582	0	6630565	2751215	47328	-48112	-51437	-5255	0	1	8333	1	1	1	1	1	9762	1667	875	0	0	0	0	0	0	0	0	0	0	0	0	0	0	0	0
1	50462	619	67	36	70	39	6	1	0	16	31	25	6	2	0	0	3	0	0	0	0	0	11	3	462687	373134	89552	29851	44776	1	0	4	4	23	0	4	0	0	2	1	1	0	0	0	0	0	-6892	1312386	7807	7807	37265	44937	6.424.882	1341385	0	6016113	2499391	43959	-45575	-48601	-49565	0	75	8333	8333	9	1	8333	1	8786	1667	875	0	0	0	0	0	0	0	0	0	0	0	0	0	0	0	0
1	57086	557	88	42	94	48	7	1	0	16	46	34	6	2	0	0	0	0	0	0	0	0	8	0	522727	386364	68182	22727	0	1	0	7	11	41	6	5	0	0	2	5	1	3	0	0	0	0	-8045	165973	7807	7807	51599	5961	7.816.221	892582	0	7493688	3104954	540	-57759	-62219	-63899	1	5	5	6667	8	1	6667	1	7333	1667	625	0	0	0	0	0	0	0	0	0	0	0	0	0	0	0	0
1	51272	597	74	38	78	42	7	1	0	22	36	30	6	2	0	0	0	0	0	0	0	0	8	0	486486	405405	81081	27027	0	1	0	5	5	29	0	5	0	0	2	2	1	0	0	0	0	0	-7839	1504011	7807	7807	41911	50698	6.992.707	892582	0	6703987	2781306	4767	-49525	-53016	-54211	1	5	8333	8333	7	5	8333	1	7429	1667	75	0	0	0	0	0	0	0	0	0	0	0	0	0	0	0	0
1	5165	619	58	36	61	39	5	1	0	16	22	22	6	2	0	0	6	0	0	0	0	0	14	6	37931	37931	103448	34483	103448	1	0	4	4	23	0	4	0	0	2	1	1	0	0	0	0	0	-6065	1184718	7807	7807	34211	39353	5.627.126	1790188	0	5401661	2247566	4059	-4298	-45701	-46511	0	75	8333	8333	9	5	8333	1	8071	1667	875	0	0	0	0	0	0	0	0	0	0	0	0	0	0	0	0
1	5246	597	65	38	69	42	6	1	0	22	27	27	6	2	0	0	3	0	0	0	0	0	11	3	415385	415385	92308	30769	46154	1	0	5	5	29	0	5	0	0	2	2	1	0	0	0	0	0	-7055	1376343	7807	7807	3901	45114	619.495	1341385	0	6089535	2529482	44301	-47058	-50259	-5131	0	75	8333	8333	7	5	8333	1	7786	1667	75	0	0	0	0	0	0	0	0	0	0	0	0	0	0	0	0
1	50247	639	55	35	58	38	5	1	0	16	20	21	6	2	0	0	6	0	0	0	0	0	14	6	363636	381818	109091	36364	109091	1	0	4	4	22	0	4	0	0	2	2	0	0	0	0	0	0	-5953	1129471	7807	7807	32135	33423	5.366.358	1790188	0	5167608	2151643	3886	-41215	-43728	-44435	0	75	8333	8333	7	5	8333	1	7786	1667	875	0	0	0	0	0	0	0	0	1	0	0	0	0	0	0	0
1	5246	597	65	38	69	42	6	1	0	22	27	27	6	2	0	0	3	0	0	0	0	0	11	3	415385	415385	92308	30769	46154	1	0	5	5	29	0	5	0	0	2	2	1	0	0	0	0	0	-7055	1377089	7807	7807	3901	46117	619.495	1341385	0	6089535	2529482	44301	-47058	-50259	-5131	0	75	8333	8333	7	5	8333	1	7786	1667	75	0	0	0	0	0	0	0	0	0	0	0	0	0	0	0	0
1	51057	616	62	37	66	41	5	1	0	22	25	26	6	2	0	0	3	0	0	0	0	0	11	3	403226	419355	96774	32258	48387	1	0	5	6	29	1	4	0	0	2	2	1	0	0	0	1	0	-6976	1331605	7807	7807	39721	47698	5.934.183	1341385	0	5855482	2433558	42571	-47663	-50935	-52021	0	75	8333	8333	7	5	8333	1	7786	1667	75	0	0	0	0	0	0	0	0	0	0	0	0	0	0	0	0
1	5327	577	72	40	77	45	7	1	0	28	32	32	6	2	0	0	0	0	0	0	0	0	8	0	444444	444444	83333	27778	0	1	0	6	6	35	0	6	0	0	2	3	1	0	0	0	0	0	-7947	1567946	7807	7807	4359	52553	6.762.775	892582	0	6777409	2811397	48012	-50952	-54611	-5589	1	5	6667	8333	7	5	8333	1	719	1667	625	0	0	0	0	0	0	0	0	0	0	0	0	0	0	0	0
1	52555	597	61	38	65	42	5	1	0	23	23	27	5	2	0	0	4	0	0	0	0	0	11	4	377049	442623	81967	32787	65574	1	0	5	6	30	1	4	0	0	1	3	1	0	0	0	1	0	-7055	1341785	7314	7314	41315	54216	5.902.395	1490986	0	5881561	2444247	43544	-49018	-52449	-53615	0	75	8333	8333	7	5	8333	1	7786	1667	75	0	0	0	0	0	0	0	0	0	0	0	0	0	0	0	0
1	51453	616	59	37	63	41	5	1	0	22	22	25	6	2	0	0	4	0	0	0	0	0	12	4	372881	423729	101695	33898	67797	1	0	5	6	29	1	4	0	0	2	2	1	0	0	0	1	0	-6707	130328	7807	7807	38726	49395	5.670.318	1489761	0	5650664	2349617	41448	-46817	-4999	-51026	0	75	8333	8333	7	5	8333	1	7786	1667	75	0	0	0	0	0	0	0	0	0	0	0	0	0	0	0	0
1	5165	616	57	37	61	41	5	1	0	22	20	24	6	3	0	0	4	0	0	0	0	0	13	4	350877	421053	105263	52632	70175	1	0	5	6	29	1	4	0	0	2	2	1	0	0	0	1	0	-6439	1265874	9917	9917	45564	43311	5.570.718	1751464	0	551412	2293656	40597	-52629	-56486	-57864	1	5	5	8333	7	5	8333	1	6952	1667	625	0	0	0	0	0	0	0	0	0	0	0	0	0	0	0	0
1	54561	597	61	38	65	42	5	1	0	22	23	26	5	2	0	1	4	0	0	0	0	1	12	4	377049	42623	81967	32787	65574	1	0	5	6	29	1	4	0	0	2	2	1	0	0	0	1	0	-6794	1378063	7314	10138	40072	55799	6.014.449	1490986	0	5990532	2488906	43929	-47961	-51269	-52372	0	75	8333	8333	7	5	8333	1	7786	1667	75	0	0	0	0	0	0	0	0	0	0	0	0	0	0	0	0
1	52856	597	62	38	66	42	5	1	0	22	24	26	6	2	0	0	4	0	0	0	0	0	12	4	387097	419355	96774	32258	64516	1	0	5	6	29	1	4	0	0	2	2	1	0	0	0	1	0	-6794	133269	7807	7807	40709	49843	5.924.959	1490986	0	5884718	244554	43178	-48503	-51874	-53009	0	75	8333	8333	7	5	8333	1	7786	1667	75	0	0	0	0	0	0	0	0	0	0	0	0	0	0	0	0
1	51453	616	59	37	63	41	5	1	0	22	22	25	6	2	0	0	4	0	0	0	0	0	12	4	372881	423729	101695	33898	67797	1	0	5	6	29	1	4	0	0	2	2	1	0	0	0	1	0	-6707	1286775	7807	7807	38726	47017	5.664.192	1490986	0	5650664	2349617	41448	-46817	-4999	-51026	0	75	8333	8333	7	5	8333	1	7786	1667	75	0	0	0	0	0	0	0	0	0	0	0	0	0	0	0	0
1	5685	564	59	40	63	44	5	1	0	22	19	25	6	2	0	0	7	0	0	0	0	0	15	7	322034	423729	101695	33898	118644	1	0	5	6	29	1	4	0	0	2	2	1	0	0	0	1	0	-6208	1298385	7807	7807	4169	58117	5.749.206	1939789	0	5738372	2385562	43269	-49336	-52805	-5399	1	5	8333	8333	5	5	8333	1	7143	1667	75	0	0	0	0	0	0	0	0	0	0	0	0	0	0	0	0
1	51453	616	59	37	63	41	5	1	0	22	22	25	6	2	0	0	4	0	0	0	0	0	12	4	372881	423729	101695	33898	67797	1	0	5	6	29	1	4	0	0	2	2	1	0	0	0	1	0	-6707	1288283	7807	7807	38726	47235	5.664.192	1490986	0	5650664	2349617	41448	-46817	-4999	-51026	0	75	8333	8333	7	5	8333	1	7786	1667	75	0	0	0	0	0	0	0	0	0	0	0	0	0	0	0	0
1	51552	616	58	37	62	41	5	1	0	22	21	24	7	2	0	0	4	0	0	0	0	0	13	4	362069	413793	12069	34483	68966	1	0	5	6	29	1	4	0	0	2	2	1	0	0	0	1	0	-6439	126267	9096	9096	45564	42694	5.617.123	1657616	0	5582392	2321636	40818	-52629	-56486	-57864	1	5	5	8333	7	5	8333	1	6952	1667	625	0	0	0	0	0	0	0	0	0	0	0	0	0	0	0	0
1	51552	616	58	37	62	41	5	1	0	22	21	24	7	2	0	0	4	0	0	0	0	0	13	4	362069	413793	12069	34483	68966	1	0	5	6	29	1	4	0	0	2	2	1	0	0	0	1	0	-6439	1269849	9096	9096	37444	4112	5.610.997	1658841	0	5582392	2321636	40818	-45727	-48772	-49744	0	75	6667	8333	7	5	8333	1	7548	1667	75	0	0	0	0	0	0	0	0	0	0	0	0	0	0	0	0
1	4485	706	55	32	58	35	5	1	0	16	23	21	6	2	0	0	3	0	0	0	0	0	11	3	418182	381818	109091	36364	54545	1	0	4	4	23	0	4	0	0	2	1	1	0	0	0	0	0	-6505	1130653	7807	7807	28954	33277	5.243.784	1341385	0	50799	2115697	37039	-38511	-40706	-41254	0	1	1	1	8	5	1	1	9	3333	1	1	0	0	0	0	0	1	0	1	0	0	0	1	0	1	0
0	34154	942	47	24	49	26	5	0	0	16	23	17	5	1	0	0	0	0	0	0	0	1	7	0	489362	361702	106383	21277	0	1	0	3	3	16	0	3	0	0	2	1	0	0	0	0	0	0	-6994	935807	5776	5776	28273	36242	na	609889	0	4452658	185863	3137	-37932	-40059	-40573	0	1	1	1	8	5	1	1	9	5	1	1	1	1	0	1	0	1	0	1	0	0	0	1	1	1	0
0	51057	616	62	37	66	41	5	1	0	22	25	26	6	2	0	0	3	0	0	0	0	0	11	3	403226	419355	96774	32258	48387	1	0	5	6	29	1	4	0	0	2	2	1	0	0	0	1	0	-6976	1332495	7807	7807	39721	4723	5.959.528	1341385	0	5855482	2433558	42571	-47663	-50935	-52021	0	75	8333	8333	7	5	8333	1	7786	1667	75	0	0	0	0	0	0	0	0	0	0	0	0	0	0	0	0
0	37848	847	50	28	54	32	4	1	0	16	22	20	6	2	0	0	0	0	0	0	0	0	8	0	44	40	12	4	0	1	0	5	6	27	2	4	0	0	3	2	1	0	0	0	0	0	-2878	1051285	8686	8686	23457	20509	4.588.713	1041446	180108	4577741	1909894	32252	-33839	-35484	-35757	0	1	1	1	8	5	1	1	9	3333	875	1	1	1	0	1	0	0	0	1	1	0	0	1	1	1	0
1	43867	731	61	31	64	34	5	1	0	16	30	22	6	2	0	0	0	0	0	0	0	1	9	0	491803	360656	98361	32787	0	1	0	4	4	23	0	4	0	0	2	1	1	0	0	0	0	0	-2967	1188271	8686	8686	27875	29159	na	1041446	180108	5634385	2342945	40499	-37594	-39681	-40175	0	1	1	1	1	5	1	1	9286	3333	1	1	0	0	0	0	0	1	0	1	0	0	0	1	0	1	0
0	43447	731	52	31	55	34	4	1	0	16	21	20	6	2	0	0	3	0	0	0	0	0	11	3	403846	384615	115385	38462	57692	1	0	4	4	23	0	4	0	0	2	1	1	0	0	0	0	0	-2328	108125	8686	8686	26786	2722	4.993.112	1490249	180108	4845847	2019773	35309	-36668	-38647	-39086	0	1	1	1	8	5	1	1	9	3333	1	1	0	1	0	0	0	1	0	1	0	0	0	1	0	1	0
0	42044	759	49	30	52	33	4	1	0	16	19	19	6	2	0	0	3	0	0	0	0	0	11	3	387755	387755	122449	40816	61224	1	0	4	4	22	0	4	0	0	2	2	0	0	0	0	0	0	-2169	1026003	8686	8686	24578	2129	4.732.345	1490249	180108	4611794	192385	33579	-34791	-36549	-36878	0	1	1	1	8	5	1	1	9	3333	1	1	0	1	0	0	0	0	0	1	1	0	0	1	0	1	0
0	39453	788	55	29	58	32	4	1	0	16	26	21	6	2	0	0	0	0	0	0	0	0	8	0	472727	381818	109091	36364	0	1	0	4	4	23	0	4	0	0	2	1	1	0	0	0	0	0	-3023	1117422	8686	8686	25687	25724	5.231.773	1041446	180108	4992193	2079751	35218	-35734	-37603	-37987	0	1	1	1	8	5	1	1	9	3333	1	1	0	1	0	0	0	1	0	1	1	0	0	1	0	1	0
1	44863	701	65	33	69	37	5	1	0	16	32	25	6	2	0	0	0	0	0	0	0	0	8	0	492308	384615	92308	30769	0	1	0	5	5	29	0	5	0	0	2	2	1	0	0	0	0	0	-3521	1284175	8686	8686	34211	40712	5.888.262	1041446	180108	5748007	2389511	40902	-4298	-45701	-46511	0	1	1	1	1	5	1	1	9286	1667	875	1	0	0	0	0	0	0	0	0	0	0	0	0	0	0	0
1	5107	612	72	38	77	43	6	1	0	22	34	30	6	2	0	0	0	0	0	0	0	0	8	0	472222	416667	83333	27778	0	1	0	6	7	35	1	5	0	0	2	3	1	0	0	0	1	0	-7839	1484408	7807	7807	41911	52089	6.572.853	892582	0	6523588	2707372	46434	-49525	-53016	-54211	1	5	6667	8333	7	5	8333	1	719	1667	75	0	0	0	0	0	0	0	0	0	0	0	0	0	0	0	0
0	42057	753	59	31	63	35	4	1	0	16	28	23	6	2	0	0	0	0	0	0	0	0	8	0	474576	389831	101695	33898	0	1	0	5	6	29	1	4	0	0	2	2	1	0	0	0	1	0	-3287	1189315	8686	8686	30023	34195	5.371.015	1041446	180108	52799	2197664	37442	-3942	-41722	-42323	0	1	1	1	8	5	1	1	9	1667	875	1	0	1	0	0	0	1	1	1	0	0	0	1	0	1	0
1	59342	597	59	38	63	42	5	1	0	22	21	25	6	2	0	0	4	0	1	0	0	1	13	5	355932	423729	101695	33898	84746	1	0	5	6	29	1	4	0	0	2	2	1	0	0	0	1	0	-6532	1364511	7807	7807	4169	54719	5.941.811	1490986	0	5941362	2468755	43376	-49336	-52805	-5399	1	5	8333	8333	7	5	8333	1	7429	1667	75	0	0	0	0	0	0	0	0	0	0	0	0	0	0	0	0
1	5466	577	65	40	70	45	5	1	0	27	25	29	6	2	0	0	3	0	0	0	0	0	11	3	384615	446154	92308	30769	46154	1	0	6	9	35	2	4	0	0	2	3	1	0	0	1	1	0	-7202	1450621	7807	7807	44134	54264	6.112.261	1341385	0	6234385	2588846	44907	-51414	-55127	-56434	1	5	6667	8333	7	5	8333	1	719	1667	625	0	0	0	0	0	0	0	0	0	0	0	0	0	0	0	0
1	53252	597	59	38	63	42	5	1	0	22	21	25	6	2	0	0	5	0	0	0	0	0	13	5	355932	423729	101695	33898	84746	1	0	5	6	29	1	4	0	0	2	2	1	0	0	0	1	0	-6532	1290447	7807	7807	39721	4929	569.253	1640587	0	56799	2361598	42055	-47663	-50935	-52021	0	75	8333	8333	7	5	8333	1	7786	1667	75	0	0	0	0	0	0	0	0	0	0	0	0	0	0	0	0
0	51453	616	59	37	63	41	5	1	0	22	22	25	6	2	0	0	4	0	0	0	0	0	12	4	372881	423729	101695	33898	67797	1	0	5	6	29	1	4	0	0	2	2	1	0	0	0	1	0	-6707	1300106	7807	7807	38726	54839	5.670.318	1489761	0	5650664	2349617	41448	-46817	-4999	-51026	0	75	8333	8333	7	5	8333	1	7786	1667	75	0	0	0	0	0	0	0	0	0	0	0	0	0	0	0	0
0	51453	616	59	37	63	41	5	1	0	22	22	25	6	2	0	0	4	0	0	0	0	0	12	4	372881	423729	101695	33898	67797	1	0	5	6	29	1	4	0	0	2	2	1	0	0	0	1	0	-6707	1295609	7807	7807	38726	52803	5.670.318	1489761	0	5650664	2349617	41448	-46817	-4999	-51026	0	75	8333	8333	7	5	8333	1	7786	1667	75	0	0	0	0	0	0	0	0	0	0	0	0	0	0	0	0
1	5005	635	56	36	60	40	5	1	0	22	20	24	6	2	0	0	4	0	0	0	0	0	12	4	357143	428571	107143	35714	71429	1	0	5	6	29	1	4	0	0	2	2	1	0	0	0	1	0	-6616	1242368	7807	7807	36714	44409	5.403.425	1490986	0	5416611	2253693	39718	-45107	-48078	-49014	0	75	8333	8333	7	5	8333	1	7786	1667	75	0	0	0	0	0	0	0	0	1	0	0	0	0	0	0	0
1	51453	616	59	37	63	41	5	1	0	22	22	25	6	2	0	0	4	0	0	0	0	0	12	4	372881	423729	101695	33898	67797	1	0	5	6	29	1	4	0	0	2	2	1	0	0	0	1	0	-6707	1288283	7807	7807	38726	47235	5.664.192	1490986	0	5650664	2349617	41448	-46817	-4999	-51026	0	75	8333	8333	7	5	8333	1	7786	1667	75	0	0	0	0	0	0	0	0	0	0	0	0	0	0	0	0
1	51453	616	59	37	63	41	5	1	0	22	22	25	6	2	0	0	4	0	0	0	0	0	12	4	372881	423729	101695	33898	67797	1	0	5	6	29	1	4	0	0	2	2	1	0	0	0	1	0	-6707	1288283	7807	7807	38726	47235	5.664.192	1490986	0	5650664	2349617	41448	-46817	-4999	-51026	0	75	8333	8333	7	5	8333	1	7786	1667	75	0	0	0	0	0	0	0	0	0	0	0	0	0	0	0	0
1	42854	726	56	32	60	36	4	1	0	22	24	24	6	2	0	0	0	0	0	0	0	0	8	0	428571	428571	107143	35714	0	1	0	5	6	29	1	4	0	0	2	2	1	0	0	0	1	0	-7434	1231618	7807	7807	32594	35106	5.290.073	892582	0	5299668	2205765	3729	-41605	-44164	-44894	0	1	1	1	8	5	1	1	9	1667	875	1	0	0	0	0	0	1	0	1	0	0	0	1	0	1	0
1	49654	635	59	36	63	40	5	1	0	22	23	25	6	2	0	0	3	0	0	0	0	0	11	3	389831	423729	101695	33898	50847	1	0	5	6	29	1	4	0	0	2	2	1	0	0	0	1	0	-6892	1286119	7807	7807	37724	4518	5.635.854	1341385	0	5621429	2337635	40841	-45965	-49038	-50024	0	1	8333	1	8	5	1	1	8762	1667	75	0	0	0	0	0	0	0	0	0	0	0	0	0	0	0	0
1	47855	655	59	35	63	39	5	1	0	22	24	25	6	2	0	0	2	0	0	0	0	0	10	2	40678	423729	101695	33898	33898	1	0	5	6	29	1	4	0	0	2	2	1	0	0	0	1	0	-7087	1277222	7807	7807	36714	40237	5.607.516	1191784	0	5592193	2325653	40234	-45107	-48078	-49014	0	1	8333	1	8	5	1	1	8762	1667	75	1	0	0	0	0	0	0	0	1	0	0	0	0	0	0	0
0	49864	631	67	37	72	42	6	1	0	22	30	28	6	3	0	0	0	0	0	0	0	0	9	0	447761	41791	89552	44776	0	1	0	6	7	33	1	5	0	1	2	2	1	0	0	0	1	0	-7512	1413434	873	873	33319	35612	6.223.531	100258	0	615299	2555488	43853	-42221	-44853	-45619	0	1	5	1	8	5	1	1	8286	1667	75	0	0	0	0	0	0	0	0	0	0	0	0	0	0	0	0
1	46861	672	63	35	68	40	6	1	0	22	28	27	6	2	0	0	0	0	0	0	0	0	8	0	444444	428571	95238	31746	0	1	0	6	7	32	1	5	1	0	2	2	1	0	0	0	1	0	-7654	1351036	7807	7807	38726	43308	5.748.701	892582	0	5821429	2419602	41244	-46817	-4999	-51026	0	1	6667	1	8	5	1	1	8524	1667	75	0	0	0	0	0	0	0	0	0	0	0	0	0	0	0	0
1	50464	612	66	38	71	43	6	1	0	28	28	30	6	2	0	0	0	0	0	0	0	0	8	0	424242	454545	90909	30303	0	1	0	6	7	35	1	5	0	0	2	3	1	0	0	0	1	0	-7839	1477744	7807	7807	4249	50941	6.203.679	892582	0	6309302	261955	44552	-50017	-53566	-5479	1	5	6667	8333	7	5	8333	1	719	1667	625	0	0	0	0	0	0	0	0	0	0	0	0	0	0	0	0
0	50563	612	65	38	70	43	6	1	0	28	27	29	7	2	0	0	0	0	0	0	0	0	9	0	415385	446154	107692	30769	0	1	0	6	7	35	1	5	0	0	2	3	1	0	0	0	1	0	-7577	1452455	9096	9096	33172	4372	6.150.484	1060437	0	624103	259157	43922	-42097	-44714	-45472	0	75	5	8333	7	5	8333	1	731	1667	75	0	0	0	0	0	0	0	0	0	0	0	0	0	0	0	0
0	50563	612	65	38	70	43	6	1	0	28	27	29	7	2	0	0	0	0	0	0	0	0	9	0	415385	446154	107692	30769	0	1	0	6	7	35	1	5	0	0	2	3	1	0	0	0	1	0	-7577	1456175	9096	9096	33172	39435	6.150.484	1060437	0	624103	259157	43922	-42097	-44714	-45472	0	75	5	8333	7	5	8333	1	731	1667	75	0	0	0	0	0	0	0	0	0	0	0	0	0	0	0	0
0	50563	612	65	38	70	43	6	1	0	28	27	29	7	2	0	0	0	0	0	0	0	0	9	0	415385	446154	107692	30769	0	1	0	6	7	35	1	5	0	0	2	3	1	0	0	0	1	0	-7577	1456175	9096	9096	33172	39435	6.150.484	1060437	0	624103	259157	43922	-42097	-44714	-45472	0	75	5	8333	7	5	8333	1	731	1667	75	0	0	0	0	0	0	0	0	0	0	0	0	0	0	0	0
1	46056	677	59	34	63	38	5	1	0	22	25	25	6	2	0	0	1	0	0	0	0	0	9	1	423729	423729	101695	33898	16949	1	0	5	6	29	1	4	0	0	2	2	1	0	0	0	1	0	-7293	127762	7807	7807	35696	39112	5.579.179	1042183	0	5562957	2313671	39627	-44242	-47112	-47996	0	1	8333	1	8	5	1	1	8762	1667	75	1	0	0	0	0	0	1	0	1	0	0	0	1	0	0	0
1	41451	753	53	31	57	35	4	1	0	22	22	23	6	2	0	0	0	0	0	0	0	0	8	0	415094	433962	113208	37736	0	1	0	5	6	29	1	4	0	0	2	2	1	0	0	0	1	0	-3287	1182651	8686	8686	30483	33047	5.001.841	1041446	180108	5065615	2109842	3556	-3981	-42159	-42783	0	1	1	1	8	5	1	1	9	1667	875	1	0	1	0	0	0	1	1	1	0	0	0	1	0	1	0
1	49753	635	58	36	62	40	5	1	0	22	22	24	7	2	0	0	3	0	0	0	0	0	12	3	37931	413793	12069	34483	51724	1	0	5	6	29	1	4	0	0	2	2	1	0	0	0	1	0	-6616	1267685	9096	9096	36426	39065	558.266	150924	0	5553156	2309654	40211	-44862	-47805	-48726	0	1	6667	1	8	5	1	1	8524	1667	75	0	0	0	0	0	0	0	0	1	0	0	0	0	0	0	0
1	49753	635	58	36	62	40	5	1	0	22	22	24	7	2	0	0	3	0	0	0	0	0	12	3	37931	413793	12069	34483	51724	1	0	5	6	29	1	4	0	0	2	2	1	0	0	0	1	0	-6616	1260312	9096	9096	28306	33745	558.266	150924	0	5553156	2309654	40211	-3796	-40091	-40606	0	1	6667	1	8	5	1	1	8524	3333	75	0	0	0	0	0	0	0	0	1	0	0	0	0	0	0	0
1	42259	731	61	31	64	34	5	1	0	16	30	23	6	2	0	0	0	0	0	0	0	0	8	0	491803	377049	98361	32787	0	1	0	4	4	23	0	4	0	0	2	1	1	0	0	0	0	0	-3287	120531	8686	8686	30023	36086	5.795.157	1041446	180108	5460299	2271598	38678	-3942	-41722	-42323	0	1	1	1	1	5	1	1	9286	1667	1	1	0	0	0	0	0	1	0	1	0	0	0	1	0	1	0
0	36647	855	49	27	52	30	4	1	0	16	22	19	6	2	0	0	0	0	0	0	0	0	8	0	44898	387755	122449	40816	0	1	0	4	4	23	0	4	0	0	2	1	1	0	0	0	0	0	-2723	1027185	8686	8686	21182	21144	460.977	1041446	180108	4524086	1887904	31758	-31905	-33323	-33482	0	1	1	1	8	5	1	1	9	3333	1	1	1	1	0	1	0	0	0	1	1	0	0	1	1	1	0
1	51458	635	57	36	61	40	5	1	0	22	21	24	6	2	0	1	3	0	0	0	0	1	12	3	368421	421053	105263	35088	52632	1	0	5	6	29	1	4	0	0	2	2	1	0	0	0	1	0	-6616	1316392	7807	10337	35696	43475	5.664.586	1341385	0	565897	2353021	40962	-44242	-47112	-47996	0	75	8333	8333	7	5	8333	1	7786	1667	75	0	0	0	0	0	0	0	0	0	0	0	0	0	0	0	0
1	52069	58	71	39	75	43	9	1	0	28	32	31	6	2	0	0	0	0	0	0	0	0	8	0	450704	43662	84507	28169	0	1	0	5	5	28	0	5	0	0	2	3	0	0	0	0	0	0	-7894	1538654	7807	7807	41712	52964	6.867.531	892582	0	6723754	2789407	47518	-49356	-52827	-54012	1	5	8333	6667	7	5	8333	1	719	1667	75	0	0	0	0	0	0	0	0	0	0	0	0	0	0	0	0
1	47669	655	71	35	75	39	7	1	0	16	36	27	6	2	0	0	0	0	0	0	0	0	8	0	507042	380282	84507	28169	0	1	0	5	5	28	0	5	0	0	2	3	0	0	0	0	0	0	-7654	1378306	7807	7807	38267	5091	6.403.988	892582	0	6216113	2581358	44362	-46427	-49554	-50567	0	1	8333	1	1	1	1	1	9762	1667	75	0	0	0	0	0	0	0	0	0	0	0	0	0	0	0	0
1	51057	616	62	37	66	41	7	1	0	22	25	26	6	2	0	0	3	0	0	0	0	0	11	3	403226	419355	96774	32258	48387	1	0	5	6	27	1	4	0	0	3	2	0	0	1	0	0	0	-6976	1339127	7807	7807	39721	50154	5.854.772	1341385	0	5855482	2433558	42571	-47663	-50935	-52021	0	75	8333	8333	7	5	8333	1	7786	1667	75	0	0	0	0	0	0	0	0	0	0	0	0	0	0	0	0
1	55049	58	58	39	62	43	7	1	0	22	19	24	6	4	0	0	5	0	0	0	0	0	15	5	327586	413793	103448	68966	86207	1	0	5	6	27	1	4	0	0	3	2	0	0	1	0	0	0	-6112	1278709	9653	9653	27086	57608	5.692.225	1860585	0	5640864	23456	42083	-36923	-38931	-39386	0	75	6667	8333	5	5	8333	1	7262	3333	75	0	0	0	0	0	0	0	0	0	0	0	0	0	0	0	0
1	52056	597	61	38	65	42	7	1	0	27	23	27	6	2	0	0	3	0	0	0	0	0	11	3	377049	442623	98361	32787	4918	1	0	5	6	28	1	4	0	0	2	3	0	0	0	1	0	0	-7055	1374817	7807	7807	40278	48668	5.910.112	1341385	0	5946678	2470934	42683	-48136	-51464	-52578	0	75	8333	8333	5	5	8333	1	75	1667	75	0	0	0	0	0	0	0	0	0	0	0	0	0	0	0	0
1	52056	597	61	38	65	42	7	1	0	27	23	27	6	2	0	0	3	0	0	0	0	0	11	3	377049	442623	98361	32787	4918	1	0	5	6	28	1	4	0	0	2	3	0	0	0	1	0	0	-7055	1374817	7807	7807	40278	48668	5.910.112	1341385	0	5946678	2470934	42683	-48136	-51464	-52578	0	75	8333	8333	5	5	8333	1	75	1667	75	0	0	0	0	0	0	0	0	0	0	0	0	0	0	0	0
1	55473	573	76	41	82	47	8	1	0	22	35	32	6	2	0	0	1	0	0	0	0	0	9	1	460526	421053	78947	26316	13158	1	0	7	11	40	6	5	0	0	2	6	0	3	0	0	0	0	-7755	1560826	7807	7807	49301	54207	6.832.325	1042183	0	6840532	2837267	49265	-55806	-60036	-61601	1	5	5	8333	7	5	8333	1	6952	1667	625	0	0	0	0	0	0	0	0	0	0	0	0	0	0	0	0
1	50666	597	68	38	72	42	9	1	0	28	30	30	6	2	0	0	0	0	0	0	0	0	8	0	441176	441176	88235	29412	0	1	0	5	5	28	0	5	0	0	2	3	0	0	0	0	0	0	-7839	1494472	7807	7807	3981	49189	6.564.914	892582	0	6489701	2693484	45788	-47739	-5102	-5211	0	75	8333	6667	7	5	8333	1	7548	1667	75	0	0	0	0	0	0	0	0	0	0	0	0	0	0	0	0
1	48453	639	58	35	61	38	8	1	0	22	23	24	6	2	0	0	3	0	0	0	0	0	11	3	396552	413793	103448	34483	51724	1	0	4	4	22	0	4	0	0	2	2	0	0	0	0	0	0	-6803	1258665	7807	7807	33016	39653	5.694.473	1341385	0	5567774	2315645	40347	-41964	-44566	-45316	0	1	8333	1	8	5	1	1	8762	1667	875	0	0	0	0	0	0	0	0	1	0	0	0	0	0	0	0
1	49263	616	65	37	69	41	9	1	0	28	28	29	6	2	0	0	0	0	0	0	0	0	8	0	430769	446154	92308	30769	0	1	0	5	5	28	0	5	0	0	2	3	0	0	0	0	0	0	-778	145029	7807	7807	37882	45414	6.262.297	892582	0	6255648	2597561	44058	-461	-49188	-50182	0	1	8333	8333	6	5	1	1	8238	1667	75	0	0	0	0	0	0	0	0	0	0	0	0	0	0	0	0
0	49761	631	64	37	69	42	6	1	0	26	27	27	7	3	0	0	0	0	0	0	0	0	10	0	421875	421875	109375	46875	0	1	0	6	7	33	1	5	0	0	3	3	0	0	1	0	0	0	-7244	138705	1041	1041	28756	32972	5.945.923	115551	0	6013289	2498233	41869	-38343	-40518	-41056	0	1	5	1	8	5	1	1	8286	3333	75	0	0	0	0	0	0	0	0	0	0	0	0	0	0	0	0
0	44661	72	63	33	68	38	6	1	0	16	30	25	6	2	0	0	0	0	0	0	0	0	8	0	47619	396825	95238	31746	0	1	0	6	10	34	6	4	0	0	2	5	0	3	0	0	0	0	-3521	1263569	8686	8686	34211	34258	5.602.149	1041446	180108	5567608	2315577	39666	-4298	-45701	-46511	0	1	8333	1	8	5	1	1	8762	1667	875	1	0	0	0	0	0	1	0	1	0	0	0	1	0	1	0
1	46846	677	52	34	56	38	6	1	0	22	18	22	6	4	0	0	2	0	0	0	0	0	12	2	346154	423077	115385	76923	38462	1	0	5	6	27	1	4	0	0	3	2	0	0	1	0	0	0	-2461	1175241	10532	10532	19844	45475	5.058.211	1560646	180108	508505	2117807	36802	-30768	-32052	-32144	0	1	6667	1	4	0	1	1	7238	3333	75	1	0	0	0	0	0	0	0	0	0	0	0	1	0	0	0
0	43853	701	55	33	59	37	6	1	0	27	22	25	6	2	0	0	0	0	0	0	0	0	8	0	40	454545	109091	36364	0	1	0	5	6	28	1	4	0	0	2	3	0	0	0	1	0	0	-3521	1271349	8686	8686	33259	36535	5.276.098	1041446	180108	5390864	2243141	37402	-4217	-44796	-45559	0	1	1	1	6	0	1	1	8	1667	875	1	0	0	0	0	0	1	0	1	0	0	0	1	0	1	0
1	50322	82	45	28	48	31	5	0	0	22	17	20	5	1	0	0	0	0	2	0	0	2	8	2	377778	444444	111111	22222	44444	1	0	4	4	22	0	4	0	0	2	2	0	0	0	0	0	0	-7068	1178116	5776	5776	42222	49756	4.880.614	609889	0	4933389	2055651	33747	-49789	-53311	-54522	1	5	8333	8333	5	0	8333	1	6429	3333	75	0	0	0	0	0	0	0	0	0	0	0	0	0	0	0	0
1	45768	66	69	34	72	37	7	0	0	22	35	28	5	1	0	0	0	0	0	0	0	0	6	0	507246	405797	72464	14493	0	1	0	4	4	22	0	4	0	0	2	2	0	0	0	0	0	0	-8168	1398978	5776	5776	49769	62796	6.612.452	609889	0	6224419	2584762	43731	-56203	-6048	-62069	0	75	6667	1	8	5	1	1	8167	3333	875	0	0	0	0	0	0	0	0	0	0	0	0	0	0	0	0
1	48144	66	51	34	54	37	5	0	0	22	17	22	5	1	0	0	6	0	0	0	0	0	12	6	333333	431373	98039	19608	117647	1	0	4	4	22	0	4	0	0	2	2	0	0	0	0	0	0	-6418	1145134	5776	5776	4641	53634	5.016.939	1507496	0	4995515	2081113	36993	-53349	-5729	-5871	0	75	6667	1	8	5	1	1	8167	3333	75	0	0	0	0	0	0	0	0	0	0	0	0	0	0	0	0
1	40156	759	57	30	60	33	6	0	0	22	27	24	5	1	0	0	0	0	0	0	0	0	6	0	473684	421053	87719	17544	0	1	0	4	4	22	0	4	0	0	2	2	0	0	0	0	0	0	-7924	1212319	5776	5776	41654	48792	5.468.915	609889	0	5288206	2201068	36811	-49306	-52771	-53954	0	75	1	1	8	5	1	1	8643	3333	1	1	0	0	0	0	0	1	0	0	0	0	0	0	0	1	0
1	46255	672	57	35	62	40	6	0	0	32	22	27	6	2	0	0	0	0	0	0	0	0	8	0	385965	473684	105263	35088	0	1	0	6	7	33	1	5	0	0	3	3	0	0	1	0	0	0	-7654	1338445	8379	8379	40685	49295	5.377.586	872818	0	5607143	233178	38272	-48482	-51851	-52985	0	1	6667	1	6	0	1	1	7524	1667	75	0	0	0	0	0	0	0	0	0	0	0	0	0	0	0	0
0	42751	726	53	32	57	36	6	0	0	27	21	23	7	2	0	0	0	0	0	0	0	0	9	0	396226	433962	132075	37736	0	1	0	5	5	27	0	5	0	0	3	2	0	0	0	0	0	0	-7124	119919	9668	9668	42681	31297	5.120.786	1071052	0	5159967	2148511	35306	-50179	-53747	-54981	0	75	8333	1	6	0	1	1	7405	1667	75	1	0	0	0	0	0	1	0	1	0	0	0	1	0	1	0
0	49057	631	59	37	64	42	7	0	0	33	22	27	8	2	0	0	0	0	0	0	0	0	10	0	372881	457627	135593	33898	0	1	0	6	6	33	0	6	0	0	3	3	0	0	0	0	0	0	-7244	1379348	10957	10957	41547	36434	5.720.429	1238907	0	5867276	2438392	40208	-49215	-5267	-53847	0	75	5	1	4	0	1	1	6643	1667	75	0	0	0	0	0	0	0	0	0	0	0	0	0	0	0	0
0	36343	855	45	27	48	30	5	0	0	22	18	20	5	1	0	0	1	0	0	0	0	0	7	1	40	444444	111111	22222	22222	1	0	4	4	22	0	4	0	0	2	2	0	0	0	0	0	0	-7327	1027824	5776	5776	36776	36843	4.353.715	75949	0	4381229	1829356	30498	-4516	-48138	-49076	0	1	1	1	6	0	1	1	8	3333	1	1	1	1	0	1	0	1	0	1	0	0	0	1	1	1	0
1	40153	813	48	29	52	33	5	0	0	26	19	22	5	1	0	1	0	0	0	0	0	1	7	0	395833	458333	104167	20833	0	1	0	5	6	27	1	4	0	0	3	2	0	0	1	0	0	0	-7511	1178504	5776	86	36669	43406	465.307	609889	0	4839867	2017323	32612	-45069	-48036	-48969	0	1	1	1	6	0	1	1	8	1667	875	1	0	1	0	0	0	1	0	1	0	0	0	1	0	1	0
1	41344	759	48	30	51	33	5	0	0	22	18	21	5	1	0	0	3	0	0	0	0	0	9	3	375	4375	104167	20833	625	1	0	4	4	22	0	4	0	0	2	2	0	0	0	0	0	0	-6933	1085397	5776	5776	41153	44211	4.671.158	1058693	0	4673754	1949244	33442	-4888	-52295	-53453	0	1	1	1	6	5	1	1	8714	3333	1	1	0	1	0	0	0	1	0	1	0	0	0	1	0	1	0
0	42751	726	53	32	57	36	6	0	0	27	21	23	7	2	0	0	0	0	0	0	0	0	9	0	396226	433962	132075	37736	0	1	0	5	5	27	0	5	0	0	3	2	0	0	0	0	0	0	-7124	119919	9668	9668	42681	31297	5.120.786	1071052	0	5159967	2148511	35306	-50179	-53747	-54981	0	75	8333	1	6	0	1	1	7405	1667	75	1	0	0	0	0	0	1	0	1	0	0	0	1	0	1	0
0	36343	855	45	27	48	30	5	0	0	22	18	20	5	1	0	0	1	0	0	0	0	0	7	1	40	444444	111111	22222	22222	1	0	4	4	22	0	4	0	0	2	2	0	0	0	0	0	0	-7327	1027824	5776	5776	36776	36843	4.353.715	75949	0	4381229	1829356	30498	-4516	-48138	-49076	0	1	1	1	6	0	1	1	8	3333	1	1	1	1	0	1	0	1	0	1	0	0	0	1	1	1	0
0	41151	753	52	31	56	35	6	0	0	27	21	23	7	1	0	0	0	0	0	0	0	0	8	0	403846	442308	134615	19231	0	1	0	5	5	27	0	5	0	0	3	2	0	0	0	0	0	0	-7351	1209277	7558	7558	33831	37053	4.953.711	776519	0	5062458	2108549	34427	-42656	-45339	-46131	0	1	1	1	6	0	1	1	8	1667	875	1	0	0	0	0	0	1	0	1	0	0	0	1	0	1	0
1	42944	731	49	31	52	34	6	0	0	22	18	21	5	2	0	0	3	0	0	0	0	0	10	3	367347	428571	102041	40816	61224	1	0	4	4	22	0	4	0	0	2	2	0	0	0	0	0	0	-6712	1101402	6699	6699	33561	55987	4.822.314	1168691	0	4771262	1989206	34321	-42427	-45083	-45861	0	1	1	1	6	5	1	1	8714	1667	1	1	0	0	0	0	0	0	0	0	0	0	0	0	0	0	0
0	39649	782	50	30	54	34	5	0	0	27	20	23	6	1	0	0	0	0	0	0	0	0	7	0	40	46	12	2	0	1	0	5	6	28	1	4	0	0	2	3	0	0	0	1	0	0	-7593	1164873	7065	7065	30514	36651	4.748.589	777744	0	4896678	2040606	33327	-39837	-42189	-42814	0	1	1	1	6	0	1	1	8	1667	875	1	0	1	0	0	0	1	1	1	0	0	0	1	0	1	0
0	34544	892	45	26	48	29	5	0	0	22	19	20	5	1	0	0	0	0	0	0	0	0	6	0	422222	444444	111111	22222	0	1	0	4	4	22	0	4	0	0	2	2	0	0	0	0	0	0	-7604	102566	5776	5776	32976	34788	4.325.377	609889	0	4351993	1817374	29891	-4193	-44527	-45276	0	1	1	1	6	0	1	1	8	3333	1	1	1	1	0	1	0	1	0	1	0	0	0	1	1	1	0
0	36343	855	45	27	48	30	5	0	0	22	18	20	5	1	0	0	1	0	0	0	0	0	7	1	40	444444	111111	22222	22222	1	0	4	4	22	0	4	0	0	2	2	0	0	0	0	0	0	-7327	1027824	5776	5776	36776	36843	4.353.715	75949	0	4381229	1829356	30498	-4516	-48138	-49076	0	1	1	1	6	0	1	1	8	3333	1	1	1	1	0	1	0	1	0	1	0	0	0	1	1	1	0
1	40153	813	48	29	52	33	5	0	0	26	19	22	5	1	0	1	0	0	0	0	0	1	7	0	395833	458333	104167	20833	0	1	0	5	6	27	1	4	0	0	3	2	0	0	1	0	0	0	-7511	1178504	5776	86	36669	43406	465.307	609889	0	4839867	2017323	32612	-45069	-48036	-48969	0	1	1	1	6	0	1	1	8	1667	875	1	0	1	0	0	0	1	0	1	0	0	0	1	0	1	0
1	4035	759	52	30	55	33	6	0	0	23	22	23	5	1	0	0	1	0	0	0	0	0	7	1	423077	442308	96154	19231	19231	1	0	4	4	23	0	4	0	0	1	3	0	0	0	0	0	0	-3489	1159293	6486	6486	38498	40018	5.053.814	943273	180108	501196	2087853	35424	-46623	-49773	-50798	0	1	1	1	6	5	1	1	8714	1667	1	1	0	1	0	0	0	1	1	1	0	0	0	1	0	1	0
0	40854	788	50	29	53	32	6	0	0	22	21	22	4	1	0	1	1	0	0	0	0	1	7	1	42	44	8	2	2	1	0	4	4	22	0	4	0	0	2	2	0	0	0	0	0	0	-3364	1158225	5197	8021	40752	45481	4.958.295	775418	180108	495515	2064569	34709	-4854	-51915	-53052	0	1	1	1	6	5	1	1	8714	1667	1	1	0	0	0	0	0	1	1	0	0	0	0	1	0	1	0
0	34445	892	46	26	49	29	5	0	0	22	20	21	4	1	0	0	0	0	0	0	0	0	5	0	434783	456522	86957	21739	0	1	0	4	4	22	0	4	0	0	2	2	0	0	0	0	0	0	-7984	1030747	4487	4487	32126	35177	4.372.446	444484	0	4420266	1845355	30521	-41207	-43719	-44426	0	1	1	1	6	5	1	1	8714	3333	1	1	1	1	0	1	0	1	0	1	0	0	0	1	1	1	0
1	42059	782	54	30	58	34	5	0	0	21	24	22	6	1	0	1	0	0	0	0	0	1	8	0	444444	407407	111111	18519	0	1	0	5	6	27	1	4	0	0	3	2	0	0	1	0	0	0	-3159	119514	6979	9803	37282	45548	5.023.902	792447	180108	5148505	2143814	3533	-4559	-48618	-49582	0	1	1	1	8	5	1	1	9	1667	875	1	0	0	0	0	0	1	1	0	0	0	0	1	0	1	0
1	42261	759	56	30	59	33	6	0	0	21	26	22	6	1	0	1	0	0	0	0	0	1	8	0	464286	392857	107143	17857	0	1	0	4	4	21	0	4	0	0	3	1	0	0	0	0	0	0	-3159	1207495	6979	9803	37282	48634	5.485.606	792447	180108	5328904	2217747	36566	-4559	-48618	-49582	0	1	1	1	8	5	1	1	9	1667	1	1	0	0	0	0	0	1	0	0	0	0	0	0	0	1	0
0	34544	892	45	26	48	29	5	0	0	22	19	20	5	1	0	0	0	0	0	0	0	0	6	0	422222	444444	111111	22222	0	1	0	4	4	22	0	4	0	0	2	2	0	0	0	0	0	0	-3317	990621	6862	6862	41096	31058	4.291.786	61234	16663	4351993	1817374	29891	-48832	-52241	-53396	0	1	1	1	6	0	1	1	8	1667	1	1	1	1	0	1	0	1	0	1	1	0	0	1	1	1	0
1	43156	726	58	32	62	36	5	0	0	22	26	25	5	1	0	0	1	0	0	0	0	0	7	1	448276	431034	86207	17241	17241	1	0	5	6	28	1	4	0	0	2	3	0	0	1	0	0	0	-3717	1240327	5897	5897	43376	51409	5.295.998	625329	16663	5371096	2235039	37912	-50769	-54407	-55676	0	75	1	1	8	5	1	1	8643	3333	75	1	0	0	0	0	0	1	0	0	0	0	0	0	0	0	0
1	38947	788	49	29	52	32	5	1	0	22	20	22	5	1	0	0	1	0	0	0	0	0	7	1	408163	44898	102041	20408	20408	1	0	4	4	22	0	4	0	0	2	2	0	0	0	0	0	0	-7511	1099446	5776	5776	48548	39502	4.772.536	761941	0	4777907	1991929	33694	-55166	-59321	-60848	0	75	8333	1	6	0	1	1	7405	3333	875	1	1	1	0	0	0	1	1	1	0	0	0	1	0	1	0
0	39144	788	47	29	50	32	5	1	0	22	18	21	5	2	0	0	1	0	0	0	0	0	8	1	382979	446809	106383	42553	21277	1	0	4	4	22	0	4	0	0	2	2	0	0	0	0	0	0	-7169	1050653	7483	7483	38789	33682	4.650.373	101339	0	4641362	1935968	32843	-4687	-50049	-51089	0	1	1	1	6	0	1	1	8	1667	1	1	0	1	0	0	0	1	0	1	1	0	0	1	0	1	0
0	45647	682	52	33	55	36	5	1	0	22	19	22	6	2	0	0	3	0	0	0	0	0	11	3	365385	423077	115385	38462	57692	1	0	4	4	22	0	4	0	0	2	2	0	0	0	0	0	0	-2619	113502	8686	8686	39663	34855	5.139.347	14927	180108	5099668	2123798	36887	-47613	-5088	-51963	0	1	8333	1	6	0	1	1	7762	1667	1	1	0	0	0	0	0	1	0	1	0	0	0	1	0	0	0
0	36343	855	45	27	48	30	4	0	0	22	18	20	5	1	0	0	1	0	0	0	0	0	7	1	40	444444	111111	22222	22222	1	0	4	4	22	0	4	0	0	2	2	0	0	0	0	0	0	-7327	992309	5776	5776	44896	33947	4.347.589	761941	0	4381229	1829356	30498	-52062	-55852	-57196	0	75	1	1	6	0	1	1	7643	3333	875	1	1	1	0	1	0	1	0	1	1	0	0	1	1	1	0
0	4035	782	52	30	56	34	5	0	0	22	22	23	5	1	0	0	1	0	0	0	0	0	7	1	423077	442308	96154	19231	19231	1	0	5	5	25	0	5	1	0	2	2	0	0	0	0	0	0	-7593	1114485	5776	5776	51402	4025	4.869.124	761941	0	490299	2043193	34452	-57592	-62032	-63702	0	75	8333	8333	7	5	8333	1	7786	3333	75	1	0	1	0	0	0	1	1	1	0	0	0	1	0	1	0
0	36343	855	45	27	48	30	4	0	0	22	18	20	5	1	0	0	1	0	0	0	0	0	7	1	40	444444	111111	22222	22222	1	0	4	4	22	0	4	0	0	2	2	0	0	0	0	0	0	-7327	99626	5776	5776	44896	34824	4.347.589	761941	0	4381229	1829356	30498	-52062	-55852	-57196	0	75	1	1	6	0	1	1	7643	3333	875	1	1	1	0	1	0	1	0	1	0	0	0	1	1	1	0
0	36343	855	45	27	48	30	4	0	0	22	18	20	5	1	0	0	1	0	0	0	0	0	7	1	40	444444	111111	22222	22222	1	0	4	4	22	0	4	0	0	2	2	0	0	0	0	0	0	-7327	99626	5776	5776	44896	34824	4.347.589	761941	0	4381229	1829356	30498	-52062	-55852	-57196	0	75	1	1	6	0	1	1	7643	3333	875	1	1	1	0	1	0	1	0	1	0	0	0	1	1	1	0
0	37746	82	48	28	51	31	5	0	0	22	20	21	5	1	0	0	1	0	0	0	0	0	7	1	416667	4375	104167	20833	20833	1	0	4	4	22	0	4	0	0	2	2	0	0	0	0	0	0	-7422	1041752	5776	5776	47105	35172	4.608.356	761941	0	4615282	192528	32228	-53939	-5795	-59405	0	75	8333	1	6	5	1	1	8119	3333	875	1	1	1	0	1	0	1	0	1	0	0	0	1	1	1	0
1	44249	706	53	32	56	35	6	0	0	22	21	22	6	1	0	0	3	0	0	0	0	0	10	3	396226	415094	113208	18868	56604	1	0	4	4	22	0	4	0	0	2	2	0	0	0	0	0	0	-2788	1150535	6979	6979	43811	4093	509.733	124125	180108	5073588	211311	36272	-51139	-54821	-56111	0	75	1	1	8	5	1	1	8643	1667	875	1	0	1	0	0	0	1	0	1	0	0	0	1	0	1	0
1	40651	759	53	30	56	33	6	0	0	22	23	22	6	1	0	0	1	0	0	0	0	0	8	1	433962	415094	113208	18868	18868	1	0	4	4	22	0	4	0	0	2	2	0	0	0	0	0	0	-3159	1137105	6979	6979	45741	38687	5.082.504	942048	180108	5015116	2089146	35058	-5278	-56654	-58041	0	75	8333	1	8	5	1	1	8405	1667	875	1	0	1	0	0	0	1	1	1	0	0	0	1	0	1	0
1	43452	731	56	31	59	34	5	0	0	16	25	21	6	1	0	0	3	0	0	0	0	0	10	3	446429	375	107143	17857	53571	1	0	4	4	22	0	4	0	0	2	2	0	0	0	0	0	0	-2648	1108832	6979	6979	48013	41681	5.205.737	124125	180108	5053821	2105008	36424	-54711	-58812	-60313	0	75	8333	1	1	5	1	1	869	1667	875	1	0	1	0	0	0	1	0	1	0	0	0	1	0	1	0
0	44855	706	59	32	62	35	5	0	0	16	27	22	6	1	0	0	3	0	0	0	0	0	10	3	457627	372881	101695	16949	50847	1	0	4	4	22	0	4	0	0	2	2	0	0	0	0	0	0	-6814	1144883	61	61	50142	417	549.397	1092386	0	5287874	2200932	38154	-56521	-60835	-62442	0	75	8333	8333	9	5	8333	1	8071	1667	875	1	0	0	0	0	0	1	0	1	0	0	0	1	0	1	0
1	40053	782	54	30	58	34	4	0	0	22	24	23	6	1	0	0	0	0	0	0	0	0	7	0	444444	425926	111111	18519	0	1	0	5	6	28	1	4	0	0	2	3	0	0	0	1	0	0	-7593	1155626	61	61	46811	41804	4.939.314	643583	0	5039535	2099154	34945	-53689	-5767	-59111	0	75	8333	1	8	5	1	1	8405	1667	75	1	0	1	0	0	0	1	1	1	0	0	0	1	0	1	0
1	46444	682	50	33	53	36	5	0	0	22	17	21	6	1	0	0	5	0	0	0	0	0	12	5	34	42	12	2	10	1	0	4	4	22	0	4	0	0	2	2	0	0	0	0	0	0	-2319	1091622	6979	6979	47871	47969	4.893.238	1540453	180108	4898007	204115	35756	-5459	-58678	-60171	0	75	6667	1	6	5	1	1	7881	1667	75	1	0	0	0	0	0	0	0	0	0	0	0	0	0	0	0
1	44645	706	50	32	53	35	5	0	0	22	18	21	6	1	0	0	4	0	0	0	0	0	11	4	36	42	12	2	8	1	0	4	4	22	0	4	0	0	2	2	0	0	0	0	0	0	-2478	1089458	6979	6979	46811	45914	4.864.901	1390852	180108	4868771	2029168	35149	-53689	-5767	-59111	0	75	8333	1	6	5	1	1	8119	1667	875	1	0	0	0	0	0	1	0	0	0	0	0	1	0	1	0
1	50454	619	60	36	63	39	7	0	0	22	24	24	6	2	0	0	4	0	0	0	0	0	12	4	40	40	10	33333	66667	1	0	4	4	22	0	4	0	0	2	2	0	0	0	0	0	0	2587	1242939	9002	9002	45559	46345	5.993.886	1817685	606941	5668439	2356901	41218	-52625	-56481	-57859	1	5	6667	8333	7	5	8333	1	719	1667	75	0	0	0	0	0	0	0	0	0	0	0	0	0	0	0	0
1	48549	639	54	35	57	38	7	0	1	22	19	23	7	1	0	0	4	0	0	0	0	0	12	4	351852	425926	12963	18519	74074	1	0	4	4	22	0	4	0	0	2	2	0	0	0	0	0	0	-2596	1187091	9358	9358	42791	45702	5.421.661	1701445	180108	5359801	223041	39181	-50272	-53851	-55091	0	75	8333	1	8	5	1	1	8405	1667	75	0	0	0	0	0	0	0	0	0	0	0	0	0	0	0	0
1	42153	731	55	31	58	34	6	0	0	22	24	22	7	1	0	0	1	0	0	0	0	0	9	1	436364	40	127273	18182	18182	1	0	4	4	22	0	4	0	0	2	2	0	0	0	0	0	0	-2967	1174007	7303	7303	38258	38113	5.239.651	973291	180108	5180897	2157089	36158	-46419	-49545	-50558	0	1	1	1	8	5	1	1	9	1667	1	1	0	1	0	0	0	1	1	1	0	0	0	1	0	1	0
1	42846	731	50	31	53	34	5	0	0	22	19	21	6	1	0	0	3	0	0	0	0	0	10	3	38	42	12	2	6	1	0	4	4	22	0	4	0	0	2	2	0	0	0	0	0	0	-2648	1087294	6979	6979	45741	43859	4.836.563	124125	180108	4839535	2017186	34542	-5278	-56654	-58041	0	75	8333	1	6	5	1	1	8119	1667	875	1	0	1	0	0	0	1	0	1	0	0	0	1	0	1	0
1	43948	706	52	32	55	35	5	0	0	23	20	23	5	1	0	0	3	0	0	0	0	0	9	3	384615	442308	96154	19231	57692	1	0	4	4	23	0	4	0	0	1	3	0	0	0	0	0	0	-3097	1140796	6486	6486	48711	5084	5.074.766	124125	180108	5070432	2111816	36638	-55305	-59476	-61011	0	75	8333	1	6	5	1	1	8119	1667	875	1	0	0	0	0	0	1	0	0	0	0	0	0	0	1	0
1	42846	731	50	31	53	34	5	0	0	22	19	21	6	1	0	0	3	0	0	0	0	0	10	3	38	42	12	2	6	1	0	4	4	22	0	4	0	0	2	2	0	0	0	0	0	0	-2648	1087294	6979	6979	45741	43859	4.836.563	124125	180108	4839535	2017186	34542	-5278	-56654	-58041	0	75	8333	1	6	5	1	1	8119	1667	875	1	0	1	0	0	0	1	0	1	0	0	0	1	0	1	0
1	42945	731	49	31	52	34	5	0	0	22	18	20	7	1	0	0	3	0	0	0	0	0	11	3	367347	408163	142857	20408	61224	1	0	4	4	22	0	4	0	0	2	2	0	0	0	0	0	0	-2328	1061681	8268	8268	5233	39318	4.789.494	1407881	180108	4771262	1989206	33912	-58381	-62914	-6463	0	75	8333	8333	5	0	8333	1	6786	1667	875	1	0	1	0	0	0	1	0	1	0	0	0	1	0	1	0
1	44446	706	51	32	54	35	6	0	0	22	19	21	6	2	0	0	3	0	0	0	0	0	11	3	372549	411765	117647	39216	58824	1	0	4	4	22	0	4	0	0	2	2	0	0	0	0	0	0	-2478	1103299	7902	7902	38258	55635	4.987.719	1351249	180108	4937043	2057149	35421	-46419	-49545	-50558	0	1	1	1	6	0	1	1	8	1667	1	1	0	0	0	0	0	0	0	0	0	0	0	0	0	0	0
1	36046	855	47	27	50	30	5	0	0	22	20	20	6	1	0	0	0	0	0	0	0	0	7	0	425532	425532	12766	21277	0	1	0	4	4	22	0	4	0	0	2	2	0	0	0	0	0	0	-3089	1027557	6979	6979	40245	34436	4.490.782	792447	180108	4517774	1885317	30991	-48108	-51432	-52545	0	1	1	1	6	0	1	1	8	1667	1	1	1	1	0	1	0	1	0	1	0	0	0	1	1	1	0
1	42846	731	50	31	53	34	5	0	0	22	19	21	6	1	0	0	3	0	0	0	0	0	10	3	38	42	12	2	6	1	0	4	4	22	0	4	0	0	2	2	0	0	0	0	0	0	-2648	1087294	6979	6979	45741	43859	4.836.563	124125	180108	4839535	2017186	34542	-5278	-56654	-58041	0	75	8333	1	6	5	1	1	8119	1667	875	1	0	1	0	0	0	1	0	1	0	0	0	1	0	1	0
1	37449	82	50	28	53	31	5	0	0	22	22	21	6	1	0	0	0	0	0	0	0	0	7	0	44	42	12	2	0	1	0	4	4	22	0	4	0	0	2	2	0	0	0	0	0	0	-3231	1077969	6979	6979	42475	39298	4.751.549	792447	180108	4751827	1981241	32721	-50003	-53551	-54775	0	75	1	1	6	5	1	1	8357	1667	875	1	1	1	0	1	0	1	1	1	0	0	0	1	0	1	0
0	42945	731	49	31	52	34	5	0	0	22	18	20	7	1	0	0	3	0	0	0	0	0	11	3	367347	408163	142857	20408	61224	1	0	4	4	22	0	4	0	0	2	2	0	0	0	0	0	0	-2328	1062005	8268	8268	3609	36638	4.783.368	1409106	180108	4771262	1989206	33912	-44577	-47486	-4839	0	1	1	1	6	0	1	1	8	1667	1	1	0	1	0	0	0	1	0	1	0	0	0	1	0	1	0
1	42944	731	49	31	52	34	5	0	0	22	18	21	5	2	0	0	3	0	0	0	0	0	10	3	367347	428571	102041	40816	61224	1	0	4	4	22	0	4	0	0	2	2	0	0	0	0	0	0	-6712	106484	6699	6699	45741	4396	4.816.188	1171142	0	4771262	1989206	34321	-5278	-56654	-58041	0	75	8333	1	6	5	1	1	8119	1667	875	1	0	1	0	0	0	1	0	1	0	0	0	1	0	1	0
0	44551	731	49	31	52	34	5	0	0	22	18	21	5	1	0	1	3	0	0	0	0	1	10	3	367347	428571	102041	20408	61224	1	0	4	4	22	0	4	0	0	2	2	0	0	0	0	0	0	-6712	1129273	5776	8306	49273	49542	495.453	1061143	0	4945349	2060553	35293	-55782	-60009	-61573	0	75	8333	1	6	5	1	1	8119	1667	875	1	0	0	0	0	0	1	0	0	0	0	0	0	0	1	0
1	41753	753	55	31	59	35	4	0	0	22	24	24	5	1	0	0	1	0	0	0	0	0	7	1	436364	436364	90909	18182	18182	1	0	5	6	28	1	4	0	0	2	3	0	0	1	0	0	0	-7671	1166599	5776	5776	53496	45106	5.066.984	761941	0	5137043	2139116	36182	-59372	-64021	-65796	0	75	8333	8333	7	5	8333	1	7786	3333	75	1	0	0	0	0	0	1	1	0	0	0	0	1	0	1	0
1	41753	753	55	31	59	35	4	0	0	22	24	24	5	1	0	0	1	0	0	0	0	0	7	1	436364	436364	90909	18182	18182	1	0	5	6	28	1	4	0	0	2	3	0	0	1	0	0	0	-7671	1166599	5776	5776	53496	45106	5.066.984	761941	0	5137043	2139116	36182	-59372	-64021	-65796	0	75	8333	8333	7	5	8333	1	7786	3333	75	1	0	0	0	0	0	1	1	0	0	0	0	1	0	1	0
1	45351	701	55	33	59	37	4	0	0	22	22	24	5	1	0	0	3	0	0	0	0	0	9	3	40	436364	90909	18182	54545	1	0	5	6	28	1	4	0	0	2	3	0	0	1	0	0	0	-7211	117376	5776	5776	55556	47612	512.366	1061143	0	5195515	216308	37396	-61122	-65978	-67856	0	75	6667	8333	7	5	8333	1	7548	3333	75	1	0	0	0	0	0	1	0	0	0	0	0	0	0	1	0
1	4035	782	52	30	56	34	4	0	0	22	22	23	5	1	0	0	1	0	0	0	0	0	7	1	423077	442308	96154	19231	19231	1	0	5	6	28	1	4	0	0	2	3	0	0	1	0	0	0	-7593	1116187	5776	5776	51402	40244	4.806.217	761941	0	490299	2043193	34452	-57592	-62032	-63702	0	75	8333	8333	7	5	8333	1	7786	3333	75	1	0	1	0	0	0	1	1	1	0	0	0	1	0	1	0
1	41753	753	55	31	59	35	4	0	0	22	24	24	5	1	0	0	1	0	0	0	0	0	7	1	436364	436364	90909	18182	18182	1	0	5	6	28	1	4	0	0	2	3	0	0	1	0	0	0	-7671	1166599	5776	5776	53496	45106	5.066.984	761941	0	5137043	2139116	36182	-59372	-64021	-65796	0	75	8333	8333	7	5	8333	1	7786	3333	75	1	0	0	0	0	0	1	1	0	0	0	0	1	0	1	0
1	45548	701	53	33	57	37	4	0	0	22	20	23	5	2	0	0	3	0	0	0	0	0	10	3	377358	433962	9434	37736	56604	1	0	5	6	28	1	4	0	0	2	3	0	0	1	0	0	0	-6911	114128	6699	6699	45905	39356	499.347	1171142	0	505897	2107119	36545	-52919	-5681	-58205	0	75	6667	1	8	5	1	1	8167	1667	75	1	0	0	0	0	0	1	0	1	0	0	0	1	0	0	0
1	4035	759	52	30	55	33	6	0	0	23	22	23	5	1	0	0	1	0	0	0	0	0	7	1	423077	442308	96154	19231	19231	1	0	4	4	23	0	4	0	0	1	3	0	0	0	0	0	0	-3489	1131433	6486	6486	34438	35824	5.053.814	943273	180108	501196	2087853	35424	-43172	-45916	-46738	0	1	1	1	6	5	1	1	8714	1667	1	1	0	1	0	0	0	1	1	1	0	0	0	1	0	1	0
0	3494	892	42	26	45	29	4	0	0	22	16	19	5	1	0	0	1	0	0	0	0	0	7	1	380952	452381	119048	2381	2381	1	0	4	4	22	0	4	0	0	2	2	0	0	0	0	0	0	-2937	97356	6862	6862	42644	31855	4.059.356	760715	167855	4147176	1733433	28768	-50148	-53712	-54944	0	75	1	1	6	0	1	1	7643	1667	875	1	1	1	0	1	0	1	0	1	1	0	0	1	1	1	1
0	34642	892	44	26	47	29	5	0	0	22	18	20	4	2	0	0	0	0	0	0	0	0	6	0	409091	454545	90909	45455	0	1	0	4	4	22	0	4	0	0	2	2	0	0	0	0	0	0	-7604	994434	6597	6597	41096	30249	4.272.846	706188	0	4283721	1789394	2967	-48832	-52241	-53396	0	1	1	1	6	0	1	1	8	1667	1	1	1	1	0	1	0	1	0	1	1	0	0	1	1	1	0
1	43156	706	58	32	61	35	6	0	0	23	26	25	5	1	0	0	1	0	0	0	0	0	7	1	448276	431034	86207	17241	17241	1	0	4	4	23	0	4	0	0	1	3	0	0	0	0	0	0	-3717	1270493	6486	6486	46711	55815	5.581.475	940823	180108	5480066	2279699	38884	-53604	-57575	-59011	0	75	8333	1	8	5	1	1	8405	1667	875	1	0	0	0	0	0	0	0	0	0	0	0	0	0	0	0
1	41753	731	55	31	58	34	6	0	0	23	24	24	5	1	0	0	1	0	0	0	0	0	7	1	436364	436364	90909	18182	18182	1	0	4	4	23	0	4	0	0	1	3	0	0	0	0	0	0	-3606	1220081	6486	6486	44651	50953	5.320.707	940823	180108	5246013	2183776	37154	-51854	-55619	-56951	0	75	1	1	8	5	1	1	8643	1667	875	1	0	0	0	0	0	1	0	0	0	0	0	0	0	1	0
1	40953	788	49	29	52	32	6	0	0	22	20	21	5	1	0	1	1	0	0	0	0	1	8	1	408163	428571	102041	20408	20408	1	0	4	4	22	0	4	0	0	2	2	0	0	0	0	0	0	-3023	1156384	6486	931	38985	41401	4.911.226	940823	180108	4886877	2036589	34079	-47037	-50236	-51285	0	1	1	1	6	5	1	1	8714	1667	1	1	0	1	0	0	0	1	1	1	0	0	0	1	0	1	0
0	51455	616	62	37	66	41	6	0	0	22	25	26	4	4	0	0	3	0	0	0	0	0	11	3	403226	419355	64516	64516	48387	1	0	5	6	28	1	4	0	0	2	3	0	0	1	0	0	0	-3113	1290164	9543	9543	44506	42557	6.138.957	1691823	426833	5790365	2406871	42393	-5173	-55481	-56806	1	5	8333	8333	7	5	8333	1	7429	1667	625	0	0	0	0	0	0	0	0	0	0	0	0	0	0	0	0
1	51455	616	62	37	66	41	6	0	0	22	25	26	4	4	0	0	3	0	0	0	0	0	11	3	403226	419355	64516	64516	48387	1	0	5	6	28	1	4	0	0	2	3	0	0	1	0	0	0	-3113	1290164	9543	9543	44506	42557	6.138.957	1691823	426833	5790365	2406871	42393	-5173	-55481	-56806	1	5	8333	8333	7	5	8333	1	7429	1667	625	0	0	0	0	0	0	0	0	0	0	0	0	0	0	0	0
1	56156	564	64	40	68	44	7	1	0	22	24	27	5	3	0	0	5	0	0	0	0	0	13	5	375	421875	78125	46875	78125	1	0	5	6	28	1	4	0	0	2	3	0	0	1	0	0	0	-2925	1353932	9507	9507	51751	47569	6.192.686	188575	180108	6079734	2525465	45294	-57888	-62363	-64051	1	5	6667	6667	6	5	6667	1	6571	1667	625	0	0	0	0	0	0	0	0	0	0	0	0	0	0	0	0
1	51301	635	62	36	66	40	6	0	0	22	26	26	4	4	0	0	1	1	0	0	0	1	10	2	419355	419355	64516	64516	32258	1	0	5	6	28	1	4	0	0	2	3	0	0	1	0	0	0	-3275	1333884	9543	9543	44506	45091	629.63	1392621	426833	5935216	2466236	427	-5173	-55481	-56806	1	5	8333	8333	7	5	8333	1	7429	1667	625	0	0	0	0	0	0	0	0	0	0	0	0	0	0	0	0
1	60756	532	66	43	71	48	4	1	0	22	23	28	5	4	0	0	6	0	0	0	0	0	15	6	348485	424242	75758	60606	90909	1	0	6	8	35	2	3	0	0	2	3	1	0	1	0	1	0	-6472	1411168	9551	9551	47223	45919	6.278.599	1996486	0	6260133	2599399	47274	-5404	-58062	-59523	1	5	3333	8333	7	5	8333	1	6714	1667	625	0	0	0	0	0	0	0	0	0	0	0	0	0	0	0	0
1	574	577	63	40	68	45	4	1	0	22	23	27	5	4	0	0	3	1	0	0	0	1	13	4	365079	428571	79365	63492	63492	1	0	6	8	35	2	3	0	0	2	3	1	0	1	0	1	0	-6705	1399479	9551	9551	44361	4314	6.146.837	1547682	0	6141694	2550858	45244	-51607	-55343	-56661	1	5	5	8333	7	5	8333	1	6952	1667	625	0	0	0	0	0	0	0	0	0	0	0	0	0	0	0	0
1	45537	753	51	31	55	35	4	0	0	22	20	23	4	2	0	0	0	2	0	0	0	2	8	2	392157	45098	78431	39216	39216	1	0	5	6	28	1	4	0	0	2	3	0	0	1	0	0	0	-7351	1215818	6597	6597	5453	50723	5.159.512	706188	0	5212126	2169888	36666	-60251	-65004	-6683	0	75	6667	8333	7	5	8333	1	7548	1667	75	1	0	0	0	0	0	1	0	0	0	0	0	0	0	0	0
0	3104	1028	41	23	44	26	3	0	0	16	18	16	6	1	0	0	0	0	0	0	0	0	7	0	439024	390244	146341	2439	0	1	0	4	5	22	1	3	0	0	2	2	0	0	1	0	0	0	-2406	899864	6979	6979	33109	14922	3.737.476	791222	180108	3795847	1589446	25953	-42043	-44654	-45409	0	1	1	1	8	5	1	1	9	3333	1	1	1	1	0	1	0	0	0	1	1	1	0	1	1	1	1
1	46056	677	59	34	63	38	5	1	0	22	25	25	6	2	0	0	1	0	0	0	0	0	9	1	423729	423729	101695	33898	16949	1	0	5	6	28	1	4	0	0	2	3	0	0	1	0	0	0	-7293	1272843	7807	7807	47876	33769	5.568.764	1043408	0	5562957	2313671	39627	-54595	-58683	-60176	0	75	6667	1	8	5	1	1	8167	1667	625	1	0	0	0	0	0	1	0	1	0	0	0	1	0	0	0
0	4325	726	53	32	57	36	4	1	0	22	21	23	6	2	0	0	1	0	0	0	0	0	9	1	396226	433962	113208	37736	18868	1	0	5	6	28	1	4	0	0	2	3	0	0	1	0	0	0	-7124	1181606	7807	7807	43723	28796	5.009.668	1043408	0	509485	2121824	36167	-51064	-54737	-56023	0	75	1	1	8	5	1	1	8643	1667	75	1	0	1	0	0	0	1	0	1	0	0	0	1	0	1	0
0	44653	701	56	33	60	37	5	1	0	22	23	24	6	2	0	0	1	0	0	0	0	0	9	1	410714	428571	107143	35714	17857	1	0	5	6	28	1	4	0	0	2	3	0	0	1	0	0	0	-7211	1227098	7807	7807	45817	29144	5.270.436	1043408	0	5328904	2217747	37897	-52844	-56726	-58117	0	75	8333	1	8	5	1	1	8405	1667	75	1	0	0	0	0	0	1	0	1	0	0	0	1	0	1	0
0	42353	753	56	31	60	35	3	1	0	16	25	21	7	3	0	0	0	0	0	0	0	0	10	0	446429	375	125	53571	0	1	0	5	6	28	1	4	0	0	2	3	0	0	1	0	0	0	-6712	1153161	9054	9054	29909	8993	5.099.711	1035049	0	5075083	2113723	35961	-39322	-41613	-42209	0	1	8333	1	8	5	1	1	8762	5	875	1	0	0	0	0	0	0	0	1	0	0	0	1	0	1	0
1	46853	677	57	34	61	38	5	0	0	22	23	24	6	1	0	0	3	0	0	0	0	0	10	3	403509	421053	105263	17544	52632	1	0	5	6	28	1	4	0	0	2	3	0	0	1	0	0	0	-7001	1239012	61	61	52024	44232	5.326.944	1091161	0	5361296	2231023	38496	-58121	-62623	-64324	0	75	6667	8333	7	5	8333	1	7548	1667	625	1	0	0	0	0	0	0	0	1	0	0	0	1	0	0	0
1	46853	677	57	34	61	38	5	0	0	22	23	24	6	1	0	0	3	0	0	0	0	0	10	3	403509	421053	105263	17544	52632	1	0	5	6	28	1	4	0	0	2	3	0	0	1	0	0	0	-7001	1239012	61	61	52024	44232	5.326.944	1091161	0	5361296	2231023	38496	-58121	-62623	-64324	0	75	6667	8333	7	5	8333	1	7548	1667	625	1	0	0	0	0	0	0	0	1	0	0	0	1	0	0	0
0	43255	726	57	32	61	36	5	0	0	22	25	24	6	1	0	0	1	0	0	0	0	0	8	1	438596	421053	105263	17544	17544	1	0	5	6	28	1	4	0	0	2	3	0	0	1	0	0	0	-7434	1234684	61	61	49965	40122	5.270.269	791959	0	5302824	2207059	37282	-5637	-60667	-62265	0	75	8333	1	8	5	1	1	8405	1667	75	1	0	0	0	0	0	1	0	1	0	0	0	1	0	1	0
0	45859	695	61	34	66	39	6	0	0	22	27	26	6	1	0	0	1	0	0	0	0	0	8	1	442623	42623	98361	16393	16393	1	0	6	7	31	1	5	1	0	2	3	0	0	1	0	0	0	-7585	1306622	61	61	54052	44836	5.468.129	791959	0	5590532	2324972	39506	-59844	-6455	-66352	0	75	5	8333	7	5	8333	1	731	1667	75	0	0	0	0	0	0	1	0	0	0	0	0	0	0	0	0
0	4406	72	61	33	66	38	6	0	0	22	28	26	6	1	0	0	0	0	0	0	0	0	7	0	459016	42623	98361	16393	0	1	0	6	7	31	1	5	1	0	2	3	0	0	1	0	0	0	-7812	1304458	61	61	53042	42781	5.439.791	642357	0	5561296	231299	38899	-58986	-6359	-65342	0	75	6667	8333	7	5	8333	1	7548	1667	75	0	0	0	0	0	0	1	0	0	0	0	0	0	0	1	0
0	42554	726	55	32	59	36	5	0	1	22	23	24	7	1	0	0	0	0	0	0	0	0	8	0	418182	436364	127273	18182	0	1	0	5	6	28	1	4	0	0	2	3	0	0	1	0	0	0	-7434	1245715	8479	8479	40714	33081	5.235.307	952951	0	5296512	2204472	37247	-48507	-51878	-53014	0	1	1	1	8	5	1	1	9	1667	875	1	0	0	0	0	0	1	0	1	0	0	0	1	0	1	0
1	46941	726	54	32	58	36	5	0	0	22	22	23	6	1	0	0	0	2	0	0	0	2	9	2	407407	425926	111111	18519	37037	1	0	5	6	28	1	4	0	0	2	3	0	0	1	0	0	0	-7124	1284434	61	61	50999	4758	5.367.352	642357	0	5446179	2265811	37987	-57249	-61649	-63299	0	75	6667	8333	7	5	8333	1	7548	1667	625	1	0	0	0	0	0	0	0	0	0	0	0	0	0	0	0
0	43651	726	54	32	58	36	5	0	0	22	22	23	6	1	0	0	2	0	0	0	0	0	9	2	407407	425926	111111	18519	37037	1	0	5	6	28	1	4	0	0	2	3	0	0	1	0	0	0	-7124	1192666	61	61	48922	38402	4.995.989	94156	0	5098007	2123117	36159	-55484	-59676	-61222	0	75	8333	1	8	5	1	1	8405	1667	75	1	0	0	0	0	0	1	0	1	0	0	0	1	0	1	0
0	41852	753	54	31	58	35	5	0	0	22	23	23	6	1	0	0	1	0	0	0	0	0	8	1	425926	425926	111111	18519	18519	1	0	5	6	28	1	4	0	0	2	3	0	0	1	0	0	0	-7351	1190502	61	61	47871	36347	4.967.651	791959	0	5068771	2111136	35552	-5459	-58678	-60171	0	75	8333	1	8	5	1	1	8405	1667	75	1	0	0	0	0	0	1	1	1	0	0	0	1	0	1	0
0	43255	726	57	32	61	36	6	0	0	22	25	24	6	1	0	0	1	0	0	0	0	0	8	1	438596	421053	105263	17544	17544	1	0	5	6	28	1	4	0	0	2	3	0	0	1	0	0	0	-7434	1238048	61	61	49965	39559	5.228.419	791959	0	5302824	2207059	37282	-5637	-60667	-62265	0	75	8333	1	8	5	1	1	8405	1667	75	1	0	0	0	0	0	1	0	1	0	0	0	1	0	1	0
0	46856	701	54	33	58	37	5	2	0	22	21	22	6	3	0	1	1	0	0	0	0	1	11	1	388889	407407	111111	55556	18519	1	0	5	6	28	1	4	0	0	2	3	0	0	1	0	0	0	-661	1228568	9514	10352	37551	32026	517.997	1219031	0	5301329	2206446	37431	-45819	-48874	-49851	0	1	6667	1	8	5	1	1	8524	1667	75	1	0	0	0	0	0	0	0	1	0	0	0	1	0	0	0
0	34643	892	44	26	47	29	5	0	0	22	18	19	6	1	0	0	0	0	0	0	0	0	7	0	409091	431818	136364	22727	0	1	0	4	4	22	0	4	0	0	2	2	0	0	0	0	0	0	-7224	1000047	7065	7065	3935	30247	4.278.308	776519	0	4283721	1789394	29261	-47347	-50582	-5165	0	1	1	1	6	0	1	1	8	1667	1	1	1	1	0	1	0	1	0	1	1	0	0	1	1	1	0
0	34642	892	44	26	47	29	5	0	0	22	18	20	4	2	0	0	0	0	0	0	0	0	6	0	409091	454545	90909	45455	0	1	0	4	4	22	0	4	0	0	2	2	0	0	0	0	0	0	-7604	968167	6597	6597	41096	31159	4.278.754	739017	0	4283721	1789394	2967	-48832	-52241	-53396	0	1	1	1	6	0	1	1	8	1667	1	1	1	1	0	1	0	1	0	1	1	1	0	1	1	1	0
1	39346	788	49	29	52	32	6	0	0	22	20	21	5	2	0	0	1	0	0	0	0	0	8	1	408163	428571	102041	40816	20408	1	0	4	4	22	0	4	0	0	2	2	0	0	0	0	0	0	-3023	1065684	78	78	43574	36729	4.781.239	1068725	180108	4712791	1965242	33107	-50938	-54595	-55874	0	75	1	1	6	5	1	1	8357	1667	875	1	0	1	0	0	0	1	1	1	0	0	0	1	0	1	0
1	43748	726	53	32	57	36	4	0	0	22	21	24	3	3	0	0	2	0	0	0	0	0	8	2	396226	45283	56604	56604	37736	1	0	5	6	28	1	4	0	0	2	3	0	0	1	0	0	0	-3407	1147578	7331	7331	3829	47203	5.156.374	1297197	426833	5029734	2095137	36347	-46447	-49576	-5059	0	1	1	1	8	5	1	1	9	1667	875	1	0	0	0	0	0	1	0	0	0	0	0	0	0	1	0
1	45151	701	56	33	60	37	5	0	0	22	23	25	3	3	0	0	2	0	0	0	0	0	8	2	410714	446429	53571	53571	35714	1	0	5	6	28	1	4	0	0	2	3	0	0	1	0	0	0	-3521	1195124	7331	7331	40334	50415	5.417.142	1297197	426833	5263787	219106	38077	-48184	-51517	-52634	0	1	8333	1	8	5	1	1	8762	1667	875	1	0	0	0	0	0	1	0	0	0	0	0	0	0	1	0
1	42148	753	52	31	56	35	4	0	0	22	21	24	3	2	0	0	2	0	0	0	0	0	7	2	403846	461538	57692	38462	38462	1	0	5	6	28	1	4	0	0	2	3	0	0	1	0	0	0	-7671	1133582	5308	5308	4601	54558	4.847.252	870364	0	4932226	2055175	35468	-53008	-56909	-5831	0	75	8333	1	8	5	1	1	8405	3333	75	1	0	0	0	0	0	0	0	0	0	0	0	0	0	0	0
1	44657	701	60	33	64	37	6	0	0	22	27	26	4	2	0	0	1	0	0	0	0	0	7	1	45	433333	66667	33333	16667	1	0	5	6	28	1	4	0	0	2	3	0	0	1	0	0	0	-7812	1263786	5632	5632	41344	53367	5.543.733	752006	0	5536877	2302982	39421	-49042	-52476	-53644	0	1	1	1	8	5	1	1	9	3333	875	1	0	0	0	0	0	0	0	0	0	0	0	0	0	0	0
1	44657	701	60	33	64	37	6	0	0	22	27	26	4	2	0	0	1	0	0	0	0	0	7	1	45	433333	66667	33333	16667	1	0	5	6	28	1	4	0	0	2	3	0	0	1	0	0	0	-3821	1255021	6511	6511	41344	51783	5.558.118	90087	180108	5536877	2302982	39421	-49042	-52476	-53644	0	1	1	1	8	5	1	1	9	1667	875	1	0	0	0	0	0	1	0	0	0	0	0	0	0	0	0
1	41851	753	54	31	58	35	5	0	0	22	23	24	4	2	0	0	1	0	0	0	0	0	7	1	425926	444444	74074	37037	18519	1	0	5	6	28	1	4	0	0	2	3	0	0	1	0	0	0	-3606	1180297	6511	6511	37256	50718	4.994.733	90087	180108	5068771	2111136	35961	-45568	-48593	-49556	0	1	1	1	8	5	1	1	9	1667	875	1	0	0	0	0	0	1	0	0	0	0	0	0	0	1	0
1	40658	782	60	30	64	34	5	0	0	16	30	24	4	2	0	0	0	0	0	0	0	0	6	0	50	40	66667	33333	0	1	0	5	6	28	1	4	0	0	2	3	0	0	1	0	0	0	-3819	1172683	6511	6511	35805	48701	5.298.008	751269	180108	5253821	2186976	37236	-44334	-47215	-48105	0	1	1	1	1	5	1	1	9286	1667	875	1	0	0	0	0	0	1	1	0	0	0	0	0	0	1	0
1	40645	788	50	29	53	32	5	0	0	16	21	20	4	2	0	0	3	0	0	0	0	0	9	3	42	40	8	4	6	1	0	4	5	22	1	3	0	0	2	2	0	0	1	0	0	0	-2682	101705	6511	6511	30456	40192	4.659.338	1200072	180108	4585714	1913162	33373	-39788	-42133	-42756	0	1	1	1	8	5	1	1	9	1667	1	1	0	1	0	0	0	1	1	1	0	0	0	1	0	1	0
1	45053	701	57	33	61	37	6	0	0	22	24	25	4	2	0	0	2	0	0	0	0	0	8	2	421053	438596	70175	35088	35088	1	0	5	6	28	1	4	0	0	2	3	0	0	1	0	0	0	-3521	1213003	6511	6511	40334	50063	5.283.839	1050471	180108	533206	2219041	38298	-48184	-51517	-52634	0	1	8333	1	8	5	1	1	8762	1667	875	1	0	0	0	0	0	1	0	0	0	0	0	0	0	1	0
1	43254	726	57	32	61	36	6	0	0	22	25	25	4	2	0	0	1	0	0	0	0	0	7	1	438596	438596	70175	35088	17544	1	0	5	6	28	1	4	0	0	2	3	0	0	1	0	0	0	-3717	1210839	6511	6511	39316	48008	5.255.501	90087	180108	5302824	2207059	37691	-47318	-5055	-51616	0	1	1	1	8	5	1	1	9	1667	875	1	0	0	0	0	0	1	0	0	0	0	0	0	0	1	0
1	43748	726	53	32	57	36	5	0	0	22	21	24	3	3	0	0	2	0	0	0	0	0	8	2	396226	45283	56604	56604	37736	1	0	5	6	28	1	4	0	0	2	3	0	0	1	0	0	0	-7434	1145155	6231	6231	3829	54522	4.977.829	980362	0	5029734	2095137	36347	-46447	-49576	-5059	0	1	1	1	8	5	1	1	9	1667	875	1	0	0	0	0	0	0	0	0	0	0	0	0	0	0	0
1	41949	753	53	31	57	35	5	0	0	22	22	24	3	3	0	0	1	0	0	0	0	0	7	1	415094	45283	56604	56604	18868	1	0	5	6	28	1	4	0	0	2	3	0	0	1	0	0	0	-7671	1142991	6231	6231	37256	52467	4.949.492	830761	0	5000498	2083155	3574	-45568	-48593	-49556	0	1	1	1	8	5	1	1	9	1667	875	1	0	0	0	0	0	0	0	0	0	0	0	0	0	0	0
0	45151	701	56	33	60	37	6	0	0	22	23	25	3	3	0	0	2	0	0	0	0	0	8	2	410714	446429	53571	53571	35714	1	0	5	6	28	1	4	0	0	2	3	0	0	1	0	0	0	-7512	1196194	6231	6231	40334	52726	5.238.597	980362	0	5263787	219106	38077	-48184	-51517	-52634	0	1	8333	1	8	5	1	1	8762	1667	875	1	0	0	0	0	0	0	0	0	0	0	0	0	0	0	0
0	46852	677	57	34	61	38	5	0	0	22	23	25	4	2	0	0	3	0	0	0	0	0	9	3	403509	438596	70175	35088	52632	1	0	5	6	28	1	4	0	0	2	3	0	0	1	0	0	0	-7293	1222201	5632	5632	45404	5562	5.339.642	1051208	0	5361296	2231023	38905	-52493	-56333	-57704	0	75	6667	1	8	5	1	1	8167	3333	625	1	0	0	0	0	0	0	0	0	0	0	0	0	0	0	0
0	45053	701	57	33	61	37	5	0	0	22	24	25	4	2	0	0	2	0	0	0	0	0	8	2	421053	438596	70175	35088	35088	1	0	5	6	28	1	4	0	0	2	3	0	0	1	0	0	0	-7512	1220037	5632	5632	44394	53565	5.311.304	901607	0	533206	2219041	38298	-51635	-55374	-56694	0	75	8333	1	8	5	1	1	8405	3333	75	1	0	0	0	0	0	0	0	0	0	0	0	0	0	0	0
1	43254	726	57	32	61	36	5	0	0	22	25	25	4	2	0	0	1	0	0	0	0	0	7	1	438596	438596	70175	35088	17544	1	0	5	6	28	1	4	0	0	2	3	0	0	1	0	0	0	-7744	1217873	5632	5632	43376	5151	5.282.966	752006	0	5302824	2207059	37691	-50769	-54407	-55676	0	75	1	1	8	5	1	1	8643	3333	75	1	0	0	0	0	0	1	0	0	0	0	0	0	0	0	0
0	43254	726	57	32	61	36	5	0	0	22	25	25	4	2	0	0	1	0	0	0	0	0	7	1	438596	438596	70175	35088	17544	1	0	5	6	28	1	4	0	0	2	3	0	0	1	0	0	0	-7744	1217873	5632	5632	43376	5151	5.282.966	752006	0	5302824	2207059	37691	-50769	-54407	-55676	0	75	1	1	8	5	1	1	8643	3333	75	1	0	0	0	0	0	1	0	0	0	0	0	0	0	0	0
1	43254	726	57	32	61	36	5	0	0	22	25	25	4	2	0	0	1	0	0	0	0	0	7	1	438596	438596	70175	35088	17544	1	0	5	6	28	1	4	0	0	2	3	0	0	1	0	0	0	-7744	123097	5632	5632	47436	54285	5.282.966	752006	0	5302824	2207059	37691	-5422	-58264	-59736	0	75	8333	1	8	5	1	1	8405	3333	75	1	0	0	0	0	0	0	0	0	0	0	0	0	0	0	0
0	41455	753	57	31	61	35	5	0	0	22	26	25	4	2	0	0	0	0	0	0	0	0	6	0	45614	438596	70175	35088	0	1	0	5	6	28	1	4	0	0	2	3	0	0	1	0	0	0	-7991	1228806	5632	5632	4641	5223	5.254.628	602404	0	5273588	2195077	37084	-53349	-5729	-5871	0	75	8333	1	8	5	1	1	8405	3333	75	1	0	0	0	0	0	0	0	0	0	0	0	0	0	0	0
1	4365	726	54	32	58	36	5	0	0	22	22	24	4	2	0	0	2	0	0	0	0	0	8	2	407407	444444	74074	37037	37037	1	0	5	6	28	1	4	0	0	2	3	0	0	1	0	0	0	-7434	1188952	5632	5632	4641	52565	5.008.687	901607	0	5098007	2123117	36568	-53349	-5729	-5871	0	75	8333	1	8	5	1	1	8405	3333	75	1	0	0	0	0	0	0	0	0	0	0	0	0	0	0	0
1	41851	753	54	31	58	35	5	0	0	22	23	24	4	2	0	0	1	0	0	0	0	0	7	1	425926	444444	74074	37037	18519	1	0	5	6	28	1	4	0	0	2	3	0	0	1	0	0	0	-7671	1186788	5632	5632	45376	5051	4.980.349	752006	0	5068771	2111136	35961	-5247	-56307	-57676	0	75	8333	1	8	5	1	1	8405	3333	75	1	0	0	0	0	0	1	0	0	0	0	0	0	0	1	0
0	49662	603	68	36	70	38	8	4	0	12	32	26	4	6	0	0	0	0	0	0	0	0	10	0	470588	382353	58824	88235	0	1	0	3	4	19	1	2	0	0	0	2	1	0	0	0	1	0	2035	1326628	11728	11728	16001	17178	6.821.062	1646046	360215	6258472	2598718	46982	-27501	-28401	-28301	0	1	6667	1	1	1	1	1	9524	3333	75	0	0	0	0	0	0	0	0	0	0	0	0	0	0	0	0
1	43353	706	56	32	59	35	6	3	0	17	24	24	5	2	0	0	1	0	0	0	0	0	8	1	428571	428571	89286	35714	17857	1	0	4	4	23	0	4	0	0	1	3	0	0	0	0	0	0	208	1199072	8869	8869	3706	34806	5.417.144	1206975	496827	5343522	2223738	39123	-45401	-48407	-4936	0	1	1	1	8	5	1	1	9	1667	1	1	0	0	0	0	0	1	0	1	0	0	0	1	0	1	0
1	453	736	55	30	57	32	7	3	0	12	25	21	2	5	0	1	0	1	0	0	0	2	9	1	454545	381818	36364	90909	18182	1	0	3	3	19	0	3	0	0	0	2	1	0	0	0	0	0	-2829	1155162	8494	9332	21042	39057	5.617.928	110987	180108	5348339	2225713	39417	-31786	-3319	-33342	0	1	8333	1	1	5	1	1	9048	3333	1	1	0	0	0	0	0	1	0	1	0	0	0	1	0	1	0
0	51512	635	63	36	67	40	8	0	0	28	27	29	4	1	0	1	0	1	0	0	0	2	7	1	428571	460317	63492	15873	15873	1	0	5	5	28	0	5	0	0	2	3	0	0	0	0	0	0	-7994	1483225	4318	7142	53794	68942	6.303.964	476953	0	6372924	2645624	44615	-59625	-64304	-66094	1	5	6667	6667	4	5	6667	1	6286	1667	625	0	0	0	0	0	0	0	0	0	0	0	0	0	0	0	0
1	486	695	59	34	64	39	6	0	0	17	25	23	7	2	0	0	1	1	0	0	0	1	11	2	423729	389831	118644	33898	33898	1	0	6	8	33	3	4	0	0	3	3	1	1	0	0	0	0	-2753	1295601	9022	9022	44707	40924	5.497.208	1248695	180108	5497841	2286984	39434	-51901	-55672	-57007	0	75	5	1	8	5	1	1	7929	1667	625	0	0	0	0	0	0	0	0	0	0	0	0	0	0	0	0
1	50003	672	62	35	67	40	6	0	0	17	27	24	7	2	0	0	1	1	0	0	0	1	11	2	435484	387097	112903	32258	32258	1	0	6	8	34	3	4	0	0	2	4	1	0	1	0	0	0	-2879	1342039	9022	9022	46767	46724	5.757.975	1248695	180108	5731894	2382907	41164	-53652	-57629	-59067	1	5	3333	8333	7	5	8333	1	6714	1667	625	0	0	0	0	0	0	0	0	0	0	0	0	0	0	0	0
1	49861	651	65	36	70	41	5	0	0	17	29	26	6	1	0	0	3	0	0	0	0	0	10	3	446154	40	92308	15385	46154	1	0	6	8	35	3	4	0	0	2	3	2	0	0	1	0	0	-3275	1334123	681	681	57545	53462	577.789	1272494	180108	579186	2407484	42338	-62813	-67868	-69845	0	75	5	8333	7	5	8333	1	731	1667	625	0	0	0	0	0	0	0	0	0	0	0	0	0	0	0	0
1	4996	651	64	36	69	41	5	0	0	17	28	25	7	1	0	0	3	0	0	0	0	0	11	3	4375	390625	109375	15625	46875	1	0	6	8	35	3	4	0	0	2	3	2	0	0	1	0	0	-2999	132579	8099	8099	64305	52572	5.724.695	1440349	180108	5723588	2379503	41708	-68559	-74289	-76605	0	75	5	8333	7	5	8333	1	731	1667	625	0	0	0	0	0	0	0	0	0	0	0	0	0	0	0	0
1	51363	631	67	37	72	42	5	0	0	17	30	26	7	1	0	0	3	0	0	0	0	0	11	3	447761	38806	104478	14925	44776	1	0	6	8	35	3	4	0	0	2	3	2	0	0	1	0	0	-3113	1386001	8099	8099	58182	52046	5.991.589	1437898	180108	5957641	2475427	43438	-63355	-68473	-70482	1	5	5	6667	6	5	6667	1	6333	1667	625	0	0	0	0	0	0	0	0	0	0	0	0	0	0	0	0
1	46758	695	61	34	66	39	5	0	0	17	27	24	7	1	0	0	2	0	0	0	0	0	10	2	442623	393443	114754	16393	32787	1	0	6	8	34	3	4	0	0	2	4	1	0	1	0	0	0	-3045	1277414	7134	7134	49071	43961	5.389.452	1154136	180108	5460299	2271598	39371	-55611	-59818	-61371	0	75	5	1	8	5	1	1	7929	1667	625	1	0	0	0	0	0	0	0	1	0	0	0	1	0	0	0
0	34154	942	47	24	49	26	5	0	0	16	23	17	5	1	0	0	0	0	0	0	0	1	7	0	489362	361702	106383	21277	0	1	0	3	3	16	0	3	0	0	2	1	0	0	0	0	0	0	-6994	939362	5776	5776	28273	3635	na	609889	0	4452658	185863	3137	-37932	-40059	-40573	0	1	1	1	8	5	1	1	9	5	1	1	1	1	0	1	0	1	0	1	0	0	0	1	1	1	0
1	47252	677	57	34	61	38	5	0	0	18	23	23	6	2	0	0	3	0	0	0	0	0	11	3	403509	403509	105263	35088	52632	1	0	5	6	30	1	4	0	0	0	5	0	0	0	1	0	0	-2753	1222713	7564	7564	35101	42498	5.304.834	1414961	180108	5296179	2204336	38999	-43736	-46546	-47401	0	1	8333	1	8	5	1	1	8762	1667	75	1	0	0	0	0	0	0	0	1	0	0	0	1	0	0	0
1	45453	701	57	33	61	37	5	0	0	18	24	23	6	2	0	0	2	0	0	0	0	0	10	2	421053	403509	105263	35088	35088	1	0	5	6	30	1	4	0	0	0	5	0	0	0	1	0	0	-292	1220549	7564	7564	34059	40443	5.276.496	126536	180108	5266944	2192354	38392	-4285	-45556	-46359	0	1	8333	1	8	5	1	1	8762	1667	875	1	0	0	0	0	0	1	0	1	0	0	0	1	0	1	0
1	45299	726	57	32	61	36	5	0	0	18	25	23	6	2	0	0	0	1	0	0	0	1	9	1	438596	403509	105263	35088	17544	1	0	5	6	30	1	4	0	0	0	5	0	0	0	1	0	0	-3097	1264269	7564	7564	34059	42977	5.433.839	966157	180108	5411794	2251719	38699	-4285	-45556	-46359	0	1	8333	1	8	5	1	1	8762	1667	875	1	0	0	0	0	0	1	0	1	0	0	0	1	0	1	0
1	43654	726	57	32	61	36	5	0	0	18	25	23	6	2	0	0	1	0	0	0	0	0	9	1	438596	403509	105263	35088	17544	1	0	5	6	30	1	4	0	0	0	5	0	0	0	1	0	0	-3097	1218385	7564	7564	33007	38388	5.248.158	1115759	180108	5237708	2180372	37785	-41956	-44557	-45307	0	1	1	1	8	5	1	1	9	1667	875	1	0	0	0	0	0	1	0	1	0	0	0	1	0	1	0
1	50454	635	60	36	64	40	5	0	0	18	24	24	6	2	0	0	4	0	0	0	0	0	12	4	40	40	10	33333	66667	1	0	5	6	30	1	4	0	0	0	5	0	0	0	1	0	0	-2724	1278122	7564	7564	38178	47811	5.593.939	1564562	180108	5559468	2312241	41336	-46352	-4947	-50478	0	75	8333	8333	7	5	8333	1	7786	1667	75	0	0	0	0	0	0	0	0	0	0	0	0	0	0	0	0
1	45453	701	57	33	61	37	5	0	0	18	24	23	6	2	0	0	2	0	0	0	0	0	10	2	421053	403509	105263	35088	35088	1	0	5	6	30	1	4	0	0	0	5	0	0	0	1	0	0	-292	1220549	7564	7564	34059	40443	5.276.496	126536	180108	5266944	2192354	38392	-4285	-45556	-46359	0	1	8333	1	8	5	1	1	8762	1667	875	1	0	0	0	0	0	1	0	1	0	0	0	1	0	1	0
1	41855	753	57	31	61	35	5	0	0	18	26	23	6	2	0	0	0	0	0	0	0	0	8	0	45614	403509	105263	35088	0	1	0	5	6	30	1	4	0	0	0	5	0	0	0	1	0	0	-3287	1216221	7564	7564	31947	36333	521.982	966157	180108	5208472	216839	37178	-41055	-4355	-44247	0	1	1	1	8	5	1	1	9	1667	875	1	0	0	0	0	0	1	0	1	0	0	0	1	0	1	0
1	43258	726	60	32	64	36	5	0	0	18	28	24	6	2	0	0	0	0	0	0	0	0	8	0	466667	40	10	33333	0	1	0	5	6	30	1	4	0	0	0	5	0	0	0	1	0	0	-3407	1266633	7564	7564	34059	41195	5.480.588	966157	180108	5442525	2264313	38908	-4285	-45556	-46359	0	1	1	1	8	5	1	1	9	1667	875	1	0	0	0	0	0	1	0	1	0	0	0	1	0	1	0
1	45299	726	57	32	61	36	5	0	0	18	25	23	6	2	0	0	0	1	0	0	0	1	9	1	438596	403509	105263	35088	17544	1	0	5	6	30	1	4	0	0	0	5	0	0	0	1	0	0	-3097	1264269	7564	7564	34059	42977	5.433.839	966157	180108	5411794	2251719	38699	-4285	-45556	-46359	0	1	8333	1	8	5	1	1	8762	1667	875	1	0	0	0	0	0	1	0	1	0	0	0	1	0	1	0
1	50255	635	61	36	65	40	6	0	0	18	25	24	6	3	0	0	3	0	0	0	0	0	12	3	409836	393443	98361	4918	4918	1	0	5	6	30	1	4	0	0	0	5	0	0	0	1	0	0	-2724	1291963	8487	8487	29771	57532	5.716.757	152496	180108	5627741	2340222	41608	-39205	-41482	-42071	0	75	6667	8333	9	5	8333	1	7833	3333	75	0	0	0	0	0	0	0	0	0	0	0	0	0	0	0	0
1	53252	597	59	38	63	42	5	1	0	22	21	25	6	2	0	0	5	0	0	0	0	0	13	5	355932	423729	101695	33898	84746	1	0	5	6	29	1	4	0	0	2	2	1	0	0	0	1	0	-6532	1290447	7807	7807	39721	4929	569.253	1640587	0	56799	2361598	42055	-47663	-50935	-52021	0	75	8333	8333	7	5	8333	1	7786	1667	75	0	0	0	0	0	0	0	0	0	0	0	0	0	0	0	0
1	51453	616	59	37	63	41	5	1	0	22	22	25	6	2	0	0	4	0	0	0	0	0	12	4	372881	423729	101695	33898	67797	1	0	5	6	29	1	4	0	0	2	2	1	0	0	0	1	0	-6707	1288283	7807	7807	38726	47235	5.664.192	1490986	0	5650664	2349617	41448	-46817	-4999	-51026	0	75	8333	8333	7	5	8333	1	7786	1667	75	0	0	0	0	0	0	0	0	0	0	0	0	0	0	0	0
1	48246	642	54	34	56	36	5	1	0	18	20	24	2	2	0	0	6	0	0	0	0	0	10	6	37037	444444	37037	37037	111111	1	0	3	3	18	0	3	0	0	0	3	0	0	0	0	0	0	-3045	114418	5122	5122	45762	56306	5.446.521	1607018	180108	5244186	2183027	40358	-52798	-56674	-58062	0	75	6667	1	8	5	1	1	8167	3333	75	0	0	0	0	0	0	0	0	0	0	0	0	0	0	0	0
0	45741	685	49	32	51	34	5	1	0	17	17	21	3	2	0	0	6	0	0	0	0	0	11	6	346939	428571	61224	40816	122449	1	0	3	3	17	0	3	0	0	1	2	0	0	0	0	0	0	-2478	1044933	5615	5615	40613	447	4.909.989	1607018	180108	4779236	1992474	36532	-48421	-51782	-52913	0	1	8333	1	8	5	1	1	8762	3333	1	1	0	0	0	0	0	1	0	1	0	0	0	1	0	0	0
1	41349	753	51	31	55	35	5	0	0	27	20	24	5	1	0	0	1	0	0	0	0	0	7	1	392157	470588	98039	19608	19608	1	0	5	6	28	1	4	0	0	2	3	0	0	1	0	0	0	193	1169683	6776	6776	35819	49621	4.754.362	775418	347963	4994186	2080568	34564	-44347	-47228	-48119	0	1	1	1	6	0	1	1	8	1667	875	1	0	0	0	0	0	1	1	0	0	0	0	0	0	1	0
1	44551	701	54	33	58	37	5	0	0	27	21	25	5	1	0	0	2	0	0	0	0	0	8	2	388889	462963	92593	18519	37037	1	0	5	6	28	1	4	0	0	2	3	0	0	1	0	0	0	-3521	1229417	569	569	38897	54359	5.077.059	923794	180108	5257475	2188473	36901	-46962	-50152	-51197	0	1	1	1	6	0	1	1	8	3333	875	1	0	0	0	0	0	0	0	0	0	0	0	0	0	0	0
0	34746	892	47	26	50	29	4	0	0	21	21	20	5	1	0	0	0	0	0	0	0	0	6	0	446809	425532	106383	21277	0	1	0	4	5	22	1	3	0	0	2	2	0	0	1	0	0	0	-3317	1014759	569	569	28276	32982	4.361.419	625817	180108	4423422	1846648	30155	-37934	-40062	-40576	0	1	1	1	8	5	1	1	9	5	1	1	1	1	0	1	0	1	0	1	1	0	0	1	1	1	0
1	45558	677	60	34	64	38	6	0	0	27	26	27	5	1	0	0	1	0	0	0	0	0	7	1	433333	45	83333	16667	16667	1	0	5	6	28	1	4	0	0	2	3	0	0	1	0	0	0	-392	1310312	569	569	41904	58943	5.605.979	775418	180108	5696346	2368338	39754	-49519	-53009	-54204	0	75	8333	1	8	5	1	1	8405	3333	875	0	0	0	0	0	0	0	0	0	0	0	0	0	0	0	0
1	42752	726	54	32	58	36	5	0	0	27	22	25	5	1	0	0	1	0	0	0	0	0	7	1	407407	462963	92593	18519	18519	1	0	5	6	28	1	4	0	0	2	3	0	0	1	0	0	0	-3717	121865	569	569	37879	5168	5.042.595	775418	180108	5228239	2176491	36294	-46097	-49185	-50179	0	1	1	1	6	0	1	1	8	3333	875	1	0	0	0	0	0	1	0	0	0	0	0	0	0	0	0
1	42851	726	53	32	57	36	5	0	0	27	21	24	6	1	0	0	1	0	0	0	0	0	8	1	396226	45283	113208	18868	18868	1	0	5	6	28	1	4	0	0	2	3	0	0	1	0	0	0	-3407	1200216	6979	6979	36348	45565	498.94	943273	180108	5159967	2148511	35664	-44796	-47731	-48648	0	1	1	1	6	0	1	1	8	1667	875	1	0	0	0	0	0	1	0	0	0	0	0	1	0	1	0
0	42851	726	53	32	57	36	5	0	0	27	21	24	6	1	0	0	1	0	0	0	0	0	8	1	396226	45283	113208	18868	18868	1	0	5	6	28	1	4	0	0	2	3	0	0	1	0	0	0	-3407	1200216	6979	6979	36348	45565	498.94	943273	180108	5159967	2148511	35664	-44796	-47731	-48648	0	1	1	1	6	0	1	1	8	1667	875	1	0	0	0	0	0	1	0	0	0	0	0	1	0	1	0
1	44551	701	54	33	58	37	5	0	0	27	21	25	5	1	0	0	2	0	0	0	0	0	8	2	388889	462963	92593	18519	37037	1	0	5	6	28	1	4	0	0	2	3	0	0	1	0	0	0	-3521	1220814	569	569	38897	53735	5.070.933	925019	180108	5257475	2188473	36901	-46962	-50152	-51197	0	1	1	1	6	0	1	1	8	3333	875	1	0	0	0	0	0	0	0	0	0	0	0	0	0	0	0
1	38955	788	56	29	59	32	6	0	0	21	27	23	5	1	0	0	0	0	0	0	0	0	6	0	482143	410714	89286	17857	0	1	0	4	5	22	1	3	0	0	2	2	0	0	1	0	0	0	-3706	1152524	569	569	34842	46731	5.181.282	625817	180108	5125581	2134419	35345	-43516	-463	-47142	0	1	1	1	8	5	1	1	9	3333	1	1	0	0	0	0	0	1	1	0	0	0	0	1	0	1	0
1	44155	701	57	33	61	37	6	0	0	27	24	26	5	1	0	0	1	0	0	0	0	0	7	1	421053	45614	87719	17544	17544	1	0	5	6	28	1	4	0	0	2	3	0	0	1	0	0	0	-3821	1264142	569	569	39907	52028	5.303.362	775418	180108	5462292	2272415	38024	-47821	-51112	-52207	0	1	1	1	6	5	1	1	8714	3333	875	1	0	0	0	0	0	0	0	0	0	0	0	0	0	0	0
0	33343	933	44	25	47	28	4	0	0	21	19	19	5	1	0	0	0	0	0	0	0	0	6	0	431818	431818	113636	22727	0	1	0	4	5	22	1	3	0	0	2	2	0	0	1	0	0	0	-3168	978903	569	569	26001	33028	4.106.778	624592	180108	4189369	1750725	28425	-36001	-37901	-38301	0	1	1	1	6	0	1	1	8	5	1	1	1	1	0	1	0	1	0	1	1	0	0	1	1	1	0
1	42752	726	54	32	58	36	6	0	0	27	22	25	5	1	0	0	1	0	0	0	0	0	7	1	407407	462963	92593	18519	18519	1	0	5	6	28	1	4	0	0	2	3	0	0	1	0	0	0	-3717	1227193	569	569	37879	50918	5.048.721	774193	180108	5228239	2176491	36294	-46097	-49185	-50179	0	1	1	1	6	0	1	1	8	3333	875	1	0	0	0	0	0	1	0	0	0	0	0	0	0	1	0
0	41447	753	50	31	54	35	5	0	0	27	19	24	4	2	0	0	1	0	0	0	0	0	7	1	38	48	8	4	2	1	0	5	6	28	1	4	0	0	2	3	0	0	1	0	0	0	-3606	1147229	6511	6511	35819	49722	4.735.422	870492	180108	4925914	2052588	34343	-44347	-47228	-48119	0	1	1	1	6	0	1	1	8	1667	875	1	0	0	0	0	0	1	1	0	0	0	0	0	0	1	0
0	3765	82	52	28	55	31	6	0	0	21	24	22	4	2	0	0	0	0	0	0	0	0	6	0	461538	423077	76923	38462	0	1	0	4	5	22	1	3	0	0	2	2	0	0	1	0	0	0	-3585	1081103	6511	6511	32693	44773	4.874.109	72089	180108	4823256	2010515	33394	-41689	-44259	-44993	0	1	1	1	8	5	1	1	9	1667	1	1	0	1	0	1	0	1	1	1	0	0	0	1	0	1	0
0	4285	726	53	32	57	36	6	0	0	27	21	25	4	2	0	0	1	0	0	0	0	0	7	1	396226	471698	75472	37736	18868	1	0	5	6	28	1	4	0	0	2	3	0	0	1	0	0	0	-3717	1192721	6511	6511	37879	5007	4.996.189	870492	180108	5159967	2148511	36073	-46097	-49185	-50179	0	1	1	1	6	0	1	1	8	1667	875	1	0	0	0	0	0	1	0	0	0	0	0	0	0	1	0
0	41851	731	54	31	57	34	6	3	0	17	23	24	4	2	0	0	1	0	0	0	0	0	7	1	425926	444444	74074	37037	18519	1	0	4	4	23	0	4	0	0	1	3	0	0	0	0	0	0	-3606	1208309	6108	6108	32471	30741	5.237.036	890255	180108	5177741	2155795	38023	-41501	-44048	-44771	0	1	1	1	6	5	1	1	8714	1667	1	1	0	0	0	0	0	1	0	1	0	0	0	1	0	1	0
1	40953	753	54	31	58	35	5	0	0	27	23	25	5	1	0	0	0	0	0	0	0	0	6	0	425926	462963	92593	18519	0	1	0	5	6	28	1	4	0	0	2	3	0	0	1	0	0	0	-3926	1213009	5638	5638	36853	47108	5.014.257	625817	180108	5199003	216451	35687	-45225	-48211	-49153	0	1	1	1	6	0	1	1	8	3333	875	1	0	0	0	0	0	1	0	0	0	0	0	0	0	1	0
1	47753	655	57	35	61	39	5	0	0	27	22	26	5	1	0	0	3	0	0	0	0	0	9	3	385965	45614	87719	17544	52632	1	0	5	6	28	1	4	0	0	2	3	0	0	1	0	0	0	-3446	1272746	5638	5638	41904	56531	5.360.038	107462	180108	5520764	2296379	39238	-49519	-53009	-54204	0	75	8333	1	6	5	1	1	8119	3333	75	0	0	0	0	0	0	0	0	0	0	0	0	0	0	0	0
0	41349	753	51	31	55	35	5	0	0	27	20	24	5	1	0	0	1	0	0	0	0	0	7	1	392157	470588	98039	19608	19608	1	0	5	6	28	1	4	0	0	2	3	0	0	1	0	0	0	-3606	1169258	5638	5638	35819	46337	4.781.827	775418	180108	4994186	2080568	34564	-44347	-47228	-48119	0	1	1	1	6	0	1	1	8	3333	875	1	0	0	0	0	0	1	1	0	0	0	0	1	0	1	0
1	33343	933	44	25	47	28	4	0	0	21	19	19	5	1	0	0	0	0	0	0	0	0	6	0	431818	431818	113636	22727	0	1	0	4	5	22	1	3	0	0	2	2	0	0	1	0	0	0	-3168	962872	5638	5638	26001	2901	4.100.651	625817	180108	4189369	1750725	28425	-36001	-37901	-38301	0	1	1	1	6	0	1	1	8	5	1	1	1	1	0	1	0	1	0	1	1	1	0	1	1	1	0
1	41349	753	51	31	55	35	5	0	0	27	20	24	5	1	0	0	1	0	0	0	0	0	7	1	392157	470588	98039	19608	19608	1	0	5	6	28	1	4	0	0	2	3	0	0	1	0	0	0	-3606	1166763	5638	5638	35819	47708	4.781.827	775418	180108	4994186	2080568	34564	-44347	-47228	-48119	0	1	1	1	6	0	1	1	8	3333	875	1	0	0	0	0	0	1	1	0	0	0	0	0	0	1	0
1	3955	782	51	30	55	34	5	0	0	27	21	24	5	1	0	0	0	0	0	0	0	0	6	0	411765	470588	98039	19608	0	1	0	5	6	28	1	4	0	0	2	3	0	0	1	0	0	0	-3819	1164599	5638	5638	34777	45653	475.349	625817	180108	496495	2068586	33957	-4346	-46238	-47077	0	1	1	1	6	0	1	1	8	3333	875	1	0	0	0	0	0	1	1	0	0	0	0	1	0	1	0
0	39649	782	50	30	54	34	5	0	0	27	20	23	6	1	0	0	0	0	0	0	0	0	7	0	40	46	12	2	0	1	0	5	6	28	1	4	0	0	2	3	0	0	1	0	0	0	-3489	114303	6927	6927	25074	34147	4.700.295	793672	180108	4896678	2040606	33327	-35213	-37021	-37374	0	1	1	1	6	0	1	1	8	3333	875	1	0	1	0	0	0	1	1	1	0	0	0	1	0	1	0
1	40353	782	55	30	59	34	5	0	0	21	25	23	5	2	0	0	0	0	0	0	0	0	7	0	454545	418182	90909	36364	0	1	0	5	6	28	1	4	0	0	2	3	0	0	1	0	0	0	-3489	1150371	6561	6561	2725	32579	4.971.203	735816	180108	5042691	2100447	34988	-37063	-39088	-3955	0	1	1	1	8	5	1	1	9	3333	875	1	0	1	0	0	0	1	0	1	1	0	0	1	0	1	0
1	42752	726	54	32	58	36	6	0	0	27	22	25	5	1	0	0	1	0	0	0	0	0	7	1	407407	462963	92593	18519	18519	1	0	5	6	28	1	4	0	0	2	3	0	0	1	0	0	0	-3717	1212255	5638	5638	37879	48056	5.042.595	775418	180108	5228239	2176491	36294	-46097	-49185	-50179	0	1	1	1	6	0	1	1	8	3333	875	1	0	0	0	0	0	1	0	0	0	0	0	0	0	1	0
1	43902	759	53	30	56	33	6	0	0	22	23	23	4	1	0	1	0	1	0	0	0	2	7	1	433962	433962	75472	18868	18868	1	0	4	4	22	0	4	0	0	2	2	0	0	0	0	0	0	-3489	1230477	5197	8021	43933	58387	5.463.362	625817	180108	5363289	223184	37353	-51243	-54937	-56233	0	75	1	1	8	5	1	1	8643	1667	875	0	0	0	0	0	0	0	0	0	0	0	0	0	0	0	0
0	41194	82	46	28	49	31	6	0	0	22	18	21	3	2	0	1	0	1	0	0	0	2	7	1	391304	456522	65217	43478	21739	1	0	4	4	22	0	4	0	0	2	2	0	0	0	0	0	0	-3231	1123157	6018	8842	39673	48596	4.794.954	72089	180108	482691	2012012	33672	-47622	-5089	-51973	0	1	1	1	6	5	1	1	8714	1667	1	1	0	0	0	0	0	1	0	0	0	0	0	0	0	1	0
1	42499	788	50	29	53	32	6	0	0	22	21	22	4	1	0	1	0	1	0	0	0	2	7	1	42	44	8	2	2	1	0	4	4	22	0	4	0	0	2	2	0	0	0	0	0	0	-3364	1188132	5197	8021	41822	51048	5.102.127	625817	180108	5129236	2135916	35623	-49449	-52931	-54122	0	75	1	1	6	5	1	1	8357	1667	1	1	0	0	0	0	0	1	0	0	0	0	0	0	0	0	0
1	45849	682	54	33	57	36	6	0	0	22	21	22	6	2	0	0	3	0	0	0	0	0	11	3	388889	407407	111111	37037	55556	1	0	4	4	22	0	4	0	0	2	2	0	0	0	0	0	0	-2619	1151926	7902	7902	40388	43695	5.248.486	1351249	180108	5171096	2153072	37151	-4823	-51568	-52688	0	1	8333	1	8	5	1	1	8762	1667	1	1	0	0	0	0	0	1	0	1	0	0	0	1	0	0	0
1	48602	655	59	35	63	39	6	2	0	23	24	26	7	1	0	0	0	1	0	0	0	1	9	1	40678	440678	118644	16949	16949	1	0	5	6	30	1	4	0	0	1	3	1	0	0	0	1	0	-3446	1418855	8046	8046	37315	56651	5.832.105	992771	180108	5896512	2450374	41964	-45617	-48649	-49615	0	1	8333	1	6	0	1	1	7762	1667	75	0	0	0	0	0	0	0	0	0	0	0	0	0	0	0	0
1	48804	655	61	35	65	39	6	1	0	23	26	26	7	1	0	0	0	1	0	0	0	1	9	1	42623	42623	114754	16393	16393	1	0	5	6	30	1	4	0	0	1	3	1	0	0	0	1	0	1905	141887	8013	8013	38015	51503	5.934.501	1005023	360215	596794	2479648	42228	-46212	-49314	-50315	0	1	8333	1	6	5	1	1	8476	1667	75	0	0	0	0	0	0	0	0	0	0	0	0	0	0	0	0
1	48902	655	60	35	64	39	6	1	0	23	25	26	6	2	0	0	0	1	0	0	0	1	9	1	416667	433333	10	33333	16667	1	0	5	6	30	1	4	0	0	1	3	1	0	0	0	1	0	-3446	1402061	7733	7733	38015	54166	5.889.259	934914	180108	5899668	2451667	42007	-46212	-49314	-50315	0	1	8333	1	6	5	1	1	8476	1667	75	0	0	0	0	0	0	0	0	0	0	0	0	0	0	0	0
0	3615	892	45	26	48	29	4	0	1	17	19	21	3	1	0	1	0	0	0	0	0	1	5	0	422222	466667	66667	22222	0	1	0	4	5	23	1	3	0	0	1	3	0	0	1	0	0	0	-3697	1049247	5794	8618	37982	51248	4.498.986	768555	180108	452608	1888721	32362	-46184	-49283	-50282	0	1	1	1	8	5	1	1	9	1667	1	1	0	0	0	0	0	1	0	0	0	0	0	0	0	0	0
1	41757	782	53	30	57	34	5	0	0	22	23	24	3	2	0	1	0	0	0	0	0	1	6	0	433962	45283	56604	37736	0	1	0	5	6	28	1	4	0	0	2	3	0	0	1	0	0	0	-3819	1193508	6018	8842	43933	52138	5.039.563	72089	180108	5145349	214252	36105	-51243	-54937	-56233	0	75	1	1	8	5	1	1	8643	1667	75	1	0	0	0	0	0	0	0	0	0	0	0	0	0	0	0
1	43364	782	53	30	57	34	5	0	0	22	23	24	3	1	0	2	0	0	0	0	0	2	6	0	433962	45283	56604	18868	0	1	0	5	6	28	1	4	0	0	2	3	0	0	1	0	0	0	-3819	1257941	4704	10352	4369	5772	5.175.458	625817	180108	5319435	2213867	37077	-51036	-54705	-5599	0	75	1	1	8	5	1	1	8643	1667	75	0	0	0	0	0	0	0	0	0	0	0	0	0	0	0	0
1	41659	782	54	30	58	34	5	0	0	22	24	24	4	1	0	1	0	0	0	0	0	1	6	0	444444	444444	74074	18519	0	1	0	5	6	28	1	4	0	0	2	3	0	0	1	0	0	0	-3819	1229073	5197	8021	41253	54142	5.092.094	624592	180108	5213621	2170501	36326	-48965	-52391	-53553	0	1	1	1	8	5	1	1	9	1667	875	1	0	0	0	0	0	0	0	0	0	0	0	0	0	0	0
0	41856	782	52	30	56	34	5	0	0	22	22	23	4	2	0	1	0	0	0	0	0	1	7	0	423077	442308	76923	38462	0	1	0	5	6	28	1	4	0	0	2	3	0	0	1	0	0	0	-3489	11654	7307	10131	50342	48968	4.998.402	919124	180108	5077076	211454	35475	-56691	-61025	-62642	0	75	8333	8333	7	5	8333	1	7786	1667	75	1	0	0	0	0	0	1	1	0	0	0	0	0	0	1	0
0	41856	782	52	30	56	34	5	0	0	22	22	23	4	2	0	1	0	0	0	0	0	1	7	0	423077	442308	76923	38462	0	1	0	5	6	28	1	4	0	0	2	3	0	0	1	0	0	0	-3489	1191667	7307	10131	50342	48058	4.992.494	886295	180108	5077076	211454	35475	-56691	-61025	-62642	0	75	8333	8333	7	5	8333	1	7786	1667	75	1	0	0	0	0	0	1	1	0	0	0	0	0	0	1	0
1	44767	753	56	31	60	35	5	0	0	22	25	25	3	1	0	2	0	0	0	0	0	2	6	0	446429	446429	53571	17857	0	1	0	5	6	28	1	4	0	0	2	3	0	0	1	0	0	0	-3926	1303856	4704	10352	45766	60546	5.436.225	625817	180108	5553488	230979	38807	-52801	-56678	-58066	0	75	8333	1	8	5	1	1	8405	1667	75	0	0	0	0	0	0	0	0	0	0	0	0	0	0	0	0
1	41659	782	54	30	58	34	5	0	0	22	24	24	4	1	0	1	0	0	0	0	0	1	6	0	444444	444444	74074	18519	0	1	0	5	6	28	1	4	0	0	2	3	0	0	1	0	0	0	-3819	1214076	5197	8021	43933	51982	5.085.968	625817	180108	5213621	2170501	36326	-51243	-54937	-56233	0	75	1	1	8	5	1	1	8643	1667	75	1	0	0	0	0	0	1	0	0	0	0	0	0	0	0	0
1	47558	655	61	35	65	39	6	1	0	22	26	25	7	2	0	0	1	0	0	0	0	0	10	1	42623	409836	114754	32787	16393	1	0	5	6	28	1	4	0	0	2	3	0	0	1	0	0	0	-3163	1304095	901	901	44546	39766	580.749	1224741	180108	5728738	2381614	40727	-51764	-55519	-56846	0	75	6667	1	8	5	1	1	8167	1667	625	0	0	0	0	0	0	0	0	0	0	0	0	0	0	0	0
1	47954	655	58	35	62	39	6	1	0	22	23	24	7	2	0	0	2	0	0	0	0	0	11	2	396552	413793	12069	34483	34483	1	0	5	6	28	1	4	0	0	2	3	0	0	1	0	0	0	-2879	1259883	901	901	4352	39771	5.512.154	1374342	180108	552392	2297672	39604	-50892	-54544	-5582	0	75	6667	1	8	5	1	1	8167	1667	625	1	0	0	0	0	0	0	0	1	0	0	0	0	0	0	0
1	44356	701	58	33	62	37	6	1	0	22	25	24	7	2	0	0	0	0	0	0	0	0	9	0	431034	413793	12069	34483	0	1	0	5	6	28	1	4	0	0	2	3	0	0	1	0	0	0	-322	1255555	901	901	41444	35661	5.455.478	1075139	180108	5465449	2273708	3839	-49127	-52572	-53744	0	1	8333	1	8	5	1	1	8762	1667	875	1	0	0	0	0	0	1	0	1	0	0	0	1	0	1	0
1	41157	759	59	30	62	33	6	0	0	16	29	21	7	2	0	0	0	0	0	0	0	0	9	0	491525	355932	118644	33898	0	1	0	4	5	22	1	3	0	0	2	2	0	0	1	0	0	0	276	1174968	9326	9326	33932	28084	5.628.842	1250524	606941	5229402	2176968	36582	-42743	-45436	-46232	0	1	8333	1	1	1	1	1	9762	1667	1	1	0	1	0	0	0	1	0	1	0	0	0	1	0	1	0
1	47356	672	59	35	64	40	6	1	0	22	24	25	7	2	0	0	1	0	0	0	0	0	10	1	40678	423729	118644	33898	16949	1	0	6	7	31	1	4	1	0	2	3	0	0	1	0	0	0	-3163	1284537	901	901	44546	374	5.446.255	1224741	180108	5548339	230768	39491	-51764	-55519	-56846	0	75	5	1	8	5	1	1	7929	1667	625	1	0	0	0	0	0	0	0	0	0	0	0	0	0	0	0
1	4155	753	52	31	56	35	5	1	0	22	21	22	7	2	0	0	0	0	0	0	0	0	9	0	403846	423077	134615	38462	0	1	0	5	6	28	1	4	0	0	2	3	0	0	1	0	0	0	-2967	1163023	901	901	37184	31817	4.892.094	1075139	180108	4997342	2081862	3493	-45507	-48525	-49484	0	1	8333	1	6	0	1	1	7762	1667	875	1	0	1	0	0	0	1	0	1	0	0	0	1	0	1	0
1	42953	726	55	32	59	36	6	1	0	22	23	23	7	2	0	0	0	0	0	0	0	0	9	0	418182	418182	127273	36364	0	1	0	5	6	28	1	4	0	0	2	3	0	0	1	0	0	0	-3097	1211373	901	901	39333	31886	5.152.861	1075139	180108	5231395	2177785	3666	-47333	-50566	-51633	0	1	8333	1	8	5	1	1	8762	1667	875	1	0	0	0	0	0	1	0	1	0	0	0	1	0	1	0
1	43052	726	54	32	58	36	6	1	0	22	22	22	8	2	0	0	0	0	0	0	0	0	10	0	407407	407407	148148	37037	0	1	0	5	6	28	1	4	0	0	2	3	0	0	1	0	0	0	-2788	118576	10299	10299	46116	27345	5.105.793	124177	180108	5163123	2149804	3603	-53099	-5701	-58416	0	75	6667	1	8	0	1	1	7452	1667	75	1	0	1	0	0	0	1	0	1	0	0	0	1	0	1	0
1	49852	635	57	36	61	40	6	1	0	22	21	23	8	2	0	0	3	0	0	0	0	0	13	3	368421	403509	140351	35088	52632	1	0	5	6	28	1	4	0	0	2	3	0	0	1	0	0	0	-2448	1245497	10299	10299	51418	36768	5.451.573	1690573	180108	5484884	2281674	39581	-57606	-62047	-63718	0	75	5	8333	7	5	8333	1	731	1667	625	0	0	0	0	0	0	0	0	1	0	0	0	0	0	0	0
0	45557	677	59	34	63	38	6	1	0	23	25	25	7	2	0	0	0	0	0	0	0	0	9	0	423729	423729	118644	33898	0	1	0	5	6	29	1	4	0	0	1	4	0	0	1	0	0	0	-3336	1314697	9806	9806	42809	45376	5.604.763	1240544	180108	5628073	2340358	39856	-50287	-53868	-55109	0	75	6667	1	8	5	1	1	8167	1667	75	0	0	0	0	0	0	0	0	0	0	0	0	0	0	0	0
1	44154	701	56	33	60	37	6	1	0	23	23	24	7	2	0	0	0	0	0	0	0	0	9	0	410714	428571	125	35714	0	1	0	5	6	29	1	4	0	0	1	4	0	0	1	0	0	0	-322	1268005	9806	9806	40732	36229	5.343.996	1240544	180108	539402	2244434	38126	-48522	-51896	-53032	0	1	8333	1	8	5	1	1	8762	1667	875	1	0	0	0	0	0	1	0	1	0	0	0	1	0	1	0
1	45557	677	59	34	63	38	6	1	0	23	25	25	7	2	0	0	0	0	0	0	0	0	9	0	423729	423729	118644	33898	0	1	0	5	6	29	1	4	0	0	1	4	0	0	1	0	0	0	-3336	1278819	9806	9806	42809	34179	5.598.637	1242995	180108	5628073	2340358	39856	-50287	-53868	-55109	0	75	6667	1	8	5	1	1	8167	1667	75	1	0	0	0	0	0	1	0	1	0	0	0	1	0	0	0
1	45557	677	59	34	63	38	6	1	0	23	25	25	7	2	0	0	0	0	0	0	0	0	9	0	423729	423729	118644	33898	0	1	0	5	6	29	1	4	0	0	1	4	0	0	1	0	0	0	-3336	131392	9806	9806	42809	39055	5.604.763	1240544	180108	5628073	2340358	39856	-50287	-53868	-55109	0	75	6667	1	8	5	1	1	8167	1667	75	0	0	0	0	0	0	0	0	0	0	0	0	0	0	0	0
0	44553	701	56	33	60	37	6	1	0	22	23	23	7	3	0	0	0	0	0	0	0	0	10	0	410714	410714	125	53571	0	1	0	5	6	28	1	4	0	0	2	3	0	0	1	0	0	0	-292	1213109	1112	1112	48264	33734	5.326.063	1368447	180108	5328904	2217747	37539	-54925	-59051	-60564	0	75	6667	1	8	5	1	1	8167	1667	75	1	0	0	0	0	0	1	0	1	0	0	0	1	0	1	0
1	44356	701	58	33	62	37	6	1	0	22	25	24	7	2	0	0	0	0	0	0	0	0	9	0	431034	413793	12069	34483	0	1	0	5	6	28	1	4	0	0	2	3	0	0	1	0	0	0	-322	1261785	901	901	41444	36748	5.413.629	1075139	180108	5465449	2273708	3839	-49127	-52572	-53744	0	1	8333	1	8	5	1	1	8762	1667	875	1	0	0	0	0	0	1	0	1	0	0	0	1	0	1	0
1	46496	701	54	33	58	37	6	1	0	22	21	22	8	2	0	0	0	1	0	0	0	1	11	1	388889	407407	148148	37037	18519	1	0	5	6	28	1	4	0	0	2	3	0	0	1	0	0	0	-2619	1233808	10299	10299	48264	33989	5.319.812	124177	180108	5366445	2233133	37551	-54925	-59051	-60564	0	75	5	1	8	0	1	1	7214	1667	625	1	0	0	0	0	0	0	0	1	0	0	0	1	0	0	0
1	43155	726	57	32	61	36	6	0	0	22	25	23	7	2	0	0	0	0	0	0	0	0	9	0	438596	403509	122807	35088	0	1	0	5	6	28	1	4	0	0	2	3	0	0	1	0	0	0	2389	1229594	9326	9326	40058	38248	539.891	1250524	606941	5302824	2207059	36924	-47949	-51255	-52358	0	1	8333	1	8	5	1	1	8762	1667	875	1	0	0	0	0	0	1	0	1	0	0	0	1	0	1	0
1	43053	726	55	32	59	36	5	0	0	23	23	24	6	1	0	0	1	0	0	0	0	0	8	1	418182	436364	109091	18182	18182	1	0	5	6	29	1	4	0	0	1	4	0	0	1	0	0	0	-3407	1229682	7775	7775	4924	47062	5.168.882	1107453	180108	5231395	2177785	37018	-55754	-59978	-6154	0	75	8333	1	8	5	1	1	8405	1667	75	1	0	0	0	0	0	1	0	0	0	0	0	0	0	1	0
1	42049	753	52	31	56	35	5	0	0	22	21	22	6	2	0	0	1	0	0	0	0	0	9	1	403846	423077	115385	38462	19231	1	0	5	6	28	1	4	0	0	2	3	0	0	1	0	0	0	-2967	1128871	9089	9089	54498	41741	4.890.182	1235355	180108	4932226	2055175	34701	-60223	-64973	-66798	0	75	8333	8333	7	5	8333	1	7786	1667	75	1	0	1	0	0	0	1	1	1	0	0	0	1	0	1	0
1	41951	753	53	31	57	35	5	0	0	22	22	22	7	1	0	0	1	0	0	0	0	0	9	1	415094	415094	132075	18868	18868	1	0	5	6	28	1	4	0	0	2	3	0	0	1	0	0	0	-2967	1151934	8268	8268	54498	40214	4.930.679	1108678	180108	5000498	2083155	34922	-60223	-64973	-66798	0	75	8333	8333	7	5	8333	1	7786	1667	75	1	0	1	0	0	0	1	1	1	0	0	0	1	0	1	0
1	40053	782	54	30	58	34	5	0	0	22	24	23	6	1	0	0	0	0	0	0	0	0	7	0	444444	425926	111111	18519	0	1	0	5	6	28	1	4	0	0	2	3	0	0	1	0	0	0	-3489	1175383	6979	6979	46811	427	494.941	792447	180108	5039535	2099154	34945	-53689	-5767	-59111	0	75	8333	1	8	5	1	1	8405	1667	75	1	0	1	0	0	0	1	1	1	0	0	0	1	0	1	0
1	41555	753	56	31	60	35	6	0	0	22	25	23	7	1	0	0	0	0	0	0	0	0	8	0	446429	410714	125	17857	0	1	0	5	6	28	1	4	0	0	2	3	0	0	1	0	0	0	-3287	1223431	7303	7303	43388	39713	5.110.845	82369	180108	5205316	2167097	36045	-50779	-54418	-55688	0	75	1	1	8	5	1	1	8643	1667	75	1	0	0	0	0	0	1	0	1	0	0	0	1	0	1	0
1	39355	813	56	29	60	33	7	0	0	16	27	21	7	1	0	0	0	0	0	0	0	0	8	0	482143	375	125	17857	0	1	0	5	6	25	1	4	1	0	2	2	0	0	1	0	0	0	-3023	1143501	7303	7303	41322	35967	4.916.634	82369	180108	4951495	2063072	34467	-49024	-52456	-53622	0	1	1	1	1	5	1	1	9286	1667	875	1	0	1	0	0	0	1	1	1	0	0	0	1	0	1	0
1	42696	788	48	29	51	32	6	0	0	22	19	21	4	2	0	1	0	1	0	0	0	2	8	1	395833	4375	83333	41667	20833	1	0	4	4	22	0	4	0	0	2	2	0	0	0	0	0	0	262	115635	722	10044	31954	42767	5.125.136	105265	606941	4992691	2079955	34772	-41061	-43556	-44254	0	1	1	1	6	0	1	1	8	1667	1	1	0	1	0	0	0	1	0	1	0	0	0	1	0	1	0
1	42851	726	53	32	57	36	5	0	0	27	21	24	6	1	0	0	1	0	0	0	0	0	8	1	396226	45283	113208	18868	18868	1	0	5	6	28	1	4	0	0	2	3	0	0	1	0	0	0	-3407	1200216	6979	6979	36348	45565	498.94	943273	180108	5159967	2148511	35664	-44796	-47731	-48648	0	1	1	1	6	0	1	1	8	1667	875	1	0	0	0	0	0	1	0	0	0	0	0	1	0	1	0
0	49046	663	49	33	51	35	5	2	0	18	16	21	2	3	0	1	6	0	0	0	0	1	12	6	326531	428571	40816	61224	122449	1	0	3	3	18	0	3	0	0	0	3	0	0	0	0	0	0	-2319	1106524	6829	7667	35088	53087	5.057.727	178264	16405	4982558	2075803	38162	-43725	-46534	-47388	0	1	8333	1	4	5	1	1	819	1667	875	0	0	0	0	0	0	0	0	0	0	0	0	0	0	0	0
0	41232	862	41	26	43	28	5	2	0	17	15	17	3	3	0	1	0	2	0	0	0	3	9	2	365854	414634	73171	73171	4878	1	0	3	3	17	0	3	0	0	1	2	0	0	0	0	0	0	-2177	1029644	7322	816	25261	40548	455.6	885034	16405	4514784	1884092	32006	-35372	-37198	-37561	0	1	1	1	6	0	1	1	8	3333	1	1	0	1	0	0	0	1	0	1	0	0	0	1	0	1	0
0	41232	862	41	26	43	28	5	2	0	17	15	17	3	3	0	1	0	2	0	0	0	3	9	2	365854	414634	73171	73171	4878	1	0	3	3	17	0	3	0	0	1	2	0	0	0	0	0	0	-2177	1029644	7322	816	25261	40548	455.6	885034	16405	4514784	1884092	32006	-35372	-37198	-37561	0	1	1	1	6	0	1	1	8	3333	1	1	0	1	0	0	0	1	0	1	0	0	0	1	0	1	0
0	37288	862	47	26	49	28	6	2	0	12	21	20	2	3	0	0	0	1	0	0	0	1	6	1	446809	425532	42553	6383	21277	1	0	3	4	17	1	2	0	0	1	2	0	0	1	0	0	0	-3317	1037008	5456	5456	30721	35014	4.745.637	682798	180108	4576246	1909281	33814	-40013	-42385	-43021	0	1	1	1	8	5	1	1	9	3333	1	1	1	1	0	1	0	1	0	1	0	0	0	1	1	1	0
1	43746	726	50	32	54	36	3	0	1	21	18	23	5	1	0	0	3	0	0	0	0	0	9	3	36	46	10	2	6	1	0	5	7	28	2	3	0	0	2	3	0	0	2	0	0	0	-3097	1118571	7952	7952	45376	52727	4.747.416	1203881	167855	4890033	2037882	35402	-5247	-56307	-57676	0	75	8333	1	8	5	1	1	8405	3333	75	1	0	0	0	0	0	0	0	0	0	0	0	0	0	0	0
0	3939	82	48	28	51	31	5	2	0	17	20	22	3	2	0	0	0	1	0	0	0	1	6	1	416667	458333	625	41667	20833	1	0	4	5	23	1	3	0	0	1	3	0	0	0	1	0	0	-7775	1106905	4905	4905	37762	34377	478.439	560547	0	4789369	1996627	34641	-45998	-49074	-50062	0	1	1	1	6	5	1	1	8714	3333	1	1	0	1	0	0	0	1	0	1	0	0	0	1	0	1	0
0	28574	1158	32	20	34	22	2	2	0	12	12	16	1	2	0	0	0	1	0	0	0	1	4	1	375	50	3125	625	3125	1	0	3	4	17	1	2	0	0	1	2	0	0	1	0	0	0	-3205	792185	4209	4209	34792	33791	3.352.415	541556	180108	3376744	1417682	24915	-43473	-46253	-47092	0	1	1	1	6	0	1	1	8	8333	1	1	1	1	1	1	0	0	0	1	0	1	0	1	1	1	1
1	41554	731	56	31	59	34	7	0	0	23	25	24	5	2	0	0	0	0	0	0	0	0	7	0	446429	428571	89286	35714	0	1	0	4	4	23	0	4	0	0	1	3	0	0	0	0	0	0	-3606	1232137	7409	7409	36017	43872	5.443.525	901221	180108	5314286	2211756	37426	-44515	-47417	-48317	0	1	1	1	8	5	1	1	9	1667	1	1	0	0	0	0	0	1	0	1	0	0	0	1	0	1	0
0	45738	82	45	28	48	31	6	0	0	22	17	20	4	2	0	1	0	0	1	0	0	2	8	1	377778	444444	88889	44444	22222	1	0	4	4	22	0	4	0	0	2	2	0	0	0	0	0	0	-2878	1141127	612	8944	30865	47095	4.795.347	735816	180108	4846013	2019842	33449	-40135	-42522	-43165	0	1	8333	1	6	0	1	1	7762	1667	1	1	0	0	0	0	0	1	0	0	0	0	0	0	0	0	0
0	42735	892	41	26	44	29	5	0	0	22	15	19	4	1	0	1	0	0	1	0	0	2	7	1	365854	463415	97561	2439	2439	1	0	4	4	22	0	4	0	0	2	2	0	0	0	0	0	0	-2937	1076495	5197	8021	36376	47259	4.383.424	625817	180108	4514452	1883956	3084	-4482	-47757	-48676	0	1	1	1	6	0	1	1	8	1667	1	1	0	0	0	0	0	1	0	0	0	0	0	0	0	1	0
0	47141	788	48	29	51	32	6	0	0	22	19	21	4	2	0	1	0	0	1	0	0	2	8	1	395833	4375	83333	41667	20833	1	0	4	4	22	0	4	0	0	2	2	0	0	0	0	0	0	-3023	1187042	612	8944	33033	49921	5.056.115	735816	180108	5080066	2115765	35179	-41978	-44581	-45333	0	1	8333	1	6	0	1	1	7762	1667	875	1	0	0	0	0	0	0	0	0	0	0	0	0	0	0	0
0	44138	855	44	27	47	30	5	0	0	22	17	20	4	1	0	1	0	0	1	0	0	2	7	1	386364	454545	90909	22727	22727	1	0	4	4	22	0	4	0	0	2	2	0	0	0	0	0	0	-3089	112241	5197	8021	38585	50085	4.644.191	625817	180108	4748505	1979879	3257	-46697	-49855	-50885	0	1	1	1	6	0	1	1	8	1667	1	1	0	0	0	0	0	1	0	0	0	0	0	0	0	1	0
0	437	764	54	29	56	31	6	3	0	12	25	21	2	4	0	1	0	1	0	0	0	2	8	1	462963	388889	37037	74074	18519	1	0	3	3	19	0	3	0	0	0	2	1	0	0	0	0	0	-3023	1134712	7571	8409	25953	42996	5.508.621	999871	180108	5250831	218575	38538	-3596	-37856	-38253	0	1	1	1	1	5	1	1	9286	3333	1	1	0	1	0	0	0	1	0	1	0	0	0	1	0	1	0
1	42256	706	58	32	61	35	6	1	0	24	26	28	2	2	0	0	0	0	0	0	0	0	4	0	448276	482759	34483	34483	0	1	0	4	4	24	0	4	0	0	0	4	0	0	0	0	0	0	-4646	1276068	5122	5122	40248	52644	5.668.564	709411	180108	5610299	2333073	40518	-48111	-51436	-52548	0	1	1	1	6	5	1	1	8714	3333	1	1	0	0	0	0	0	0	0	0	0	0	0	0	0	0	0
1	42355	726	57	32	61	36	4	1	0	23	25	27	3	2	0	0	0	0	0	0	0	0	5	0	438596	473684	52632	35088	0	1	0	5	8	30	2	3	0	0	1	3	1	0	0	1	1	0	-8363	1254155	5701	5701	37829	48205	5.328.373	697159	0	5433056	2260433	38916	-46054	-49137	-50129	0	1	1	1	8	5	1	1	9	3333	875	1	0	0	0	0	0	1	0	0	0	0	0	0	0	1	0
0	41253	753	55	31	59	35	4	1	0	22	24	25	4	2	0	0	0	0	0	0	0	0	6	0	436364	454545	72727	36364	0	1	0	5	8	29	2	3	0	0	2	2	1	0	0	1	1	0	-7991	1200653	6194	6194	37565	41224	509.017	697159	0	5202159	2165803	3682	-4583	-48887	-49865	0	1	1	1	8	5	1	1	9	1667	875	1	0	0	0	0	0	1	0	1	0	0	0	1	0	1	0
1	4105	753	53	31	57	35	4	1	0	23	22	26	2	3	0	0	0	0	0	0	0	0	5	0	415094	490566	37736	56604	0	1	0	5	8	30	2	3	0	0	1	3	1	0	0	1	1	0	-831	1182734	6522	6522	35816	46247	5.021.201	792232	0	5130731	2136529	36965	-44344	-47226	-48116	0	1	1	1	8	5	1	1	9	1667	875	1	0	0	0	0	0	1	1	0	0	0	0	1	0	1	0
1	47694	71	51	31	53	33	6	3	0	12	20	20	2	4	0	1	3	1	0	0	0	2	11	4	392157	392157	39216	78431	78431	1	0	3	3	19	0	3	0	0	0	2	1	0	0	0	0	0	-2328	1087308	7571	8409	29712	40318	5.291.018	1448674	180108	5104485	2125773	38629	-39156	-41427	-42012	0	1	8333	1	8	5	1	1	8762	3333	875	1	0	0	0	0	0	0	0	1	0	0	0	0	0	0	0
1	49493	685	51	32	53	34	6	3	0	12	19	20	2	4	0	1	4	1	0	0	0	2	12	5	372549	392157	39216	78431	98039	1	0	3	3	19	0	3	0	0	0	2	1	0	0	0	0	0	-2168	1089472	7571	8409	30782	42373	5.319.356	1598275	180108	5133721	2137754	39236	-40065	-42443	-43082	0	1	8333	1	8	5	1	1	8762	1667	875	0	0	0	0	0	0	0	0	1	0	0	0	0	0	0	0
1	45994	736	50	30	52	32	6	3	0	12	20	19	3	4	0	1	2	1	0	0	0	2	11	3	40	38	6	8	6	1	0	3	3	19	0	3	0	0	0	2	1	0	0	0	0	0	-2169	106671	886	9698	24294	32148	5.209.485	1466928	180108	5006977	208581	37392	-3455	-36279	-36594	0	1	8333	1	8	5	1	1	8762	3333	1	1	0	0	0	0	0	1	0	1	0	0	0	1	0	0	0
1	46597	764	47	29	49	31	6	3	0	11	18	17	3	4	0	2	2	1	0	0	0	3	12	3	382979	361702	6383	85106	6383	1	0	3	3	18	0	3	0	0	1	1	1	0	0	0	0	0	-1657	1048821	886	12522	20545	27959	5.063.536	1466928	180108	4881894	2034547	36047	-31364	-32718	-32845	0	1	8333	1	8	5	1	1	8762	3333	875	1	0	0	0	0	0	0	0	1	0	0	0	1	0	0	0
1	44546	739	49	29	50	30	7	3	0	6	20	16	3	4	0	1	5	0	0	0	0	1	13	5	408163	326531	61224	81633	102041	1	0	2	2	13	0	2	0	0	0	1	1	0	0	0	0	0	-1316	904503	886	9698	15603	16932	4.949.176	1915732	180108	4583887	1912413	3562	-27163	-28023	-27903	0	1	1	1	1	1	1	1	1	3333	1	1	0	1	0	0	0	0	0	1	0	0	0	1	0	1	0
1	42297	794	51	28	53	30	6	3	0	12	23	20	2	4	0	1	0	1	0	0	0	2	8	1	45098	392157	39216	78431	19608	1	0	3	3	19	0	3	0	0	0	2	1	0	0	0	0	0	-2878	109053	7571	8409	23766	39221	5.206.004	999871	180108	5016777	2089827	36808	-34101	-35777	-36066	0	1	1	1	8	5	1	1	9	3333	1	1	0	1	0	0	0	1	0	1	0	0	0	1	0	1	0
1	44096	764	51	29	53	31	6	3	0	12	22	20	2	4	0	1	1	1	0	0	0	2	9	2	431373	392157	39216	78431	39216	1	0	3	3	19	0	3	0	0	0	2	1	0	0	0	0	0	-2682	1092694	7571	8409	27545	41276	5.234.342	1149472	180108	5046013	2101809	37415	-37313	-39367	-39845	0	1	1	1	8	5	1	1	9	3333	1	1	0	1	0	0	0	1	0	1	0	0	0	1	0	1	0
1	42693	794	48	28	50	30	6	3	0	12	20	19	2	4	0	1	1	1	0	0	0	2	9	2	416667	395833	41667	83333	41667	1	0	3	3	18	0	3	0	0	0	3	0	0	0	0	0	0	-2525	1046684	7571	8409	25336	36714	4.973.575	1149472	180108	481196	2005885	35685	-35436	-37269	-37636	0	1	1	1	8	5	1	1	9	3333	1	1	0	1	0	0	0	1	0	1	0	0	0	1	0	1	0
1	42499	767	53	28	54	29	9	3	0	12	25	20	2	4	0	1	0	1	0	0	0	2	8	1	471698	377358	37736	75472	18868	1	0	2	2	12	0	2	0	0	0	2	0	0	0	0	0	0	2823	1104369	897	9808	27686	43795	5.577.336	1148735	328972	5197176	2163761	38044	-37433	-39501	-39986	0	1	1	8333	1	1	1	1	9762	3333	1	1	0	1	0	0	0	1	0	1	0	0	0	1	0	1	0
0	44096	764	51	29	53	31	6	3	0	12	22	20	2	4	0	1	1	1	0	0	0	2	9	2	431373	392157	39216	78431	39216	1	0	3	3	19	0	3	0	0	0	2	1	0	0	0	0	0	-2682	1092694	7571	8409	27545	41276	5.234.342	1149472	180108	5046013	2101809	37415	-37313	-39367	-39845	0	1	1	1	8	5	1	1	9	3333	1	1	0	1	0	0	0	1	0	1	0	0	0	1	0	1	0
0	34946	862	49	26	51	28	5	1	0	17	23	22	1	3	0	0	0	0	0	0	0	0	4	0	469388	44898	20408	61224	0	1	0	3	4	18	1	2	0	0	0	3	0	0	0	1	0	0	-4078	1028183	4977	4977	4246	41784	4.877.835	819525	426833	4603821	1920582	33299	-49991	-53537	-5476	0	75	1	1	8	5	1	1	8643	3333	875	1	0	1	0	1	0	1	1	1	0	0	0	1	0	1	0
1	44096	764	51	29	53	31	6	3	0	12	22	20	2	4	0	1	1	1	0	0	0	2	9	2	431373	392157	39216	78431	39216	1	0	3	3	19	0	3	0	0	0	2	1	0	0	0	0	0	-2682	1092694	7571	8409	27545	41276	5.234.342	1149472	180108	5046013	2101809	37415	-37313	-39367	-39845	0	1	1	1	8	5	1	1	9	3333	1	1	0	1	0	0	0	1	0	1	0	0	0	1	0	1	0
1	42297	794	51	28	53	30	6	3	0	12	23	20	2	4	0	1	0	1	0	0	0	2	8	1	45098	392157	39216	78431	19608	1	0	3	3	19	0	3	0	0	0	2	1	0	0	0	0	0	-2878	109053	7571	8409	23766	39221	5.206.004	999871	180108	5016777	2089827	36808	-34101	-35777	-36066	0	1	1	1	8	5	1	1	9	3333	1	1	0	1	0	0	0	1	0	1	0	0	0	1	0	1	0
1	44096	764	51	29	53	31	6	3	0	12	22	20	2	4	0	1	1	1	0	0	0	2	9	2	431373	392157	39216	78431	39216	1	0	3	3	19	0	3	0	0	0	2	1	0	0	0	0	0	-2682	1092694	7571	8409	27545	41276	5.234.342	1149472	180108	5046013	2101809	37415	-37313	-39367	-39845	0	1	1	1	8	5	1	1	9	3333	1	1	0	1	0	0	0	1	0	1	0	0	0	1	0	1	0
0	42396	794	50	28	52	30	6	3	0	12	22	19	3	4	0	1	0	1	0	0	0	2	9	1	44	38	6	8	2	1	0	3	3	19	0	3	0	0	0	2	1	0	0	0	0	0	-2525	1072096	886	9698	22064	33106	515.281	1167726	180108	4948505	2061846	36178	-32655	-34161	-34364	0	1	1	1	8	5	1	1	9	3333	1	1	0	1	0	0	0	1	0	1	1	0	0	1	0	1	0
0	4129	826	45	27	47	29	6	3	0	12	18	18	2	4	0	1	1	1	0	0	0	2	9	2	40	40	44444	88889	44444	1	0	3	3	17	0	3	0	0	1	2	0	0	0	0	0	0	-2357	1000246	7571	8409	23084	30914	4.712.807	1149472	180108	4577907	1909962	33955	-33521	-3513	-35384	0	1	1	1	8	5	1	1	9	3333	1	1	0	1	0	0	0	1	0	1	1	0	0	1	0	1	0
0	43056	726	58	32	62	36	6	0	0	22	26	24	6	2	0	0	0	0	0	0	0	0	8	0	448276	413793	103448	34483	0	1	0	5	6	28	1	4	0	0	2	3	0	0	1	0	0	0	-7434	125297	7023	7023	41439	34128	5.351.237	752356	0	5371096	2235039	37554	-49123	-52567	-53739	0	1	1	1	8	5	1	1	9	1667	875	1	0	0	0	0	0	1	0	1	0	0	0	1	0	1	0
0	52915	619	69	36	72	39	11	2	0	18	33	28	2	4	0	1	0	1	0	0	0	2	8	1	478261	405797	28986	57971	14493	1	0	4	4	23	0	4	0	0	1	3	0	0	0	0	0	0	-7719	1460925	5908	6746	37438	63983	6.777.749	709556	0	6565947	2724732	47794	-45722	-48766	-49738	0	75	6667	6667	9	5	6667	5	6643	1667	75	0	0	0	0	0	0	0	0	0	0	0	0	0	0	0	0
0	48973	619	75	36	78	39	7	0	0	18	39	29	5	2	0	0	0	0	0	0	0	0	7	0	52	386667	66667	26667	0	1	0	4	4	24	0	4	0	0	0	4	0	0	0	0	0	0	1208	1481152	7375	7375	43491	67298	7.171.177	1115137	606941	6627409	2749922	47694	-50868	-54517	-55791	0	75	8333	1	1	1	1	1	9405	1667	75	0	0	0	0	0	0	0	0	0	0	0	0	0	0	0	0
0	47472	639	73	35	76	38	6	0	0	18	38	28	6	1	0	0	0	0	0	0	0	0	7	0	520548	383562	82192	13699	0	1	0	4	4	24	0	4	0	0	0	4	0	0	0	0	0	0	7633	1466852	7954	7954	49657	66983	6.833.605	1017275	509079	6461628	2681979	46185	-56108	-60374	-61957	0	75	6667	1	1	1	1	1	9167	1667	75	0	0	0	0	0	0	0	0	0	0	0	0	0	0	0	0
0	58176	534	80	42	84	46	6	0	0	22	38	31	7	1	0	0	3	0	0	0	0	0	11	3	475	3875	875	125	375	1	0	5	6	29	1	4	0	0	1	4	0	0	1	0	0	0	-3605	1594395	7134	7134	58146	81718	7.481.095	1304962	180108	7165449	297043	51706	-63324	-68439	-70446	1	5	6667	6667	8	1	6667	1	7571	1667	625	0	0	0	0	0	0	0	0	0	0	0	0	0	0	0	0
0	52779	58	80	39	84	43	6	0	0	22	41	31	7	1	0	0	0	0	0	0	0	0	8	0	5125	3875	875	125	0	1	0	5	6	29	1	4	0	0	1	4	0	0	1	0	0	0	-4088	1584293	7134	7134	55338	70836	7.396.082	856159	180108	7077741	2934484	49885	-60938	-65772	-67638	1	5	6667	6667	8	1	6667	1	7571	1667	625	0	0	0	0	0	0	0	0	0	0	0	0	0	0	0	0
0	51376	597	77	38	81	42	6	0	0	22	39	30	7	1	0	0	0	0	0	0	0	0	8	0	506494	38961	90909	12987	0	1	0	5	6	29	1	4	0	0	1	4	0	0	1	0	0	0	-4005	1539886	7134	7134	53436	68228	7.135.315	856159	180108	6843688	2838561	48155	-59321	-63964	-65736	1	5	6667	6667	8	5	6667	1	6857	1667	625	0	0	0	0	0	0	0	0	0	0	0	0	0	0	0	0
0	4857	635	71	36	75	40	6	0	0	22	35	28	7	1	0	0	0	0	0	0	0	0	8	0	492958	394366	98592	14085	0	1	0	5	6	29	1	4	0	0	1	4	0	0	1	0	0	0	-3826	1449328	7134	7134	49554	62403	6.509.023	856159	180108	6375581	2646714	44695	-56021	-60276	-61854	0	75	6667	1	8	5	1	1	8167	1667	625	0	0	0	0	0	0	0	0	0	0	0	0	0	0	0	0
0	58686	52	89	43	93	47	9	1	0	18	46	34	6	3	0	0	0	0	0	0	0	0	9	0	516854	382022	67416	33708	0	1	0	5	5	29	0	5	0	0	1	4	0	0	0	0	0	0	911	1730305	9185	9185	41333	69012	8.274.594	1229859	360215	7809136	3234236	56823	-49033	-52466	-53633	0	75	6667	6667	9	1	8333	1	831	1667	75	0	0	0	0	0	0	0	0	0	0	0	0	0	0	0	0
0	48973	619	75	36	78	39	7	0	0	18	39	29	5	2	0	0	0	0	0	0	0	0	7	0	52	386667	66667	26667	0	1	0	4	4	24	0	4	0	0	0	4	0	0	0	0	0	0	-4102	148448	6275	6275	51611	74285	7.101.462	798302	180108	6627409	2749922	47694	-5777	-62231	-63911	0	75	6667	8333	9	1	8333	1	8548	1667	75	0	0	0	0	0	0	0	0	0	0	0	0	0	0	0	0
0	56185	537	88	41	91	44	10	0	0	18	47	33	5	3	0	0	0	0	0	0	0	0	8	0	534091	375	56818	34091	0	1	0	4	4	24	0	4	0	0	0	4	0	0	0	0	0	0	885	1686615	8298	8298	5169	7534	8.491.215	1225136	606941	766113	3173578	55493	-57837	-62306	-6399	1	5	5	5	8	1	6667	1	7095	1667	75	0	0	0	0	0	0	0	0	0	0	0	0	0	0	0	0
0	58691	52	93	43	97	47	10	0	0	18	50	35	6	2	0	0	0	0	0	0	0	0	8	0	537634	376344	64516	21505	0	1	0	5	5	29	0	5	0	0	1	4	0	0	0	0	0	0	-4384	1785429	6599	6599	55333	81193	8.545.676	829545	180108	801711	3319471	57938	-60933	-65767	-67633	1	5	5	5	8	1	6667	1	7095	1667	625	0	0	0	0	0	0	0	0	0	0	0	0	0	0	0	0
0	54684	551	86	40	89	43	10	0	0	18	46	32	6	2	0	0	0	0	0	0	0	0	8	0	534884	372093	69767	23256	0	1	0	4	4	24	0	4	0	0	0	4	0	0	0	0	0	0	-4167	1664671	6599	6599	49836	75672	808.276	829545	180108	7495349	3105635	53984	-5626	-60544	-62136	1	5	5	6667	9	1	8333	1	7714	1667	75	0	0	0	0	0	0	0	0	0	0	0	0	0	0	0	0
0	58888	52	91	43	95	47	10	0	0	18	48	34	6	3	0	0	0	0	0	0	0	0	9	0	527473	373626	65934	32967	0	1	0	5	5	30	0	5	0	0	0	5	0	0	0	0	0	0	-4153	1755416	7522	7522	46132	72549	8.394.215	939544	180108	7880565	326351	57087	-53113	-57026	-58432	1	5	3333	6667	9	1	8333	1	7476	1667	625	0	0	0	0	0	0	0	0	0	0	0	0	0	0	0	0
1	5026	682	57	33	60	36	6	4	0	12	24	22	0	7	0	2	2	0	0	0	0	2	11	2	421053	385965	0	122807	35088	1	0	4	7	24	2	2	0	0	0	4	0	0	0	2	0	0	-661	1164741	9597	11273	26511	25168	5.696.938	1515458	0	5463621	227296	41277	-36434	-38385	-38811	0	75	8333	8333	7	5	8333	1	7786	3333	875	0	0	0	0	0	0	0	0	1	0	0	0	0	0	0	0
1	38149	883	46	27	50	31	4	2	0	17	19	20	3	3	0	1	0	0	0	0	0	1	7	0	413043	434783	65217	65217	0	1	0	5	8	26	2	3	1	0	1	3	0	0	1	1	0	0	-3089	1039872	7529	8367	27536	41205	427.333	734944	16663	4449502	1857337	31682	-37306	-39359	-39836	0	1	1	1	8	5	1	1	9	3333	875	1	0	1	0	0	0	1	0	1	0	0	0	1	0	1	0
1	54504	616	60	37	64	41	5	3	0	22	23	27	2	4	0	1	2	1	0	0	0	2	10	3	383333	45	33333	66667	5	1	0	5	6	29	1	4	0	0	1	4	0	0	1	0	0	0	-3381	1369971	7947	8785	40086	51829	6.027.498	1135023	167855	606711	2520291	44424	-47973	-51282	-52386	0	75	8333	8333	7	5	8333	1	7786	1667	75	0	0	0	0	0	0	0	0	0	0	0	0	0	0	0	0
1	55907	597	63	38	67	42	5	3	0	22	25	28	2	4	0	1	2	1	0	0	0	2	10	3	396825	444444	31746	63492	47619	1	0	5	6	29	1	4	0	0	1	4	0	0	1	0	0	0	-7316	1418938	6861	7699	42014	53888	6.315.731	1135023	0	6301163	2616214	46154	-49612	-53113	-54314	1	5	8333	8333	7	5	8333	1	7429	1667	625	0	0	0	0	0	0	0	0	0	0	0	0	0	0	0	0
1	43252	746	56	32	61	37	4	4	0	11	24	24	4	4	0	0	0	0	0	0	0	0	8	0	428571	428571	71429	71429	0	1	0	6	10	32	3	3	1	0	1	4	1	0	0	2	1	0	-7434	1196013	7859	7859	21879	5462	5.092.808	953238	0	5125581	2134419	3832	-32497	-33985	-34179	0	1	8333	1	8	5	1	1	8762	3333	875	1	0	0	0	0	0	0	0	1	0	0	0	1	0	1	0
1	39798	933	45	25	48	28	4	2	0	11	20	18	1	3	0	2	0	1	0	0	0	3	7	1	444444	40	22222	66667	22222	1	0	4	7	23	3	2	0	0	2	1	1	1	0	0	1	1	-2773	1012817	554	9202	32328	43522	453.293	717178	16405	4519435	1885998	32512	-41379	-43912	-44628	0	1	1	1	8	5	1	1	9	1667	1	1	0	1	0	0	0	1	0	1	0	0	0	1	0	1	0
1	38989	892	42	26	45	29	3	2	0	17	16	18	3	3	0	1	0	1	0	0	0	2	8	1	380952	428571	71429	71429	2381	1	0	4	7	23	2	2	0	0	1	3	0	0	1	1	0	0	-2557	1015982	7529	8367	25261	43135	4.289.489	734944	16663	4365116	1822753	30979	-35372	-37198	-37561	0	1	1	1	6	0	1	1	8	5	1	1	0	1	0	0	0	1	0	1	0	0	0	1	0	1	0
1	42553	726	55	32	59	36	6	0	0	27	23	25	5	2	0	0	0	0	0	0	0	0	7	0	418182	454545	90909	36364	0	1	0	5	6	28	1	4	0	0	2	3	0	0	1	0	0	0	-3717	1229231	6561	6561	29262	45489	5.165.413	735816	180108	5296512	2204472	36566	-38773	-40999	-41562	0	1	1	1	6	0	1	1	8	3333	875	1	0	0	0	0	0	1	0	0	0	0	0	1	0	1	0
1	43956	701	58	33	62	37	6	0	0	27	25	26	5	2	0	0	0	0	0	0	0	0	7	0	431034	448276	86207	34483	0	1	0	5	6	28	1	4	0	0	2	3	0	0	1	0	0	0	-3821	1281118	6613	6613	31306	49461	542.618	735816	180108	5530565	2300395	38296	-4051	-4294	-43606	0	1	1	1	6	5	1	1	8714	1667	875	1	0	0	0	0	0	1	0	0	0	0	0	0	0	1	0
1	42297	794	51	28	53	30	6	3	0	12	23	20	2	4	0	1	0	1	0	0	0	2	8	1	45098	392157	39216	78431	19608	1	0	3	3	19	0	3	0	0	0	2	1	0	0	0	0	0	-2878	109053	7571	8409	23766	39221	5.206.004	999871	180108	5016777	2089827	36808	-34101	-35777	-36066	0	1	1	1	8	5	1	1	9	3333	1	1	0	1	0	0	0	1	0	1	0	0	0	1	0	1	0
0	52915	619	69	36	72	39	11	2	0	18	33	28	2	4	0	1	0	1	0	0	0	2	8	1	478261	405797	28986	57971	14493	1	0	4	4	23	0	4	0	0	1	3	0	0	0	0	0	0	-7719	1460925	5908	6746	37438	63983	6.777.749	709556	0	6565947	2724732	47794	-45722	-48766	-49738	0	75	6667	6667	9	5	6667	5	6643	1667	75	0	0	0	0	0	0	0	0	0	0	0	0	0	0	0	0
1	42553	726	55	32	59	36	6	0	0	27	23	25	5	2	0	0	0	0	0	0	0	0	7	0	418182	454545	90909	36364	0	1	0	5	6	28	1	4	0	0	2	3	0	0	1	0	0	0	-3717	1241311	6613	6613	29262	4863	5.171.539	734591	180108	5296512	2204472	36566	-38773	-40999	-41562	0	1	1	1	6	0	1	1	8	3333	875	1	0	0	0	0	0	1	0	0	0	0	0	0	0	1	0
1	43956	701	58	33	62	37	6	0	0	27	25	26	5	2	0	0	0	0	0	0	0	0	7	0	431034	448276	86207	34483	0	1	0	5	6	28	1	4	0	0	2	3	0	0	1	0	0	0	-3821	1289721	6613	6613	31306	50085	5.432.306	734591	180108	5530565	2300395	38296	-4051	-4294	-43606	0	1	1	1	6	5	1	1	8714	1667	875	1	0	0	0	0	0	1	0	0	0	0	0	0	0	1	0
0	42651	726	54	32	58	36	6	0	0	27	22	25	4	3	0	0	0	0	0	0	0	0	7	0	407407	462963	74074	55556	0	1	0	5	6	28	1	4	0	0	2	3	0	0	1	0	0	0	-3717	1209697	7434	7434	29262	47503	5.119.007	830889	180108	5228239	2176491	36345	-38773	-40999	-41562	0	1	1	1	6	0	1	1	8	3333	875	1	0	0	0	0	0	1	0	0	0	0	0	0	0	1	0
0	42297	794	51	28	53	30	6	3	0	12	23	20	2	4	0	1	0	1	0	0	0	2	8	1	45098	392157	39216	78431	19608	1	0	3	3	19	0	3	0	0	0	2	1	0	0	0	0	0	-2878	109053	7571	8409	23766	39221	5.206.004	999871	180108	5016777	2089827	36808	-34101	-35777	-36066	0	1	1	1	8	5	1	1	9	3333	1	1	0	1	0	0	0	1	0	1	0	0	0	1	0	1	0
1	52915	619	69	36	72	39	11	2	0	18	33	28	2	4	0	1	0	1	0	0	0	2	8	1	478261	405797	28986	57971	14493	1	0	4	4	23	0	4	0	0	1	3	0	0	0	0	0	0	-7719	1460925	5908	6746	37438	63983	6.777.749	709556	0	6565947	2724732	47794	-45722	-48766	-49738	0	75	6667	6667	9	5	6667	5	6643	1667	75	0	0	0	0	0	0	0	0	0	0	0	0	0	0	0	0
1	39049	788	51	29	54	32	6	0	0	22	22	21	6	2	0	0	0	0	0	0	0	0	8	0	431373	411765	117647	39216	0	1	0	4	4	22	0	4	0	0	2	2	0	0	0	0	0	0	-3023	1092189	7902	7902	34991	34272	4.902.705	902446	180108	4849336	2021203	336	-43643	-46442	-47291	0	1	1	1	6	0	1	1	8	1667	1	1	0	1	0	0	0	1	1	1	0	0	0	1	0	1	0
1	5551	619	61	36	64	39	7	4	0	18	25	26	0	5	0	2	2	1	0	0	0	3	10	3	409836	42623	0	81967	4918	1	0	4	4	24	0	4	0	0	0	4	0	0	0	0	0	0	-7167	1349804	7751	9427	49911	65206	6.344.968	129546	0	6193854	2572235	46078	-56325	-60616	-62211	1	5	6667	8333	7	5	8333	1	719	1667	75	0	0	0	0	0	0	0	0	0	0	0	0	0	0	0	0
1	37152	923	47	26	51	30	4	0	0	15	21	17	7	1	0	1	0	0	0	0	0	1	9	0	446809	361702	148936	21277	0	1	0	5	7	27	3	3	0	0	3	2	1	0	1	0	0	0	-2177	1026718	8047	10871	34296	24529	4.336.581	97345	180108	4358306	1819961	29662	-43052	-45782	-46596	0	1	1	1	8	5	1	1	9	1667	875	1	1	1	0	1	0	1	0	1	1	0	0	1	1	1	0
1	48054	655	58	35	62	39	5	1	0	22	23	25	6	1	0	0	3	0	0	0	0	0	10	3	396552	431034	103448	17241	51724	1	0	5	6	28	1	4	0	0	2	3	0	0	1	0	0	0	-7087	1250925	7065	7065	54707	51635	549.97	1228998	0	552392	2297672	39962	-60401	-65172	-67007	0	75	6667	8333	7	5	8333	1	7548	1667	625	0	0	0	0	0	0	0	0	0	0	0	0	0	0	0	0
1	48054	655	58	35	62	39	5	1	0	22	23	25	6	1	0	0	3	0	0	0	0	0	10	3	396552	431034	103448	17241	51724	1	0	5	6	28	1	4	0	0	2	3	0	0	1	0	0	0	-7087	1254792	7065	7065	54707	5046	5.495.412	1228998	0	552392	2297672	39962	-60401	-65172	-67007	0	75	6667	8333	7	5	8333	1	7548	1667	625	0	0	0	0	0	0	0	0	0	0	0	0	0	0	0	0
0	40284	82	44	28	47	31	4	1	0	17	16	19	4	3	0	0	1	1	0	0	0	1	9	2	363636	431818	90909	68182	45455	1	0	4	5	22	1	3	0	0	2	2	0	0	1	0	0	0	-2525	998019	7827	7827	25865	30753	4.500.127	1136866	180108	4451163	1858018	32301	-35885	-37771	-38165	0	1	1	1	8	5	1	1	9	3333	1	1	0	1	0	0	0	1	0	1	1	0	0	1	0	1	0
0	42394	782	52	30	56	34	5	1	0	17	22	22	5	2	0	0	0	1	0	0	0	1	8	1	423077	423077	96154	38462	19231	1	0	5	5	26	0	5	1	0	1	3	0	0	0	0	0	0	-3159	1130383	7356	7356	4349	42225	502.841	932003	180108	501196	2087853	35869	-50867	-54516	-5579	0	75	1	1	8	5	1	1	8643	1667	75	1	0	1	0	0	0	1	0	1	0	0	0	1	0	1	0
1	43651	706	54	32	57	35	6	0	0	23	22	23	6	1	0	0	2	0	0	0	0	0	9	2	407407	425926	111111	18519	37037	1	0	4	4	23	0	4	0	0	1	3	0	0	0	0	0	0	-3097	1200091	7775	7775	44137	51178	529.585	1258279	180108	5206977	2167777	37131	-51417	-55131	-56437	0	75	1	1	8	5	1	1	8643	1667	875	1	0	0	0	0	0	1	0	0	0	0	0	0	0	0	0
1	44964	726	59	32	63	36	6	0	0	21	27	23	7	1	0	1	0	0	0	0	0	1	9	0	457627	389831	118644	16949	0	1	0	5	6	26	1	4	0	0	4	1	0	1	0	0	0	0	-3097	1265014	8268	11092	40067	48469	5.596.999	960302	180108	5548339	230768	3816	-47957	-51264	-52367	0	1	1	1	8	5	1	1	9	1667	875	1	0	0	0	0	0	1	0	0	0	0	0	0	0	1	0
1	46367	701	62	33	66	37	6	0	0	21	29	24	7	1	0	1	0	0	0	0	0	1	9	0	467742	387097	112903	16129	0	1	0	5	6	27	1	4	0	0	3	2	0	0	1	0	0	0	-322	1311024	8268	11092	42179	53031	5.857.766	960302	180108	5782392	2403603	3989	-49752	-5327	-54479	0	75	8333	1	8	5	1	1	8405	1667	625	0	0	0	0	0	0	0	0	0	0	0	0	0	0	0	0
1	43561	753	56	31	60	35	6	0	0	21	25	22	7	1	0	1	0	0	0	0	0	1	9	0	446429	392857	125	17857	0	1	0	5	6	26	1	4	0	0	4	1	0	1	0	0	0	0	-2967	1218638	8268	11092	37919	46419	5.273.325	960302	180108	5314286	2211756	3643	-46131	-49223	-50219	0	1	1	1	8	5	1	1	9	1667	875	1	0	0	0	0	0	1	0	0	0	0	0	1	0	1	0
1	44964	726	59	32	63	36	6	0	0	21	27	23	7	1	0	1	0	0	0	0	0	1	9	0	457627	389831	118644	16949	0	1	0	5	6	27	1	4	0	0	3	2	0	0	1	0	0	0	-3097	1264648	8268	11092	40067	50981	5.534.092	960302	180108	5548339	230768	3816	-47957	-51264	-52367	0	1	1	1	8	5	1	1	9	1667	875	1	0	0	0	0	0	1	0	0	0	0	0	0	0	1	0
1	40755	813	50	29	54	33	5	0	0	21	21	20	7	1	0	1	0	0	0	0	0	1	9	0	42	40	14	2	0	1	0	5	6	26	1	4	0	0	4	1	0	1	0	0	0	0	-2682	1126976	8268	11092	33501	39156	470.994	960302	180108	4846179	201991	3297	-42376	-45026	-45801	0	1	1	1	8	5	1	1	9	1667	875	1	0	1	0	0	0	1	1	1	0	0	0	1	0	1	0
1	42158	782	53	30	57	34	5	0	0	21	23	21	7	1	0	1	0	0	0	0	0	1	9	0	433962	396226	132075	18868	0	1	0	5	6	27	1	4	0	0	3	2	0	0	1	0	0	0	-2829	1172986	8268	11092	35731	43718	4.970.708	960302	180108	5080233	2115833	347	-44271	-47144	-48031	0	1	1	1	8	5	1	1	9	1667	875	1	0	1	0	0	0	1	1	1	0	0	0	1	0	1	0
1	44762	746	57	32	62	37	6	0	0	21	25	23	7	1	0	1	0	0	0	0	0	1	9	0	438596	403509	122807	17544	0	1	0	6	7	30	1	5	0	1	4	1	0	1	0	0	0	0	-3097	124509	8268	11092	40067	48615	5.172.856	960302	180108	536794	2233746	36924	-47957	-51264	-52367	0	1	8333	1	8	5	1	1	8762	1667	875	1	0	0	0	0	0	1	0	0	0	0	0	0	0	1	0
1	46165	72	60	33	65	38	6	0	0	21	27	24	7	1	0	1	0	0	0	0	0	1	9	0	45	40	116667	16667	0	1	0	6	7	31	1	5	0	1	3	2	0	0	1	0	0	0	-322	12911	8268	11092	42179	53177	5.433.624	960302	180108	5601993	2329669	38654	-49752	-5327	-54479	0	75	6667	1	8	5	1	1	8167	1667	625	1	0	0	0	0	0	0	0	0	0	0	0	0	0	0	0
1	47568	695	63	34	68	39	6	0	0	21	29	25	7	1	0	1	0	0	0	0	0	1	9	0	460317	396825	111111	15873	0	1	0	6	7	32	1	5	0	0	4	2	0	0	1	0	0	0	-3336	133711	8268	11092	44255	57739	5.694.391	960302	180108	5836047	2425593	40384	-51517	-55242	-56555	0	75	6667	1	8	5	1	1	8167	1667	625	0	0	0	0	0	0	0	0	0	0	0	0	0	0	0	0
1	48971	672	66	35	71	40	6	0	0	21	31	26	7	1	0	1	0	0	0	0	0	1	9	0	469697	393939	106061	15152	0	1	0	6	7	33	1	5	0	0	3	3	0	0	1	0	0	0	-3446	138312	8268	11092	46298	62301	5.955.159	960302	180108	60701	2521516	42114	-53254	-57184	-58598	0	75	5	1	8	5	1	1	7929	1667	625	0	0	0	0	0	0	0	0	0	0	0	0	0	0	0	0
0	50473	651	68	36	73	41	6	0	0	21	32	26	8	1	0	1	0	0	0	0	0	1	10	0	470588	382353	117647	14706	0	1	0	6	7	33	1	5	0	0	3	3	0	0	1	0	0	0	-3275	1427497	8592	11416	38908	44826	6.154.155	991545	180108	623588	2589459	43214	-46972	-50163	-51208	0	75	5	8333	7	5	8333	1	731	1667	75	0	0	0	0	0	0	0	0	0	0	0	0	0	0	0	0
1	47765	695	61	34	66	39	6	0	0	21	27	24	7	2	0	1	0	0	0	0	0	1	10	0	442623	393443	114754	32787	0	1	0	6	7	32	1	5	0	0	4	2	0	0	1	0	0	0	-3045	1309087	9191	12015	34788	41506	558.478	1070301	180108	5699502	2369632	39533	-4347	-46249	-47088	0	1	5	1	8	5	1	1	8286	1667	75	0	0	0	0	0	0	0	0	0	0	0	0	0	0	0	0
1	49168	672	64	35	69	40	6	0	0	21	29	25	7	2	0	1	0	0	0	0	0	1	10	0	453125	390625	109375	3125	0	1	0	6	7	33	1	5	0	0	3	3	0	0	1	0	0	0	-3163	1357741	9191	12015	36865	4213	5.845.547	1070301	180108	5933555	2465555	41263	-45235	-48222	-49165	0	1	5	1	8	5	1	1	8286	1667	75	0	0	0	0	0	0	0	0	0	0	0	0	0	0	0	0
1	47967	677	63	34	67	38	7	0	0	21	29	24	7	2	0	1	0	0	0	0	0	1	10	0	460317	380952	111111	31746	0	1	0	5	6	27	1	4	0	0	3	2	0	0	1	0	0	0	235	1326467	10291	13115	34788	44149	6.099.693	1387136	606941	58799	2443566	40769	-4347	-46249	-47088	0	1	6667	1	8	5	1	1	8524	1667	75	0	0	0	0	0	0	0	0	0	0	0	0	0	0	0	0
1	47555	701	53	33	57	37	6	0	0	21	20	21	7	1	0	1	3	0	0	0	0	1	12	3	377358	396226	132075	18868	56604	1	0	5	6	26	1	4	0	0	4	1	0	1	0	0	0	0	-2319	1181477	8268	11092	38998	4923	5.055.721	1409106	180108	516794	2151779	36521	-47048	-50248	-51298	0	1	8333	1	8	5	1	1	8762	1667	75	1	0	0	0	0	0	0	0	0	0	0	0	0	0	0	0
1	48958	677	56	34	60	38	6	0	0	21	22	22	7	1	0	1	3	0	0	0	0	1	12	3	392857	392857	125	17857	53571	1	0	5	6	27	1	4	0	0	3	2	0	0	1	0	0	0	-2461	1227487	8268	11092	41127	53792	5.316.488	1409106	180108	5401993	2247702	38251	-48858	-52271	-53427	0	1	8333	1	8	5	1	1	8762	1667	75	0	0	0	0	0	0	0	0	0	0	0	0	0	0	0	0
1	53476	612	72	38	77	43	9	0	0	21	34	27	8	2	0	1	0	0	0	0	0	1	11	0	472222	375	111111	27778	0	1	0	6	7	33	1	5	0	0	3	3	0	0	1	0	0	0	-3221	1492576	9515	12339	33612	42606	6.524.228	1101544	180108	6567442	2725345	45823	-42471	-45132	-45912	0	75	5	6667	9	5	8333	1	7357	1667	75	0	0	0	0	0	0	0	0	0	0	0	0	0	0	0	0
1	46564	701	60	33	64	37	8	0	0	21	27	23	7	2	0	1	0	0	0	0	0	1	10	0	45	383333	116667	33333	0	1	0	5	6	27	1	4	0	0	3	2	0	0	1	0	0	0	252	1284563	10291	13115	32677	38948	5.713.113	1387136	606941	5645847	2347642	39039	-41676	-44243	-44977	0	1	6667	1	8	5	1	1	8524	1667	75	1	0	0	0	0	0	0	0	0	0	0	0	0	0	0	0
1	43957	753	53	31	57	35	6	0	0	21	22	21	7	1	0	1	1	0	0	0	0	1	10	1	415094	396226	132075	18868	18868	1	0	5	6	26	1	4	0	0	4	1	0	1	0	0	0	0	-2648	1172978	8268	11092	3683	43162	4.999.045	1109903	180108	5109468	2127815	35307	-45205	-48188	-4913	0	1	1	1	8	5	1	1	9	1667	875	1	0	1	0	0	0	1	0	1	0	0	0	1	0	1	0
1	4536	726	56	32	60	36	6	0	0	21	24	22	7	1	0	1	1	0	0	0	0	1	10	1	428571	392857	125	17857	17857	1	0	5	6	27	1	4	0	0	3	2	0	0	1	0	0	0	-2788	1218988	8268	11092	38998	47724	5.259.813	1109903	180108	5343522	2223738	37037	-47048	-50248	-51298	0	1	8333	1	8	5	1	1	8762	1667	875	1	0	0	0	0	0	1	0	0	0	0	0	0	0	1	0
1	51876	631	71	37	76	42	8	0	0	21	34	27	8	1	0	1	0	0	0	0	0	1	10	0	478873	380282	112676	14085	0	1	0	6	7	33	1	5	0	0	3	3	0	0	1	0	0	0	-3381	1474589	8592	11416	40921	54277	6.373.072	991545	180108	6469934	2685383	44944	-48683	-52075	-53221	0	75	5	8333	7	5	8333	1	731	1667	75	0	0	0	0	0	0	0	0	0	0	0	0	0	0	0	0
1	52073	631	69	37	74	42	8	0	0	21	32	26	8	2	0	1	0	0	0	0	0	1	11	0	463768	376812	115942	28986	0	1	0	6	7	33	1	5	0	0	3	3	0	0	1	0	0	0	-3113	1443922	9515	12339	316	41982	6.263.461	1101544	180108	6333389	2629422	44093	-4076	-4322	-439	0	75	5	8333	7	5	8333	1	731	1667	75	0	0	0	0	0	0	0	0	0	0	0	0	0	0	0	0
1	43758	753	54	31	58	35	7	0	0	21	23	21	7	2	0	1	0	0	0	0	0	1	10	0	425926	388889	12963	37037	0	1	0	5	6	26	1	4	0	0	4	1	0	1	0	0	0	0	2889	1189899	10291	13115	28341	33762	5.191.578	1387136	606941	5177741	2155795	35579	-3799	-40124	-40641	0	1	8333	1	8	5	1	1	8762	3333	875	1	0	1	0	0	0	1	0	1	0	0	0	1	0	1	0
1	45161	726	57	32	61	36	7	0	0	21	25	22	7	2	0	1	0	0	0	0	0	1	10	0	438596	385965	122807	35088	0	1	0	5	6	27	1	4	0	0	3	2	0	0	1	0	0	0	2699	1235909	10291	13115	30529	38324	5.452.345	1387136	606941	5411794	2251719	37309	-39849	-42202	-42829	0	1	6667	1	8	5	1	1	8524	1667	875	1	0	0	0	0	0	1	0	1	0	0	0	1	0	1	0
1	46569	682	64	33	67	36	7	0	0	21	31	24	7	1	0	1	0	0	0	0	0	1	9	0	484375	375	109375	15625	0	1	0	4	4	21	0	4	0	0	3	1	0	0	0	0	0	0	-322	1323379	8268	11092	42179	56117	631.947	960302	180108	5962791	2477537	41126	-49752	-5327	-54479	0	75	8333	1	8	5	1	1	8405	1667	75	0	0	0	0	0	0	0	0	0	0	0	0	0	0	0	0
1	45166	706	61	32	64	35	7	0	0	21	29	23	7	1	0	1	0	0	0	0	0	1	9	0	47541	377049	114754	16393	0	1	0	4	4	21	0	4	0	0	3	1	0	0	0	0	0	0	-3097	1277003	8268	11092	40067	54067	5.995.796	960302	180108	5728738	2381614	39396	-47957	-51264	-52367	0	1	8333	1	8	5	1	1	8762	1667	1	1	0	0	0	0	0	0	0	0	0	0	0	0	0	0	0
1	4236	759	55	30	58	33	6	0	0	21	25	21	7	1	0	1	0	0	0	0	0	1	9	0	454545	381818	127273	18182	0	1	0	4	4	21	0	4	0	0	3	1	0	0	0	0	0	0	-2829	1185341	8268	11092	35731	46804	5.432.411	960302	180108	5260631	2189767	35936	-44271	-47144	-48031	0	1	1	1	8	5	1	1	9	1667	1	1	0	0	0	0	0	1	0	0	0	0	0	1	0	1	0
1	4916	66	58	34	61	37	7	0	0	21	24	22	7	1	0	1	3	0	0	0	0	1	12	3	413793	37931	12069	17241	51724	1	0	4	4	21	0	4	0	0	3	1	0	0	0	0	0	0	-2461	1239842	8268	11092	41127	56878	5.778.192	1409106	180108	5582392	2321636	39487	-48858	-52271	-53427	0	1	8333	1	8	5	1	1	8762	1667	875	0	0	0	0	0	0	0	0	0	0	0	0	0	0	0	0
1	45562	706	58	32	61	35	7	0	0	21	26	22	7	1	0	1	1	0	0	0	0	1	10	1	448276	37931	12069	17241	17241	1	0	4	4	21	0	4	0	0	3	1	0	0	0	0	0	0	-2788	1231343	8268	11092	38998	5081	5.721.516	1109903	180108	552392	2297672	38273	-47048	-50248	-51298	0	1	8333	1	8	5	1	1	8762	1667	1	1	0	0	0	0	0	1	0	0	0	0	0	0	0	0	0
1	47757	682	55	33	58	36	6	0	0	21	22	21	7	1	0	1	3	0	0	0	0	1	12	3	40	381818	127273	18182	54545	1	0	4	4	21	0	4	0	0	3	1	0	0	0	0	0	0	-2319	1196457	8268	11092	38998	51536	5.521.713	1409106	180108	5348339	2225713	37757	-47048	-50248	-51298	0	1	8333	1	8	5	1	1	8762	1667	875	1	0	0	0	0	0	0	0	0	0	0	0	0	0	0	0
1	50348	66	49	34	52	37	6	0	0	21	15	19	7	1	0	1	6	0	0	0	0	1	15	6	306122	387755	142857	20408	122449	1	0	4	4	21	0	4	0	0	3	1	0	0	0	0	0	0	-1586	111292	8268	11092	37919	52297	4.980.435	1857909	180108	496794	2069812	36118	-46131	-49223	-50219	0	75	8333	8333	5	5	8333	1	75	1667	875	0	0	0	0	0	0	0	0	0	0	0	0	0	0	0	0
1	46147	682	52	33	55	36	5	0	0	22	19	21	7	1	0	0	4	0	0	0	0	0	12	4	365385	403846	134615	19231	76923	1	0	4	4	22	0	4	0	0	2	2	0	0	0	0	0	0	-631	1116271	7389	7389	47448	46143	5.099.938	1409843	0	5034551	2097111	36249	-5423	-58275	-59748	0	75	6667	1	8	5	1	1	8167	1667	75	1	0	0	0	0	0	1	0	0	0	0	0	1	0	0	0
1	44744	706	49	32	52	35	5	0	0	22	17	20	7	1	0	0	4	0	0	0	0	0	12	4	346939	408163	142857	20408	81633	1	0	4	4	22	0	4	0	0	2	2	0	0	0	0	0	0	-2168	1067304	8268	8268	45299	44084	4.811.706	1558707	180108	4800498	2001188	34519	-52404	-56234	-57599	0	75	8333	1	6	0	1	1	7405	1667	875	1	0	0	0	0	0	1	0	1	0	0	0	1	0	1	0
1	44744	706	49	32	52	35	5	0	0	22	17	20	7	1	0	0	4	0	0	0	0	0	12	4	346939	408163	142857	20408	81633	1	0	4	4	22	0	4	0	0	2	2	0	0	0	0	0	0	-2168	1067304	8268	8268	45299	44084	4.811.706	1558707	180108	4800498	2001188	34519	-52404	-56234	-57599	0	75	8333	1	6	0	1	1	7405	1667	875	1	0	0	0	0	0	1	0	1	0	0	0	1	0	1	0
1	42945	731	49	31	52	34	5	0	0	22	18	20	7	1	0	0	3	0	0	0	0	0	11	3	367347	408163	142857	20408	61224	1	0	4	4	22	0	4	0	0	2	2	0	0	0	0	0	0	-2328	106514	8268	8268	4421	42029	4.783.368	1409106	180108	4771262	1989206	33912	-51479	-552	-5651	0	75	1	1	6	0	1	1	7643	1667	875	1	0	1	0	0	0	1	0	1	0	0	0	1	0	1	0
1	42945	731	49	31	52	34	5	0	0	22	18	20	7	1	0	0	3	0	0	0	0	0	11	3	367347	408163	142857	20408	61224	1	0	4	4	22	0	4	0	0	2	2	0	0	0	0	0	0	-2328	106514	8268	8268	4421	42029	4.783.368	1409106	180108	4771262	1989206	33912	-51479	-552	-5651	0	75	1	1	6	0	1	1	7643	1667	875	1	0	1	0	0	0	1	0	1	0	0	0	1	0	1	0
1	4545	701	54	33	58	37	4	0	0	22	21	23	6	1	0	0	3	0	0	0	0	0	10	3	388889	425926	111111	18519	55556	1	0	5	6	28	1	4	0	0	2	3	0	0	1	0	0	0	-6911	1151606	7065	7065	54025	45782	5.070.465	1228998	0	5127243	2135099	36766	-59821	-64524	-66325	0	75	6667	8333	7	5	8333	1	7548	1667	75	1	0	0	0	0	0	1	0	0	0	0	0	1	0	1	0
1	51651	616	57	37	61	41	5	1	0	22	20	23	8	2	0	0	4	0	0	0	0	0	14	4	350877	403509	140351	35088	70175	1	0	5	6	29	1	4	0	0	2	2	1	0	0	0	1	0	-6171	1257521	10385	10385	40272	40049	5.557.803	1826697	0	551412	2293656	40188	-48131	-51459	-52572	0	75	6667	8333	7	5	8333	1	7548	1667	75	0	0	0	0	0	0	0	0	0	0	0	0	0	0	0	0
1	42851	726	53	32	57	36	5	0	0	27	21	24	6	1	0	0	1	0	0	0	0	0	8	1	396226	45283	113208	18868	18868	1	0	5	6	28	1	4	0	0	2	3	0	0	1	0	0	0	-3407	1203351	6979	6979	44468	50956	498.94	943273	180108	5159967	2148511	35664	-51698	-55445	-56768	0	75	1	1	6	0	1	1	7643	1667	75	1	0	0	0	0	0	1	0	0	0	0	0	0	0	1	0
1	44353	701	55	33	59	37	5	0	0	27	22	24	7	1	0	0	1	0	0	0	0	0	9	1	40	436364	127273	18182	18182	1	0	5	6	28	1	4	0	0	2	3	0	0	1	0	0	0	-322	1230832	8268	8268	45105	47667	5.196.973	1111129	180108	5325748	2216454	36764	-52239	-5605	-57405	0	75	8333	1	6	0	1	1	7405	1667	75	1	0	0	0	0	0	1	0	0	0	0	0	0	0	1	0
1	41951	753	53	31	57	35	5	0	0	22	22	22	7	1	0	0	1	0	0	0	0	0	9	1	415094	415094	132075	18868	18868	1	0	5	6	28	1	4	0	0	2	3	0	0	1	0	0	0	-2967	1162248	8268	8268	54498	44031	4.924.553	1109903	180108	5000498	2083155	34922	-60223	-64973	-66798	0	75	8333	8333	7	5	8333	1	7786	1667	75	1	0	1	0	0	0	1	1	1	0	0	0	1	0	1	0
0	22564	1524	23	15	24	16	1	2	0	6	8	10	1	3	0	0	0	1	0	0	0	1	5	1	347826	434783	43478	130435	43478	1	0	2	3	12	1	1	0	0	0	2	0	0	0	1	0	0	5611	565197	6546	6546	24261	14747	2.562.501	800419	328972	2464618	104386	18532	-34521	-36248	-36561	0	1	1	1	4	0	1	1	7714	6667	1	1	0	0	0	0	0	0	0	0	0	1	0	1	0	1	0
0	28176	117	35	19	36	20	4	2	0	6	16	14	1	3	0	0	0	1	0	0	0	1	5	1	457143	40	28571	85714	28571	1	0	2	3	12	1	1	0	0	0	2	0	0	0	1	0	0	-2493	757571	5147	5147	34986	32218	3.670.597	651555	180108	3400831	1427554	25452	-43638	-46437	-47286	0	1	1	1	1	1	1	1	1	5	1	1	1	1	1	1	0	0	0	1	0	1	0	1	1	1	1
0	36077	9	38	25	40	27	5	4	0	12	13	17	2	5	0	0	0	1	0	0	0	1	8	1	342105	447368	52632	131579	26316	1	0	3	4	18	1	2	0	0	0	3	0	0	0	1	0	0	-2378	939504	9729	9729	37682	35079	4.143.602	1159024	180108	3997674	1672162	30118	-4593	-48998	-49982	0	1	1	1	4	0	1	1	7714	1667	1	1	1	1	1	1	0	0	0	1	0	0	0	1	1	1	1
0	41457	788	55	29	58	32	6	3	0	12	26	22	2	4	0	1	0	0	0	0	0	1	7	0	472727	40	36364	72727	0	1	0	4	7	24	3	2	0	0	1	2	1	1	0	0	1	1	2279	1114884	845	9288	23273	31934	5.199.942	1148735	344157	5101163	2124411	37511	-33682	-3531	-35573	0	1	1	1	8	5	1	1	9	3333	1	1	0	1	0	0	0	1	0	1	1	0	0	1	0	1	0
1	48946	688	57	31	58	32	11	3	0	12	26	21	2	5	0	1	0	2	0	0	0	3	10	2	45614	368421	35088	87719	35088	1	0	2	2	12	0	2	0	0	0	2	0	0	0	0	0	0	2889	1232559	9594	10432	2711	40301	6.262.897	1426704	606941	573206	2382975	42174	-36944	-38955	-3941	0	1	6667	8333	1	1	8333	5	8333	3333	75	0	0	0	0	0	0	0	0	1	0	0	0	0	0	0	0
1	38192	933	45	25	48	28	4	2	0	11	20	17	3	3	0	1	0	1	0	0	0	2	8	1	444444	377778	66667	66667	22222	1	0	4	7	23	3	2	0	0	1	3	0	1	1	0	1	0	-2378	971263	7529	8367	19849	27198	4.397.895	734944	16663	4345349	1814651	31131	-30771	-32056	-32149	0	1	1	1	8	5	1	1	9	3333	1	1	1	1	0	0	0	1	0	1	1	0	0	1	1	1	0
1	4145	753	53	31	57	35	5	0	1	21	22	24	4	3	0	0	0	0	0	0	0	0	7	0	415094	45283	75472	56604	0	1	0	5	7	28	2	3	0	0	2	3	0	0	2	0	0	0	-3606	1167638	8509	8509	20502	37629	4.991.205	808445	167855	5065615	2109842	35969	-31327	-32677	-32802	0	1	1	1	8	5	1	1	9	3333	875	1	0	1	0	0	0	1	1	1	0	0	0	1	0	1	0
0	51754	603	63	36	65	38	9	1	0	12	27	25	2	3	0	0	6	0	0	0	0	0	11	6	428571	396825	31746	47619	95238	1	-1	3	3	18	0	3	0	0	0	3	0	0	0	0	0	0	-6892	1192033	6549	6549	40839	48627	6.209.635	1724379	0	5754319	2392098	44717	-48613	-51997	-53139	0	75	8333	6667	9	1	8333	1	8548	1667	875	0	0	0	0	0	0	0	0	0	0	0	0	0	0	0	0
1	4556	66	63	34	66	37	9	2	0	22	29	28	3	3	0	0	0	0	0	0	0	0	6	0	460317	444444	47619	47619	0	1	0	4	5	23	1	3	0	0	1	3	0	0	0	1	0	0	-8168	1355711	5659	5659	36152	40642	6.080.703	670545	0	5945017	2470253	42761	-44629	-47544	-48452	0	1	8333	8333	8	5	1	1	8524	3333	1	0	0	0	0	0	0	0	0	0	0	0	0	0	0	0	0
1	46459	66	63	34	66	37	9	2	0	17	29	26	4	3	0	0	1	0	0	0	0	0	8	1	460317	412698	63492	47619	15873	1	0	4	4	22	0	4	0	0	2	2	0	0	0	0	0	0	-7585	1306647	6111	6111	45932	4143	6.109.278	874884	0	5814784	2416879	42626	-52942	-56836	-58232	0	75	6667	8333	8	5	1	1	7929	1667	75	0	0	0	0	0	0	0	0	0	0	0	0	0	0	0	0
1	49162	619	66	36	69	39	10	3	0	17	30	27	5	3	0	0	1	0	0	0	0	0	9	1	454545	409091	75758	45455	15152	1	0	4	4	22	0	4	0	0	2	2	0	0	0	0	0	0	-3551	1374179	832	832	35661	34316	6.378.067	1168109	180108	6143189	2551471	45192	-44212	-47078	-47961	0	1	6667	8333	8	5	1	1	8286	1667	875	0	0	0	0	0	0	0	0	0	0	0	0	0	0	0	0
1	49051	639	57	35	60	38	8	0	0	22	22	23	6	2	0	0	4	0	0	0	0	0	12	4	385965	403509	105263	35088	70175	1	0	4	4	22	0	4	0	0	2	2	0	0	0	0	0	0	-2596	1199893	7902	7902	43515	44605	5.537.591	150085	180108	5434385	2260978	39488	-50888	-5454	-55815	0	75	8333	1	8	5	1	1	8405	1667	75	0	0	0	0	0	0	0	0	1	0	0	0	0	0	0	0
1	45261	726	57	32	61	36	7	0	0	21	25	23	6	1	0	1	1	0	0	0	0	1	9	1	438596	403509	105263	17544	17544	1	0	5	6	27	1	4	0	0	3	2	0	0	1	0	0	0	-3097	1243107	6979	9803	40491	46458	5.313.007	942048	180108	5411794	2251719	37667	-48317	-51666	-52791	0	1	8333	1	8	5	1	1	8762	1667	875	1	0	0	0	0	0	1	0	0	0	0	0	1	0	1	0
1	46564	701	60	33	64	37	8	0	0	21	27	23	7	2	0	1	0	0	0	0	0	1	10	0	45	383333	116667	33333	0	1	0	5	6	27	1	4	0	0	3	2	0	0	1	0	0	0	-292	1283421	9191	12015	32677	42409	5.643.398	1070301	180108	5645847	2347642	39039	-41676	-44243	-44977	0	1	6667	1	8	5	1	1	8524	1667	75	1	0	0	0	0	0	0	0	0	0	0	0	0	0	0	0
1	47759	639	63	35	66	38	9	3	0	17	28	26	5	3	0	0	1	0	0	0	0	0	9	1	444444	412698	79365	47619	15873	1	0	4	4	22	0	4	0	0	2	2	0	0	0	0	0	0	-3446	1325525	832	832	33664	33692	611.73	1168109	180108	5909136	2455548	43462	-42514	-45181	-45964	0	1	8333	8333	8	5	1	1	8524	1667	875	0	0	0	0	0	0	0	0	0	0	0	0	0	0	0	0
0	44095	788	50	29	53	32	6	3	0	11	21	18	4	5	0	1	0	1	0	0	0	2	11	1	42	36	8	10	2	1	0	4	7	23	3	2	0	0	1	3	0	1	1	0	1	0	-1999	1068222	10483	11321	7052	20297	501.327	1127635	16663	4868771	2029168	35455	-19894	-19899	-19352	0	1	8333	1	8	5	1	1	8762	3333	1	1	0	1	0	0	0	0	0	1	0	0	0	1	0	1	0
1	44567	665	71	32	72	33	11	3	0	6	39	25	3	4	0	0	0	0	0	0	0	0	7	0	549296	352113	42254	56338	0	1	0	2	2	12	0	2	0	0	0	2	0	0	0	0	0	0	177	1246925	8774	8774	27108	38865	6.858.313	1284137	360215	6129734	2545957	45776	-36942	-38952	-39408	0	1	8333	8333	1	1	8333	5	8571	3333	875	0	0	0	0	0	0	0	0	0	0	0	0	0	0	0	0
1	43792	753	51	31	55	35	4	4	0	15	20	22	5	3	0	0	0	1	0	0	0	1	9	1	392157	431373	98039	58824	19608	1	0	5	7	28	2	3	0	0	2	3	0	0	1	1	0	0	-7032	1188518	7429	7429	27148	1781	4.947.288	845428	0	503804	2098541	36484	-36975	-3899	-39448	0	1	1	1	8	5	1	1	9	3333	875	1	0	1	0	0	0	0	0	1	0	0	0	1	0	1	0
1	43792	753	51	31	55	35	4	4	0	15	20	22	5	3	0	0	0	1	0	0	0	1	9	1	392157	431373	98039	58824	19608	1	0	5	7	28	2	3	0	0	2	3	0	0	1	1	0	0	-7032	1188518	7429	7429	27148	1781	4.947.288	845428	0	503804	2098541	36484	-36975	-3899	-39448	0	1	1	1	8	5	1	1	9	3333	875	1	0	1	0	0	0	0	0	1	0	0	0	1	0	1	0
1	53296	677	58	34	62	38	2	3	0	12	24	23	0	6	1	1	2	1	0	0	0	3	11	3	413793	396552	0	103448	51724	1	0	5	8	31	2	2	0	0	0	4	1	0	0	2	0	0	-671	1229265	789	9709	4309	39793	5.801.999	1193395	0	5691362	2366296	42545	-50526	-54135	-5539	1	5	8333	8333	7	5	8333	1	7429	3333	625	0	0	0	0	0	0	0	0	0	0	0	0	0	0	0	0
1	51893	701	55	33	59	37	2	3	0	12	22	22	0	6	1	1	2	1	0	0	0	3	11	3	40	40	0	109091	54545	1	0	5	8	30	2	2	0	0	0	5	0	0	0	2	0	0	-661	1181719	789	9709	41013	36581	5.541.232	1193395	0	5457309	2270373	40815	-48761	-52163	-53313	0	75	8333	8333	7	5	8333	1	7786	3333	75	0	0	0	0	0	0	0	0	0	0	0	0	0	0	0	0
1	5546	619	59	36	62	39	5	7	0	6	23	23	0	6	0	2	5	0	0	0	0	2	13	5	389831	389831	0	101695	84746	1	0	4	7	24	2	2	0	0	0	4	0	0	0	2	0	0	-634	1226716	9458	11134	33956	34682	589.959	1995713	0	5687874	2364866	45039	-42762	-45458	-46256	0	75	8333	8333	7	5	8333	1	7786	1667	875	0	0	0	0	0	0	0	0	0	0	0	0	0	0	0	0
1	5386	639	58	35	61	38	5	4	0	12	23	23	0	5	0	2	5	0	0	0	0	2	12	5	396552	396552	0	86207	86207	1	0	4	7	24	2	2	0	0	0	4	0	0	0	2	0	0	-652	1190901	7751	9427	47035	50678	5.760.985	1744264	0	5590365	2324904	4307	-5388	-57884	-59335	1	5	6667	8333	7	5	8333	1	719	1667	75	0	0	0	0	0	0	0	0	0	0	0	0	0	0	0	0
1	50855	682	53	33	56	36	5	4	0	12	20	21	0	6	0	2	4	0	0	0	0	2	12	4	377358	396226	0	113208	75472	1	0	4	7	24	2	2	0	0	0	4	0	0	0	2	0	0	-631	1104437	8674	1035	34102	29442	534.169	1704661	0	5190532	2161038	39882	-42887	-45597	-46402	0	75	8333	8333	7	5	8333	1	7786	1667	875	0	0	0	0	0	0	0	0	0	0	0	0	0	0	0	0
1	55146	706	53	32	56	35	5	4	0	12	21	21	0	6	0	2	2	0	1	0	0	3	11	3	396226	396226	0	113208	56604	1	0	4	7	24	2	2	0	0	0	4	0	0	0	2	0	0	-6505	1176337	8674	1035	35162	32816	5.562.633	1405459	0	5422757	2256212	40596	-43788	-46604	-47462	0	75	8333	8333	7	5	8333	1	7786	1667	875	0	0	0	0	0	0	0	0	0	0	0	0	0	0	0	0
1	52259	639	55	35	58	38	5	4	2	12	20	23	2	6	0	2	2	0	0	0	0	2	12	2	363636	418182	36364	109091	36364	1	0	4	7	24	2	2	0	0	0	4	0	0	0	2	0	0	-652	1214863	13432	15108	19702	2291	5.877.001	2026646	0	5646013	234771	43272	-30647	-31917	-32002	0	75	8333	8333	7	5	6667	1	7548	3333	75	0	0	0	0	0	0	0	0	0	0	0	0	0	0	0	0
1	51358	66	55	34	58	37	5	7	1	6	21	22	1	7	0	2	2	0	0	0	0	2	12	2	381818	40	18182	127273	36364	1	0	4	7	24	2	2	0	0	0	4	0	0	0	2	0	0	-6418	1193301	1276	14436	12943	8125	5.719.612	1967502	0	5486545	2282354	42939	-24901	-25496	-25243	0	75	8333	8333	7	5	6667	1	7548	3333	75	0	0	0	0	0	0	0	0	0	0	0	0	0	0	0	0
1	49758	682	54	33	57	36	5	4	1	12	21	22	1	6	0	2	2	0	0	0	0	2	11	2	388889	407407	18519	111111	37037	1	0	4	7	24	2	2	0	0	0	4	0	0	0	2	0	0	-661	1157486	11053	12729	25786	24121	5.581.008	1716053	0	5389037	2242392	4097	-35818	-37697	-38086	0	1	8333	1	8	5	1	1	8762	3333	875	0	0	0	0	0	0	0	0	1	0	0	0	0	0	0	0
1	55657	619	57	36	60	39	5	7	0	6	21	22	0	7	0	2	5	0	0	0	0	2	14	5	368421	385965	0	122807	87719	1	0	4	7	24	2	2	0	0	0	4	0	0	0	2	0	0	-6065	1195661	10381	12057	24305	18759	576.94	2105712	0	5551329	2308905	44188	-34559	-3629	-36605	0	75	8333	8333	7	5	8333	1	7786	3333	875	0	0	0	0	0	0	0	0	0	0	0	0	0	0	0	0
1	54057	639	56	35	59	38	5	4	0	12	21	22	0	6	0	2	5	0	0	0	0	2	13	5	375	392857	0	107143	89286	1	0	4	7	24	2	2	0	0	0	4	0	0	0	2	0	0	-6236	1159846	8674	1035	37256	34755	5.630.795	1854262	0	5453821	2268943	42219	-45568	-48593	-49556	0	75	8333	8333	7	5	8333	1	7786	1667	875	0	0	0	0	0	0	0	0	0	0	0	0	0	0	0	0
1	52301	682	54	33	57	36	5	7	0	6	21	21	0	7	0	2	2	1	0	0	0	3	12	3	388889	388889	0	12963	55556	1	0	4	7	24	2	2	0	0	0	4	0	0	0	2	0	0	-631	1183972	10381	12057	21151	1598	5.637.638	1656908	0	543289	2260365	42158	-31878	-33293	-33451	0	75	8333	8333	7	5	8333	1	7786	3333	875	0	0	0	0	0	0	0	0	0	0	0	0	0	0	0	0
1	50701	706	53	32	56	35	5	4	0	12	21	21	0	6	0	2	2	1	0	0	0	3	11	3	396226	396226	0	113208	56604	1	0	4	7	24	2	2	0	0	0	4	0	0	0	2	0	0	-6505	1148157	8674	1035	34102	31976	5.499.034	1405459	0	5335382	2220402	40189	-42887	-45597	-46402	0	75	8333	8333	7	5	8333	1	7786	1667	875	0	0	0	0	0	0	0	0	0	0	0	0	0	0	0	0
1	50855	682	53	33	56	36	5	4	0	12	20	21	0	6	0	2	4	0	0	0	0	2	12	4	377358	396226	0	113208	75472	1	0	4	7	24	2	2	0	0	0	4	0	0	0	2	0	0	-631	1104437	8674	1035	34102	29442	534.169	1704661	0	5190532	2161038	39882	-42887	-45597	-46402	0	75	8333	8333	7	5	8333	1	7786	1667	875	0	0	0	0	0	0	0	0	0	0	0	0	0	0	0	0
0	5706	601	60	37	63	40	7	4	0	12	23	23	0	7	0	2	5	0	0	0	0	2	14	5	383333	383333	0	116667	83333	1	0	4	7	24	2	2	0	0	0	4	0	0	0	2	0	0	-6171	1219242	9597	11273	31724	35242	6.042.719	1964261	0	5785382	2404829	44828	-40866	-43338	-44024	0	75	8333	8333	7	5	8333	1	7786	1667	875	0	0	0	0	0	0	0	0	0	0	0	0	0	0	0	0
1	46399	764	49	29	51	31	5	4	0	12	20	19	1	4	0	2	2	1	0	0	0	3	10	3	408163	387755	20408	81633	61224	1	0	3	3	18	0	3	0	0	0	3	0	0	0	0	0	0	-234	1073082	8031	9707	37486	42095	5.197.453	1349511	16405	5018439	2090508	37307	-45763	-48811	-49786	0	1	8333	1	8	5	1	1	8762	1667	875	1	0	0	0	0	0	1	0	1	0	0	0	1	0	0	0
0	41695	892	43	26	46	29	3	4	0	11	17	15	4	4	0	2	0	1	0	0	0	3	11	1	395349	348837	93023	93023	23256	1	0	4	7	23	3	2	0	0	1	3	0	1	1	0	1	0	-1416	985255	10344	1202	6555	18326	4.359.726	108326	16663	4412126	1842019	31501	-19471	-19427	-18855	0	1	1	1	8	5	1	1	9	5	1	1	0	1	0	0	0	0	0	1	1	0	0	1	0	1	0
0	34044	942	41	24	43	26	4	3	0	12	17	20	0	2	0	1	1	0	0	0	0	1	4	1	414634	487805	0	4878	2439	1	0	3	4	17	1	2	0	0	1	2	0	0	1	0	0	0	-3831	981037	373	626	51868	47257	4.284.007	827884	426833	4173256	1744121	31408	-57988	-62475	-64168	0	75	8333	8333	5	5	8333	1	75	3333	875	1	0	0	0	1	0	1	0	0	0	0	0	0	0	1	0
0	44338	788	45	29	48	32	4	2	0	18	16	21	4	1	0	1	0	2	0	0	0	3	8	2	355556	466667	88889	22222	44444	1	0	4	5	24	1	3	0	0	0	4	0	0	0	1	0	0	-3023	1207733	5981	8511	49217	56391	4.971.756	798511	180108	5027076	2094048	3624	-55734	-59956	-61517	0	75	8333	1	4	0	1	1	7119	1667	875	0	0	0	0	0	0	0	0	0	0	0	0	0	0	0	0
1	51804	651	63	36	68	41	4	0	0	17	27	25	7	0	0	0	3	1	0	0	0	1	11	4	428571	396825	111111	0	63492	1	0	6	8	35	3	4	0	0	2	3	2	0	0	1	0	0	-2999	1376895	7176	7176	57545	55555	5.793.685	13279	180108	5829402	242287	4235	-62813	-67868	-69845	1	5	5	6667	6	5	6667	1	6333	1667	625	0	0	0	0	0	0	0	0	0	0	0	0	0	0	0	0
1	48647	677	54	34	58	38	5	0	0	16	20	21	6	1	0	0	6	0	0	0	0	0	13	6	37037	388889	111111	18519	111111	1	0	5	7	28	3	3	0	0	2	3	1	0	1	0	0	0	-217	1129105	6758	6758	43073	48548	4.967.076	1721297	180108	496113	206702	37009	-50512	-5412	-55373	0	75	8333	1	8	5	1	1	8405	1667	625	0	0	0	0	0	0	0	0	0	0	0	0	0	0	0	0
1	50401	672	60	35	65	40	4	0	0	17	25	24	7	0	0	0	3	1	0	0	0	1	11	4	416667	40	116667	0	66667	1	0	6	8	35	3	4	0	0	2	3	2	0	0	1	0	0	-2879	1316684	7176	7176	63668	56081	5.526.791	133035	180108	5595349	2326946	4062	-68018	-73685	-75968	1	5	5	6667	6	5	6667	1	6333	1667	625	0	0	0	0	0	0	0	0	0	0	0	0	0	0	0	0
1	53658	612	64	38	69	43	4	0	0	17	26	26	6	0	0	0	6	0	0	0	0	0	12	6	40625	40625	9375	0	9375	1	0	6	8	35	3	4	0	0	2	3	2	0	0	1	0	0	-296	1322373	5887	5887	59959	61943	5.711.748	1611298	180108	578206	2403467	4328	-64865	-70161	-72259	1	5	5	6667	6	5	6667	1	6333	3333	625	0	0	0	0	0	0	0	0	0	0	0	0	0	0	0	0
1	50401	672	60	35	65	40	4	0	0	17	25	24	7	0	0	0	3	1	0	0	0	1	11	4	416667	40	116667	0	66667	1	0	6	8	35	3	4	0	0	2	3	2	0	0	1	0	0	-2879	132365	7176	7176	55548	52297	5.532.917	13279	180108	5595349	2326946	4062	-61116	-65971	-67848	1	5	5	6667	6	5	6667	1	6333	1667	625	0	0	0	0	0	0	0	0	0	0	0	0	0	0	0	0
1	48998	695	57	34	62	39	4	0	0	17	23	23	7	0	0	0	3	1	0	0	0	1	11	4	403509	403509	122807	0	70175	1	0	6	8	34	3	4	0	0	2	4	1	0	1	0	0	0	-2753	1270674	7176	7176	6164	51519	5.266.024	133035	180108	5361296	2231023	3889	-66294	-71758	-7394	0	75	5	8333	7	5	8333	1	731	1667	625	0	0	0	0	0	0	0	0	0	0	0	0	0	0	0	0
1	52255	631	61	37	66	42	4	0	0	17	24	25	6	0	0	0	6	0	0	0	0	0	12	6	393443	409836	98361	0	98361	1	0	6	8	34	3	4	0	0	2	4	1	0	1	0	0	0	-2845	1276363	5887	5887	58004	57381	545.098	1611298	180108	5548007	2307544	4155	-63204	-68304	-70304	1	5	5	6667	6	5	6667	1	6333	3333	625	0	0	0	0	0	0	0	0	0	0	0	0	0	0	0	0
1	50852	651	58	36	63	41	4	0	0	17	22	24	6	0	0	0	6	0	0	0	0	0	12	6	37931	413793	103448	0	103448	1	0	6	8	33	3	4	0	0	3	3	1	1	0	0	0	0	-2724	1230353	5887	5887	56022	52819	5.190.213	1611298	180108	5313953	221162	3982	-61518	-66421	-68322	1	5	5	6667	6	5	6667	1	6333	3333	625	0	0	0	0	0	0	0	0	0	0	0	0	0	0	0	0
1	49053	672	58	35	63	40	4	0	0	17	23	24	6	0	0	0	5	0	0	0	0	0	11	5	396552	413793	103448	0	86207	1	0	6	8	33	3	4	0	0	3	3	1	1	0	0	0	0	-2879	1228189	5887	5887	55019	50764	5.161.875	1461697	180108	5284718	2199638	39213	-60666	-65468	-67319	0	75	5	8333	7	5	8333	1	731	3333	625	0	0	0	0	0	0	0	0	0	0	0	0	0	0	0	0
1	51958	631	63	37	68	42	4	0	0	17	26	25	7	0	0	0	5	0	0	0	0	0	12	5	412698	396825	111111	0	79365	1	0	6	8	35	3	4	0	0	2	3	2	0	0	1	0	0	-2845	1312102	6211	6211	53485	58242	5.584.077	149294	180108	5684551	2363505	42043	-59362	-64011	-65785	1	5	5	6667	6	5	6667	1	6333	1667	625	0	0	0	0	0	0	0	0	0	0	0	0	0	0	0	0
1	50555	651	60	36	65	41	4	0	0	17	24	24	7	0	0	0	5	0	0	0	0	0	12	5	40	40	116667	0	83333	1	0	6	8	34	3	4	0	0	2	4	1	0	1	0	0	0	-2724	1265664	6211	6211	51488	52442	532.331	149294	180108	5450498	2267581	40313	-57665	-62114	-63788	1	5	5	6667	6	5	6667	1	6333	1667	625	0	0	0	0	0	0	0	0	0	0	0	0	0	0	0	0
1	42388	798	44	27	45	28	8	3	1	6	17	16	3	3	0	1	3	1	0	0	0	2	11	4	386364	363636	68182	68182	90909	1	0	2	2	9	0	2	1	0	0	1	0	0	0	0	0	0	4139	927568	10426	11264	16957	30701	4.830.675	1798133	328972	4488372	1873267	3452	-28313	-29309	-29257	0	1	1	1	1	1	1	1	1	3333	1	1	0	1	0	0	0	1	0	1	1	0	0	1	0	1	0
1	43791	767	47	28	48	29	8	3	1	6	19	17	3	3	0	1	3	1	0	0	0	2	11	4	404255	361702	6383	6383	85106	1	0	2	2	10	0	2	0	1	0	1	0	0	0	0	0	0	3884	973578	10426	11264	19256	35263	5.091.442	1798133	328972	4722425	1969191	3625	-30267	-31493	-31556	0	1	1	1	1	1	1	1	1	3333	1	1	0	1	0	0	0	1	0	1	0	0	0	1	0	1	0
1	42388	798	44	27	45	28	8	3	1	6	17	16	3	3	0	1	3	1	0	0	0	2	11	4	386364	363636	68182	68182	90909	1	0	2	2	9	0	2	1	0	0	1	0	0	0	0	0	0	4139	927568	10426	11264	16957	30701	4.830.675	1798133	328972	4488372	1873267	3452	-28313	-29309	-29257	0	1	1	1	1	1	1	1	1	3333	1	1	0	1	0	0	0	1	0	1	1	0	0	1	0	1	0
1	43791	767	47	28	48	29	8	3	1	6	19	17	3	3	0	1	3	1	0	0	0	2	11	4	404255	361702	6383	6383	85106	1	0	2	2	10	0	2	0	1	0	1	0	0	0	0	0	0	3884	973578	10426	11264	19256	35263	5.091.442	1798133	328972	4722425	1969191	3625	-30267	-31493	-31556	0	1	1	1	1	1	1	1	1	3333	1	1	0	1	0	0	0	1	0	1	0	0	0	1	0	1	0
1	46597	713	53	30	54	31	8	3	1	6	23	19	3	3	0	1	3	1	0	0	0	2	11	4	433962	358491	56604	56604	75472	1	0	2	2	12	0	2	0	0	0	2	0	0	0	0	0	0	342	1065598	10426	11264	23716	44387	5.612.977	1798133	328972	5190532	2161038	3971	-34059	-3573	-36016	0	1	8333	1	1	1	1	1	9762	3333	875	1	0	0	0	0	0	0	0	1	0	0	0	1	0	0	0
1	42388	798	44	27	45	28	8	3	1	6	17	16	3	3	0	1	3	1	0	0	0	2	11	4	386364	363636	68182	68182	90909	1	0	2	2	9	0	2	1	0	0	1	0	0	0	0	0	0	4139	926324	10426	11264	16957	33027	485.602	1798133	328972	4488372	1873267	3452	-28313	-29309	-29257	0	1	1	1	1	1	1	1	1	3333	1	1	0	1	0	0	0	1	0	1	1	0	0	1	0	1	0
1	44992	764	48	29	50	31	8	3	1	6	19	18	3	3	0	1	3	1	0	0	0	2	11	4	395833	375	625	625	83333	1	0	3	4	14	2	2	0	3	0	1	0	0	0	0	0	0	3645	998539	10426	11264	21508	33891	5.116.787	1798133	328972	477608	199118	36744	-32181	-33632	-33808	0	1	1	1	1	1	1	1	1	3333	1	1	0	0	0	0	0	1	0	1	0	0	0	1	0	1	0
1	34492	1095	38	21	40	23	3	2	1	5	17	14	2	2	0	2	0	1	0	0	0	3	7	1	447368	368421	52632	52632	26316	1	0	3	4	17	2	2	0	0	2	0	1	1	0	0	0	0	-1975	839791	6996	10658	21646	3429	4.087.836	917773	16405	3903322	1633493	28403	-32299	-33764	-33946	0	1	1	1	8	5	1	1	9	5	1	1	1	1	1	1	0	0	0	1	0	1	0	1	1	1	1
1	36287	978	39	24	42	27	2	2	1	11	15	16	4	2	0	1	0	1	0	0	0	2	8	1	384615	410256	102564	51282	25641	1	0	4	7	23	3	2	0	0	1	3	0	1	1	0	1	0	-2186	911942	8985	9823	16698	26515	4.021.198	935539	16663	4036711	168816	29094	-28093	-29063	-28998	0	1	1	1	8	5	1	1	9	5	1	1	1	1	1	1	0	0	0	1	1	0	0	1	1	1	1
1	41795	794	48	28	50	30	5	3	1	12	20	20	3	3	0	1	0	1	0	0	0	2	8	1	416667	416667	625	625	20833	1	0	3	3	19	0	3	0	0	0	2	1	0	0	0	0	0	-2878	1083275	9027	9865	23026	38174	5.090.074	1200465	180108	4942193	2059259	36501	-33472	-35075	-35326	0	1	1	1	8	5	1	1	9	3333	1	1	0	1	0	0	0	1	0	1	0	0	0	1	0	1	0
1	4779	688	47	31	48	32	8	3	1	12	16	19	3	3	0	1	4	1	0	0	0	2	12	5	340426	404255	6383	6383	106383	1	0	2	2	12	0	2	0	0	0	2	0	0	0	0	0	0	3528	1061625	10426	11264	31814	4484	5.276.429	1947734	328972	5005482	2085197	38435	-40942	-43423	-44114	0	1	8333	1	8	5	1	1	8762	1667	875	1	0	0	0	0	0	0	0	1	0	0	0	0	0	0	0
1	45991	713	47	30	48	31	8	3	1	12	17	19	3	3	0	1	3	1	0	0	0	2	11	4	361702	404255	6383	6383	85106	1	0	2	2	12	0	2	0	0	0	2	0	0	0	0	0	0	342	1059461	10426	11264	28045	42785	5.248.091	1798133	328972	4976246	2073216	37828	-37738	-39843	-40345	0	1	8333	1	8	5	1	1	8762	3333	1	1	0	0	0	0	0	1	0	1	0	0	0	1	0	0	0
0	38685	82	43	28	46	31	4	2	1	18	15	23	2	2	0	0	0	1	0	0	0	1	5	1	348837	534884	46512	46512	23256	1	0	4	5	23	1	3	0	0	1	3	0	0	1	0	0	0	-3938	1095688	6588	6588	42113	48415	4.562.014	852149	180108	4643355	1936785	34479	-49696	-53208	-54413	0	75	1	1	4	0	1	1	7357	1667	875	1	0	0	0	0	0	1	0	0	0	0	0	0	0	1	0
1	37647	883	43	27	47	31	3	2	1	17	16	20	4	2	0	1	0	0	0	0	0	1	7	0	372093	465116	93023	46512	0	1	0	5	8	26	2	3	1	0	1	3	0	0	1	1	0	0	-3089	1032617	8985	9823	26811	40158	415.74	935539	16663	4374917	1826769	31375	-3669	-38671	-39111	0	1	1	1	4	5	1	1	8429	5	875	1	1	1	0	1	0	1	0	1	0	0	0	1	0	1	0
1	40743	782	46	30	50	34	2	0	1	21	16	22	5	0	0	0	3	0	0	0	0	0	8	3	347826	478261	108696	0	65217	1	0	5	7	28	2	3	0	0	2	3	0	0	2	0	0	0	-3159	1053939	7029	7029	51002	52891	4.335.493	1093882	167855	4558472	1901997	32793	-57252	-61652	-63302	0	75	8333	8333	5	5	8333	1	75	3333	75	1	0	0	0	0	0	0	0	0	0	0	0	0	0	0	0
0	31744	1028	38	23	41	26	2	0	1	17	15	19	3	0	0	1	0	0	0	0	0	1	4	0	394737	50	78947	0	0	1	0	4	7	24	2	2	0	0	1	2	1	0	0	1	1	0	-3693	950166	4871	7695	38875	46843	3.788.734	658556	180108	3960465	1656912	28023	-46944	-50131	-51175	0	1	1	1	6	5	1	1	8714	5	1	1	0	0	0	1	0	0	0	0	0	0	0	1	0	1	0
1	44447	753	46	31	50	35	3	2	1	17	15	21	4	2	0	1	3	0	0	0	0	1	10	3	326087	456522	86957	43478	65217	1	0	5	8	26	2	3	1	0	1	3	0	0	1	1	0	0	-2648	1092354	8985	9823	32308	49581	4.503.181	1384342	16663	4696678	1958638	34926	-41362	-43893	-44608	0	1	1	1	6	5	1	1	8714	3333	875	1	0	0	0	0	0	1	0	0	0	0	0	0	0	1	0
0	40743	782	46	30	50	34	2	0	1	21	16	22	5	0	0	0	3	0	0	0	0	0	8	3	347826	478261	108696	0	65217	1	0	5	7	28	2	3	0	0	2	3	0	0	2	0	0	0	-3159	1053939	7029	7029	51002	52891	4.335.493	1093882	167855	4558472	1901997	32793	-57252	-61652	-63302	0	75	8333	8333	5	5	8333	1	75	3333	75	1	0	0	0	0	0	0	0	0	0	0	0	0	0	0	0
1	41795	794	48	28	50	30	5	3	1	12	20	20	3	3	0	1	0	1	0	0	0	2	8	1	416667	416667	625	625	20833	1	0	3	3	19	0	3	0	0	0	2	1	0	0	0	0	0	-2878	1083275	9027	9865	23026	38174	5.090.074	1200465	180108	4942193	2059259	36501	-33472	-35075	-35326	0	1	1	1	8	5	1	1	9	3333	1	1	0	1	0	0	0	1	0	1	0	0	0	1	0	1	0
0	38685	82	43	28	46	31	4	2	1	18	15	23	2	2	0	0	0	1	0	0	0	1	5	1	348837	534884	46512	46512	23256	1	0	4	5	23	1	3	0	0	1	3	0	0	1	0	0	0	-3938	1095688	6588	6588	42113	48415	4.562.014	852149	180108	4643355	1936785	34479	-49696	-53208	-54413	0	75	1	1	4	0	1	1	7357	1667	875	1	0	0	0	0	0	1	0	0	0	0	0	0	0	1	0
0	4325	701	53	33	57	37	6	1	1	27	20	28	2	3	0	0	0	0	0	0	0	0	5	0	377358	528302	37736	56604	0	1	0	5	8	29	2	3	0	0	1	4	0	0	2	0	0	0	-4422	1265534	7525	7525	39662	61631	5.292.109	1098875	426833	5384551	2240554	38543	-47613	-50879	-51962	0	1	1	1	6	0	1	1	8	1667	875	0	0	0	0	0	0	0	0	0	0	0	0	0	0	0	0
0	34743	892	44	26	47	29	4	0	1	17	18	20	5	0	0	0	1	0	0	0	0	0	6	1	409091	454545	113636	0	22727	1	0	4	5	23	1	3	0	0	1	3	0	0	1	0	0	0	-3317	993578	6653	6653	46616	44533	423.961	974788	180108	4283721	1789394	30709	-53523	-57485	-58916	0	75	8333	1	8	5	1	1	8405	1667	875	1	0	1	0	1	0	1	0	1	0	0	0	1	0	1	0
1	38394	867	47	25	48	26	7	3	1	6	22	17	3	3	0	1	0	1	0	0	0	2	8	1	468085	361702	6383	6383	21277	1	0	2	2	13	0	2	0	0	0	1	1	0	0	0	0	0	-2378	970961	9027	9865	15789	31112	4.958.771	1200465	180108	4634718	1933245	34429	-2732	-28199	-28089	0	1	1	1	1	5	1	1	9286	3333	1	1	1	1	0	0	0	1	0	1	1	0	0	1	1	1	0
1	4259	769	46	27	46	27	10	3	1	6	19	16	3	3	0	1	3	1	0	0	0	2	11	4	413043	347826	65217	65217	86957	1	0	1	1	6	0	1	0	0	0	1	0	0	0	0	0	0	4139	947147	10426	11264	20877	35723	5.116.787	1798133	328972	4668771	1947201	35756	-31645	-33033	-33177	0	1	8333	8333	1	1	1	1	9524	3333	1	1	0	1	0	0	0	1	0	1	0	0	0	1	0	1	0
1	41187	8	43	26	43	26	9	3	1	6	17	15	3	3	0	1	3	1	0	0	0	2	11	4	395349	348837	69767	69767	93023	1	0	1	1	6	0	1	0	0	0	1	0	0	0	0	0	0	4411	901137	10426	11264	18528	31161	485.602	1798133	328972	4434718	1851278	34026	-29649	-30801	-30828	0	1	1	8333	1	5	1	1	9048	3333	1	1	0	1	0	0	0	1	0	1	1	0	0	1	0	1	0
0	33881	942	39	24	41	26	5	2	1	12	15	19	2	2	0	0	0	1	0	0	0	1	5	1	384615	487179	51282	51282	25641	1	0	3	4	17	1	2	0	0	1	2	0	0	1	0	0	0	-342	937364	6588	6588	32932	36791	4.169.943	852149	180108	4101827	1714847	30677	-41892	-44485	-45232	0	1	1	1	6	5	1	1	8714	1667	1	1	1	1	1	1	0	0	0	1	0	1	0	1	1	1	1
1	39784	833	40	25	40	25	8	3	1	6	15	14	3	3	0	1	3	1	0	0	0	2	11	4	375	35	75	75	10	1	0	1	1	6	0	1	0	0	0	1	0	0	0	0	0	0	4704	853591	10426	11264	16124	27949	4.595.253	1798133	328972	4200664	1755354	32296	-27606	-28518	-28424	0	1	1	1	8	5	1	1	9	3333	1	1	0	1	0	0	0	1	0	1	1	0	0	1	0	1	0
0	4294	826	49	27	51	29	7	2	0	12	22	19	2	3	0	1	0	2	0	0	0	3	8	2	44898	387755	40816	61224	40816	1	0	3	3	16	0	3	0	1	0	2	0	0	0	0	0	0	9814	1080234	8363	9201	28181	40187	5.264.245	121412	755805	4959967	2066544	35984	-37854	-39972	-40481	0	1	1	1	1	1	1	1	1	3333	1	1	0	1	0	0	0	1	0	1	0	0	0	1	0	1	0
0	4176	82	51	28	54	31	7	2	0	16	23	20	3	3	0	2	0	0	0	0	0	2	8	0	45098	392157	58824	58824	0	1	0	4	5	21	1	3	0	1	1	2	0	0	1	0	0	0	9527	1115222	9652	13314	12116	27737	5.110.705	1381976	755805	4972924	2071854	35033	-24198	-2471	-24416	0	1	1	1	8	5	1	1	9	3333	1	1	0	1	0	0	0	1	0	1	1	0	0	1	0	1	0
0	47149	736	58	30	60	32	7	2	0	12	28	22	2	3	0	1	0	2	0	0	0	3	8	2	482759	37931	34483	51724	34483	1	0	3	3	19	0	3	0	0	0	2	1	0	0	0	0	0	9001	1218264	8363	9201	34629	53873	6.046.547	121412	755805	5662126	2354314	41174	-43335	-46098	-46929	0	1	8333	1	1	1	1	1	9762	1667	875	1	0	0	0	0	0	0	0	0	0	0	0	0	0	0	0
0	43137	826	47	27	49	29	7	2	0	12	20	18	2	4	0	1	0	2	0	0	0	3	9	2	425532	382979	42553	85106	42553	1	0	3	3	16	0	3	0	1	0	2	0	0	0	0	0	0	10181	1049567	9286	10124	18232	27892	5.154.634	1324119	755805	4823422	2010583	35133	-29397	-3052	-30532	0	1	1	1	1	1	1	1	1	3333	1	1	0	1	0	0	0	1	0	1	1	0	0	1	0	1	0
0	46543	736	52	30	54	32	8	2	0	18	22	22	2	3	0	1	0	2	0	0	0	3	8	2	423077	423077	38462	57692	38462	1	0	3	3	18	0	3	0	0	0	3	0	0	0	0	0	0	9001	1208246	8363	9201	36328	46563	5.714.934	121412	755805	5447841	2266492	39292	-44779	-47712	-48628	0	1	8333	1	6	5	1	1	8476	1667	875	1	0	0	0	0	0	0	0	0	0	0	0	1	0	0	0
0	38589	9	43	25	45	27	3	2	0	12	18	18	1	2	0	1	2	1	0	0	0	2	7	3	418605	418605	23256	46512	69767	1	0	3	3	18	0	3	0	0	0	3	0	0	0	0	0	0	3123	93892	6016	6854	44586	42029	4.436.134	1071304	328972	4317774	180335	31968	-51798	-55557	-56886	0	75	1	1	8	5	1	1	8643	5	875	1	0	1	0	0	0	1	0	1	0	0	0	1	0	1	0
1	44293	767	50	28	51	29	8	3	0	6	22	17	2	4	0	1	3	1	0	0	0	2	11	4	44	34	4	8	8	1	0	2	2	12	0	2	0	0	0	2	0	0	0	0	0	0	3884	984507	897	9808	20053	36311	5.149.232	1597539	328972	479701	1999758	36557	-30945	-32251	-32353	0	1	1	1	1	1	1	1	1	3333	1	1	0	1	0	0	0	1	0	1	0	0	0	1	0	1	0
1	4289	798	47	27	48	28	8	3	0	6	20	16	2	4	0	1	3	1	0	0	0	2	11	4	425532	340426	42553	85106	85106	1	0	2	2	11	0	2	0	0	1	1	0	0	0	0	0	0	4139	938497	897	9808	17755	31749	4.888.465	1597539	328972	4562957	1903835	34827	-28991	-30067	-30055	0	1	1	1	1	1	1	1	1	3333	1	1	0	1	0	0	0	1	0	1	1	0	0	1	0	1	0
1	44293	767	50	28	51	29	8	3	0	6	22	17	2	4	0	1	3	1	0	0	0	2	11	4	44	34	4	8	8	1	0	2	2	12	0	2	0	0	0	2	0	0	0	0	0	0	3884	987901	897	9808	20053	3241	5.169.811	1597539	328972	479701	1999758	36557	-30945	-32251	-32353	0	1	1	1	1	1	1	1	1	3333	1	1	0	1	0	0	0	1	0	1	0	0	0	1	0	1	0
1	41487	831	44	26	45	27	8	3	0	6	18	15	2	4	0	1	3	1	0	0	0	2	11	4	409091	340909	45455	90909	90909	1	0	2	2	10	0	2	0	1	0	1	0	0	0	0	0	0	4411	892059	897	9808	15406	25949	4.627.697	1597539	328972	4328904	1807911	33097	-26995	-27835	-27706	0	1	1	1	1	1	1	1	1	3333	1	1	0	1	0	0	0	1	0	1	1	0	0	1	0	1	0
1	4289	798	47	27	48	28	8	3	0	6	20	16	2	4	0	1	3	1	0	0	0	2	11	4	425532	340426	42553	85106	85106	1	0	2	2	11	0	2	0	0	1	1	0	0	0	0	0	0	4139	941891	897	9808	17755	27848	4.909.043	1597539	328972	4562957	1903835	34827	-28991	-30067	-30055	0	1	1	1	1	1	1	1	1	3333	1	1	0	1	0	0	0	1	0	1	1	0	0	1	0	1	0
1	4449	767	48	28	49	29	8	3	0	6	20	16	2	5	0	1	3	1	0	0	0	2	12	4	416667	333333	41667	104167	83333	1	0	2	2	12	0	2	0	0	0	2	0	0	0	0	0	0	4237	95384	9893	10731	10163	24016	5.039.621	1707537	328972	4660465	1943797	35706	-22539	-22855	-22463	0	1	1	1	1	1	1	1	1	3333	1	1	0	1	0	0	0	1	0	1	0	0	0	1	0	1	0
1	48094	71	51	31	53	33	9	3	0	11	20	18	4	4	0	1	3	1	0	0	0	2	13	4	392157	352941	78431	78431	78431	1	0	3	3	15	0	3	0	1	1	1	0	0	0	0	0	0	3848	1045324	11939	12777	30018	30375	533.009	1948702	328972	5039369	2099086	37633	-39415	-41717	-42318	0	1	8333	8333	1	1	1	1	9524	1667	875	0	0	0	0	0	0	0	0	1	0	0	0	0	0	0	0
1	44293	767	50	28	51	29	8	3	0	6	22	17	2	4	0	1	3	1	0	0	0	2	11	4	44	34	4	8	8	1	0	2	2	12	0	2	0	0	0	2	0	0	0	0	0	0	3884	984507	897	9808	20053	36311	5.149.232	1597539	328972	479701	1999758	36557	-30945	-32251	-32353	0	1	1	1	1	1	1	1	1	3333	1	1	0	1	0	0	0	1	0	1	0	0	0	1	0	1	0
1	4289	798	47	27	48	28	8	3	0	6	20	16	2	4	0	1	3	1	0	0	0	2	11	4	425532	340426	42553	85106	85106	1	0	2	2	11	0	2	0	0	1	1	0	0	0	0	0	0	4139	938497	897	9808	17755	31749	4.888.465	1597539	328972	4562957	1903835	34827	-28991	-30067	-30055	0	1	1	1	1	1	1	1	1	3333	1	1	0	1	0	0	0	1	0	1	1	0	0	1	0	1	0
1	44293	767	50	28	51	29	8	3	0	6	22	17	2	4	0	1	3	1	0	0	0	2	11	4	44	34	4	8	8	1	0	2	2	12	0	2	0	0	0	2	0	0	0	0	0	0	3884	987901	897	9808	20053	3241	5.169.811	1597539	328972	479701	1999758	36557	-30945	-32251	-32353	0	1	1	1	1	1	1	1	1	3333	1	1	0	1	0	0	0	1	0	1	0	0	0	1	0	1	0
1	41487	831	44	26	45	27	8	3	0	6	18	15	2	4	0	1	3	1	0	0	0	2	11	4	409091	340909	45455	90909	90909	1	0	2	2	10	0	2	0	1	0	1	0	0	0	0	0	0	4411	892059	897	9808	15406	25949	4.627.697	1597539	328972	4328904	1807911	33097	-26995	-27835	-27706	0	1	1	1	1	1	1	1	1	3333	1	1	0	1	0	0	0	1	0	1	1	0	0	1	0	1	0
1	4289	798	47	27	48	28	8	3	0	6	20	16	2	4	0	1	3	1	0	0	0	2	11	4	425532	340426	42553	85106	85106	1	0	2	2	11	0	2	0	0	1	1	0	0	0	0	0	0	4139	941891	897	9808	17755	27848	4.909.043	1597539	328972	4562957	1903835	34827	-28991	-30067	-30055	0	1	1	1	1	1	1	1	1	3333	1	1	0	1	0	0	0	1	0	1	1	0	0	1	0	1	0
1	4449	767	48	28	49	29	8	3	0	6	20	16	2	5	0	1	3	1	0	0	0	2	12	4	416667	333333	41667	104167	83333	1	0	2	2	12	0	2	0	0	0	2	0	0	0	0	0	0	4237	95384	9893	10731	10163	24016	5.039.621	1707537	328972	4660465	1943797	35706	-22539	-22855	-22463	0	1	1	1	1	1	1	1	1	3333	1	1	0	1	0	0	0	1	0	1	0	0	0	1	0	1	0
1	46691	736	48	30	50	32	9	3	0	11	18	17	4	4	0	1	3	1	0	0	0	2	13	4	375	354167	83333	83333	83333	1	0	3	3	14	0	3	1	0	1	1	0	0	0	0	0	0	408	99807	11939	12777	27765	28139	5.094.668	1948702	328972	4805316	2003162	35903	-37501	-39577	-40065	0	1	8333	8333	1	1	1	1	9524	3333	875	1	0	0	0	0	0	0	0	1	0	0	0	1	0	0	0
1	49295	706	52	32	55	35	9	3	0	11	20	19	4	4	0	1	3	1	0	0	0	2	13	4	384615	365385	76923	76923	76923	1	0	4	5	19	2	3	0	3	1	1	0	0	0	0	0	0	3628	1070285	11939	12777	32226	29003	5.355.436	1948702	328972	5093023	2121075	38127	-41292	-43815	-44526	0	1	8333	8333	1	1	1	1	9524	1667	875	0	0	0	0	0	0	0	0	1	0	0	0	0	0	0	0
1	52093	642	51	34	53	36	9	3	0	17	17	20	4	4	0	1	4	1	0	0	0	2	14	5	333333	392157	78431	78431	98039	1	0	3	3	17	0	3	0	0	1	2	0	0	0	0	0	0	3517	1133371	11939	12777	38603	39952	5.515.077	2098303	328972	5322425	2215092	39818	-46712	-49873	-50903	0	75	8333	6667	5	5	8333	1	7262	1667	875	0	0	0	0	0	0	0	0	0	0	0	0	0	0	0	0
1	4129	831	46	26	47	27	8	3	0	6	20	16	2	3	0	1	3	1	0	0	0	2	10	4	434783	347826	43478	65217	86957	1	0	2	2	10	0	2	0	1	0	1	0	0	0	0	0	0	4031	921386	8047	8885	25474	40925	4.757.887	148754	328972	4465449	1863872	33948	-35553	-37401	-37774	0	1	1	1	1	1	1	1	1	3333	1	1	0	1	0	0	0	1	0	1	0	0	0	1	0	1	0
1	42693	798	49	27	50	28	8	3	0	6	22	17	2	3	0	1	3	1	0	0	0	2	10	4	44898	346939	40816	61224	81633	1	0	2	2	11	0	2	0	0	1	1	0	0	0	0	0	0	3772	967396	8047	8885	27773	45487	5.018.655	148754	328972	4699502	1959796	35678	-37507	-39584	-40073	0	1	1	1	1	1	1	1	1	3333	1	1	0	0	0	0	0	1	0	0	0	0	0	1	0	1	0
1	44096	767	52	28	53	29	8	3	0	6	24	18	2	3	0	1	3	1	0	0	0	2	10	4	461538	346154	38462	57692	76923	1	0	2	2	12	0	2	0	0	0	2	0	0	0	0	0	0	353	1013406	8047	8885	30025	50049	5.279.422	148754	328972	4933555	2055719	37408	-39421	-41724	-42325	0	1	1	1	1	1	1	1	1	1667	1	1	0	0	0	0	0	1	0	0	0	0	0	0	0	1	0
1	44293	767	50	28	51	29	8	3	0	6	22	17	2	4	0	1	3	1	0	0	0	2	11	4	44	34	4	8	8	1	0	2	2	12	0	2	0	0	0	2	0	0	0	0	0	0	3884	988883	897	9808	20053	32354	5.169.811	1597539	328972	479701	1999758	36557	-30945	-32251	-32353	0	1	1	1	1	1	1	1	1	3333	1	1	0	1	0	0	0	1	0	1	0	0	0	1	0	1	0
1	41487	831	44	26	45	27	8	3	0	6	18	15	2	4	0	1	3	1	0	0	0	2	11	4	409091	340909	45455	90909	90909	1	0	2	2	10	0	2	0	1	0	1	0	0	0	0	0	0	4411	892277	897	9808	15406	25602	4.648.276	1597539	328972	4328904	1807911	33097	-26995	-27835	-27706	0	1	1	1	1	1	1	1	1	3333	1	1	0	1	0	0	0	1	0	1	1	0	0	1	0	1	0
1	44087	767	44	28	45	29	9	3	0	11	16	15	4	4	0	1	3	1	0	0	0	2	13	4	363636	340909	90909	90909	90909	1	0	2	2	11	0	2	0	0	1	1	0	0	0	0	0	0	459	925337	11939	12777	23118	23061	4.833.901	1948702	328972	4517608	1885249	33679	-3355	-35162	-35418	0	1	1	8333	8	5	1	1	8762	3333	1	1	0	1	0	0	0	1	0	1	0	0	0	1	0	1	0
1	4549	739	47	29	48	30	10	3	0	11	18	16	4	4	0	1	3	1	0	0	0	2	13	4	382979	340426	85106	85106	85106	1	0	2	2	11	0	2	0	0	1	1	0	0	0	0	0	0	4327	972883	11939	12777	25467	26273	5.094.668	1948702	328972	4751661	1981173	35409	-35547	-37393	-37767	0	1	6667	8333	1	5	1	1	8571	3333	1	1	0	0	0	0	0	1	0	1	0	0	0	1	0	1	0
1	49196	706	53	32	56	35	9	3	0	11	21	20	3	4	0	1	3	1	0	0	0	2	12	4	396226	377358	56604	75472	75472	1	0	4	5	19	2	3	0	3	1	1	0	0	0	0	0	0	3319	107762	11615	12453	41877	30675	5.413.944	1933517	328972	5161296	2149056	38757	-49496	-52983	-54177	0	75	8333	8333	1	1	1	1	9167	1667	875	0	0	0	0	0	0	0	0	1	0	0	0	0	0	0	0
1	51994	642	52	34	54	36	9	3	0	17	18	21	3	4	0	1	4	1	0	0	0	2	13	5	346154	403846	57692	76923	96154	1	0	3	3	17	0	3	0	0	1	2	0	0	0	0	0	0	3225	1139495	11615	12453	48197	42819	5.624.276	2083118	328972	5390698	2243073	40448	-54868	-58988	-60497	1	5	6667	6667	7	5	8333	1	6952	1667	75	0	0	0	0	0	0	0	0	0	0	0	0	0	0	0	0
0	36294	1039	41	22	43	24	4	3	0	5	19	14	2	3	0	2	0	1	0	0	0	3	8	1	463415	341463	4878	73171	2439	1	0	3	4	17	2	2	0	0	2	0	1	1	0	0	0	0	11586	86822	8926	12588	1783	25523	4.238.692	1187601	493022	4072259	1702729	29546	-29055	-30138	-3013	0	1	1	1	1	1	1	1	1	3333	1	1	1	1	0	1	0	1	0	1	1	0	0	1	1	1	1
1	43597	764	51	29	53	31	6	4	0	12	22	20	3	4	0	1	0	1	0	0	0	2	9	1	431373	392157	58824	78431	19608	1	0	3	3	19	0	3	0	0	0	2	1	0	0	0	0	0	9598	1111704	10957	11795	19495	29407	5.240.931	1470293	509079	511113	2128496	37644	-3047	-3172	-31795	0	1	1	1	8	5	1	1	9	3333	1	1	0	1	0	0	0	1	0	1	0	0	0	1	0	1	0
1	44295	764	50	29	52	31	5	3	0	12	21	20	2	3	0	1	2	1	0	0	0	2	9	3	42	40	4	6	6	1	0	3	3	18	0	3	0	0	0	3	0	0	0	0	0	0	9598	1067439	8926	9764	40413	43448	5.166.928	150286	509079	4977741	2073828	37143	-48251	-51592	-52713	0	1	1	1	8	5	1	1	9	1667	1	1	0	1	0	0	0	1	0	1	0	0	0	1	0	1	0
1	4299	794	46	28	48	30	5	3	0	12	18	19	1	4	0	1	2	1	0	0	0	2	9	3	391304	413043	21739	86957	65217	1	0	3	3	18	0	3	0	0	0	3	0	0	0	0	0	0	3177	1000627	8646	9484	38225	46616	4.865.207	1432752	328972	4675415	1949924	35192	-46391	-49514	-50525	0	1	1	1	8	5	1	1	9	1667	1	1	0	0	0	0	0	1	0	0	0	0	0	1	0	1	0
1	39992	862	46	26	48	28	4	2	0	12	20	19	1	2	0	1	2	1	0	0	0	2	7	3	434783	413043	21739	43478	65217	1	0	3	3	18	0	3	0	0	0	3	0	0	0	0	0	0	289	986234	6016	6854	46816	45334	4.692.613	1071304	328972	4551827	1899273	33698	-53694	-57675	-59116	0	75	8333	1	8	5	1	1	8405	3333	875	1	0	0	0	0	0	1	0	0	0	0	0	1	0	1	0
0	38297	978	43	24	46	27	3	2	0	11	19	17	2	2	0	2	0	1	0	0	0	3	7	1	44186	395349	46512	46512	23256	1	0	4	7	23	3	2	0	0	2	1	1	1	0	0	1	1	10389	979265	7219	10881	27325	30653	4.332.267	936151	493022	4353654	1818055	31003	-37126	-39159	-39625	0	1	1	1	8	5	1	1	9	5	1	1	1	1	0	0	0	1	0	1	1	0	0	1	1	1	0
0	33493	1158	39	20	41	22	3	2	0	5	19	13	2	2	0	2	0	1	0	0	0	3	7	1	487179	333333	51282	51282	25641	1	0	3	4	17	2	2	0	0	2	0	1	1	0	0	0	0	12015	819923	7219	10881	19944	24593	3.940.197	936151	493022	3812126	1596117	27201	-30852	-32147	-32244	0	1	1	1	1	1	1	1	1	5	1	1	1	1	0	1	0	0	0	1	1	1	0	1	1	1	1
1	40246	847	44	28	48	32	3	2	0	17	16	19	4	2	0	1	2	0	0	0	0	1	9	2	363636	431818	90909	45455	45455	1	0	5	8	26	2	3	1	0	1	3	0	0	1	1	0	0	988	1026572	9208	10046	27536	38013	4.062.148	1253119	495602	4342193	1813358	31387	-37306	-39359	-39836	0	1	1	1	8	5	1	1	9	5	875	1	0	1	0	0	0	1	0	1	0	0	0	1	0	1	0
0	3425	978	46	24	49	27	3	2	0	12	22	19	2	2	0	1	0	0	0	0	0	1	5	0	478261	413043	43478	43478	0	1	0	4	7	24	3	2	0	0	1	2	1	1	0	0	1	1	9566	96503	7219	8057	28873	33765	4.197.002	936151	493022	4275415	178599	30827	-38442	-40629	-41173	0	1	1	1	8	5	1	1	9	5	1	1	1	1	0	1	0	1	0	1	1	0	0	1	1	1	0
0	46403	731	57	31	60	34	5	3	0	12	26	22	3	4	0	1	0	1	0	0	0	2	9	1	45614	385965	52632	70175	17544	1	0	4	5	24	1	3	0	0	0	4	0	0	0	1	0	0	2569	1205867	9294	10132	2457	35522	5.579.684	1179978	328972	5470266	2275683	40132	-34785	-36542	-3687	0	1	8333	1	1	5	1	1	9048	3333	875	1	0	0	0	0	0	0	0	1	0	0	0	1	0	0	0
1	46399	764	49	29	51	31	5	4	0	12	20	19	1	4	0	2	2	1	0	0	0	3	10	3	408163	387755	20408	81633	61224	1	0	3	3	18	0	3	0	0	0	3	0	0	0	0	0	0	3303	108327	943	11106	37486	42626	5.165.699	1498376	312914	5018439	2090508	37307	-45763	-48811	-49786	0	1	8333	1	8	5	1	1	8762	1667	875	1	0	0	0	0	0	1	0	1	0	0	0	1	0	0	0
1	43244	782	44	30	48	34	4	4	0	17	14	19	4	4	0	1	2	0	0	0	0	1	11	2	318182	431818	90909	90909	45455	1	0	5	8	26	2	3	1	0	1	3	0	0	1	1	0	0	-2169	1052815	11188	12026	33441	44423	4.297.346	1431617	16663	4465781	1864008	32881	-42325	-44969	-45741	0	1	1	1	4	0	1	1	7714	1667	875	1	0	1	0	0	0	1	0	1	0	0	0	1	0	1	0
0	37248	892	46	26	49	29	4	4	0	12	20	19	2	4	0	1	0	0	0	0	0	1	7	0	434783	413043	43478	86957	0	1	0	4	7	24	3	2	0	0	1	2	1	1	0	0	1	1	-2937	991273	9199	10037	34257	40175	443.22	1114649	16405	4399003	1836641	32321	-43018	-45744	-46557	0	1	1	1	8	5	1	1	9	1667	1	1	1	1	0	1	0	1	0	1	0	0	0	1	0	1	0
0	48549	66	57	34	60	37	6	1	0	12	23	24	2	2	0	0	6	0	0	0	0	0	10	6	403509	421053	35088	35088	105263	1	-1	4	4	21	0	4	1	0	0	3	0	0	0	0	0	0	-7001	1105924	5626	5626	46733	51714	5.474.038	161438	0	5242359	2182278	40872	-53623	-57597	-59033	0	75	6667	1	1	1	1	1	9167	3333	75	0	0	0	0	0	0	0	0	0	0	0	0	0	0	0	0
0	52758	601	66	37	69	40	6	1	0	12	29	27	2	2	0	0	6	0	0	0	0	0	10	6	439394	409091	30303	30303	90909	1	-1	4	4	24	0	4	0	0	0	4	0	0	0	0	0	0	-7244	1243954	5626	5626	52598	654	625.634	161438	0	5944518	2470048	46062	-58608	-63168	-64898	1	5	6667	6667	8	1	6667	1	7571	3333	75	0	0	0	0	0	0	0	0	0	0	0	0	0	0	0	0
0	58952	537	63	41	66	44	6	1	0	18	22	28	2	2	0	0	9	0	0	0	0	0	13	9	349206	444444	31746	31746	142857	1	-1	4	4	24	0	4	0	0	0	4	0	0	0	0	0	0	-6785	1292369	5626	5626	57717	6877	6.274.796	2063183	0	6051993	2514096	47731	-6296	-68031	-70017	1	5	6667	6667	6	5	6667	1	6571	3333	625	0	0	0	0	0	0	0	0	0	0	0	0	0	0	0	0
1	51355	619	63	36	66	39	7	1	0	12	27	26	2	2	0	0	6	0	0	0	0	0	10	6	428571	412698	31746	31746	95238	1	-1	4	4	22	0	4	0	1	0	3	0	0	0	0	0	0	-7167	1198712	5626	5626	5067	60163	5.995.573	161438	0	5710465	2374125	44332	-5697	-61337	-6297	1	5	6667	6667	8	1	6667	1	7571	3333	75	0	0	0	0	0	0	0	0	0	0	0	0	0	0	0	0
0	53555	583	63	38	66	41	7	1	0	18	25	28	2	2	0	0	6	0	0	0	0	0	10	6	396825	444444	31746	31746	95238	1	-1	4	4	24	0	4	0	0	0	4	0	0	0	0	0	0	-7316	1280178	5626	5626	52229	62559	6.189.783	161438	0	5964286	247815	4591	-58295	-62818	-64529	1	5	6667	6667	6	5	6667	1	6571	3333	75	0	0	0	0	0	0	0	0	0	0	0	0	0	0	0	0
0	54958	567	66	39	69	42	8	1	0	18	27	29	2	2	0	0	6	0	0	0	0	0	10	6	409091	439394	30303	30303	90909	1	-1	4	4	24	0	4	0	0	0	4	0	0	0	0	0	0	-7385	1326188	5626	5626	54107	67121	645.055	161438	0	6198339	2574073	4764	-59891	-64602	-66407	1	5	6667	6667	8	5	6667	1	6857	3333	75	0	0	0	0	0	0	0	0	0	0	0	0	0	0	0	0
1	54397	619	55	36	58	39	4	3	0	18	19	25	1	3	0	1	5	1	0	0	0	2	11	6	345455	454545	18182	54545	109091	1	0	4	4	24	0	4	0	0	0	4	0	0	0	0	0	0	-6892	1254211	5445	6283	55409	58481	5.750.618	1473828	0	5675249	2359692	43396	-60997	-65838	-67709	1	5	6667	6667	6	5	6667	1	6571	1667	75	0	0	0	0	0	0	0	0	0	0	0	0	0	0	0	0
0	5794	601	54	37	57	40	4	3	0	18	17	24	2	3	0	1	5	2	0	0	0	3	13	7	314815	444444	37037	55556	12963	1	0	4	4	24	0	4	0	0	0	4	0	0	0	0	0	0	-6439	1291303	6734	7572	47532	55711	5.911.442	1641683	0	5810299	2415041	44287	-54302	-58356	-59832	1	5	6667	8333	5	5	8333	1	6905	1667	75	0	0	0	0	0	0	0	0	0	0	0	0	0	0	0	0
0	58039	601	53	37	56	40	4	3	0	18	16	23	3	3	0	1	5	2	0	0	0	3	14	7	301887	433962	56604	56604	132075	1	0	4	4	24	0	4	0	0	0	4	0	0	0	0	0	0	-6171	127212	8023	8861	45964	53534	5.858.247	1809538	0	5742027	238706	43657	-5297	-56866	-58264	1	5	6667	8333	5	5	8333	1	6905	1667	75	0	0	0	0	0	0	0	0	0	0	0	0	0	0	0	0
1	54496	619	54	36	57	39	4	3	0	18	18	24	2	3	0	1	5	1	0	0	0	2	12	6	333333	444444	37037	55556	111111	1	0	4	4	24	0	4	0	0	0	4	0	0	0	0	0	0	-6616	1232642	6734	7572	45564	46975	5.697.423	1641683	0	5606977	2331712	42766	-52629	-56486	-57864	1	5	6667	8333	7	5	8333	1	719	1667	75	0	0	0	0	0	0	0	0	0	0	0	0	0	0	0	0
1	54496	619	54	36	57	39	4	3	0	18	18	24	2	3	0	1	5	1	0	0	0	2	12	6	333333	444444	37037	55556	111111	1	0	4	4	24	0	4	0	0	0	4	0	0	0	0	0	0	-6616	1228922	6734	7572	45564	5126	5.697.423	1641683	0	5606977	2331712	42766	-52629	-56486	-57864	1	5	6667	8333	7	5	8333	1	719	1667	75	0	0	0	0	0	0	0	0	0	0	0	0	0	0	0	0
1	4819	71	48	31	50	33	4	3	0	12	17	20	1	3	0	1	5	1	0	0	0	2	11	6	354167	416667	20833	625	125	1	0	3	3	18	0	3	0	0	0	3	0	0	0	0	0	0	-6393	1048341	5445	6283	47438	43645	509.778	1473828	0	4899668	2041831	37864	-54222	-58266	-59738	0	75	6667	1	8	5	1	1	8167	1667	75	0	0	0	0	0	0	0	0	1	0	0	0	0	0	0	0
1	49593	685	51	32	53	34	5	3	0	12	19	21	1	3	0	1	5	1	0	0	0	2	11	6	372549	411765	19608	58824	117647	1	0	3	3	18	0	3	0	0	0	3	0	0	0	0	0	0	-6505	1092859	5445	6283	49532	46201	5.358.547	1473828	0	5133721	2137754	39594	-56002	-60255	-61832	0	75	6667	1	8	5	1	1	8167	1667	75	0	0	0	0	0	0	0	0	0	0	0	0	0	0	0	0
0	47467	677	64	34	68	38	7	3	0	18	30	28	2	3	0	1	0	0	0	0	0	1	6	0	46875	4375	3125	46875	0	1	0	5	8	30	3	3	0	0	1	3	1	1	0	0	1	1	1183	1342077	7527	8365	41191	53988	5.962.392	1038736	344157	6013289	2498233	43894	-48913	-52332	-53491	0	1	8333	1	8	5	1	1	8762	1667	75	0	0	0	0	0	0	0	0	0	0	0	0	0	0	0	0
1	49413	726	60	32	64	36	6	3	0	11	28	23	3	3	0	2	0	1	0	0	0	3	9	1	466667	383333	5	5	16667	1	0	5	8	28	3	3	0	0	3	1	1	1	0	0	1	1	2389	1290201	7851	11513	30969	41695	5.736.919	1069979	344157	5769435	2398293	41862	-40224	-42621	-43269	0	1	8333	1	8	5	1	1	8762	1667	75	0	0	0	0	0	0	0	0	0	0	0	0	0	0	0	0
1	50816	701	63	33	67	37	6	3	0	11	30	24	3	3	0	2	0	1	0	0	0	3	9	1	47619	380952	47619	47619	15873	1	0	5	8	29	3	3	0	0	2	2	1	1	0	0	1	1	2219	1336211	7851	11513	33046	46257	5.997.686	1069979	344157	6003488	2494217	43592	-41989	-44594	-45346	0	75	8333	8333	9	5	8333	1	8071	1667	75	0	0	0	0	0	0	0	0	0	0	0	0	0	0	0	0
1	50816	701	63	33	67	37	6	3	0	11	30	24	3	3	0	2	0	1	0	0	0	3	9	1	47619	380952	47619	47619	15873	1	0	5	8	29	3	3	0	0	2	2	1	1	0	0	1	1	2219	1336211	7851	11513	33046	46257	5.997.686	1069979	344157	6003488	2494217	43592	-41989	-44594	-45346	0	75	8333	8333	9	5	8333	1	8071	1667	75	0	0	0	0	0	0	0	0	0	0	0	0	0	0	0	0
1	58525	594	72	39	77	44	7	3	0	17	33	29	4	3	0	2	0	1	0	0	0	3	10	1	458333	402778	55556	41667	13889	1	0	6	9	35	3	4	0	0	2	3	1	1	0	0	1	1	1618	1580285	8175	11837	35835	53379	684.952	1101223	344157	694485	2880021	50224	-44359	-47243	-48135	0	75	6667	8333	7	5	8333	1	7548	1667	75	0	0	0	0	0	0	0	0	0	0	0	0	0	0	0	0
1	51013	701	61	33	65	37	6	3	0	11	28	23	3	4	0	2	0	1	0	0	0	3	10	1	459016	377049	4918	65574	16393	1	0	5	8	29	3	3	0	0	2	2	1	1	0	0	1	1	252	1305544	8774	12436	23378	33962	5.888.075	1179978	344157	5866944	2438256	42741	-33771	-35409	-35678	0	75	8333	8333	9	5	8333	1	8071	3333	75	0	0	0	0	0	0	0	0	0	0	0	0	0	0	0	0
0	53016	655	63	35	67	39	8	3	0	17	28	26	3	3	0	2	0	1	0	0	0	3	9	1	444444	412698	47619	47619	15873	1	0	5	8	29	3	3	0	0	2	2	1	1	0	0	1	1	82	1407978	873	12392	34881	47561	6.201.993	1218844	524265	6257309	2598241	4517	-43549	-46337	-47181	0	75	8333	8333	7	5	8333	1	7786	1667	75	0	0	0	0	0	0	0	0	0	0	0	0	0	0	0	0
1	52394	66	53	34	56	37	4	3	0	12	19	22	1	4	0	1	5	1	0	0	0	2	12	6	358491	415094	18868	75472	113208	1	0	4	4	21	0	4	1	0	0	3	0	0	0	0	0	0	-2461	1132045	7468	8306	43715	42992	5.642.324	1900661	426833	5284884	2199706	40967	-51058	-54729	-56015	1	5	8333	8333	9	5	8333	1	7714	1667	75	0	0	0	0	0	0	0	0	0	0	0	0	0	0	0	0
1	52394	66	53	34	56	37	4	3	0	12	19	22	1	4	0	1	5	1	0	0	0	2	12	6	358491	415094	18868	75472	113208	1	0	4	4	21	0	4	1	0	0	3	0	0	0	0	0	0	-2461	1132045	7468	8306	43715	42992	5.642.324	1900661	426833	5284884	2199706	40967	-51058	-54729	-56015	1	5	8333	8333	9	5	8333	1	7714	1667	75	0	0	0	0	0	0	0	0	0	0	0	0	0	0	0	0
1	50794	682	52	33	55	36	4	3	0	12	19	22	1	3	0	1	5	1	0	0	0	2	11	6	365385	423077	19231	57692	115385	1	0	4	4	21	0	4	1	0	0	3	0	0	0	0	0	0	-661	1121074	5445	6283	51592	48723	5.358.547	1473828	0	5187375	2159744	40088	-57753	-62212	-63892	1	5	6667	6667	6	5	6667	1	6571	1667	75	0	0	0	0	0	0	0	0	0	0	0	0	0	0	0	0
1	52197	66	55	34	58	37	4	3	0	12	21	23	1	3	0	1	5	1	0	0	0	2	11	6	381818	418182	18182	54545	109091	1	0	4	4	22	0	4	0	1	0	3	0	0	0	0	0	0	-671	1167084	5445	6283	53619	53285	5.619.314	1473828	0	5421429	2255667	41818	-59476	-64138	-65919	1	5	6667	6667	8	5	6667	1	6857	1667	75	0	0	0	0	0	0	0	0	0	0	0	0	0	0	0	0
1	536	639	58	35	61	38	4	3	0	12	23	24	1	3	0	1	5	1	0	0	0	2	11	6	396552	413793	17241	51724	103448	1	0	4	4	23	0	4	0	0	1	3	0	0	0	0	0	0	-6803	1213094	5445	6283	55617	57847	5.880.082	1473828	0	5655482	2351591	43548	-61174	-66036	-67917	1	5	6667	6667	6	5	6667	1	6571	1667	75	0	0	0	0	0	0	0	0	0	0	0	0	0	0	0	0
1	55003	619	61	36	64	39	4	3	0	12	25	25	1	3	0	1	5	1	0	0	0	2	11	6	409836	409836	16393	4918	98361	1	0	4	4	24	0	4	0	0	0	4	0	0	0	0	0	0	-6892	1259104	5445	6283	57585	62409	6.140.849	1473828	0	5889535	2447514	45278	-62847	-67906	-69885	1	5	6667	6667	8	5	6667	1	6857	1667	75	0	0	0	0	0	0	0	0	0	0	0	0	0	0	0	0
1	51202	66	58	34	61	37	7	4	0	12	24	23	3	4	0	1	2	1	0	0	0	2	11	3	413793	396552	51724	68966	51724	1	0	4	4	22	0	4	1	0	0	2	1	0	0	0	0	0	2642	1227389	9558	10396	28019	35405	5.787.988	1620631	360215	5691362	2366296	42812	-37716	-39818	-40319	0	75	8333	8333	9	5	8333	1	8071	3333	875	0	0	0	0	0	0	0	0	0	0	0	0	0	0	0	0
1	51202	66	58	34	61	37	7	4	0	12	24	23	3	4	0	1	2	1	0	0	0	2	11	3	413793	396552	51724	68966	51724	1	0	4	4	22	0	4	1	0	0	2	1	0	0	0	0	0	2642	1234553	9558	10396	28019	34129	5.787.988	1620631	360215	5691362	2366296	42812	-37716	-39818	-40319	0	75	8333	8333	9	5	8333	1	8071	3333	875	0	0	0	0	0	0	0	0	0	0	0	0	0	0	0	0
1	54404	619	61	36	64	39	7	4	0	12	25	24	3	4	0	1	3	1	0	0	0	2	12	4	409836	393443	4918	65574	65574	1	0	4	4	22	0	4	1	0	0	2	1	0	0	0	0	0	2587	128684	9558	10396	31072	42439	6.114.655	1770232	360215	5954651	2474201	45149	-40311	-42719	-43372	0	75	8333	8333	9	1	8333	1	8786	1667	875	0	0	0	0	0	0	0	0	0	0	0	0	0	0	0	0
1	47604	706	58	32	61	35	7	4	0	12	26	23	3	4	0	1	0	1	0	0	0	2	9	1	448276	396552	51724	68966	17241	1	0	4	4	22	0	4	1	0	0	2	1	0	0	0	0	0	2389	1232775	9558	10396	25942	36363	5.731.312	1321429	360215	563289	2342332	41598	-35951	-37845	-38242	0	1	8333	1	1	5	1	1	9048	3333	875	1	0	0	0	0	0	0	0	1	0	0	0	0	0	0	0
1	48807	726	54	32	58	36	5	3	0	17	22	23	3	3	0	2	0	1	0	0	0	3	9	1	407407	425926	55556	55556	18519	1	0	5	8	29	3	3	0	0	2	2	1	1	0	0	1	1	2389	1255445	8816	12478	31429	44312	5.455.732	1206592	344157	555515	2310471	3998	-40614	-43057	-43729	0	1	8333	1	8	5	1	1	8762	1667	75	0	0	0	0	0	0	0	0	1	0	0	0	0	0	0	0
1	51711	677	59	34	63	38	7	3	0	17	25	25	2	4	0	2	0	1	0	0	0	3	9	1	423729	423729	33898	67797	16949	1	0	5	8	29	3	3	0	0	2	2	1	1	0	0	1	1	2058	1341369	845	12112	36929	57157	592.085	1148735	344157	5954983	2474337	43219	-45289	-48282	-49229	0	75	8333	8333	7	5	8333	1	7786	1667	75	0	0	0	0	0	0	0	0	0	0	0	0	0	0	0	0
0	44661	726	58	32	62	36	5	3	0	18	26	26	2	3	0	1	0	0	0	0	0	1	6	0	448276	448276	34483	51724	0	1	0	5	8	30	3	3	0	0	1	3	1	1	0	0	1	1	146	1250575	7527	8365	39876	49078	5.440.857	1038736	344157	5545183	2306386	40434	-47795	-51083	-52176	0	1	1	1	8	5	1	1	9	1667	875	1	0	0	0	0	0	1	0	0	0	0	0	0	0	1	0
1	4476	726	57	32	61	36	5	3	0	18	25	25	3	3	0	1	0	0	0	0	0	1	7	0	438596	438596	52632	52632	0	1	0	5	8	30	3	3	0	0	1	3	1	1	0	0	1	1	177	1225286	8816	9654	30113	41857	5.387.662	1206592	344157	547691	2278406	39804	-39496	-41808	-42413	0	1	1	1	8	5	1	1	9	1667	875	1	0	0	0	0	0	1	0	1	0	0	0	1	0	1	0
0	4476	726	57	32	61	36	5	3	0	18	25	25	3	3	0	1	0	0	0	0	0	1	7	0	438596	438596	52632	52632	0	1	0	5	8	30	3	3	0	0	1	3	1	1	0	0	1	1	177	1229006	8816	9654	30113	37572	5.387.662	1206592	344157	547691	2278406	39804	-39496	-41808	-42413	0	1	1	1	8	5	1	1	9	1667	875	1	0	0	0	0	0	1	0	1	0	0	0	1	0	1	0
0	4476	726	57	32	61	36	5	3	0	18	25	25	3	3	0	1	0	0	0	0	0	1	7	0	438596	438596	52632	52632	0	1	0	5	8	30	3	3	0	0	1	3	1	1	0	0	1	1	177	1229006	8816	9654	30113	37572	5.387.662	1206592	344157	547691	2278406	39804	-39496	-41808	-42413	0	1	1	1	8	5	1	1	9	1667	875	1	0	0	0	0	0	1	0	1	0	0	0	1	0	1	0
1	51108	655	62	35	66	39	7	3	0	18	27	27	2	4	0	1	0	1	0	0	0	2	8	1	435484	435484	32258	64516	16129	1	0	5	8	30	3	3	0	0	1	3	1	1	0	0	1	1	1622	1359258	845	9288	40212	61346	6.066.799	1148735	344157	6080066	2525601	44564	-4808	-51401	-52512	0	75	8333	8333	7	5	8333	1	7786	1667	75	0	0	0	0	0	0	0	0	0	0	0	0	0	0	0	0
1	51108	655	62	35	66	39	7	3	0	18	27	27	2	4	0	1	0	1	0	0	0	2	8	1	435484	435484	32258	64516	16129	1	0	5	8	30	3	3	0	0	1	3	1	1	0	0	1	1	1622	1359258	845	9288	40212	61346	6.066.799	1148735	344157	6080066	2525601	44564	-4808	-51401	-52512	0	75	8333	8333	7	5	8333	1	7786	1667	75	0	0	0	0	0	0	0	0	0	0	0	0	0	0	0	0
1	47664	677	62	34	66	38	7	3	0	18	28	27	2	4	0	1	0	0	0	0	0	1	7	0	451613	435484	32258	64516	0	1	0	5	8	30	3	3	0	0	1	3	1	1	0	0	1	1	1475	131121	845	9288	35549	54702	585.278	1148735	344157	5876744	2442272	43043	-44117	-46972	-47849	0	1	8333	1	8	5	1	1	8762	1667	75	0	0	0	0	0	0	0	0	0	0	0	0	0	0	0	0
1	51108	655	62	35	66	39	7	3	0	18	27	27	2	4	0	1	0	1	0	0	0	2	8	1	435484	435484	32258	64516	16129	1	0	5	8	30	3	3	0	0	1	3	1	1	0	0	1	1	1622	1359258	845	9288	40212	61346	6.066.799	1148735	344157	6080066	2525601	44564	-4808	-51401	-52512	0	75	8333	8333	7	5	8333	1	7786	1667	75	0	0	0	0	0	0	0	0	0	0	0	0	0	0	0	0
0	51601	639	57	35	60	38	8	5	0	18	22	24	3	6	0	1	0	1	0	0	0	2	11	1	385965	421053	52632	105263	17544	1	0	4	5	24	1	3	0	0	0	4	0	0	0	1	0	0	-2879	1322455	12153	12991	35369	56811	5.977.339	150734	180108	5847674	2430358	43204	-43963	-468	-47669	0	75	6667	8333	5	5	8333	1	7262	1667	75	0	0	0	0	0	0	0	0	0	0	0	0	0	0	0	0
0	472	706	54	32	57	35	7	3	0	18	22	23	3	4	0	1	0	1	0	0	0	2	9	1	407407	425926	55556	74074	18519	1	0	4	5	24	1	3	0	0	0	4	0	0	0	1	0	0	-3097	1227639	886	9698	24506	46361	554.488	1167726	180108	5490033	2283784	3998	-3473	-3648	-36806	0	1	8333	1	8	5	1	1	8762	3333	875	1	0	0	0	0	0	0	0	0	0	0	0	1	0	0	0
0	48504	682	58	33	61	36	8	3	0	18	25	25	2	4	0	1	0	1	0	0	0	2	8	1	431034	431034	34483	68966	17241	1	0	4	5	24	1	3	0	0	0	4	0	0	0	1	0	0	-3521	1296754	7571	8409	36217	61079	5.858.842	999871	180108	5792359	2407688	4234	-44684	-47606	-48517	0	1	8333	1	8	5	1	1	8762	1667	875	0	0	0	0	0	0	0	0	0	0	0	0	0	0	0	0
1	49209	682	63	33	66	36	9	3	0	12	30	24	3	4	0	1	0	1	0	0	0	2	9	1	47619	380952	47619	63492	15873	1	0	4	5	23	1	3	0	0	1	3	0	0	0	1	0	0	-322	1307329	7895	8733	28758	48653	6.086.834	1031114	180108	5938372	246753	43592	-38345	-4052	-41058	0	1	8333	8333	1	1	1	1	9524	3333	875	0	0	0	0	0	0	0	0	0	0	0	0	0	0	0	0
1	50703	66	58	34	61	37	9	3	0	17	24	23	4	4	0	1	1	1	0	0	0	2	11	2	413793	396552	68966	68966	34483	1	0	4	5	23	1	3	0	0	1	3	0	0	0	1	0	0	-2753	1273305	9353	10191	29577	42128	585.655	1317327	180108	5756478	2392983	41951	-3904	-41298	-41877	0	75	8333	6667	7	5	8333	1	7548	3333	875	0	0	0	0	0	0	0	0	0	0	0	0	0	0	0	0
0	441	764	54	29	56	31	9	3	0	11	25	19	4	4	0	1	0	1	0	0	0	2	10	1	462963	351852	74074	74074	18519	1	0	3	3	17	0	3	0	0	1	2	0	0	0	0	0	0	-234	1108466	9353	10191	16717	27215	5.436.141	1167726	180108	5185714	2159063	37542	-2811	-29081	-29017	0	1	1	8333	1	1	1	1	9762	3333	1	1	0	1	0	0	0	1	0	1	0	0	0	1	0	1	0
0	42494	794	49	28	51	30	7	3	0	12	21	19	2	5	0	1	0	1	0	0	0	2	9	1	428571	387755	40816	102041	20408	1	0	3	4	18	1	2	0	0	0	3	0	0	0	1	0	0	3177	1066005	9594	10432	18004	36638	5.166.107	1426704	606941	4880233	2033866	35957	-29204	-30304	-30304	0	1	1	1	8	5	1	1	9	3333	1	1	0	1	0	0	0	1	0	1	0	0	0	1	0	1	0
1	48086	685	51	32	53	34	7	1	0	12	19	22	0	3	0	0	6	1	0	0	0	1	10	7	372549	431373	0	58824	137255	1	0	3	3	16	0	3	0	1	0	2	0	0	0	0	0	0	-2788	1063175	4653	4653	55479	72966	5.291.206	1685888	426833	4959635	2066408	3898	-61057	-65905	-67779	0	75	6667	8333	9	1	8333	1	8548	5	75	0	0	0	0	0	0	0	0	0	0	0	0	0	0	0	0
1	42891	794	47	28	49	30	5	3	0	12	19	20	0	4	0	1	2	1	0	0	0	2	8	3	404255	425532	0	85106	6383	1	0	3	3	18	0	3	0	0	0	3	0	0	0	0	0	0	-2878	1013808	7144	7982	4829	51342	5.055.311	1420614	426833	4743688	1977905	35822	-54946	-59075	-6059	0	75	8333	1	8	5	1	1	8405	1667	875	1	0	0	0	0	0	1	0	0	0	0	0	0	0	0	0
0	32517	1095	32	21	34	23	3	1	0	12	11	16	0	2	0	0	1	2	0	0	0	2	5	3	34375	50	0	625	9375	1	0	3	3	15	0	3	1	0	0	2	0	0	0	0	0	0	-2913	796011	373	373	47609	50297	3.673.121	827884	426833	351495	1474324	26207	-54368	-58429	-59909	0	75	8333	1	8	5	1	1	8405	6667	875	1	0	0	0	0	0	0	0	0	0	0	0	0	0	1	0
0	38187	933	41	25	44	28	3	3	0	11	16	16	3	4	0	1	0	1	0	0	0	2	9	1	390244	390244	73171	97561	2439	1	0	4	7	23	3	2	0	0	1	3	0	1	1	0	1	0	3913	922149	10336	11174	17226	2377	4.231.968	1303228	593464	4137375	1729416	30016	-28542	-29565	-29526	0	1	1	1	8	5	1	1	9	5	1	1	1	1	0	0	0	1	0	1	1	0	0	1	1	1	1
1	44294	764	50	29	52	31	6	3	0	12	21	21	0	4	0	1	2	1	0	0	0	2	8	3	42	42	0	8	6	1	0	3	3	18	0	3	0	0	0	3	0	0	0	0	0	0	-3023	1059818	7144	7982	50438	55904	5.316.078	1420614	426833	4977741	2073828	37552	-56772	-61116	-62738	0	75	8333	8333	7	5	8333	1	7786	1667	875	1	0	0	0	0	0	0	0	0	0	0	0	0	0	0	0
1	44294	764	50	29	52	31	6	3	0	12	21	21	0	4	0	1	2	1	0	0	0	2	8	3	42	42	0	8	6	1	0	3	3	18	0	3	0	0	0	3	0	0	0	0	0	0	-3023	1059818	7144	7982	50438	55904	5.316.078	1420614	426833	4977741	2073828	37552	-56772	-61116	-62738	0	75	8333	8333	7	5	8333	1	7786	1667	875	1	0	0	0	0	0	0	0	0	0	0	0	0	0	0	0
1	44294	764	50	29	52	31	6	3	0	12	21	21	0	4	0	1	2	1	0	0	0	2	8	3	42	42	0	8	6	1	0	3	3	18	0	3	0	0	0	3	0	0	0	0	0	0	-3023	1059818	7144	7982	50438	55904	5.316.078	1420614	426833	4977741	2073828	37552	-56772	-61116	-62738	0	75	8333	8333	7	5	8333	1	7786	1667	875	1	0	0	0	0	0	0	0	0	0	0	0	0	0	0	0
0	42436	736	44	30	46	32	4	1	0	18	14	22	0	2	0	0	6	0	0	0	0	0	8	6	318182	50	0	45455	136364	1	0	3	3	18	0	3	0	0	0	3	0	0	0	0	0	0	-3159	995854	373	373	60762	63906	4.561.145	1575889	426833	4444518	1855294	34698	-65548	-70924	-73062	0	75	8333	8333	3	5	8333	1	7214	5	875	0	0	0	0	0	0	0	0	0	0	0	0	0	0	0	0
1	46501	71	56	31	58	33	8	4	0	12	25	22	2	5	0	1	0	1	0	0	0	2	9	1	446429	392857	35714	89286	17857	1	0	3	3	19	0	3	0	0	0	2	1	0	0	0	0	0	2569	1184984	10378	11216	25211	40339	5.822.379	1568155	606941	5510963	2292362	40883	-35329	-3715	-37511	0	1	8333	1	1	5	1	1	9048	3333	875	1	0	0	0	0	0	0	0	1	0	0	0	1	0	0	0
0	40294	831	49	26	50	27	8	4	0	6	23	17	2	5	0	1	0	1	0	0	0	2	9	1	469388	346939	40816	102041	20408	1	0	2	2	13	0	2	0	0	0	1	1	0	0	0	0	0	3651	981168	10378	11216	16317	28367	5.169.541	1568155	606941	4735382	1974501	35351	-2777	-28702	-28617	0	1	1	1	1	1	1	1	1	3333	1	1	0	1	0	0	0	1	0	1	1	0	0	1	0	1	0
0	24126	1307	29	18	31	20	3	1	0	15	11	14	1	3	0	0	0	0	0	0	0	0	4	0	37931	482759	34483	103448	0	1	0	3	6	17	2	1	0	0	1	2	0	0	2	0	0	0	3743	661702	6232	6232	18702	29764	2.880.672	788282	594689	2874252	1211743	19987	-29796	-30967	-31002	0	1	1	1	6	0	1	1	8	6667	1	1	0	1	0	0	0	0	0	1	0	1	1	1	0	1	0
0	43942	726	48	32	52	36	6	2	0	21	16	23	3	3	0	0	3	0	0	0	0	0	9	3	333333	479167	625	625	625	1	0	5	8	26	2	3	1	0	1	3	0	0	2	0	0	0	-3097	1133822	7618	7618	39291	65697	4.761.551	1570345	426833	4753488	1981921	3496	-47298	-50527	-51591	0	1	1	1	4	5	1	1	8429	1667	875	0	0	0	0	0	0	0	0	0	0	0	0	0	0	0	0
0	51743	639	48	35	51	38	5	3	0	21	13	22	1	5	0	1	6	0	0	0	0	1	13	6	270833	458333	20833	104167	125	1	0	4	7	23	2	2	0	0	1	3	0	0	2	0	0	0	-2313	1114335	856	9398	40773	62183	4.986.391	2129018	426833	499402	20805	3796	-48557	-51935	-53073	0	75	8333	8333	3	0	8333	1	65	1667	875	0	0	0	0	0	0	0	0	0	0	0	0	0	0	0	0
0	41741	788	42	29	45	32	5	3	0	21	13	20	1	5	0	1	2	0	0	0	0	1	9	2	309524	47619	2381	119048	47619	1	0	4	7	23	2	2	0	0	1	3	0	0	2	0	0	0	-2682	999189	856	9398	32249	47447	4.351.505	1530613	426833	440897	1840725	32072	-41312	-43837	-44549	0	1	1	1	4	0	1	1	7714	1667	1	1	0	0	0	0	0	1	0	0	0	0	0	0	0	1	0
0	45753	701	52	33	56	37	6	3	0	27	19	26	1	5	0	1	0	0	0	0	0	1	7	0	365385	50	19231	96154	0	1	0	5	8	29	2	3	0	0	1	4	0	0	2	0	0	0	-3821	1246223	856	9398	35388	58521	5.208.435	1231411	426833	5360133	2230546	3812	-4398	-46819	-47688	0	1	8333	1	4	0	1	1	7476	1667	875	0	0	0	0	0	0	0	0	0	0	0	0	0	0	0	0
0	41587	82	42	28	45	31	5	3	0	21	14	20	1	5	0	1	0	1	0	0	0	2	8	1	333333	47619	2381	119048	2381	1	0	4	7	23	2	2	0	0	1	3	0	0	2	0	0	0	-2878	1042909	856	9398	29569	49981	4.508.848	1231411	426833	4553821	190009	32379	-39034	-41291	-41869	0	1	1	1	4	0	1	1	7714	3333	1	1	0	0	0	0	0	1	0	0	0	0	0	0	0	1	0
0	42643	759	44	30	47	33	6	5	0	21	14	20	2	7	0	1	0	0	0	0	0	1	10	0	318182	454545	45455	159091	0	1	0	4	7	23	2	2	0	0	1	3	0	0	2	0	0	0	-2499	1068108	13142	1398	25855	42281	4.674.093	173888	426833	4639867	1935355	33452	-35876	-37762	-38155	0	1	8333	1	4	0	1	1	7476	3333	1	1	0	1	0	0	0	1	0	1	0	0	0	1	0	1	0
0	46032	82	42	28	45	31	5	3	0	21	14	20	1	5	0	1	0	0	1	0	0	2	8	1	333333	47619	2381	119048	2381	1	0	4	7	23	2	2	0	0	1	3	0	0	2	0	0	0	-2878	1071089	856	9398	30668	50821	4.572.448	1231411	426833	4641196	19359	32786	-39968	-42335	-42968	0	1	8333	1	4	0	1	1	7476	1667	875	1	0	0	0	0	0	1	0	0	0	0	0	0	0	0	0
1	55102	639	56	35	59	38	7	5	0	12	21	22	0	8	0	2	2	1	0	0	0	3	13	3	375	392857	0	142857	53571	1	0	4	7	24	2	2	0	0	0	4	0	0	0	2	0	0	-2313	1210505	12404	1408	28534	28671	6.005.797	2083742	426833	5693023	2366977	43413	-38154	-40307	-40834	0	75	8333	8333	7	5	6667	1	7548	3333	75	0	0	0	0	0	0	0	0	0	0	0	0	0	0	0	0
1	5962	564	76	40	80	44	7	3	0	12	36	29	3	4	0	1	2	1	0	0	0	2	11	3	473684	381579	39474	52632	39474	1	0	5	5	30	0	5	0	0	0	5	0	0	0	0	0	0	-7202	1512453	7016	7854	43261	61745	7.197.276	1181452	0	6986711	2897177	5222	-50672	-54298	-55561	1	5	8333	8333	9	1	8333	1	8429	1667	625	0	0	0	0	0	0	0	0	0	0	0	0	0	0	0	0
1	65921	505	78	45	83	50	7	4	0	18	33	32	4	5	0	1	2	1	0	0	0	2	13	3	423077	410256	51282	64103	38462	1	0	6	6	35	0	5	0	0	1	5	0	0	0	0	0	0	-3409	1652864	9926	10764	39196	58597	7.605.034	1613009	180108	7486047	3101822	56007	-47217	-50436	-51496	0	75	5	8333	7	5	8333	1	731	1667	625	0	0	0	0	0	0	0	0	0	0	0	0	0	0	0	0
1	5962	564	76	40	80	44	7	3	0	12	36	29	3	4	0	1	2	1	0	0	0	2	11	3	473684	381579	39474	52632	39474	1	0	5	5	30	0	5	0	0	0	5	0	0	0	0	0	0	-7202	1507165	7016	7854	43261	69621	7.197.276	1181452	0	6986711	2897177	5222	-50672	-54298	-55561	1	5	8333	8333	9	1	8333	1	8429	1667	625	0	0	0	0	0	0	0	0	0	0	0	0	0	0	0	0
1	5962	564	76	40	80	44	7	3	0	12	36	29	3	4	0	1	2	1	0	0	0	2	11	3	473684	381579	39474	52632	39474	1	0	5	5	30	0	5	0	0	0	5	0	0	0	0	0	0	-7202	1512453	7016	7854	43261	61745	7.197.276	1181452	0	6986711	2897177	5222	-50672	-54298	-55561	1	5	8333	8333	9	1	8333	1	8429	1667	625	0	0	0	0	0	0	0	0	0	0	0	0	0	0	0	0
1	5962	564	76	40	80	44	7	3	0	12	36	29	3	4	0	1	2	1	0	0	0	2	11	3	473684	381579	39474	52632	39474	1	0	5	5	30	0	5	0	0	0	5	0	0	0	0	0	0	-7202	1507165	7016	7854	43261	69621	7.197.276	1181452	0	6986711	2897177	5222	-50672	-54298	-55561	1	5	8333	8333	9	1	8333	1	8429	1667	625	0	0	0	0	0	0	0	0	0	0	0	0	0	0	0	0
1	52419	655	73	35	77	39	7	3	0	6	38	26	3	4	0	1	0	1	0	0	0	2	9	1	520548	356164	41096	54795	13699	1	0	5	5	27	0	5	1	0	0	4	0	0	0	0	0	0	-737	1381417	7016	7854	32464	50002	6.685.623	88225	0	6440365	2673265	47698	-41494	-4404	-44764	0	75	8333	8333	9	1	8333	1	8786	1667	75	0	0	0	0	0	0	0	0	0	0	0	0	0	0	0	0
1	48609	706	64	32	67	35	8	3	0	6	32	22	3	5	0	1	0	1	0	0	0	2	10	1	50	34375	46875	78125	15625	1	0	4	4	21	0	4	1	0	0	3	0	0	0	0	0	0	-2788	1228918	9039	9877	16737	33901	6.182.809	1309083	426833	578206	2403467	42893	-28126	-291	-29037	0	1	8333	1	1	1	1	1	9762	3333	875	0	0	0	0	0	0	0	0	1	0	0	0	0	0	0	0
1	5962	564	76	40	80	44	7	3	0	12	36	29	3	4	0	1	2	1	0	0	0	2	11	3	473684	381579	39474	52632	39474	1	0	5	5	30	0	5	0	0	0	5	0	0	0	0	0	0	-7202	1512453	7016	7854	43261	61745	7.197.276	1181452	0	6986711	2897177	5222	-50672	-54298	-55561	1	5	8333	8333	9	1	8333	1	8429	1667	625	0	0	0	0	0	0	0	0	0	0	0	0	0	0	0	0
1	5962	564	76	40	80	44	7	3	0	12	36	29	3	4	0	1	2	1	0	0	0	2	11	3	473684	381579	39474	52632	39474	1	0	5	5	30	0	5	0	0	0	5	0	0	0	0	0	0	-7202	1507165	7016	7854	43261	69621	7.197.276	1181452	0	6986711	2897177	5222	-50672	-54298	-55561	1	5	8333	8333	9	1	8333	1	8429	1667	625	0	0	0	0	0	0	0	0	0	0	0	0	0	0	0	0
1	57821	58	76	39	80	43	7	3	0	12	37	29	3	4	0	1	1	1	0	0	0	2	10	2	486842	381579	39474	52632	26316	1	0	5	5	30	0	5	0	0	0	5	0	0	0	0	0	0	-7385	1510289	7016	7854	39633	5969	7.168.938	1031851	0	6957475	2885195	51613	-47588	-50852	-51933	0	75	8333	8333	9	1	8333	1	8786	1667	75	0	0	0	0	0	0	0	0	0	0	0	0	0	0	0	0
1	57821	58	76	39	80	43	7	3	0	12	37	29	3	4	0	1	1	1	0	0	0	2	10	2	486842	381579	39474	52632	26316	1	0	5	5	30	0	5	0	0	0	5	0	0	0	0	0	0	-7385	1505001	7016	7854	39633	67566	7.168.938	1031851	0	6957475	2885195	51613	-47588	-50852	-51933	0	75	8333	8333	9	1	8333	1	8786	1667	75	0	0	0	0	0	0	0	0	0	0	0	0	0	0	0	0
1	56022	597	76	38	80	42	7	3	0	12	38	29	3	4	0	1	0	1	0	0	0	2	9	1	50	381579	39474	52632	13158	1	0	5	5	30	0	5	0	0	0	5	0	0	0	0	0	0	-7577	1508125	7016	7854	35999	57635	714.06	88225	0	6928239	2873213	51006	-44499	-47399	-48299	0	75	8333	8333	9	1	8333	1	8786	1667	75	0	0	0	0	0	0	0	0	0	0	0	0	0	0	0	0
1	56022	597	76	38	80	42	7	3	0	12	38	29	3	4	0	1	0	1	0	0	0	2	9	1	50	381579	39474	52632	13158	1	0	5	5	30	0	5	0	0	0	5	0	0	0	0	0	0	-7577	1502837	7016	7854	35999	65511	714.06	88225	0	6928239	2873213	51006	-44499	-47399	-48299	0	75	8333	8333	9	1	8333	1	8786	1667	75	0	0	0	0	0	0	0	0	0	0	0	0	0	0	0	0
1	57821	58	76	39	80	43	7	3	0	12	37	29	3	4	0	1	1	1	0	0	0	2	10	2	486842	381579	39474	52632	26316	1	0	5	5	30	0	5	0	0	0	5	0	0	0	0	0	0	-7385	1510289	7016	7854	39633	5969	7.168.938	1031851	0	6957475	2885195	51613	-47588	-50852	-51933	0	75	8333	8333	9	1	8333	1	8786	1667	75	0	0	0	0	0	0	0	0	0	0	0	0	0	0	0	0
1	57821	58	76	39	80	43	7	3	0	12	37	29	3	4	0	1	1	1	0	0	0	2	10	2	486842	381579	39474	52632	26316	1	0	5	5	30	0	5	0	0	0	5	0	0	0	0	0	0	-7385	1505001	7016	7854	39633	67566	7.168.938	1031851	0	6957475	2885195	51613	-47588	-50852	-51933	0	75	8333	8333	9	1	8333	1	8786	1667	75	0	0	0	0	0	0	0	0	0	0	0	0	0	0	0	0
0	57425	58	79	39	83	43	8	3	0	12	40	30	3	4	0	1	0	1	0	0	0	2	9	1	506329	379747	37975	50633	12658	1	0	5	5	30	0	5	0	0	0	5	0	0	0	0	0	0	-764	1555671	7016	7854	37901	60847	7.401.367	88225	0	7162292	2969136	52736	-46116	-49206	-50201	0	75	8333	8333	9	1	8333	1	8786	1667	75	0	0	0	0	0	0	0	0	0	0	0	0	0	0	0	0
1	68525	49	82	47	88	53	7	4	0	18	35	34	4	5	0	1	2	1	0	0	0	2	13	3	426829	414634	4878	60976	36585	1	0	7	7	38	0	6	1	0	1	5	0	0	0	0	0	0	-3576	1723864	9926	10764	42797	62056	7.845.222	1613009	180108	7773754	3219735	58231	-50277	-53857	-55097	1	5	5	8333	9	5	8333	1	7238	1667	5	0	0	0	0	0	0	0	0	0	0	0	0	0	0	0	0
1	58414	58	71	39	75	43	8	3	0	12	32	27	3	5	0	1	2	1	0	0	0	2	12	3	450704	380282	42254	70423	42254	1	0	5	5	27	0	5	1	0	0	4	0	0	0	0	0	0	-3069	1430954	9039	9877	31948	49103	6.934.651	1608285	426833	6616113	2745292	49639	-41056	-43551	-44248	0	75	8333	8333	9	1	8333	1	8786	1667	75	0	0	0	0	0	0	0	0	0	0	0	0	0	0	0	0
1	51213	677	68	34	72	38	8	3	0	6	34	24	3	5	0	1	0	1	0	0	0	2	10	1	50	352941	44118	73529	14706	1	0	5	5	24	0	5	2	0	0	3	0	0	0	0	0	0	-3045	1299918	9039	9877	20925	3736	6.422.998	1309083	426833	6069767	252138	45117	-31686	-33078	-33225	0	75	8333	8333	9	1	8333	1	8786	3333	75	0	0	0	0	0	0	0	0	0	0	0	0	0	0	0	0
1	62378	532	80	43	85	48	7	3	0	12	37	31	3	4	0	1	4	0	0	0	0	1	12	4	4625	3875	375	5	5	1	0	6	6	33	0	6	1	0	0	5	0	0	0	0	0	0	-7166	1539733	7016	7854	46994	6267	7.280.121	1480654	0	7129568	2955725	54137	-53845	-57844	-59294	1	5	5	8333	9	1	8333	1	7952	1667	625	0	0	0	0	0	0	0	0	0	0	0	0	0	0	0	0
1	58568	564	71	40	75	44	8	3	0	12	31	27	3	5	0	1	4	0	0	0	0	1	13	4	43662	380282	42254	70423	56338	1	0	5	5	27	0	5	1	0	0	4	0	0	0	0	0	0	-2925	1387234	9039	9877	31948	46569	6.777.308	1907488	426833	6471262	2685927	49332	-41056	-43551	-44248	0	75	8333	8333	9	1	8333	1	8786	1667	75	0	0	0	0	0	0	0	0	0	0	0	0	0	0	0	0
1	62224	546	80	42	85	47	7	3	0	12	38	31	3	4	0	1	2	1	0	0	0	2	11	3	475	3875	375	5	375	1	0	6	6	33	0	6	1	0	0	5	0	0	0	0	0	0	-7335	1583453	7016	7854	46994	65204	7.437.465	1181452	0	7274419	301509	54444	-53845	-57844	-59294	1	5	5	8333	9	1	8333	1	7952	1667	625	0	0	0	0	0	0	0	0	0	0	0	0	0	0	0	0
1	62224	546	80	42	85	47	7	3	0	12	38	31	3	4	0	1	2	1	0	0	0	2	11	3	475	3875	375	5	375	1	0	6	6	33	0	6	1	0	0	5	0	0	0	0	0	0	-7335	1578165	7016	7854	46994	7308	7.437.465	1181452	0	7274419	301509	54444	-53845	-57844	-59294	1	5	5	8333	9	1	8333	1	7952	1667	625	0	0	0	0	0	0	0	0	0	0	0	0	0	0	0	0
1	58414	58	71	39	75	43	8	3	0	12	32	27	3	5	0	1	2	1	0	0	0	2	12	3	450704	380282	42254	70423	42254	1	0	5	5	27	0	5	1	0	0	4	0	0	0	0	0	0	-3069	1430954	9039	9877	31948	49103	6.934.651	1608285	426833	6616113	2745292	49639	-41056	-43551	-44248	0	75	8333	8333	9	1	8333	1	8786	1667	75	0	0	0	0	0	0	0	0	0	0	0	0	0	0	0	0
1	54008	635	64	36	68	40	6	3	0	12	28	25	3	4	0	1	2	1	0	0	0	2	11	3	4375	390625	46875	625	46875	1	0	5	5	27	0	5	1	0	0	4	0	0	0	0	0	0	-2999	1315084	7895	8733	35494	49138	6.164.781	1330316	180108	6050498	2513483	453	-4407	-46919	-47794	0	75	8333	8333	9	1	8333	1	8786	1667	75	0	0	0	0	0	0	0	0	0	0	0	0	0	0	0	0
1	63226	543	82	43	88	49	7	3	0	12	39	32	3	5	0	1	1	1	0	0	0	2	11	2	47561	390244	36585	60976	2439	1	0	7	8	37	2	6	1	0	2	4	1	0	0	0	0	0	-3691	1617272	9039	9877	37749	52864	7.676.135	1458684	426833	7396346	306506	5521	-45987	-49062	-50049	0	75	6667	8333	9	1	8333	1	8548	1667	75	0	0	0	0	0	0	0	0	0	0	0	0	0	0	0	0
1	63029	543	84	43	90	49	7	3	0	12	41	33	3	4	0	1	1	1	0	0	0	2	10	2	488095	392857	35714	47619	2381	1	0	7	8	38	2	6	1	0	1	5	1	0	0	0	0	0	-7628	1650095	7016	7854	47054	68333	7.653.125	1031851	0	753289	3121021	56061	-53896	-57901	-59354	1	5	5	8333	9	1	8333	1	7952	1667	625	0	0	0	0	0	0	0	0	0	0	0	0	0	0	0	0
1	64023	532	80	43	85	48	7	3	0	12	37	31	3	4	0	1	3	1	0	0	0	2	12	4	4625	3875	375	5	5	1	0	6	6	33	0	6	1	0	0	5	0	0	0	0	0	0	-7166	1575903	7016	7854	45232	62191	7.465.802	1331053	0	7303654	3027072	55051	-52348	-56171	-57532	1	5	5	8333	9	1	8333	1	7952	1667	625	0	0	0	0	0	0	0	0	0	0	0	0	0	0	0	0
1	60425	561	80	41	85	46	7	3	0	12	39	31	3	4	0	1	1	1	0	0	0	2	10	2	4875	3875	375	5	25	1	0	6	6	33	0	6	1	0	0	5	0	0	0	0	0	0	-7512	1581289	7016	7854	43389	63149	7.409.127	1031851	0	7245183	3003108	53837	-50781	-5442	-55689	1	5	6667	8333	9	1	8333	1	819	1667	625	0	0	0	0	0	0	0	0	0	0	0	0	0	0	0	0
1	57717	594	73	39	78	44	7	3	0	12	34	29	2	5	0	1	1	1	0	0	0	2	10	2	465753	39726	27397	68493	27397	1	0	6	6	30	0	6	2	0	0	4	0	0	0	0	0	0	-3579	1460923	8715	9553	39633	5396	7.030.992	1427441	426833	6708804	278328	50156	-47588	-50852	-51933	0	75	6667	8333	9	1	8333	1	8548	1667	75	0	0	0	0	0	0	0	0	0	0	0	0	0	0	0	0
1	56615	597	71	38	75	42	8	3	0	12	33	27	3	5	0	1	1	1	0	0	0	2	11	2	464789	380282	42254	70423	28169	1	0	5	5	27	0	5	1	0	0	4	0	0	0	0	0	0	-3221	142879	9039	9877	28294	47048	6.906.314	1458684	426833	6586877	273331	49032	-3795	-40079	-40594	0	75	8333	8333	9	1	8333	1	8786	3333	75	0	0	0	0	0	0	0	0	0	0	0	0	0	0	0	0
1	56814	597	70	38	74	42	6	3	0	12	32	27	3	4	0	1	2	1	0	0	0	2	11	3	457143	385714	42857	57143	42857	1	0	5	6	30	1	4	0	0	0	5	0	0	0	1	0	0	-7055	14323	7016	7854	39431	58481	6.633.891	1181452	0	6518605	270533	4876	-47417	-5066	-51731	0	75	8333	8333	9	1	8333	1	8786	1667	75	0	0	0	0	0	0	0	0	0	0	0	0	0	0	0	0
1	56814	597	70	38	74	42	6	3	0	12	32	27	3	4	0	1	2	1	0	0	0	2	11	3	457143	385714	42857	57143	42857	1	0	5	6	30	1	4	0	0	0	5	0	0	0	1	0	0	-7055	14323	7016	7854	39431	58481	6.633.891	1181452	0	6518605	270533	4876	-47417	-5066	-51731	0	75	8333	8333	9	1	8333	1	8786	1667	75	0	0	0	0	0	0	0	0	0	0	0	0	0	0	0	0
0	55015	616	70	37	74	41	6	3	0	12	33	27	3	4	0	1	1	1	0	0	0	2	10	2	471429	385714	42857	57143	28571	1	0	5	6	30	1	4	0	0	0	5	0	0	0	1	0	0	-7244	1430136	7016	7854	38457	56426	6.605.554	1031851	0	6489369	2693348	48153	-46589	-49735	-50757	0	75	8333	8333	9	1	8333	1	8786	1667	75	0	0	0	0	0	0	0	0	0	0	0	0	0	0	0	0
1	55015	616	70	37	74	41	6	3	0	12	33	27	3	4	0	1	1	1	0	0	0	2	10	2	471429	385714	42857	57143	28571	1	0	5	6	30	1	4	0	0	0	5	0	0	0	1	0	0	-7244	1430136	7016	7854	38457	56426	6.605.554	1031851	0	6489369	2693348	48153	-46589	-49735	-50757	0	75	8333	8333	9	1	8333	1	8786	1667	75	0	0	0	0	0	0	0	0	0	0	0	0	0	0	0	0
0	45297	759	52	30	55	33	5	3	0	12	22	21	2	4	0	1	1	1	0	0	0	2	9	2	423077	403846	38462	76923	38462	1	0	4	5	23	1	3	0	0	1	3	0	0	0	1	0	0	-6933	1129615	6692	753	33772	50756	5.161.339	1000608	0	5099668	2123798	37909	-42607	-45284	-46072	0	1	8333	1	8	5	1	1	8762	1667	1	1	0	0	0	0	0	1	0	0	0	0	0	0	0	1	0
1	51813	655	67	35	71	39	6	3	0	12	32	26	3	4	0	1	0	1	0	0	0	2	9	1	477612	38806	44776	59701	14925	1	0	5	6	29	1	4	0	0	1	4	0	0	0	1	0	0	-737	1381962	7016	7854	32814	49809	6.316.448	88225	0	622608	2585443	45816	-41792	-44373	-45114	0	75	8333	8333	9	1	8333	1	8786	1667	75	0	0	0	0	0	0	0	0	0	0	0	0	0	0	0	0
1	53216	635	70	36	74	40	6	3	0	12	34	27	3	4	0	1	0	1	0	0	0	2	9	1	485714	385714	42857	57143	14286	1	0	5	6	30	1	4	0	0	0	5	0	0	0	1	0	0	-7443	1427972	7016	7854	34797	54371	6.577.216	88225	0	6460133	2681366	47546	-43477	-46257	-47097	0	75	8333	8333	9	1	8333	1	8786	1667	75	0	0	0	0	0	0	0	0	0	0	0	0	0	0	0	0
1	54619	616	73	37	77	41	6	3	0	12	36	28	3	4	0	1	0	1	0	0	0	2	9	1	493151	383562	41096	54795	13699	1	0	5	6	31	1	4	0	0	0	4	1	0	0	1	0	0	-7512	1473982	7016	7854	36751	58933	6.837.983	88225	0	6694186	2777289	49276	-45139	-48114	-49051	0	75	8333	8333	9	1	8333	1	8786	1667	75	0	0	0	0	0	0	0	0	0	0	0	0	0	0	0	0
0	53216	635	70	36	74	40	6	3	0	12	34	27	3	4	0	1	0	1	0	0	0	2	9	1	485714	385714	42857	57143	14286	1	0	5	6	30	1	4	0	0	0	5	0	0	0	1	0	0	-7443	1422684	7016	7854	34797	62247	6.577.216	88225	0	6460133	2681366	47546	-43477	-46257	-47097	0	75	8333	8333	9	1	8333	1	8786	1667	75	0	0	0	0	0	0	0	0	0	0	0	0	0	0	0	0
1	49406	682	61	33	64	36	7	3	0	12	28	23	3	5	0	1	0	1	0	0	0	2	10	1	459016	377049	4918	81967	16393	1	0	4	5	24	1	3	0	0	0	4	0	0	0	1	0	0	-292	1275473	9039	9877	19199	3827	6.074.402	1309083	426833	5801827	2411569	42741	-30219	-31439	-31499	0	1	8333	1	1	1	1	1	9762	3333	875	0	0	0	0	0	0	0	0	1	0	0	0	0	0	0	0
1	5962	564	76	40	80	44	7	3	0	12	36	29	3	4	0	1	2	1	0	0	0	2	11	3	473684	381579	39474	52632	39474	1	0	5	5	30	0	5	0	0	0	5	0	0	0	0	0	0	-7202	1507165	7016	7854	43261	69621	7.197.276	1181452	0	6986711	2897177	5222	-50672	-54298	-55561	1	5	8333	8333	9	1	8333	1	8429	1667	625	0	0	0	0	0	0	0	0	0	0	0	0	0	0	0	0
1	51404	66	60	34	63	37	6	3	0	12	26	23	3	4	0	1	2	1	0	0	0	2	11	3	433333	383333	5	66667	5	1	0	4	4	24	0	4	0	0	0	4	0	0	0	0	0	0	-2753	1244084	7895	8733	31438	45679	5.924.592	1330316	180108	5762791	239557	43076	-40623	-43066	-43738	0	75	8333	8333	9	5	8333	1	8071	1667	875	0	0	0	0	0	0	0	0	0	0	0	0	0	0	0	0
1	5962	564	76	40	80	44	7	3	0	12	36	29	3	4	0	1	2	1	0	0	0	2	11	3	473684	381579	39474	52632	39474	1	0	5	5	30	0	5	0	0	0	5	0	0	0	0	0	0	-7202	1512453	7016	7854	43261	61745	7.197.276	1181452	0	6986711	2897177	5222	-50672	-54298	-55561	1	5	8333	8333	9	1	8333	1	8429	1667	625	0	0	0	0	0	0	0	0	0	0	0	0	0	0	0	0
1	57821	58	76	39	80	43	7	3	0	12	37	29	3	4	0	1	1	1	0	0	0	2	10	2	486842	381579	39474	52632	26316	1	0	5	5	30	0	5	0	0	0	5	0	0	0	0	0	0	-7385	1510289	7016	7854	39633	5969	7.168.938	1031851	0	6957475	2885195	51613	-47588	-50852	-51933	0	75	8333	8333	9	1	8333	1	8786	1667	75	0	0	0	0	0	0	0	0	0	0	0	0	0	0	0	0
1	57821	58	76	39	80	43	7	3	0	12	37	29	3	4	0	1	1	1	0	0	0	2	10	2	486842	381579	39474	52632	26316	1	0	5	5	30	0	5	0	0	0	5	0	0	0	0	0	0	-7385	1510289	7016	7854	39633	5969	7.168.938	1031851	0	6957475	2885195	51613	-47588	-50852	-51933	0	75	8333	8333	9	1	8333	1	8786	1667	75	0	0	0	0	0	0	0	0	0	0	0	0	0	0	0	0
0	32544	942	47	24	49	26	5	1	0	12	23	20	1	3	0	0	0	0	0	0	0	0	4	0	489362	425532	21277	6383	0	1	0	3	3	18	0	3	0	0	0	3	0	0	0	0	0	0	-3831	930356	4977	4977	26563	36901	4.631.145	819525	426833	4278571	1787283	31457	-36479	-38435	-38863	0	1	1	1	1	5	1	1	9286	5	1	1	1	1	0	1	1	1	0	1	0	0	0	1	1	1	0
1	39888	862	43	26	45	28	4	3	0	12	17	19	0	3	0	1	2	1	0	0	0	2	7	3	395349	44186	0	69767	69767	1	0	3	3	18	0	3	0	0	0	3	0	0	0	0	0	0	-7224	958803	5121	5959	4606	49361	4.590.564	993781	0	4412126	1842019	33213	-53051	-56957	-5836	0	75	8333	1	8	5	1	1	8405	5	875	1	0	0	0	0	0	1	0	0	0	0	0	0	0	1	0
1	39888	862	43	26	45	28	4	3	0	12	17	19	0	3	0	1	2	1	0	0	0	2	7	3	395349	44186	0	69767	69767	1	0	3	3	18	0	3	0	0	0	3	0	0	0	0	0	0	-7224	958803	5121	5959	4606	49361	4.590.564	993781	0	4412126	1842019	33213	-53051	-56957	-5836	0	75	8333	1	8	5	1	1	8405	5	875	1	0	0	0	0	0	1	0	0	0	0	0	0	0	1	0
1	5676	616	59	37	63	41	5	7	0	6	22	23	1	6	0	2	5	0	0	0	0	2	14	5	372881	389831	16949	101695	84746	1	0	5	8	27	2	3	1	0	0	4	0	0	0	2	0	0	-2308	1237728	10661	12337	26364	28183	5.770.277	2159763	16405	5673256	2358875	44903	-3631	-38246	-38664	0	75	8333	8333	7	5	8333	1	7786	3333	75	0	0	0	0	0	0	0	0	0	0	0	0	0	0	0	0
1	60956	567	58	39	61	42	5	7	0	6	19	22	1	6	0	2	8	0	0	0	0	2	17	8	327586	37931	17241	103448	137931	1	0	4	7	24	2	2	0	0	0	4	0	0	0	2	0	0	-1796	1224048	10661	12337	27382	47954	5.897.561	2608566	16405	5707309	2372832	4623	-37175	-39213	-39682	0	75	8333	8333	7	5	8333	1	7786	3333	75	0	0	0	0	0	0	0	0	0	0	0	0	0	0	0	0
1	3374	9	44	25	46	27	5	3	0	12	19	20	1	4	0	0	0	0	0	0	0	0	5	0	431818	454545	22727	90909	0	1	0	3	3	18	0	3	0	0	0	3	0	0	0	0	0	0	-3564	942584	6684	6684	21215	34227	4.580.863	1070974	426833	4233223	1768698	31808	-31933	-33354	-33515	0	1	1	1	8	5	1	1	9	3333	1	1	1	1	0	1	0	1	0	1	0	1	0	1	1	1	0
0	3084	988	43	23	45	25	6	2	0	12	20	20	0	3	0	0	0	0	0	0	0	0	3	0	465116	465116	0	69767	0	1	0	3	3	18	0	3	0	0	0	3	0	0	0	0	0	0	-8579	910718	3553	3553	25746	34878	4.195.056	471447	0	4041362	1690066	30093	-35784	-37659	-38046	0	1	1	1	8	5	1	1	9	6667	1	1	1	1	0	1	1	1	0	1	0	1	0	1	1	1	0
0	29137	1039	39	22	41	24	3	3	0	12	17	19	1	2	0	0	0	0	0	0	0	0	3	0	435897	487179	25641	51282	0	1	0	3	3	18	0	3	0	0	0	3	0	0	0	0	0	0	-8514	87165	3738	3738	29455	32	3.880.874	534142	0	3804153	159285	2832	-38937	-41182	-41755	0	1	1	1	6	5	1	1	8714	1	1	1	1	1	1	1	1	0	0	1	1	1	0	1	1	1	1
0	3214	942	43	24	45	26	5	3	0	12	19	20	1	3	0	0	0	0	0	0	0	0	4	0	44186	465116	23256	69767	0	1	0	3	3	18	0	3	0	0	0	3	0	0	0	0	0	0	-8228	932285	4661	4661	25032	37624	4.292.797	644141	0	4135714	1728735	30929	-35177	-3698	-37332	0	1	1	1	8	5	1	1	9	5	1	1	1	1	0	1	1	1	0	1	0	1	0	1	0	1	0
0	32743	988	40	23	42	25	4	4	0	12	17	18	1	3	0	1	0	0	0	0	0	1	5	0	425	45	25	75	0	1	0	3	3	18	0	3	0	0	0	3	0	0	0	0	0	0	-7721	911403	5445	6283	22374	34275	4.051.176	709764	0	4010631	1677472	29584	-32918	-34455	-34674	0	1	1	1	6	5	1	1	8714	3333	1	1	1	1	1	1	1	1	0	1	0	1	0	1	1	1	1
0	42646	813	46	29	50	33	4	3	0	11	17	18	4	3	0	1	3	0	0	0	0	1	11	3	369565	391304	86957	65217	65217	1	0	5	6	23	1	4	2	0	1	2	0	0	1	0	0	0	-1999	972475	9602	1044	17629	33477	4.304.417	1493053	16663	4377741	1827927	32761	-28884	-29947	-29929	0	1	1	1	8	5	1	1	9	3333	875	1	0	1	0	0	0	1	0	1	1	0	0	1	0	1	0
0	42646	813	46	29	50	33	4	3	0	11	17	18	4	3	0	1	3	0	0	0	0	1	11	3	369565	391304	86957	65217	65217	1	0	5	6	23	1	4	2	0	1	2	0	0	1	0	0	0	-1999	972475	9602	1044	17629	33477	4.304.417	1493053	16663	4377741	1827927	32761	-28884	-29947	-29929	0	1	1	1	8	5	1	1	9	3333	875	1	0	1	0	0	0	1	0	1	1	0	0	1	0	1	0
0	41144	847	44	28	48	32	3	3	0	11	16	18	3	3	0	1	3	0	0	0	0	1	10	3	363636	409091	68182	68182	68182	1	0	5	6	23	1	3	2	0	1	2	0	0	1	0	0	0	-2171	952644	8313	9151	2522	35668	4.122.189	1325198	16663	421196	1759984	31661	-35337	-37159	-3752	0	1	1	1	8	5	1	1	9	5	875	1	0	1	0	0	0	1	0	1	0	0	0	1	0	1	0
1	4395	782	50	30	54	34	3	3	0	11	20	20	3	3	0	1	3	0	0	0	0	1	10	3	40	40	6	6	6	1	0	5	6	25	1	3	1	0	2	2	0	0	1	0	0	0	-2499	1044664	8313	9151	29681	44792	4.643.724	1325198	16663	4680066	1951831	35121	-39129	-41397	-41981	0	1	1	1	8	5	1	1	9	5	875	1	0	1	0	0	0	1	0	1	0	0	0	1	0	1	0
0	42547	813	47	29	51	33	4	3	0	11	18	19	3	3	0	1	3	0	0	0	0	1	10	3	382979	404255	6383	6383	6383	1	0	5	6	23	1	4	2	0	1	2	0	0	1	0	0	0	-234	997764	8313	9151	27472	40698	4.357.611	1325198	16663	4446013	1855907	33391	-37251	-39299	-39772	0	1	1	1	8	5	1	1	9	3333	875	1	0	1	0	0	0	1	0	1	0	0	0	1	0	1	0
0	41243	847	43	28	47	32	3	3	0	11	15	17	4	3	0	1	3	0	0	0	0	1	11	3	348837	395349	93023	69767	69767	1	0	5	6	23	1	3	2	0	1	2	0	0	1	0	0	0	-1818	93421	9602	1044	1533	29553	4.068.994	1493053	16663	4143688	1732003	31031	-2693	-27763	-2763	0	1	1	1	8	5	1	1	9	5	875	1	0	1	0	0	0	1	0	1	1	0	0	1	0	1	0
1	41243	847	43	28	47	32	3	3	0	11	15	17	4	3	0	1	3	0	0	0	0	1	11	3	348837	395349	93023	69767	69767	1	0	5	6	23	1	3	2	0	1	2	0	0	1	0	0	0	-1818	927355	9602	1044	1533	28447	4.068.994	1493053	16663	4143688	1732003	31031	-2693	-27763	-2763	0	1	1	1	8	5	1	1	9	5	875	1	0	1	0	0	0	1	0	1	1	0	0	1	0	1	0
0	49847	677	49	34	53	38	4	3	0	17	15	21	4	3	0	1	5	0	0	0	0	1	13	5	306122	428571	81633	61224	102041	1	0	5	6	26	1	4	1	0	1	3	0	0	1	0	0	0	-217	1103511	9602	1044	26846	4522	481.607	1792255	16663	4924086	2051839	37283	-36719	-38704	-39146	0	1	8333	1	6	5	1	1	8476	3333	75	0	0	0	0	0	0	0	0	0	0	0	0	0	0	0	0
1	47052	726	53	32	57	36	4	3	0	11	21	20	4	4	0	1	3	0	0	0	0	1	12	3	396226	377358	75472	75472	56604	1	0	5	6	26	1	4	1	0	1	3	0	0	1	0	0	0	-2168	1085982	10525	11363	14606	29468	4.977.107	1603052	16663	4943355	2059736	371	-26315	-27076	-26906	0	1	8333	1	1	5	1	1	9048	3333	75	1	0	0	0	0	0	0	0	1	0	0	0	1	0	0	0
0	38391	1014	38	24	42	28	3	3	0	10	14	15	3	3	0	2	0	1	0	0	0	3	9	1	368421	394737	78947	78947	26316	1	0	5	6	22	1	3	2	0	2	1	0	0	1	0	0	0	-1774	923066	8313	11975	17721	287	3.844.478	876394	16663	3968439	166018	28286	-28963	-30035	-30021	0	1	1	1	8	5	1	1	9	5	875	1	1	1	0	0	0	0	0	1	1	0	0	1	1	1	1
1	48198	706	54	32	57	35	5	4	0	12	22	23	1	4	0	1	2	1	0	0	0	2	9	3	407407	425926	18519	74074	55556	1	0	4	4	23	0	4	0	0	1	3	0	0	0	0	0	0	-7124	1158827	7152	799	4601	45946	5.513.411	1276473	0	5359801	223041	40612	-53008	-56909	-5831	0	75	6667	1	8	5	1	1	8167	1667	75	0	0	0	0	0	0	0	0	0	0	0	0	0	0	0	0
1	38485	9	40	25	42	27	3	3	0	12	15	18	0	3	0	1	2	1	0	0	0	2	7	3	375	45	0	75	75	1	0	3	3	18	0	3	0	0	0	3	0	0	0	0	0	0	-7113	912072	5121	5959	4383	41666	4.292.235	993781	0	4178073	1746096	31483	-51156	-54839	-5613	0	75	1	1	8	5	1	1	8643	6667	875	1	0	1	0	0	0	1	0	1	0	0	0	1	0	1	0
0	31042	988	45	23	47	25	6	1	0	12	22	20	0	3	0	0	0	0	0	0	0	0	3	0	488889	444444	0	66667	0	1	0	3	3	18	0	3	0	0	0	3	0	0	0	0	0	0	-8579	899034	3553	3553	26522	3511	4.291.644	471447	0	4112791	171934	30357	-36443	-38396	-38822	0	1	1	1	8	5	1	1	9	6667	1	1	1	1	0	1	1	1	0	1	0	1	0	1	1	1	0
0	32342	942	45	24	47	26	5	2	0	12	21	20	1	3	0	0	0	0	0	0	0	0	4	0	466667	444444	22222	66667	0	1	0	3	3	18	0	3	0	0	0	3	0	0	0	0	0	0	-8228	922137	4661	4661	25788	36506	4.389.385	644141	0	4207143	1758009	31193	-3582	-37699	-38088	0	1	1	1	8	5	1	1	9	5	1	1	1	1	0	1	1	1	0	1	0	1	0	1	1	1	0
0	3854	892	40	26	43	29	3	3	0	11	14	16	3	3	0	1	3	0	0	0	0	1	10	3	35	40	75	75	75	1	0	4	5	20	1	3	1	0	1	2	0	0	1	0	0	0	-1796	881644	8313	9151	20572	32209	3.857.134	1325198	16663	3924252	1642071	29437	-31386	-32744	-32872	0	1	1	1	8	5	1	1	9	5	1	1	1	1	0	0	0	1	0	1	1	0	0	1	1	1	1
0	41333	826	36	27	38	29	2	3	0	11	9	14	3	3	0	1	6	0	0	0	0	1	13	6	25	388889	83333	83333	166667	1	0	3	4	17	1	2	0	0	1	2	0	0	1	0	0	0	-891	816727	8313	9151	19378	34081	3.744.286	1774001	16663	3724252	1560103	29034	-30371	-31609	-31678	0	1	1	1	6	5	1	1	8714	5	1	1	0	1	0	0	0	0	0	1	0	0	0	1	0	1	0
0	38639	892	39	26	42	29	3	3	0	11	13	15	4	3	0	1	3	0	0	0	0	1	11	3	333333	384615	102564	76923	76923	1	0	4	5	20	1	3	1	0	1	2	0	0	1	0	0	0	-1416	856355	9602	1044	10578	24988	3.803.939	1493053	16663	385598	161409	28807	-22891	-23249	-22878	0	1	1	1	6	5	1	1	8714	5	1	1	1	1	0	0	0	0	0	1	1	0	0	1	1	1	1
1	40188	813	45	29	49	33	3	1	0	23	16	22	5	1	0	0	0	1	0	0	0	1	7	1	355556	488889	111111	22222	22222	1	0	5	8	30	2	3	0	0	1	3	1	0	0	0	2	0	2279	1127063	7936	7936	34046	42483	4.430.462	947375	360215	4700166	1960068	33108	-42839	-45543	-46346	0	1	1	1	4	0	1	1	7714	3333	875	1	0	1	0	0	0	1	0	1	0	0	0	1	0	1	0
0	42949	1095	29	21	31	23	1	2	0	12	8	15	1	2	0	0	0	1	2	0	0	3	6	3	275862	517241	34483	68966	103448	1	0	3	4	17	1	2	0	0	1	2	0	0	1	0	0	0	3778	89695	5309	5309	42171	46249	3.710.089	85839	606941	3724086	1560035	27041	-49746	-53263	-54471	0	75	1	1	4	0	1	1	7357	6667	875	1	0	0	0	0	0	0	0	0	0	0	0	1	0	1	0
0	27171	1228	29	19	31	21	1	2	0	12	10	15	1	2	0	0	0	1	0	0	0	1	4	1	344828	517241	34483	68966	34483	1	0	3	4	17	1	2	0	0	1	2	0	0	1	0	0	0	3414	744494	5309	5309	3236	31281	3.154.852	85839	606941	3142691	1321759	23185	-41406	-43942	-4466	0	1	1	1	4	0	1	1	7714	8333	1	1	0	1	1	0	0	0	0	1	0	1	0	1	0	1	1
0	38185	855	43	27	46	30	6	2	0	17	16	19	5	2	0	0	0	1	0	0	0	1	8	1	372093	44186	116279	46512	23256	1	0	4	5	22	1	3	0	0	2	2	0	0	1	0	0	0	304	106379	9655	9655	37565	31786	4.380.681	1038995	346738	4418771	1844742	31651	-4583	-48886	-49865	0	1	1	1	6	0	1	1	8	1667	1	1	1	1	0	0	0	1	0	1	1	0	0	1	1	1	0
0	34824	988	38	23	40	25	4	2	0	12	15	18	1	2	0	0	0	2	0	0	0	2	5	2	394737	473684	26316	52632	52632	1	0	3	4	17	1	2	0	0	1	2	0	0	1	0	0	0	-3264	934272	4209	4209	41766	41057	4.087.969	541556	180108	4048173	1692858	29896	-49401	-52878	-54066	0	75	1	1	6	5	1	1	8357	5	1	1	0	1	1	1	0	0	0	1	0	0	0	1	0	1	0
0	38489	855	48	27	51	30	5	2	0	12	21	21	2	3	0	0	0	1	0	0	0	1	6	1	4375	4375	41667	625	20833	1	0	4	5	23	1	3	0	0	1	3	0	0	1	0	0	0	-3456	1063121	5456	5456	26309	32055	4.645.169	682798	180108	46299	1931271	34308	-36263	-38194	-38609	0	1	1	1	8	5	1	1	9	5	1	1	1	1	0	0	0	1	0	1	1	0	0	1	1	1	0
0	40889	855	44	27	47	30	5	3	0	12	17	18	2	5	0	1	0	1	0	0	0	2	9	1	386364	409091	45455	113636	22727	1	0	4	5	22	1	3	0	0	2	2	0	0	1	0	0	0	-2357	991119	8494	9332	18409	26704	447.439	110987	180108	4465781	1864008	32991	-29548	-30689	-30709	0	1	1	1	8	5	1	1	9	3333	1	1	0	1	0	0	0	1	0	1	1	0	0	1	0	1	0
0	43695	788	50	29	53	32	5	3	0	12	21	20	2	5	0	1	0	1	0	0	0	2	9	1	42	40	4	10	2	1	0	4	5	24	1	3	0	0	1	2	1	0	1	0	0	0	-2682	1083567	8494	9332	22914	37066	4.995.925	110987	180108	4933887	2055855	36451	-33377	-34968	-35214	0	1	1	1	8	5	1	1	9	3333	1	1	0	1	0	0	0	1	0	1	0	0	0	1	0	1	0
0	46182	794	47	28	49	30	5	3	0	12	19	19	2	3	0	1	0	3	0	0	0	4	9	3	404255	404255	42553	6383	6383	1	0	3	3	19	0	3	0	0	0	2	1	0	0	0	0	0	-2525	1121994	6648	7486	36353	52673	5.222.119	889872	180108	509186	2120599	37241	-448	-47735	-48653	0	1	8333	1	8	5	1	1	8762	1667	875	1	0	0	0	0	0	0	0	0	0	0	0	0	0	0	0
1	47893	71	50	31	52	33	5	3	0	12	19	20	2	3	0	1	4	1	0	0	0	2	11	5	38	40	4	6	10	1	0	3	3	19	0	3	0	0	0	2	1	0	0	0	0	0	-2328	1087799	6648	7486	38501	50863	516.82	1488276	180108	5036213	2097792	38357	-46626	-49776	-50801	0	1	8333	1	8	5	1	1	8762	1667	875	1	0	0	0	0	0	0	0	0	0	0	0	0	0	0	0
1	42892	794	47	28	49	30	5	3	0	12	19	19	2	3	0	1	2	1	0	0	0	2	9	3	404255	404255	42553	6383	6383	1	0	3	3	19	0	3	0	0	0	2	1	0	0	0	0	0	-2525	1030226	6648	7486	34165	43495	4.850.757	1189074	180108	4743688	1977905	35413	-4294	-45657	-46465	0	1	1	1	8	5	1	1	9	1667	1	1	0	1	0	0	0	1	0	1	0	0	0	1	0	1	0
1	46094	736	50	30	52	32	5	3	0	12	20	20	2	3	0	1	3	1	0	0	0	2	10	4	40	40	4	6	8	1	0	3	3	19	0	3	0	0	0	2	1	0	0	0	0	0	-2499	1085635	6648	7486	34752	48808	5.139.862	1338675	180108	5006977	208581	3775	-43439	-46214	-47052	0	1	8333	1	8	5	1	1	8762	1667	875	1	0	0	0	0	0	1	0	0	0	0	0	0	0	0	0
1	44449	736	50	30	52	32	5	3	0	12	20	20	2	3	0	1	4	0	0	0	0	1	10	4	40	40	4	6	8	1	0	3	3	19	0	3	0	0	0	2	1	0	0	0	0	0	-2499	1039751	6648	7486	33673	44219	4.954.181	1488276	180108	483289	2014463	36836	-42522	-45189	-45973	0	1	1	1	8	5	1	1	9	1667	1	1	0	1	0	0	0	1	0	1	0	0	0	1	0	1	0
1	4265	764	50	29	52	31	5	3	0	12	21	20	2	3	0	1	3	0	0	0	0	1	9	3	42	40	4	6	6	1	0	3	3	19	0	3	0	0	0	2	1	0	0	0	0	0	-2682	1037587	6648	7486	29904	42164	4.925.843	1338675	180108	4803654	2002481	36229	-39319	-41609	-42204	0	1	1	1	8	5	1	1	9	3333	1	1	0	1	0	0	0	1	0	1	0	0	0	1	0	1	0
0	52894	642	53	34	55	36	5	3	0	12	19	21	2	3	0	1	6	1	0	0	0	2	13	7	358491	396226	37736	56604	132075	1	0	3	3	19	0	3	0	0	0	2	1	0	0	0	0	0	-217	1145372	6648	7486	42689	58231	5.485.643	1787479	180108	5328738	2217679	41301	-50186	-53755	-54989	1	5	8333	8333	7	5	8333	1	7429	1667	75	0	0	0	0	0	0	0	0	0	0	0	0	0	0	0	0
1	46182	794	47	28	49	30	5	3	0	12	19	19	2	3	0	1	0	3	0	0	0	4	9	3	404255	404255	42553	6383	6383	1	0	3	3	19	0	3	0	0	0	2	1	0	0	0	0	0	-2525	1121994	6648	7486	36353	52673	5.222.119	889872	180108	509186	2120599	37241	-448	-47735	-48653	0	1	8333	1	8	5	1	1	8762	1667	875	1	0	0	0	0	0	0	0	0	0	0	0	0	0	0	0
1	42738	826	47	27	49	29	5	3	0	12	20	19	2	3	0	1	0	2	0	0	0	3	8	2	425532	404255	42553	6383	42553	1	0	3	3	19	0	3	0	0	0	2	1	0	0	0	0	0	-2723	1073946	6648	7486	31485	46029	500.81	889872	180108	4888538	203727	3572	-40662	-43111	-43785	0	1	1	1	8	5	1	1	9	1667	1	1	0	0	0	0	0	1	0	0	0	0	0	1	0	1	0
1	42837	826	46	27	48	29	5	3	0	12	19	18	3	3	0	1	0	2	0	0	0	3	9	2	413043	391304	65217	65217	43478	1	0	3	3	19	0	3	0	0	0	2	1	0	0	0	0	0	-2357	106299	7937	8775	21536	36615	4.954.905	1057727	180108	4820266	2009289	3509	-32205	-33659	-33836	0	1	1	1	8	5	1	1	9	3333	1	1	0	1	0	0	0	1	0	1	0	0	0	1	0	1	0
1	41093	826	47	27	49	29	5	3	0	12	20	19	2	3	0	1	1	1	0	0	0	2	8	2	425532	404255	42553	6383	42553	1	0	3	3	19	0	3	0	0	0	2	1	0	0	0	0	0	-2723	1028062	6648	7486	30376	4144	4.822.419	1039473	180108	4714452	1965923	34806	-39719	-42057	-42676	0	1	1	1	8	5	1	1	9	1667	1	1	0	1	0	0	0	1	0	1	0	0	0	1	0	1	0
1	40894	826	48	27	50	29	5	3	0	12	21	19	2	4	0	1	0	1	0	0	0	2	8	1	4375	395833	41667	83333	20833	1	0	3	3	19	0	3	0	0	0	2	1	0	0	0	0	0	304	1042839	8671	9509	21536	36711	5.008.441	1316705	606941	4782724	1993903	35078	-32205	-33659	-33836	0	1	1	1	8	5	1	1	9	3333	1	1	0	1	0	0	0	1	0	1	0	0	0	1	0	1	0
1	47694	71	51	31	53	33	6	3	0	12	20	20	2	4	0	1	3	1	0	0	0	2	11	4	392157	392157	39216	78431	78431	1	0	3	3	19	0	3	0	0	0	2	1	0	0	0	0	0	-2328	110164	7571	8409	27032	60584	5.291.018	1448674	180108	5104485	2125773	38629	-36878	-38881	-39332	0	1	8333	1	8	5	1	1	8762	3333	875	0	0	0	0	0	0	0	0	0	0	0	0	0	0	0	0
1	45895	736	51	30	53	32	6	3	0	12	21	20	2	4	0	1	2	1	0	0	0	2	10	3	411765	392157	39216	78431	58824	1	0	3	3	19	0	3	0	0	0	2	1	0	0	0	0	0	-2499	1090619	7571	8409	25953	4744	526.268	1299073	180108	5075249	2113791	38022	-3596	-37856	-38253	0	1	8333	1	8	5	1	1	8762	3333	1	1	0	0	0	0	0	1	0	0	0	0	0	0	0	0	0
1	52501	663	53	33	55	35	6	5	0	12	20	20	2	5	0	2	3	1	0	0	0	3	13	4	377358	377358	37736	9434	75472	1	0	3	3	19	0	3	0	0	0	2	1	0	0	0	0	0	-2019	1174554	10062	11738	26097	56008	5.610.754	1781805	180108	5473588	2277044	41359	-36082	-37992	-38397	0	75	8333	8333	7	5	8333	1	7786	3333	875	0	0	0	0	0	0	0	0	0	0	0	0	0	0	0	0
1	43695	788	50	29	53	32	5	3	0	12	21	20	2	5	0	1	0	1	0	0	0	2	9	1	42	40	4	10	2	1	0	4	5	24	1	3	0	0	1	2	1	0	1	0	0	0	-2682	1083567	8494	9332	22914	37066	4.995.925	110987	180108	4933887	2055855	36451	-33377	-34968	-35214	0	1	1	1	8	5	1	1	9	3333	1	1	0	1	0	0	0	1	0	1	0	0	0	1	0	1	0
1	46094	736	50	30	52	32	5	3	0	12	20	20	2	3	0	1	3	1	0	0	0	2	10	4	40	40	4	6	8	1	0	3	3	19	0	3	0	0	0	2	1	0	0	0	0	0	-2499	1085635	6648	7486	34752	48808	5.139.862	1338675	180108	5006977	208581	3775	-43439	-46214	-47052	0	1	8333	1	8	5	1	1	8762	1667	875	1	0	0	0	0	0	1	0	0	0	0	0	0	0	0	0
1	41093	826	47	27	49	29	5	3	0	12	20	19	2	3	0	1	1	1	0	0	0	2	8	2	425532	404255	42553	6383	42553	1	0	3	3	19	0	3	0	0	0	2	1	0	0	0	0	0	-2723	1028062	6648	7486	30376	4144	4.822.419	1039473	180108	4714452	1965923	34806	-39719	-42057	-42676	0	1	1	1	8	5	1	1	9	1667	1	1	0	1	0	0	0	1	0	1	0	0	0	1	0	1	0
1	39294	862	47	26	49	28	5	3	0	12	21	19	2	3	0	1	0	1	0	0	0	2	7	1	446809	404255	42553	6383	21277	1	0	3	3	19	0	3	0	0	0	2	1	0	0	0	0	0	-2937	1025898	6648	7486	26575	39385	4.794.081	889872	180108	4685216	1953941	34199	-36489	-38446	-38875	0	1	1	1	8	5	1	1	9	3333	1	1	0	1	0	0	0	1	0	1	0	0	0	1	0	1	0
1	39393	862	46	26	48	28	5	3	0	12	20	18	3	3	0	1	0	1	0	0	0	2	8	1	434783	391304	65217	65217	21739	1	0	3	3	19	0	3	0	0	0	2	1	0	0	0	0	0	-2557	1000609	7937	8775	16581	32164	4.740.886	1057727	180108	4616944	192596	33569	-27994	-28952	-28881	0	1	1	1	8	5	1	1	9	3333	1	1	0	1	0	0	0	1	0	1	1	0	0	1	0	1	0
1	39393	862	46	26	48	28	5	3	0	12	20	18	3	3	0	1	0	1	0	0	0	2	8	1	434783	391304	65217	65217	21739	1	0	3	3	19	0	3	0	0	0	2	1	0	0	0	0	0	-2557	1004329	7937	8775	16581	27879	4.740.886	1057727	180108	4616944	192596	33569	-27994	-28952	-28881	0	1	1	1	8	5	1	1	9	3333	1	1	0	1	0	0	0	1	0	1	1	0	0	1	0	1	0
1	39393	862	46	26	48	28	5	3	0	12	20	18	3	3	0	1	0	1	0	0	0	2	8	1	434783	391304	65217	65217	21739	1	0	3	3	19	0	3	0	0	0	2	1	0	0	0	0	0	-2557	1004329	7937	8775	16581	27879	4.740.886	1057727	180108	4616944	192596	33569	-27994	-28952	-28881	0	1	1	1	8	5	1	1	9	3333	1	1	0	1	0	0	0	1	0	1	1	0	0	1	0	1	0
0	40697	826	50	27	52	29	6	3	0	12	23	20	2	3	0	1	0	1	0	0	0	2	7	1	46	40	4	6	2	1	0	3	3	19	0	3	0	0	0	2	1	0	0	0	0	0	-3089	1073444	6648	7486	28805	42597	5.054.848	889872	180108	4919269	2049864	35929	-38384	-40565	-41105	0	1	1	1	8	5	1	1	9	3333	1	1	0	1	0	0	0	1	1	1	0	0	0	1	0	1	0
1	4129	831	46	26	47	27	6	3	0	6	20	16	2	3	0	1	3	1	0	0	0	2	10	4	434783	347826	43478	65217	86957	1	0	2	2	13	0	2	0	0	0	1	1	0	0	0	0	0	-1796	926337	6648	7486	25474	39392	4.747.791	1338675	180108	4465449	1863872	33948	-35553	-37401	-37774	0	1	1	1	1	1	1	1	1	3333	1	1	0	1	0	0	0	1	0	1	0	0	0	1	0	1	0
1	421	794	53	28	55	30	7	3	0	12	25	21	2	3	0	1	0	1	0	0	0	2	7	1	471698	396226	37736	56604	18868	1	0	3	3	19	0	3	0	0	0	2	1	0	0	0	0	0	-3231	1119454	6648	7486	30993	47159	5.315.616	889872	180108	5153322	2145788	37659	-40244	-42643	-43293	0	1	1	1	8	5	1	1	9	1667	1	1	0	0	0	0	0	1	1	0	0	0	0	0	0	1	0
1	43503	764	56	29	58	31	8	3	0	12	27	22	2	3	0	1	0	1	0	0	0	2	7	1	482143	392857	35714	53571	17857	1	0	3	3	19	0	3	0	0	0	2	1	0	0	0	0	0	-3364	1165464	6648	7486	33141	51721	5.576.383	889872	180108	5387375	2241711	39389	-4207	-44684	-45441	0	1	1	1	1	5	1	1	9286	1667	1	1	0	0	0	0	0	1	0	0	0	0	0	0	0	0	0
0	49115	663	68	33	70	35	12	3	0	12	35	26	2	3	0	1	0	1	0	0	0	2	7	1	514706	382353	29412	44118	14706	1	0	3	3	19	0	3	0	0	0	2	1	0	0	0	0	0	-3821	1349504	6648	7486	41385	69969	6.619.453	889872	180108	6323588	2625405	46309	-49077	-52516	-53685	0	1	6667	8333	1	1	8333	5	8333	1667	75	0	0	0	0	0	0	0	0	0	0	0	0	0	0	0	0
1	39337	906	46	24	47	25	6	3	0	6	22	16	2	3	0	1	0	2	0	0	0	3	8	2	478261	347826	43478	65217	43478	1	0	2	2	13	0	2	0	0	0	1	1	0	0	0	0	0	-2186	968297	6648	7486	24306	36616	4.876.797	889872	180108	4581063	1911255	33648	-3456	-36291	-36606	0	1	1	1	1	1	1	1	1	3333	1	1	0	1	0	0	0	1	0	1	0	0	0	1	0	1	0
0	42292	82	47	28	50	31	5	3	0	12	19	19	2	5	0	1	0	1	0	0	0	2	9	1	404255	404255	42553	106383	21277	1	0	4	5	23	1	3	0	0	1	3	0	0	1	0	0	0	-2525	1037557	8494	9332	20684	32504	4.735.157	110987	180108	4699834	1959932	34721	-31482	-3285	-32984	0	1	1	1	8	5	1	1	9	3333	1	1	0	1	0	0	0	1	0	1	1	0	0	1	0	1	0
1	43695	788	50	29	53	32	5	3	0	12	21	20	2	5	0	1	0	1	0	0	0	2	9	1	42	40	4	10	2	1	0	4	5	24	1	3	0	0	1	2	1	0	1	0	0	0	-2682	1083567	8494	9332	22914	37066	4.995.925	110987	180108	4933887	2055855	36451	-33377	-34968	-35214	0	1	1	1	8	5	1	1	9	3333	1	1	0	1	0	0	0	1	0	1	0	0	0	1	0	1	0
0	45098	759	53	30	56	33	5	3	0	12	23	21	2	5	0	1	0	1	0	0	0	2	9	1	433962	396226	37736	9434	18868	1	0	4	5	25	1	3	0	0	1	2	0	1	1	0	0	0	-2829	1129577	8494	9332	25102	41628	5.256.692	110987	180108	516794	2151779	38181	-35237	-37047	-37402	0	1	8333	1	1	5	1	1	9048	3333	1	1	0	0	0	0	0	1	0	1	0	0	0	1	0	1	0
1	46893	753	50	31	54	35	2	3	0	12	19	22	0	5	0	1	2	1	0	0	0	2	9	3	38	44	0	10	6	1	0	5	8	29	2	2	0	0	1	4	0	0	0	2	0	0	-7032	1088476	6967	7805	44673	45859	5.053.175	1213779	0	4948505	2061846	37689	-51872	-55639	-56973	0	75	8333	1	8	5	1	1	8405	3333	625	1	0	0	0	0	0	0	0	0	0	0	0	1	0	0	0
1	53259	631	60	37	65	42	4	3	0	17	23	25	4	4	0	1	3	0	0	0	0	1	12	3	383333	416667	66667	66667	5	1	0	6	9	34	3	4	0	0	2	4	0	1	1	0	1	0	-2845	129421	956	10398	30984	45677	5.583.807	146644	16663	5718937	2377597	42632	-40236	-42635	-43284	0	75	6667	8333	7	5	8333	1	7548	1667	75	0	0	0	0	0	0	0	0	0	0	0	0	0	0	0	0
1	50453	672	54	35	59	40	4	3	0	17	19	23	4	4	0	1	3	0	0	0	0	1	12	3	351852	425926	74074	74074	55556	1	0	6	9	31	2	4	1	0	2	3	0	0	1	1	0	0	-2596	1211312	956	10398	29577	48673	5.020.423	146644	16663	5250831	218575	39172	-3904	-41298	-41877	0	75	6667	8333	5	5	8333	1	7262	3333	75	0	0	0	0	0	0	0	0	0	0	0	0	0	0	0	0
1	51697	685	50	32	52	34	5	4	0	12	18	20	0	4	0	2	5	1	0	0	0	3	12	6	36	40	0	8	12	1	0	3	3	18	0	3	0	0	0	3	0	0	0	0	0	0	-6195	1098506	6828	8504	50759	70967	536.522	1634265	0	5174419	2154434	39758	-57045	-61421	-63059	1	5	6667	6667	6	5	6667	1	6571	1667	75	0	0	0	0	0	0	0	0	0	0	0	0	0	0	0	0
1	48904	731	54	31	57	34	6	4	0	12	23	22	0	4	0	2	2	1	0	0	0	3	9	3	425926	407407	0	74074	55556	1	0	4	4	21	0	4	1	0	0	3	0	0	0	0	0	0	-7032	11595	6828	8504	5181	54501	5.494.416	1185461	0	5374419	2236401	40161	-57938	-62419	-6411	0	75	6667	8333	7	5	8333	1	7548	1667	75	0	0	0	0	0	0	0	0	0	0	0	0	0	0	0	0
1	52507	66	57	34	60	37	6	4	0	18	23	25	0	4	0	2	2	1	0	0	0	3	9	3	403509	438596	0	70175	52632	1	0	4	4	24	0	4	0	0	0	4	0	0	0	0	0	0	-7293	1285172	6828	8504	55805	6537	5.933.045	1185461	0	5862292	2436349	43469	-61335	-66215	-68105	1	5	6667	6667	6	5	6667	1	6571	1667	75	0	0	0	0	0	0	0	0	0	0	0	0	0	0	0	0
1	54107	639	58	35	61	38	6	4	0	18	23	25	0	5	0	2	2	1	0	0	0	3	10	3	396552	431034	0	86207	51724	1	0	4	4	24	0	4	0	0	0	4	0	0	0	0	0	0	-3163	1302113	8851	10527	47929	62696	6.147.405	1612295	426833	5959801	2476312	44348	-54639	-58732	-60229	1	5	6667	8333	7	5	8333	1	719	1667	75	0	0	0	0	0	0	0	0	0	0	0	0	0	0	0	0
1	52606	66	56	34	59	37	6	4	0	18	22	24	1	4	0	2	2	1	0	0	0	3	10	3	392857	428571	17857	71429	53571	1	0	4	4	24	0	4	0	0	0	4	0	0	0	0	0	0	-7001	1266738	8117	9793	45916	59255	587.985	1353317	0	579402	2408369	42839	-52929	-56821	-58216	1	5	6667	8333	7	5	8333	1	719	1667	75	0	0	0	0	0	0	0	0	0	0	0	0	0	0	0	0
1	50406	706	56	32	59	35	6	4	0	12	24	22	1	4	0	2	2	1	0	0	0	3	10	3	428571	392857	17857	71429	53571	1	0	4	4	22	0	4	0	1	0	3	0	0	0	0	0	0	-6814	1202307	7152	8828	43933	49569	5.641.696	1200647	0	5540199	2304344	41261	-51243	-54937	-56233	1	5	8333	8333	7	5	8333	1	7429	1667	75	0	0	0	0	0	0	0	0	0	0	0	0	0	0	0	0
1	42342	813	42	29	46	33	2	2	0	17	13	19	3	2	0	1	4	0	0	0	0	1	10	4	309524	452381	71429	47619	95238	1	0	5	11	28	4	2	0	0	2	3	1	0	2	1	1	0	-234	981368	6606	7444	34806	4258	3.979.046	122335	16663	4234884	1769379	31501	-43485	-46265	-47106	0	1	1	1	6	5	1	1	8714	3333	875	1	0	1	0	0	0	1	0	1	0	0	0	1	0	1	0
0	44747	782	48	30	52	34	4	2	0	11	18	19	3	2	0	1	5	0	0	0	0	1	11	5	375	395833	625	41667	104167	1	0	5	6	23	1	4	2	0	1	2	0	0	1	0	0	0	-2169	990051	6606	7444	38176	46756	437.227	1372951	16663	4478405	1869183	3399	-46349	-49467	-50476	0	1	1	1	1	5	1	1	9286	1667	875	1	0	0	0	0	0	1	0	0	0	0	0	1	0	1	0
1	43645	782	45	30	49	34	3	2	0	17	15	19	4	3	0	1	3	0	0	0	0	1	11	3	333333	422222	88889	66667	66667	1	0	5	8	26	2	3	1	0	1	3	0	0	1	1	0	0	-2169	1032858	8701	9539	29185	49806	4.294.965	134211	16663	4468937	1865302	32873	-38707	-40926	-41485	0	1	1	1	6	5	1	1	8714	5	875	1	0	0	0	0	0	1	0	0	0	0	0	0	0	1	0
1	49754	672	53	35	58	40	4	2	0	23	18	24	5	2	0	1	3	0	0	0	0	1	11	3	339623	45283	9434	37736	56604	1	0	6	9	32	2	4	1	0	1	4	0	0	1	1	0	0	-2879	1253302	9184	10022	37708	48189	5.014.404	1409459	16663	5312791	2211144	38626	-45952	-49022	-50008	0	1	6667	1	6	5	1	1	8238	1667	75	0	0	0	0	0	0	0	0	0	0	0	0	0	0	0	0
1	50258	695	51	34	56	39	4	2	0	22	17	23	4	2	0	2	3	0	0	0	0	2	11	3	333333	45098	78431	39216	58824	1	0	6	9	31	2	4	1	0	2	3	0	0	1	1	0	0	-2753	1254146	7895	11557	35819	54816	4.918.885	1241604	16663	525598	2187861	37911	-44347	-47228	-48119	0	75	6667	8333	5	5	8333	1	7262	1667	75	0	0	0	0	0	0	0	0	0	0	0	0	0	0	0	0
1	4539	782	45	30	49	34	3	2	0	17	15	20	3	2	0	1	3	1	0	0	0	2	10	4	333333	444444	66667	44444	88889	1	0	5	8	26	2	3	1	0	1	3	0	0	1	1	0	0	-2499	1083025	6606	7444	40752	57436	4.421.207	1073749	16663	4643023	1936649	34145	-4854	-51915	-53052	0	1	8333	1	6	5	1	1	8476	3333	875	0	0	0	0	0	0	0	0	0	0	0	0	0	0	0	0
1	45544	753	45	31	49	35	3	2	0	17	14	20	3	2	0	1	5	0	0	0	0	1	11	5	311111	444444	66667	44444	111111	1	0	5	8	26	2	3	1	0	1	3	0	0	1	1	0	0	-2328	1039305	6606	7444	40752	54902	4.263.863	1372951	16663	4498173	1877284	33838	-4854	-51915	-53052	0	1	8333	1	6	5	1	1	8476	3333	875	1	0	0	0	0	0	0	0	0	0	0	0	0	0	0	0
1	54535	782	45	30	49	34	3	2	0	17	15	20	3	2	0	1	3	0	0	1	0	2	10	4	333333	444444	66667	44444	88889	1	0	5	8	26	2	3	1	0	1	3	0	0	1	1	0	0	-2499	1159058	6606	7444	42882	56574	4.579.131	1073749	16663	4868771	2029168	35152	-5035	-53938	-55182	1	5	8333	8333	5	5	8333	1	7143	3333	625	0	0	0	0	0	0	0	0	0	0	0	0	0	0	0	0
1	48553	695	52	34	57	39	4	2	0	22	18	23	5	2	0	1	3	0	0	0	0	1	11	3	346154	442308	96154	38462	57692	1	0	6	9	31	2	4	1	0	2	3	0	0	1	1	0	0	-2753	1211268	8388	9226	36348	47489	4.829.395	1241604	16663	5150166	2144494	3716	-44796	-47731	-48648	0	1	6667	1	6	5	1	1	8238	1667	75	0	0	0	0	0	0	0	0	0	0	0	0	0	0	0	0
1	50458	672	58	35	63	40	4	2	0	17	23	24	4	3	0	1	3	0	0	0	0	1	11	3	396552	413793	68966	51724	51724	1	0	6	9	32	2	4	1	0	1	4	0	0	1	1	0	0	-2879	1270008	7853	8691	31724	49291	5.239.174	1214991	16663	5458804	2270985	40287	-40866	-43338	-44024	0	75	6667	8333	7	5	8333	1	7548	1667	75	0	0	0	0	0	0	0	0	0	0	0	0	0	0	0	0
1	44752	753	51	31	55	35	3	2	0	17	20	22	3	2	0	1	3	0	0	0	0	1	9	3	392157	431373	58824	39216	58824	1	0	5	8	29	3	3	0	0	1	4	0	1	1	0	1	0	-2967	1117107	6606	7444	37522	48471	4.770.572	1073749	16663	4907807	2045167	36084	-45794	-48846	-49822	0	1	1	1	8	5	1	1	9	3333	875	1	0	0	0	0	0	1	0	0	0	0	0	0	0	1	0
1	44752	753	51	31	55	35	3	2	0	17	20	22	3	2	0	1	3	0	0	0	0	1	9	3	392157	431373	58824	39216	58824	1	0	5	8	29	3	3	0	0	1	4	0	1	1	0	1	0	-2967	1117107	6606	7444	37522	48471	4.770.572	1073749	16663	4907807	2045167	36084	-45794	-48846	-49822	0	1	1	1	8	5	1	1	9	3333	875	1	0	0	0	0	0	1	0	0	0	0	0	0	0	1	0
1	53064	651	57	36	62	41	4	2	0	22	21	25	4	2	0	2	3	0	0	0	0	2	11	3	368421	438596	70175	35088	52632	1	0	6	9	34	3	4	0	0	2	4	0	1	1	0	1	0	-2999	1339539	7895	11557	37227	50449	5.482.269	1241604	16663	5724086	2379708	41371	-45543	-48566	-49527	0	75	6667	8333	7	5	8333	1	7548	1667	75	0	0	0	0	0	0	0	0	0	0	0	0	0	0	0	0
1	51359	651	58	36	63	41	4	2	0	22	22	25	5	2	0	1	3	0	0	0	0	1	11	3	37931	431034	86207	34483	51724	1	0	6	9	34	3	4	0	0	2	4	0	1	1	0	1	0	-2999	1294166	8388	9226	37756	44493	539.278	1241604	16663	5618272	2336341	4062	-45992	-49068	-50056	0	75	6667	8333	7	5	8333	1	7548	1667	75	0	0	0	0	0	0	0	0	0	0	0	0	0	0	0	0
1	44752	753	51	31	55	35	3	2	0	17	20	22	3	2	0	1	3	0	0	0	0	1	9	3	392157	431373	58824	39216	58824	1	0	5	8	29	3	3	0	0	1	4	0	1	1	0	1	0	-2967	1117875	6606	7444	37522	47796	4.770.572	1073749	16663	4907807	2045167	36084	-45794	-48846	-49822	0	1	1	1	8	5	1	1	9	3333	875	1	0	0	0	0	0	1	0	0	0	0	0	0	0	1	0
1	44851	753	50	31	54	35	3	2	0	17	19	21	4	2	0	1	3	0	0	0	0	1	10	3	38	42	8	4	6	1	0	5	8	29	3	3	0	0	1	4	0	1	1	0	1	0	-2648	1096306	7895	8733	27673	3629	4.717.377	1241604	16663	4839535	2017186	35454	-37422	-39489	-39973	0	1	1	1	8	5	1	1	9	5	875	1	0	0	0	0	0	1	0	1	0	0	0	1	0	1	0
0	43848	782	47	30	51	34	3	2	0	16	17	18	6	2	0	1	3	0	0	0	0	1	12	3	361702	382979	12766	42553	6383	1	0	5	8	28	3	3	0	0	2	3	0	1	1	0	1	0	375	1017831	10763	11601	31069	24305	440.464	1408234	33326	4540365	1894576	32728	-40309	-42716	-43369	0	1	1	1	8	5	1	1	9	3333	875	1	0	1	0	0	0	1	0	1	0	0	0	1	0	1	0
1	43745	782	45	30	49	34	3	2	0	17	15	20	3	2	0	1	4	0	0	0	0	1	10	4	333333	444444	66667	44444	88889	1	0	5	8	26	2	3	1	0	1	3	0	0	1	1	0	0	-2499	1037141	6606	7444	39673	52847	4.235.525	122335	16663	4468937	1865302	33231	-47622	-5089	-51973	0	1	1	1	6	5	1	1	8714	3333	875	1	0	0	0	0	0	0	0	0	0	0	0	0	0	0	0
1	41946	813	45	29	49	33	3	2	0	17	16	20	3	2	0	1	3	0	0	0	0	1	9	3	355556	444444	66667	44444	66667	1	0	5	8	26	2	3	1	0	1	3	0	0	1	1	0	0	-2682	1034977	6606	7444	38585	50792	4.207.188	1073749	16663	4439701	185332	32624	-46697	-49855	-50885	0	1	1	1	8	5	1	1	9	3333	875	1	0	0	0	0	0	1	0	0	0	0	0	0	0	1	0
1	41946	813	45	29	49	33	3	2	0	17	16	20	3	2	0	1	3	0	0	0	0	1	9	3	355556	444444	66667	44444	66667	1	0	5	8	26	2	3	1	0	1	3	0	0	1	1	0	0	-2682	1034977	6606	7444	38585	50792	4.207.188	1073749	16663	4439701	185332	32624	-46697	-49855	-50885	0	1	1	1	8	5	1	1	9	3333	875	1	0	0	0	0	0	1	0	0	0	0	0	0	0	1	0
1	42045	813	44	29	48	33	3	2	0	17	15	19	4	2	0	1	3	0	0	0	0	1	10	3	340909	431818	90909	45455	68182	1	0	5	8	26	2	3	1	0	1	3	0	0	1	1	0	0	-234	1009688	7895	8733	28656	43571	4.153.993	1241604	16663	4371429	182534	31994	-38258	-40424	-40956	0	1	1	1	6	5	1	1	8714	5	875	1	0	1	0	0	0	1	0	1	0	0	0	1	0	1	0
1	42045	813	44	29	48	33	3	2	0	17	15	19	4	2	0	1	3	0	0	0	0	1	10	3	340909	431818	90909	45455	68182	1	0	5	8	26	2	3	1	0	1	3	0	0	1	1	0	0	-234	1016543	7895	8733	36776	44677	4.153.993	1241604	16663	4371429	182534	31994	-4516	-48138	-49076	0	1	1	1	6	5	1	1	8714	3333	875	1	0	1	0	0	0	1	0	1	0	0	0	1	0	1	0
1	43533	794	37	28	39	30	2	2	0	11	9	14	3	2	0	1	8	0	0	0	0	1	14	8	243243	378378	81081	54054	216216	1	0	3	4	17	1	2	0	0	1	2	0	0	1	0	0	0	-757	809014	6606	7444	30248	40139	3.758.945	1821754	16663	3756645	1573379	29633	-39611	-41936	-42548	0	1	1	1	6	5	1	1	8714	3333	875	1	0	1	0	0	0	0	0	1	0	0	0	1	0	1	0
1	43844	782	44	30	48	34	3	2	0	17	14	19	4	2	0	1	4	0	0	0	0	1	11	4	318182	431818	90909	45455	90909	1	0	5	8	26	2	3	1	0	1	3	0	0	1	1	0	0	-2169	1018707	7895	8733	29766	46732	4.182.331	1391205	16663	4400664	1837321	32601	-39201	-41478	-42066	0	1	1	1	6	5	1	1	8714	5	875	1	0	0	0	0	0	1	0	0	0	0	0	1	0	1	0
1	44846	782	47	30	51	34	4	2	0	11	17	18	4	2	0	1	5	0	0	0	0	1	12	5	361702	382979	85106	42553	106383	1	0	5	6	23	1	4	2	0	1	2	0	0	1	0	0	0	-1838	964762	7895	8733	28248	39535	4.319.075	1540806	16663	4410133	1841202	3336	-3791	-40035	-40548	0	1	1	1	1	5	1	1	9286	3333	875	1	0	0	0	0	0	1	0	1	0	0	0	1	0	1	0
1	44846	782	47	30	51	34	4	2	0	11	17	18	4	2	0	1	5	0	0	0	0	1	12	5	361702	382979	85106	42553	106383	1	0	5	6	23	1	4	2	0	1	2	0	0	1	0	0	0	-1838	964762	7895	8733	28248	39535	4.319.075	1540806	16663	4410133	1841202	3336	-3791	-40035	-40548	0	1	1	1	1	5	1	1	9286	3333	875	1	0	0	0	0	0	1	0	1	0	0	0	1	0	1	0
1	44846	782	47	30	51	34	4	2	0	11	17	18	4	2	0	1	5	0	0	0	0	1	12	5	361702	382979	85106	42553	106383	1	0	5	6	23	1	4	2	0	1	2	0	0	1	0	0	0	-1838	964762	7895	8733	28248	39535	4.319.075	1540806	16663	4410133	1841202	3336	-3791	-40035	-40548	0	1	1	1	1	5	1	1	9286	3333	875	1	0	0	0	0	0	1	0	1	0	0	0	1	0	1	0
1	44846	782	47	30	51	34	4	2	0	11	17	18	4	2	0	1	5	0	0	0	0	1	12	5	361702	382979	85106	42553	106383	1	0	5	6	23	1	4	2	0	1	2	0	0	1	0	0	0	-1838	964762	7895	8733	28248	39535	4.319.075	1540806	16663	4410133	1841202	3336	-3791	-40035	-40548	0	1	1	1	1	5	1	1	9286	3333	875	1	0	0	0	0	0	1	0	1	0	0	0	1	0	1	0
1	4254	813	40	29	44	33	2	2	0	17	11	17	5	2	0	1	4	0	0	0	0	1	12	4	275	425	125	5	10	1	0	5	11	28	4	2	0	0	2	3	1	0	2	1	1	0	-1657	93079	9184	10022	1499	28138	3.872.657	155906	16663	4098339	1713418	30241	-26641	-2744	-2729	0	1	1	1	6	5	1	1	8714	5	875	1	0	1	0	0	0	1	0	1	1	0	0	1	0	1	0
1	42441	813	41	29	45	33	2	2	0	17	12	18	4	2	0	1	4	0	0	0	0	1	11	4	292683	439024	97561	4878	97561	1	0	5	11	28	4	2	0	0	2	3	1	0	2	1	1	0	-1999	956079	7895	8733	24856	35359	3.925.852	1391205	16663	4166611	1741398	30871	-35028	-36813	-37156	0	1	1	1	6	5	1	1	8714	5	875	1	0	1	0	0	0	1	0	1	0	0	0	1	0	1	0
1	41344	883	37	27	41	31	2	2	0	16	10	15	5	2	0	2	3	0	0	0	0	2	12	3	27027	405405	135135	54054	81081	1	0	5	11	27	4	2	0	0	3	2	1	1	1	2	0	0	-1258	920497	9184	12846	7141	25058	3.695.606	1409459	16663	394402	1650172	28289	-1997	-19984	-19441	0	1	1	1	6	5	1	1	8714	5	875	1	0	1	0	0	0	0	0	1	1	0	0	1	0	1	0
1	43443	813	44	29	48	33	3	2	0	11	15	17	4	2	0	1	5	0	0	0	0	1	12	5	340909	386364	90909	45455	113636	1	0	5	6	23	1	3	2	0	1	2	0	0	1	0	0	0	-1657	919642	7895	8733	25996	34505	4.083.653	1540806	16663	417608	1745279	3163	-35996	-37896	-38296	0	1	1	1	8	5	1	1	9	5	875	1	0	1	0	0	0	1	0	1	0	0	0	1	0	1	0
1	4665	726	50	32	54	36	3	2	0	17	18	21	4	2	0	1	4	0	0	0	0	1	11	4	36	42	8	4	8	1	0	5	8	29	3	3	0	0	1	4	0	1	1	0	1	0	-2478	109475	7895	8733	31422	4263	4.745.715	1391205	16663	4868771	2029168	36061	-40609	-43051	-43722	0	1	8333	1	8	5	1	1	8762	3333	75	1	0	0	0	0	0	0	0	1	0	0	0	1	0	0	0
1	4665	726	50	32	54	36	3	2	0	17	18	21	4	2	0	1	4	0	0	0	0	1	11	4	36	42	8	4	8	1	0	5	8	29	3	3	0	0	1	4	0	1	1	0	1	0	-2478	109475	7895	8733	31422	4263	4.745.715	1391205	16663	4868771	2029168	36061	-40609	-43051	-43722	0	1	8333	1	8	5	1	1	8762	3333	75	1	0	0	0	0	0	0	0	1	0	0	0	1	0	0	0
1	44851	753	50	31	54	35	3	2	0	17	19	21	4	2	0	1	3	0	0	0	0	1	10	3	38	42	8	4	6	1	0	5	8	29	3	3	0	0	1	4	0	1	1	0	1	0	-2648	1092586	7895	8733	27673	40575	4.717.377	1241604	16663	4839535	2017186	35454	-37422	-39489	-39973	0	1	1	1	8	5	1	1	9	5	875	1	0	0	0	0	0	1	0	1	0	0	0	1	0	1	0
1	4665	726	50	32	54	36	3	2	0	17	18	21	4	2	0	1	4	0	0	0	0	1	11	4	36	42	8	4	8	1	0	5	8	29	3	3	0	0	1	4	0	1	1	0	1	0	-2478	109475	7895	8733	31422	4263	4.745.715	1391205	16663	4868771	2029168	36061	-40609	-43051	-43722	0	1	8333	1	8	5	1	1	8762	3333	75	1	0	0	0	0	0	0	0	1	0	0	0	1	0	0	0
1	52353	677	49	34	53	38	3	2	0	16	15	19	5	2	0	2	6	0	0	0	0	2	15	6	306122	387755	102041	40816	122449	1	0	5	8	28	3	3	0	0	2	3	0	1	1	0	1	0	-1586	1114643	9184	12846	22422	40798	486.125	1858263	16663	496794	2069812	3703	-32959	-34501	-34722	0	75	8333	8333	5	5	8333	1	75	5	75	0	0	0	0	0	0	0	0	0	0	0	0	0	0	0	0
1	43844	782	44	30	48	34	3	2	0	17	14	19	4	2	0	1	4	0	0	0	0	1	11	4	318182	431818	90909	45455	90909	1	0	5	8	26	2	3	1	0	1	3	0	0	1	1	0	0	-2169	1011852	7895	8733	29766	45626	4.182.331	1391205	16663	4400664	1837321	32601	-39201	-41478	-42066	0	1	1	1	6	5	1	1	8714	5	875	1	0	0	0	0	0	1	0	0	0	0	0	1	0	1	0
1	42896	794	51	28	53	30	6	2	0	12	23	21	0	3	0	1	2	1	0	0	0	2	7	3	45098	411765	0	58824	58824	1	0	3	3	18	0	3	0	0	0	3	0	0	0	0	0	0	-3231	1062447	5437	6275	51153	56679	5.290.952	1169165	426833	4951661	206314	36937	-5738	-61795	-63453	0	75	8333	8333	7	5	8333	1	7786	3333	875	0	0	0	0	0	0	0	0	0	0	0	0	0	0	0	0
1	42896	794	51	28	53	30	6	2	0	12	23	21	0	3	0	1	2	1	0	0	0	2	7	3	45098	411765	0	58824	58824	1	0	3	3	18	0	3	0	0	0	3	0	0	0	0	0	0	-3231	1062447	5437	6275	51153	56679	5.290.952	1169165	426833	4951661	206314	36937	-5738	-61795	-63453	0	75	8333	8333	7	5	8333	1	7786	3333	875	0	0	0	0	0	0	0	0	0	0	0	0	0	0	0	0
1	45495	782	51	30	55	34	2	2	0	12	21	22	0	4	0	1	2	1	0	0	0	2	8	3	411765	431373	0	78431	58824	1	0	5	8	29	2	2	0	0	1	4	0	0	0	2	0	0	-7263	1088872	526	6098	45186	45345	5.011.158	96233	0	4922425	2051158	37074	-52308	-56126	-57486	0	75	6667	1	8	5	1	1	8167	3333	75	1	0	0	0	0	0	1	0	0	0	0	0	1	0	1	0
1	45894	759	51	30	54	33	4	2	0	12	21	21	0	5	0	1	2	1	0	0	0	2	9	3	411765	411765	0	98039	58824	1	0	4	7	24	2	2	0	0	0	4	0	0	0	2	0	0	276	1076427	8383	9221	35198	34468	5.402.211	1705998	853667	4966279	2069131	37459	-43818	-46638	-47498	0	1	8333	1	8	5	1	1	8762	1667	1	1	0	0	0	0	0	1	0	1	0	0	0	1	0	0	0
1	48505	753	54	31	58	35	2	2	0	12	23	23	0	3	0	2	2	1	0	0	0	3	8	3	425926	425926	0	55556	55556	1	0	5	8	30	2	2	0	0	0	5	0	0	0	2	0	0	-7351	1198162	4337	7705	5534	56004	5.410.268	852331	0	5330565	2218428	39776	-60939	-65773	-6764	0	75	6667	8333	7	5	8333	1	7548	5	625	0	0	0	0	0	0	0	0	0	0	0	0	0	0	0	0
1	44092	813	48	29	52	33	2	2	0	12	19	21	0	4	0	1	2	1	0	0	0	2	8	3	395833	4375	0	83333	625	1	0	5	8	28	2	2	0	1	0	4	0	0	0	2	0	0	-7169	1041326	526	6098	43074	42133	4.750.391	96233	0	4688372	1955234	35344	-50513	-54121	-55374	0	75	1	1	8	5	1	1	8643	3333	75	1	0	1	0	0	0	1	0	1	0	0	0	1	0	1	0
1	51079	862	44	26	46	28	3	2	0	12	18	19	0	2	0	1	2	1	0	1	0	3	7	4	409091	431818	0	45455	90909	1	0	3	3	18	0	3	0	0	0	3	0	0	0	0	0	0	-7224	1083475	3414	4252	5951	67034	492.049	742332	0	4815116	2007179	35126	-64484	-69735	-7181	1	5	6667	6667	6	5	6667	1	6571	6667	75	0	0	0	0	0	0	0	0	0	0	0	0	0	0	0	0
1	4009	862	45	26	47	28	4	2	0	12	19	19	0	3	0	1	2	1	0	0	0	2	7	3	422222	422222	0	66667	66667	1	0	3	3	18	0	3	0	0	0	3	0	0	0	0	0	0	-2937	969659	5437	6275	46816	4823	4.769.418	1169165	426833	4483555	1871293	33477	-53694	-57675	-59116	0	75	8333	1	8	5	1	1	8405	3333	875	1	0	0	0	0	0	1	0	0	0	0	0	0	0	1	0
1	38687	9	42	25	44	27	3	2	0	12	17	18	0	3	0	1	2	1	0	0	0	2	7	3	404762	428571	0	71429	71429	1	0	3	3	18	0	3	0	0	0	3	0	0	0	0	0	0	-2773	922345	5437	6275	44586	44925	4.533.996	1169165	426833	4249502	177537	31747	-51798	-55557	-56886	0	75	1	1	8	5	1	1	8643	5	875	1	0	1	0	0	0	1	0	1	0	0	0	1	0	1	0
1	39691	892	45	26	48	29	3	2	0	12	19	20	0	2	0	1	2	1	0	0	0	2	6	3	422222	444444	0	44444	66667	1	0	4	5	23	2	3	0	0	1	3	1	0	0	0	0	0	-7604	978608	3414	4252	57362	58614	4.485.641	742332	0	4439701	185332	33092	-62658	-67694	-69662	0	75	8333	8333	7	5	8333	1	7786	6667	875	0	0	0	0	0	0	0	0	0	0	0	0	0	0	0	0
1	38687	9	42	25	44	27	3	2	0	12	17	18	0	3	0	1	2	1	0	0	0	2	7	3	404762	428571	0	71429	71429	1	0	3	3	18	0	3	0	0	0	3	0	0	0	0	0	0	-2773	922345	5437	6275	44586	44925	4.533.996	1169165	426833	4249502	177537	31747	-51798	-55557	-56886	0	75	1	1	8	5	1	1	8643	5	875	1	0	1	0	0	0	1	0	1	0	0	0	1	0	1	0
1	37087	942	41	24	43	26	3	2	0	12	17	18	0	2	0	1	2	1	0	0	0	2	6	3	414634	439024	0	4878	73171	1	0	3	3	18	0	3	0	0	0	3	0	0	0	0	0	0	-7405	905658	3414	4252	52944	57294	4.250.219	742332	0	4151993	1735407	30868	-58902	-63497	-65244	0	75	8333	8333	7	5	8333	1	7786	6667	875	0	0	0	0	0	0	0	0	0	0	0	0	0	0	0	0
1	35288	988	41	23	43	25	3	2	0	12	18	18	0	2	0	1	1	1	0	0	0	2	5	2	439024	439024	0	4878	4878	1	0	3	3	18	0	3	0	0	0	3	0	0	0	0	0	0	-7721	903494	3414	4252	49132	55239	4.221.881	592731	0	4122757	1723425	30261	-55663	-59876	-61432	0	75	8333	1	8	5	1	1	8405	6667	875	1	0	0	0	0	0	0	0	0	0	0	0	0	0	0	0
1	33489	1039	41	22	43	24	3	2	0	12	19	18	0	2	0	1	0	1	0	0	0	2	4	1	463415	439024	0	4878	2439	1	0	3	3	18	0	3	0	0	0	3	0	0	0	0	0	0	-8066	90133	3414	4252	45309	53184	4.193.543	44313	0	4093522	1711443	29654	-52413	-56244	-57609	0	75	8333	1	8	5	1	1	8405	6667	875	1	0	0	0	0	0	0	0	0	0	0	0	0	0	0	0
1	35288	988	41	23	43	25	3	2	0	12	18	18	0	2	0	1	1	1	0	0	0	2	5	2	439024	439024	0	4878	4878	1	0	3	3	18	0	3	0	0	0	3	0	0	0	0	0	0	-7721	903494	3414	4252	49132	55239	4.221.881	592731	0	4122757	1723425	30261	-55663	-59876	-61432	0	75	8333	1	8	5	1	1	8405	6667	875	1	0	0	0	0	0	0	0	0	0	0	0	0	0	0	0
1	33786	1082	38	22	41	25	2	2	0	11	16	15	3	2	0	1	0	1	0	0	0	2	7	1	421053	394737	78947	52632	26316	1	0	4	7	23	3	2	0	0	1	3	0	1	1	0	1	0	-22	85975	6606	7444	2276	32177	3.687.643	624945	16663	3779734	1582842	26792	-33246	-34822	-3506	0	1	1	1	8	5	1	1	9	5	1	1	1	1	1	1	0	0	0	1	1	1	0	1	1	1	1
1	4319	82	45	28	48	31	3	3	0	11	17	18	3	2	0	1	3	1	0	0	0	2	10	4	377778	40	66667	44444	88889	1	0	4	7	23	3	2	0	0	1	3	0	1	1	0	1	0	-2171	1017747	6606	7444	32512	43934	4.495.933	1073749	16663	4498173	1877284	33539	-41535	-44086	-44812	0	1	1	1	8	5	1	1	9	3333	1	1	0	1	0	0	0	1	0	1	0	0	0	1	0	1	0
1	39834	933	42	25	45	28	3	3	0	11	17	17	3	2	0	1	0	2	0	0	0	3	8	2	404762	404762	71429	47619	47619	1	0	4	7	23	3	2	0	0	1	3	0	1	1	0	1	0	-2378	999703	6606	7444	29116	35898	4.364.171	624945	16663	4379734	1828744	31509	-38649	-40861	-41416	0	1	1	1	8	5	1	1	9	5	1	1	0	1	0	0	0	1	0	1	0	0	0	1	0	1	0
1	4319	82	45	28	48	31	3	3	0	11	17	18	3	2	0	1	3	1	0	0	0	2	10	4	377778	40	66667	44444	88889	1	0	4	7	23	3	2	0	0	1	3	0	1	1	0	1	0	-2171	1017747	6606	7444	32512	43934	4.495.933	1073749	16663	4498173	1877284	33539	-41535	-44086	-44812	0	1	1	1	8	5	1	1	9	3333	1	1	0	1	0	0	0	1	0	1	0	0	0	1	0	1	0
1	39834	933	42	25	45	28	3	3	0	11	17	17	3	2	0	1	0	2	0	0	0	3	8	2	404762	404762	71429	47619	47619	1	0	4	7	23	3	2	0	0	1	3	0	1	1	0	1	0	-2378	999703	6606	7444	29116	35898	4.364.171	624945	16663	4379734	1828744	31509	-38649	-40861	-41416	0	1	1	1	8	5	1	1	9	5	1	1	0	1	0	0	0	1	0	1	0	0	0	1	0	1	0
1	38787	933	41	25	44	28	2	2	0	11	16	16	3	2	0	1	2	1	0	0	0	2	9	3	390244	390244	73171	4878	73171	1	0	4	7	23	3	2	0	0	1	3	0	1	1	0	1	0	-1983	906986	6606	7444	27568	32344	4.042.648	924147	16663	4072259	1702729	29736	-37333	-3939	-39868	0	1	1	1	8	5	1	1	9	5	1	1	1	1	0	0	0	1	0	1	1	0	0	1	1	1	1
1	42197	883	43	27	47	31	3	2	0	16	16	17	5	2	0	2	0	1	0	0	0	3	10	1	372093	395349	116279	46512	23256	1	0	5	8	28	3	3	0	0	2	3	0	1	1	0	1	0	-199	1079693	9184	12846	18846	32644	4.392.041	94011	16663	4527741	1889402	31449	-29919	-31103	-31146	0	1	1	1	8	5	1	1	9	5	875	1	0	1	0	0	0	1	0	1	1	0	0	1	0	1	0
1	45399	774	51	31	56	36	3	2	0	21	20	22	5	2	0	1	0	1	0	0	0	2	9	1	392157	431373	98039	39216	19608	1	0	6	10	34	4	3	0	0	2	4	0	1	2	0	1	0	2569	1189804	9474	10312	28546	42132	4.796.354	7928	334485	5103156	2125228	35394	-38164	-40319	-40846	0	1	6667	1	8	5	1	1	8524	5	875	1	0	0	0	0	0	1	0	1	0	0	0	1	0	1	0
0	36789	978	42	24	45	27	3	2	0	11	18	16	3	3	0	1	0	1	0	0	0	2	8	1	428571	380952	71429	71429	2381	1	0	4	7	23	3	2	0	0	1	3	0	1	1	0	1	0	3784	923751	8629	9467	17473	23113	4.206.843	1051779	593464	4111296	1718728	29401	-28752	-29799	-29773	0	1	1	1	8	5	1	1	9	5	1	1	1	1	0	1	0	1	0	1	1	0	0	1	1	1	1
1	40796	883	49	27	53	31	5	2	0	11	22	19	3	3	0	1	0	1	0	0	0	2	8	1	44898	387755	61224	61224	20408	1	0	5	8	26	3	3	1	0	1	3	0	1	1	0	1	0	-2723	1042511	7529	8367	24447	29619	4.575.178	734944	16663	4633056	1932564	33355	-3468	-36425	-36747	0	1	1	1	8	5	1	1	9	3333	875	1	0	1	0	0	0	1	0	1	1	0	0	1	0	1	0
0	44299	847	47	28	51	32	4	4	0	11	19	17	4	4	0	2	0	1	0	0	0	3	11	1	404255	361702	85106	85106	21277	1	0	5	8	26	3	3	1	0	1	3	0	1	1	0	1	0	-1818	1057359	10344	1202	11362	23223	4.573.935	108326	16663	4699834	1959932	33725	-23558	-23994	-23662	0	1	1	1	8	5	1	1	9	3333	875	1	0	1	0	0	0	1	0	1	0	0	0	1	0	1	0
1	33786	1082	38	22	41	25	2	2	0	11	16	15	3	2	0	1	0	1	0	0	0	2	7	1	421053	394737	78947	52632	26316	1	0	4	7	23	3	2	0	0	1	3	0	1	1	0	1	0	-22	85975	6606	7444	2276	32177	3.687.643	624945	16663	3779734	1582842	26792	-33246	-34822	-3506	0	1	1	1	8	5	1	1	9	5	1	1	1	1	1	1	0	0	0	1	1	1	0	1	1	1	1
1	41383	855	38	27	41	30	2	2	0	17	11	17	3	2	0	1	3	1	0	0	0	2	10	4	289474	447368	78947	52632	105263	1	0	4	7	23	2	2	0	0	1	3	0	0	1	1	0	0	-199	958371	6606	7444	34124	49885	3.962.579	1073749	16663	4121262	1722812	30191	-42905	-45618	-46424	0	1	1	1	4	0	1	1	7714	3333	1	1	0	0	0	0	0	0	0	0	0	0	0	0	0	1	0
1	3859	923	42	26	46	30	3	2	0	17	16	19	3	2	0	1	0	1	0	0	0	2	7	1	380952	452381	71429	47619	2381	1	0	5	8	26	2	3	1	0	1	3	0	0	1	1	0	0	-2937	1023288	6606	7444	35256	48013	4.075.426	624945	16663	4321262	180478	30594	-43867	-46693	-47556	0	1	1	1	8	5	1	1	9	3333	875	1	0	0	0	0	0	1	0	0	0	0	0	0	0	1	0
0	33885	1082	37	22	40	25	2	2	0	11	15	14	4	2	0	1	0	1	0	0	0	2	8	1	405405	378378	108108	54054	27027	1	0	4	7	23	3	2	0	0	1	3	0	1	1	0	1	0	438	845892	7809	8647	12547	17219	3.598.407	805053	346738	3711462	1554861	26162	-24565	-2512	-24847	0	1	1	1	8	5	1	1	9	5	1	1	1	1	0	1	0	0	0	1	1	1	0	1	1	1	1
1	33983	1082	36	22	39	25	2	2	0	11	14	14	3	3	0	1	0	1	0	0	0	2	8	1	388889	388889	83333	83333	27778	1	0	4	7	23	3	2	0	0	1	3	0	1	1	0	1	0	-1752	829083	7529	8367	12547	19882	3.578.032	734944	16663	3643189	1526881	25941	-24565	-2512	-24847	0	1	1	1	8	5	1	1	9	5	1	1	1	1	0	1	0	0	0	1	1	1	0	1	1	1	1
1	3559	1082	36	22	39	25	2	2	0	11	14	14	3	2	0	2	0	1	0	0	0	3	8	1	388889	388889	83333	55556	27778	1	0	4	7	23	3	2	0	0	1	3	0	1	1	0	1	0	-1752	890827	6606	9974	20266	27329	3.716.375	624945	16663	3817276	1598228	26913	-31126	-32453	-32566	0	1	1	1	8	5	1	1	9	5	1	1	1	1	1	1	0	0	0	1	1	1	0	1	1	1	1
1	39188	892	41	26	44	29	3	2	0	17	15	18	3	2	0	1	1	1	0	0	0	2	8	2	365854	439024	73171	4878	4878	1	0	4	5	23	1	3	0	0	1	3	0	0	1	0	0	0	-2557	987431	6606	7444	31444	41979	416.667	774546	16663	4296844	1794772	30707	-40627	-43072	-43744	0	1	1	1	6	5	1	1	8714	3333	1	1	0	1	0	0	0	1	0	1	0	0	0	1	0	1	0
1	36382	978	35	24	38	27	2	2	0	17	11	16	3	2	0	1	1	1	0	0	0	2	8	2	314286	457143	85714	57143	57143	1	0	4	7	23	2	2	0	0	1	3	0	0	1	1	0	0	-2186	909332	6606	7444	29476	41579	3.603.286	774546	16663	3828738	1602925	27247	-38955	-41202	-41776	0	1	1	1	4	0	1	1	7714	5	1	1	0	1	1	1	0	0	0	1	0	0	0	1	0	1	0
1	36382	978	35	24	38	27	2	2	0	17	11	16	3	2	0	1	1	1	0	0	0	2	8	2	314286	457143	85714	57143	57143	1	0	4	7	23	2	2	0	0	1	3	0	0	1	1	0	0	-2186	909332	6606	7444	29476	41579	3.603.286	774546	16663	3828738	1602925	27247	-38955	-41202	-41776	0	1	1	1	4	0	1	1	7714	5	1	1	0	1	1	1	0	0	0	1	0	0	0	1	0	1	0
1	34583	1028	35	23	38	26	2	2	0	17	12	16	3	2	0	1	0	1	0	0	0	2	7	1	342857	457143	85714	57143	28571	1	0	4	7	23	2	2	0	0	1	3	0	0	1	1	0	0	-2406	907168	6606	7444	28281	39524	3.574.948	624945	16663	3799502	1590943	2664	-37939	-40067	-40581	0	1	1	1	4	0	1	1	7714	5	1	1	1	1	1	1	0	0	0	1	0	0	0	1	0	1	0
1	40987	855	41	27	44	30	3	2	0	17	14	18	3	2	0	1	2	1	0	0	0	2	9	3	341463	439024	73171	4878	73171	1	0	4	5	23	1	3	0	0	1	3	0	0	1	0	0	0	-2357	989595	6606	7444	35256	44034	4.195.008	924147	16663	432608	1806754	31314	-43867	-46693	-47556	0	1	1	1	4	5	1	1	8429	3333	1	1	0	1	0	0	0	1	0	1	0	0	0	1	0	1	0
1	40833	892	41	26	44	29	3	2	0	17	15	18	3	2	0	1	0	2	0	0	0	3	8	2	365854	439024	73171	4878	4878	1	0	4	5	23	1	3	0	0	1	3	0	0	1	0	0	0	-2557	1033315	6606	7444	32576	46568	4.352.352	624945	16663	447093	1866119	31621	-41589	-44147	-44876	0	1	1	1	6	5	1	1	8714	3333	1	1	0	0	0	0	0	1	0	0	0	0	0	1	0	1	0
1	39188	892	41	26	44	29	3	2	0	17	15	18	3	2	0	1	1	1	0	0	0	2	8	2	365854	439024	73171	4878	4878	1	0	4	5	23	1	3	0	0	1	3	0	0	1	0	0	0	-2557	987431	6606	7444	31444	41979	416.667	774546	16663	4296844	1794772	30707	-40627	-43072	-43744	0	1	1	1	6	5	1	1	8714	3333	1	1	0	1	0	0	0	1	0	1	0	0	0	1	0	1	0
1	39188	892	41	26	44	29	3	2	0	17	15	18	3	2	0	1	1	1	0	0	0	2	8	2	365854	439024	73171	4878	4878	1	0	4	5	23	1	3	0	0	1	3	0	0	1	0	0	0	-2557	987431	6606	7444	31444	41979	416.667	774546	16663	4296844	1794772	30707	-40627	-43072	-43744	0	1	1	1	6	5	1	1	8714	3333	1	1	0	1	0	0	0	1	0	1	0	0	0	1	0	1	0
1	37389	933	41	25	44	28	3	2	0	17	16	18	3	2	0	1	0	1	0	0	0	2	7	1	390244	439024	73171	4878	2439	1	0	4	5	23	1	3	0	0	1	3	0	0	1	0	0	0	-2773	985267	6606	7444	27621	39924	4.138.333	624945	16663	4267608	178279	301	-37378	-3944	-39921	0	1	1	1	6	5	1	1	8714	5	1	1	1	1	0	1	0	1	0	1	0	0	0	1	0	1	0
0	37587	933	39	25	42	28	3	2	0	17	14	16	5	2	0	1	0	1	0	0	0	2	9	1	358974	410256	128205	51282	25641	1	0	4	5	23	1	3	0	0	1	3	0	0	1	0	0	0	-1983	95223	9184	10022	15731	22137	4.031.943	960656	16663	4131063	1726829	2884	-27271	-28144	-28031	0	1	1	1	4	0	1	1	7714	5	1	1	1	1	0	1	0	0	0	1	1	0	0	1	1	1	1
1	38091	978	37	24	40	27	3	2	0	16	13	15	4	2	0	2	0	1	0	0	0	3	9	1	351351	405405	108108	54054	27027	1	0	4	5	22	1	3	0	0	2	2	0	0	1	0	0	0	-1774	951566	7895	11557	13509	28546	3.936.424	7928	16663	4074252	1703546	28125	-25383	-26034	-25809	0	1	1	1	4	0	1	1	7714	5	1	1	1	1	0	0	0	0	0	1	1	0	0	1	1	1	1
1	38792	892	44	26	47	29	4	2	0	17	18	19	3	2	0	1	0	1	0	0	0	2	7	1	409091	431818	68182	45455	22727	1	0	4	5	23	1	3	0	0	1	3	0	0	1	0	0	0	-2937	1032813	6606	7444	29896	43136	439.91	624945	16663	4501661	1878714	3183	-39311	-41601	-42196	0	1	1	1	8	5	1	1	9	3333	1	1	0	1	0	0	0	1	0	1	0	0	0	1	0	1	0
1	37587	933	39	25	42	28	3	2	0	17	14	16	5	2	0	1	0	1	0	0	0	2	9	1	358974	410256	128205	51282	25641	1	0	4	5	23	1	3	0	0	1	3	0	0	1	0	0	0	-1983	95223	9184	10022	15731	22137	4.031.943	960656	16663	4131063	1726829	2884	-27271	-28144	-28031	0	1	1	1	4	0	1	1	7714	5	1	1	1	1	0	1	0	0	0	1	1	0	0	1	1	1	1
1	38091	978	37	24	40	27	3	2	0	16	13	15	4	2	0	2	0	1	0	0	0	3	9	1	351351	405405	108108	54054	27027	1	0	4	5	22	1	3	0	0	2	2	0	0	1	0	0	0	-1774	951566	7895	11557	13509	28546	3.936.424	7928	16663	4074252	1703546	28125	-25383	-26034	-25809	0	1	1	1	4	0	1	1	7714	5	1	1	1	1	0	0	0	0	0	1	1	0	0	1	1	1	1
0	32782	1095	35	21	37	23	3	2	0	11	14	13	3	3	0	1	0	1	0	0	0	2	8	1	40	371429	85714	85714	28571	1	0	3	4	17	1	2	0	0	1	2	0	0	1	0	0	0	4716	802064	8629	9467	9985	18695	3.706.365	1051779	593464	3589535	1504891	25447	-22388	-22686	-22285	0	1	1	1	8	5	1	1	9	5	1	1	1	1	0	1	0	0	0	1	0	1	0	1	1	1	1
0	25978	1417	30	16	31	17	2	2	0	6	14	11	1	2	0	1	0	1	0	0	0	2	5	1	466667	366667	33333	66667	33333	1	0	2	2	12	0	2	0	0	0	2	0	0	0	0	0	0	-6728	653533	3738	4576	21809	30531	3.103.544	458315	0	3015615	1269678	21762	-32438	-33919	-34109	0	1	1	1	8	5	1	1	9	1	1	1	0	1	0	0	0	0	0	1	0	1	1	1	1	1	0
0	33588	1039	40	22	42	24	3	2	0	12	18	17	1	2	0	1	0	1	0	0	0	2	5	1	45	425	25	5	25	1	0	3	3	18	0	3	0	0	0	3	0	0	0	0	0	0	-7618	896361	3738	4576	34628	46653	4.058.999	458315	0	4025249	1683463	29024	-43334	-46096	-46928	0	1	1	1	8	5	1	1	9	6667	1	1	0	0	0	1	0	1	0	0	0	0	0	1	0	1	0
1	40488	883	41	27	45	31	3	2	0	17	14	18	4	2	0	1	1	1	0	0	0	2	9	2	341463	439024	97561	4878	4878	1	0	5	8	26	2	3	1	0	1	3	0	0	1	1	0	0	-2357	1007018	7895	8733	26404	43953	4.050.569	942402	16663	4282226	1788781	30571	-36344	-38284	-38704	0	1	1	1	6	5	1	1	8714	5	875	1	0	1	0	0	0	1	0	1	0	0	0	1	0	1	0
1	42791	883	39	27	43	31	3	2	0	16	12	17	3	2	0	2	2	1	0	0	0	3	10	3	307692	435897	76923	51282	76923	1	0	5	8	25	2	3	1	0	2	2	0	0	1	1	0	0	-199	1009727	6606	10268	3372	47934	3.986.152	924147	16663	4254651	177748	30463	-42562	-45234	-4602	0	1	1	1	6	5	1	1	8714	3333	875	1	0	0	0	0	0	0	0	0	0	0	0	0	0	1	0
1	41999	883	45	27	49	31	3	2	0	16	18	19	3	2	0	2	0	1	0	0	0	3	8	1	40	422222	66667	44444	22222	1	0	5	8	28	3	3	0	0	2	3	0	1	1	0	1	0	-2723	1088297	6606	10268	30635	40828	4.492.861	624945	16663	4664286	1945363	32709	-3994	-42303	-42935	0	1	1	1	8	5	1	1	9	3333	875	1	0	1	0	0	0	1	0	1	0	0	0	1	0	1	0
1	47754	682	55	33	58	36	7	2	0	18	22	24	1	4	0	1	3	0	0	0	0	1	9	3	40	436364	18182	72727	54545	1	0	4	4	24	0	4	0	0	0	4	0	0	0	0	0	0	-7211	1191063	5584	6422	38191	51684	5.381.811	1127116	0	5348339	2225713	40074	-46362	-49481	-50491	0	1	8333	1	8	5	1	1	8762	1667	875	1	0	0	0	0	0	0	0	0	0	0	0	0	0	0	0
1	40543	847	42	28	46	32	3	2	0	17	14	19	3	2	0	1	3	0	0	0	0	1	9	3	333333	452381	71429	47619	71429	1	0	5	8	26	2	3	1	0	1	3	0	0	1	1	0	0	-2525	981732	6606	7444	36376	47534	394.642	1073749	16663	4205648	1757397	30894	-4482	-47757	-48676	0	1	1	1	6	5	1	1	8714	3333	875	1	0	0	0	0	0	1	0	0	0	0	0	0	0	1	0
1	36945	923	42	26	46	30	3	2	0	17	16	19	3	2	0	1	1	0	0	0	0	1	7	1	380952	452381	71429	47619	2381	1	0	5	8	26	2	3	1	0	1	3	0	0	1	1	0	0	-2937	977404	6606	7444	34124	43424	3.889.745	774546	16663	4147176	1733433	2968	-42905	-45618	-46424	0	1	1	1	8	5	1	1	9	3333	875	1	0	1	0	1	0	1	0	1	0	0	0	1	0	1	0
1	45345	753	46	31	50	35	4	2	0	17	15	20	3	3	0	1	4	0	0	0	0	1	11	4	326087	434783	65217	65217	86957	1	0	5	8	26	2	3	1	0	1	3	0	0	1	1	0	0	-2328	1053146	7529	8367	31954	64623	4.386.681	1333349	16663	4566445	1905264	3411	-41061	-43556	-44254	0	1	8333	1	6	5	1	1	8476	1667	875	0	0	0	0	0	0	0	0	0	0	0	0	0	0	0	0
1	43546	782	46	30	50	34	4	2	0	17	16	20	3	3	0	1	3	0	0	0	0	1	10	3	347826	434783	65217	65217	65217	1	0	5	8	26	2	3	1	0	1	3	0	0	1	1	0	0	-2499	1042125	7529	8367	30865	51479	4.358.344	1183747	16663	4537209	1893283	33503	-40135	-42522	-43165	0	1	1	1	6	5	1	1	8714	1667	875	1	0	0	0	0	0	1	0	0	0	0	0	0	0	0	0
1	43987	813	42	29	46	33	2	2	0	17	13	19	3	2	0	1	3	1	0	0	0	2	10	4	309524	452381	71429	47619	95238	1	0	5	11	28	4	2	0	0	2	3	1	0	2	1	1	0	-234	1027252	6606	7444	35905	47169	4.164.728	1073749	16663	440897	1840725	32415	-44419	-47309	-48205	0	1	1	1	6	5	1	1	8714	3333	875	1	0	0	0	0	0	1	0	0	0	0	0	0	0	1	0
1	44141	782	42	30	46	34	2	2	0	17	12	19	3	2	0	1	5	0	0	0	0	1	11	5	285714	452381	71429	47619	119048	1	0	5	11	28	4	2	0	0	2	3	1	0	2	1	1	0	-2169	983532	6606	7444	38585	44635	4.007.384	1372951	16663	426412	178136	32108	-46697	-49855	-50885	0	1	1	1	6	5	1	1	8714	3333	875	1	0	1	0	0	0	1	0	1	0	0	0	1	0	1	0
1	43987	813	42	29	46	33	2	2	0	17	13	19	3	2	0	1	3	1	0	0	0	2	10	4	309524	452381	71429	47619	95238	1	0	5	11	28	4	2	0	0	2	3	1	0	2	1	1	0	-234	1027252	6606	7444	35905	47169	4.164.728	1073749	16663	440897	1840725	32415	-44419	-47309	-48205	0	1	1	1	6	5	1	1	8714	3333	875	1	0	0	0	0	0	1	0	0	0	0	0	0	0	1	0
1	40543	847	42	28	46	32	2	2	0	17	14	19	3	2	0	1	3	0	0	0	0	1	9	3	333333	452381	71429	47619	71429	1	0	5	11	28	4	2	0	0	2	3	1	0	2	1	1	0	-2525	979204	6606	7444	31016	40525	3.950.709	1073749	16663	4205648	1757397	30894	-40264	-42665	-43316	0	1	1	1	6	5	1	1	8714	3333	875	1	0	1	0	0	0	1	0	1	0	0	0	1	0	1	0
1	43987	813	42	29	46	33	2	2	0	17	13	19	3	2	0	1	3	1	0	0	0	2	10	4	309524	452381	71429	47619	95238	1	0	5	11	28	4	2	0	0	2	3	1	0	2	1	1	0	-234	1027252	6606	7444	35905	47169	4.164.728	1073749	16663	440897	1840725	32415	-44419	-47309	-48205	0	1	1	1	6	5	1	1	8714	3333	875	1	0	0	0	0	0	1	0	0	0	0	0	0	0	1	0
1	43987	813	42	29	46	33	2	2	0	17	13	19	3	2	0	1	3	1	0	0	0	2	10	4	309524	452381	71429	47619	95238	1	0	5	11	28	4	2	0	0	2	3	1	0	2	1	1	0	-234	1027252	6606	7444	35905	47169	4.164.728	1073749	16663	440897	1840725	32415	-44419	-47309	-48205	0	1	1	1	6	5	1	1	8714	3333	875	1	0	0	0	0	0	1	0	0	0	0	0	0	0	1	0
1	4424	782	41	30	45	34	2	2	0	17	11	18	4	2	0	1	5	0	0	0	0	1	12	5	268293	439024	97561	4878	121951	1	0	5	11	28	4	2	0	0	2	3	1	0	2	1	1	0	-1838	961378	7895	8733	28656	42805	3.954.189	1540806	16663	4195847	175338	31478	-38258	-40424	-40956	0	1	1	1	6	5	1	1	8714	5	875	1	0	1	0	0	0	1	0	1	0	0	0	1	0	1	0
1	42441	813	41	29	45	33	2	2	0	17	12	18	4	2	0	1	4	0	0	0	0	1	11	4	292683	439024	97561	4878	97561	1	0	5	11	28	4	2	0	0	2	3	1	0	2	1	1	0	-1999	959214	7895	8733	24856	4075	3.925.852	1391205	16663	4166611	1741398	30871	-35028	-36813	-37156	0	1	1	1	6	5	1	1	8714	5	875	1	0	1	0	0	0	1	0	1	0	0	0	1	0	1	0
1	44649	774	48	31	53	36	3	2	0	17	17	21	4	2	0	1	3	0	0	0	0	1	10	3	354167	4375	83333	41667	625	1	0	6	12	31	4	3	1	0	2	3	1	0	2	1	1	0	-2648	1080936	7895	8733	27673	46921	4.356.142	1241604	16663	4659136	1943253	34218	-37422	-39489	-39973	0	1	8333	1	8	5	1	1	8762	5	875	1	0	0	0	0	0	1	0	0	0	0	0	1	0	1	0
1	50051	672	51	35	56	40	3	2	0	23	16	24	4	2	0	1	4	0	0	0	0	1	11	4	313725	470588	78431	39216	78431	1	0	6	12	34	4	3	0	0	2	4	1	0	2	1	1	0	-2879	1210576	7895	8733	35517	55934	4.839.457	1391205	16663	5176246	2155183	38133	-44089	-46941	-47817	0	75	6667	8333	3	5	8333	1	6976	3333	75	0	0	0	0	0	0	0	0	0	0	0	0	0	0	0	0
1	33643	988	41	23	43	25	3	2	0	12	18	18	0	2	0	1	2	0	0	0	0	1	5	2	439024	439024	0	4878	4878	1	0	3	3	18	0	3	0	0	0	3	0	0	0	0	0	0	-7721	85761	3414	4252	47989	5065	403.62	742332	0	3948671	1652078	29347	-54691	-5879	-60289	0	75	8333	1	8	5	1	1	8405	6667	875	1	0	0	0	0	0	1	0	0	0	0	0	0	0	1	0
0	48137	688	43	31	44	32	5	2	0	12	12	17	1	3	0	1	9	0	0	0	0	1	14	9	27907	395349	23256	69767	209302	1	0	2	2	12	0	2	0	0	0	2	0	0	0	0	0	0	-1369	916318	5761	6599	38397	54462	476.609	2231559	426833	4362957	1821868	35081	-46537	-49677	-50697	0	1	8333	1	6	5	1	1	8476	1667	75	0	0	0	0	0	0	0	0	0	0	0	0	0	0	0	0
1	35146	967	42	25	46	29	3	2	0	17	17	19	3	2	0	1	0	0	0	0	0	1	6	0	404762	452381	71429	47619	0	1	0	5	8	26	2	3	1	0	1	3	0	0	1	1	0	0	-3168	97524	6606	7444	30301	41369	3.861.407	624945	16663	411794	1721451	29073	-39656	-41986	-42601	0	1	1	1	8	5	1	1	9	3333	875	1	0	1	0	1	0	1	0	1	0	0	0	1	0	1	0
1	39347	923	39	26	43	30	3	2	0	16	13	17	3	2	0	2	2	0	0	0	0	2	9	2	333333	435897	76923	51282	51282	1	0	5	8	25	2	3	1	0	2	2	0	0	1	1	0	0	-2177	961668	6606	10268	31397	43344	3.772.133	924147	16663	4051329	1694151	28942	-40587	-43027	-43697	0	1	1	1	6	5	1	1	8714	3333	875	1	0	1	0	0	0	0	0	1	0	0	0	1	0	1	0
1	4289	883	38	27	42	31	3	2	0	16	11	16	4	2	0	2	2	1	0	0	0	3	11	3	289474	421053	105263	52632	78947	1	0	5	8	25	2	3	1	0	2	2	0	0	1	1	0	0	-1624	993887	7895	11557	23677	40041	3.937.246	1092003	16663	4186379	1749499	29833	-34026	-35693	-35977	0	1	1	1	6	5	1	1	8714	5	875	1	0	1	0	0	0	0	0	1	0	0	0	1	0	1	0
1	56098	639	53	35	56	38	5	4	0	12	18	21	0	6	0	2	5	1	0	0	0	3	14	6	339623	396226	0	113208	113208	1	0	4	7	24	2	2	0	0	0	4	0	0	0	2	0	0	-5953	1159267	8674	1035	37256	53339	5.584.047	1854262	0	542309	2256348	4201	-45568	-48593	-49556	0	75	8333	8333	7	5	8333	1	7786	1667	875	0	0	0	0	0	0	0	0	0	0	0	0	0	0	0	0
1	53305	677	57	34	61	38	6	4	0	12	23	23	0	6	0	2	2	1	0	0	0	3	11	3	403509	403509	0	105263	52632	1	0	5	8	27	2	3	1	0	0	4	0	0	0	2	0	0	-671	1220261	8674	1035	3829	36873	5.713.243	1405459	0	562309	2338315	42413	-46447	-49576	-5059	0	75	8333	8333	7	5	8333	1	7786	1667	75	0	0	0	0	0	0	0	0	0	0	0	0	0	0	0	0
1	56004	635	56	36	60	40	6	4	0	17	20	22	3	6	0	2	2	1	0	0	0	3	14	3	357143	392857	53571	107143	53571	1	0	5	8	29	2	3	0	0	1	4	0	0	0	2	0	0	-2172	1273973	12831	14507	28552	28753	5.792.066	1737494	16663	5743522	2387673	42365	-38169	-40325	-40852	0	75	6667	8333	7	5	6667	1	731	3333	625	0	0	0	0	0	0	0	0	0	0	0	0	0	0	0	0
1	55905	635	57	36	61	40	6	4	0	17	21	23	2	6	0	2	2	1	0	0	0	3	13	3	368421	403509	35088	105263	52632	1	0	5	8	29	2	3	0	0	1	4	0	0	0	2	0	0	-2448	1270214	11542	13218	29899	32031	5.833.009	1573314	167855	5811794	2415653	42995	-39314	-41604	-42199	0	75	8333	8333	7	5	8333	1	7786	3333	75	0	0	0	0	0	0	0	0	0	0	0	0	0	0	0	0
1	56004	635	56	36	60	40	6	4	0	17	20	22	3	6	0	2	2	1	0	0	0	3	14	3	357143	392857	53571	107143	53571	1	0	5	8	29	2	3	0	0	1	4	0	0	0	2	0	0	-2172	1269601	12831	14507	36672	30759	578.594	1739944	16663	5743522	2387673	42365	-45071	-48039	-48972	0	75	6667	8333	7	5	6667	1	731	1667	625	0	0	0	0	0	0	0	0	0	0	0	0	0	0	0	0
1	57501	619	56	36	59	39	6	4	0	12	20	22	0	6	0	2	5	1	0	0	0	3	14	6	357143	392857	0	107143	107143	1	0	4	7	24	2	2	0	0	0	4	0	0	0	2	0	0	-6065	1202658	8674	1035	39316	4205	5.844.814	1854262	0	5657143	2352272	4374	-47318	-5055	-51616	0	75	8333	8333	7	5	8333	1	7786	1667	875	0	0	0	0	0	0	0	0	0	0	0	0	0	0	0	0
0	30274	117	28	19	29	20	3	2	0	12	9	13	0	2	0	1	2	1	0	0	0	2	6	3	321429	464286	0	71429	107143	1	0	2	2	12	0	2	0	0	0	2	0	0	0	0	0	0	-6725	696628	3414	4252	44964	40149	3.190.801	742332	0	3162126	1329724	23454	-52119	-55916	-57264	0	75	1	1	4	0	1	1	7357	6667	875	1	0	1	1	0	0	0	0	1	0	0	0	1	0	1	0
1	55107	639	60	35	63	38	8	4	0	12	25	23	0	7	0	2	2	1	0	0	0	3	12	3	416667	383333	0	116667	5	1	0	4	7	24	2	2	0	0	0	4	0	0	0	2	0	0	-2596	1259734	10697	12373	30699	27206	6.241.439	1832292	426833	5900997	2452212	44528	-39994	-42364	-42999	0	75	8333	8333	7	5	8333	1	7786	1667	875	0	0	0	0	0	0	0	0	0	0	0	0	0	0	0	0
1	53704	66	57	34	60	37	7	4	0	12	23	22	0	7	0	2	2	1	0	0	0	3	12	3	403509	385965	0	122807	52632	1	0	4	7	24	2	2	0	0	0	4	0	0	0	2	0	0	-2461	121108	10697	12373	28622	26582	5.980.671	1832292	426833	5666944	2356288	42798	-38229	-40391	-40922	0	75	8333	8333	7	5	8333	1	7786	3333	875	0	0	0	0	0	0	0	0	0	0	0	0	0	0	0	0
1	39177	952	30	22	30	22	5	2	0	5	8	9	1	3	0	2	6	1	0	0	0	3	13	7	266667	30	33333	10	233333	1	0	1	1	5	0	1	0	0	1	0	0	0	0	0	0	0	6621	667785	664	10302	17308	24698	3.761.673	193162	590883	3343854	1404202	26174	-28612	-29643	-29608	0	1	1	1	8	1	1	1	9714	3333	1	1	0	1	0	0	0	0	0	1	0	0	0	1	0	1	0
1	39177	952	30	22	30	22	5	2	0	5	8	9	1	3	0	2	6	1	0	0	0	3	13	7	266667	30	33333	10	233333	1	0	1	1	5	0	1	0	0	1	0	0	0	0	0	0	0	6621	667785	664	10302	17308	24698	3.761.673	193162	590883	3343854	1404202	26174	-28612	-29643	-29608	0	1	1	1	8	1	1	1	9714	3333	1	1	0	1	0	0	0	0	0	1	0	0	0	1	0	1	0
1	49314	726	61	32	65	36	6	3	0	11	29	24	2	3	0	2	0	1	0	0	0	3	8	1	47541	393443	32787	4918	16393	1	0	5	8	29	3	3	0	0	2	2	1	1	0	0	1	1	-3407	1327543	5864	9526	34025	45977	5.838.707	748422	16405	5837708	2426274	42492	-42822	-45524	-46325	0	1	8333	1	8	5	1	1	8762	1667	75	0	0	0	0	0	0	0	0	0	0	0	0	0	0	0	0
1	36192	978	44	24	47	27	3	2	0	12	20	19	1	2	0	1	0	1	0	0	0	2	5	1	454545	431818	22727	45455	22727	1	0	4	7	24	3	2	0	0	1	2	1	1	0	0	1	1	-342	966074	4617	5455	39226	47875	4.266.956	607179	16405	4312957	1801376	31248	-47242	-50465	-51526	0	1	1	1	8	5	1	1	9	6667	1	1	0	0	0	1	0	1	0	0	0	0	0	0	0	1	0
1	36795	1028	41	23	44	26	3	2	0	11	18	17	1	2	0	2	0	1	0	0	0	3	6	1	439024	414634	2439	4878	2439	1	0	4	7	23	3	2	0	0	2	1	1	1	0	0	1	1	-2835	948185	4617	8279	35403	43686	4.121.006	607179	16405	4187874	1750112	29903	-43993	-46833	-47703	0	1	1	1	8	5	1	1	9	5	1	1	0	1	0	1	0	1	0	1	0	0	0	1	0	1	0
1	3344	1039	39	22	41	24	3	2	0	6	17	14	2	2	0	1	3	0	0	0	0	1	8	3	435897	358974	51282	51282	76923	1	0	3	6	18	3	1	0	0	1	1	1	1	0	0	1	1	438	76436	582	6658	29721	42624	3.658.837	1220033	3281	3587542	1504074	27116	-39163	-41435	-42021	0	1	1	1	1	5	1	1	9286	5	1	1	0	1	0	1	0	0	0	1	0	0	0	1	0	1	0
1	51796	685	49	32	51	34	5	4	0	12	17	19	1	4	0	2	5	1	0	0	0	3	13	6	346939	387755	20408	81633	122449	1	0	3	3	18	0	3	0	0	0	3	0	0	0	0	0	0	-1858	1084192	8031	9707	40752	63458	5.282.466	1798315	16405	5106146	2126453	39128	-4854	-51915	-53052	0	75	8333	8333	7	5	8333	1	7786	1667	875	0	0	0	0	0	0	0	0	0	0	0	0	0	0	0	0
1	52705	66	55	34	58	37	6	4	0	18	21	23	2	4	0	2	2	1	0	0	0	3	11	3	381818	418182	36364	72727	54545	1	0	4	4	24	0	4	0	0	0	4	0	0	0	0	0	0	-2753	1252424	932	10996	36153	51746	5.797.096	1517367	16405	5725748	2380388	42209	-4463	-47546	-48453	0	75	8333	8333	7	5	8333	1	7786	1667	875	0	0	0	0	0	0	0	0	0	0	0	0	0	0	0	0
1	53209	682	53	33	56	36	6	4	0	17	20	22	1	4	0	3	2	1	0	0	0	4	11	3	377358	415094	18868	75472	56604	1	0	4	4	23	0	4	0	0	1	3	0	0	0	0	0	0	-2619	1252958	8031	12531	42497	55726	5.704.342	1349511	16405	5668937	2357105	41494	-50022	-53572	-54797	1	5	8333	8333	7	5	8333	1	7429	1667	75	0	0	0	0	0	0	0	0	0	0	0	0	0	0	0	0
1	50505	706	55	32	58	35	6	4	0	12	23	21	2	4	0	2	2	1	0	0	0	3	11	3	418182	381818	36364	72727	54545	1	0	4	4	22	0	4	0	1	0	3	0	0	0	0	0	0	-2478	1187993	8355	10031	46282	4206	5.558.942	1364697	16405	5471927	2276363	40631	-5324	-57168	-58582	1	5	6667	8333	7	5	8333	1	719	1667	75	0	0	0	0	0	0	0	0	1	0	0	0	0	0	0	0
1	58604	616	58	37	62	41	3	4	0	12	21	23	1	5	0	2	5	1	0	0	0	3	14	6	362069	396552	17241	86207	103448	1	0	5	8	29	2	2	0	0	1	4	0	0	0	2	0	0	-6171	1256154	8075	9751	41344	65152	5.877.866	1759449	0	577907	2402242	44455	-49042	-52476	-53644	0	75	8333	8333	7	5	8333	1	7786	3333	75	0	0	0	0	0	0	0	0	0	0	0	0	0	0	0	0
1	56563	616	61	37	65	41	6	4	0	12	24	24	1	5	0	2	5	0	0	0	0	2	13	5	393443	393443	16393	81967	81967	1	0	5	8	27	2	3	1	0	0	4	0	0	0	2	0	0	-2576	1249227	8954	1063	41344	47484	5.888.152	1908314	16405	5809801	2414836	44664	-49042	-52476	-53644	0	75	8333	8333	7	5	8333	1	7786	1667	75	0	0	0	0	0	0	0	0	0	0	0	0	0	0	0	0
1	59356	583	57	38	60	41	5	4	0	12	19	22	1	5	0	2	8	0	0	0	0	2	16	8	333333	385965	17544	87719	140351	1	0	4	7	24	2	2	0	0	0	4	0	0	0	2	0	0	-1915	1188233	8954	1063	40334	6395	5.758.956	2357117	16405	5609801	2332869	44261	-48184	-51517	-52634	0	75	8333	8333	7	5	8333	1	7786	1667	75	0	0	0	0	0	0	0	0	0	0	0	0	0	0	0	0
1	49314	726	61	32	65	36	6	3	0	11	29	24	2	3	0	2	0	1	0	0	0	3	8	1	47541	393443	32787	4918	16393	1	0	5	8	29	3	3	0	0	2	2	1	1	0	0	1	1	-3407	1327543	5864	9526	34025	45977	5.838.707	748422	16405	5837708	2426274	42492	-42822	-45524	-46325	0	1	8333	1	8	5	1	1	8762	1667	75	0	0	0	0	0	0	0	0	0	0	0	0	0	0	0	0
1	39798	933	45	25	48	28	4	2	0	11	20	18	1	3	0	2	0	1	0	0	0	3	7	1	444444	40	22222	66667	22222	1	0	4	7	23	3	2	0	0	2	1	1	1	0	0	1	1	3123	1009915	664	10302	29648	35516	4.665.551	1034013	590883	4519435	1885998	32512	-39101	-41366	-41948	0	1	1	1	8	5	1	1	9	3333	1	1	0	1	0	0	0	1	0	1	0	0	0	1	0	1	0
1	38395	978	42	24	45	27	3	2	0	11	18	17	1	3	0	2	0	1	0	0	0	3	7	1	428571	404762	2381	71429	2381	1	0	4	7	23	3	2	0	0	2	1	1	1	0	0	1	1	3372	96269	664	10302	27325	33549	4.430.129	1034013	590883	4285382	1790075	30782	-37126	-39159	-39625	0	1	1	1	8	5	1	1	9	5	1	1	1	1	0	0	0	1	0	1	1	0	0	1	1	1	1
1	40239	978	41	24	44	27	3	2	0	11	17	17	1	2	0	2	0	2	0	0	0	4	7	2	414634	414634	2439	4878	4878	1	0	4	7	23	3	2	0	0	2	1	1	1	0	0	1	1	-2597	996233	4617	8279	40407	5033	4.335.025	607179	16405	4391196	1833441	31424	-48246	-51586	-52707	0	1	1	1	8	5	1	1	9	5	1	1	0	0	0	0	0	1	0	0	0	0	0	0	0	1	0
1	38594	978	41	24	44	27	3	2	0	11	17	17	1	2	0	2	1	1	0	0	0	3	7	2	414634	414634	2439	4878	4878	1	0	4	7	23	3	2	0	0	2	1	1	1	0	0	1	1	-2597	950349	4617	8279	39251	45741	4.149.344	756781	16405	421711	1762094	3051	-47264	-50489	-51551	0	1	1	1	8	5	1	1	9	5	1	1	0	0	0	0	0	1	0	0	0	0	0	1	0	1	0
1	49117	726	63	32	67	36	6	3	0	11	31	25	2	2	0	2	0	1	0	0	0	3	7	1	492063	396825	31746	31746	15873	1	0	5	8	29	3	3	0	0	2	2	1	1	0	0	1	1	-3717	135821	4941	8603	43946	58272	5.948.318	638423	16405	5974252	2482235	43343	-51254	-54948	-56246	0	75	8333	1	8	5	1	1	8405	1667	625	0	0	0	0	0	0	0	0	0	0	0	0	0	0	0	0
1	56826	612	72	38	77	43	7	3	0	17	34	30	3	2	0	2	0	1	0	0	0	3	8	1	472222	416667	41667	27778	13889	1	0	6	9	35	3	4	0	0	2	3	1	1	0	0	1	1	-4005	1602284	5265	8927	46308	65394	6.800.152	669666	16405	6915615	2868039	49975	-53262	-57192	-58608	1	5	5	8333	7	5	8333	1	6952	1667	625	0	0	0	0	0	0	0	0	0	0	0	0	0	0	0	0
1	47409	753	55	31	59	35	6	3	0	16	24	23	3	2	0	2	0	1	0	0	0	3	8	1	436364	418182	54545	36364	18182	1	0	5	8	28	3	3	0	0	3	1	1	1	0	0	1	1	-3287	1276012	6399	10061	38573	4513	5.428.928	775035	16405	552907	2299783	39365	-46687	-49845	-50873	0	1	8333	1	8	5	1	1	8762	1667	75	1	0	0	0	0	0	0	0	0	0	0	0	1	0	0	0
1	49314	726	61	32	65	36	6	3	0	11	29	24	2	3	0	2	0	1	0	0	0	3	8	1	47541	393443	32787	4918	16393	1	0	5	8	29	3	3	0	0	2	2	1	1	0	0	1	1	-3407	1327543	5864	9526	34025	45977	5.838.707	748422	16405	5837708	2426274	42492	-42822	-45524	-46325	0	1	8333	1	8	5	1	1	8762	1667	75	0	0	0	0	0	0	0	0	0	0	0	0	0	0	0	0
1	40239	978	41	24	44	27	3	2	0	11	17	17	1	2	0	2	0	2	0	0	0	4	7	2	414634	414634	2439	4878	4878	1	0	4	7	23	3	2	0	0	2	1	1	1	0	0	1	1	-2597	996233	4617	8279	40407	5033	4.335.025	607179	16405	4391196	1833441	31424	-48246	-51586	-52707	0	1	1	1	8	5	1	1	9	5	1	1	0	0	0	0	0	1	0	0	0	0	0	0	0	1	0
1	38594	978	41	24	44	27	3	2	0	11	17	17	1	2	0	2	1	1	0	0	0	3	7	2	414634	414634	2439	4878	4878	1	0	4	7	23	3	2	0	0	2	1	1	1	0	0	1	1	-2597	950349	4617	8279	39251	45741	4.149.344	756781	16405	421711	1762094	3051	-47264	-50489	-51551	0	1	1	1	8	5	1	1	9	5	1	1	0	0	0	0	0	1	0	0	0	0	0	1	0	1	0
1	34547	978	44	24	47	27	3	2	0	12	20	19	1	2	0	1	1	0	0	0	0	1	5	1	454545	431818	22727	45455	22727	1	0	4	7	24	3	2	0	0	1	2	1	1	0	0	1	1	-342	92019	4617	5455	38095	43286	4.081.274	756781	16405	413887	1730029	30334	-4628	-4939	-50395	0	1	1	1	8	5	1	1	9	6667	1	1	0	1	0	1	0	1	0	1	0	0	0	1	0	1	0
1	38395	978	42	24	45	27	3	2	0	11	18	17	1	3	0	2	0	1	0	0	0	3	7	1	428571	404762	2381	71429	2381	1	0	4	7	23	3	2	0	0	2	1	1	1	0	0	1	1	3372	965126	664	10302	30005	41012	4.335.366	1034013	590883	4285382	1790075	30782	-39404	-41705	-42305	0	1	1	1	8	5	1	1	9	3333	1	1	0	1	0	0	0	1	0	1	0	0	0	1	0	1	0
1	49713	726	61	32	65	36	7	2	0	11	29	23	2	4	0	2	0	1	0	0	0	3	9	1	47541	377049	32787	65574	16393	1	0	5	8	28	3	3	0	0	3	1	1	1	0	0	1	1	2389	1281597	7887	11549	27685	38612	5.958.304	1175255	590883	5772591	2399587	41905	-37432	-39501	-39985	0	1	8333	1	1	1	1	1	9762	3333	75	0	0	0	0	0	0	0	0	0	0	0	0	0	0	0	0
0	51116	701	64	33	68	37	7	2	0	11	31	24	2	4	0	2	0	1	0	0	0	3	9	1	484375	375	3125	625	15625	1	0	5	8	29	3	3	0	0	2	2	1	1	0	0	1	1	2219	1330251	7887	11549	29761	39236	6.219.072	1175255	590883	6006645	249551	43635	-39197	-41473	-42061	0	75	8333	8333	9	1	8333	1	8786	3333	75	0	0	0	0	0	0	0	0	0	0	0	0	0	0	0	0
1	49516	726	63	32	67	36	7	2	0	11	31	24	2	3	0	2	0	1	0	0	0	3	8	1	492063	380952	31746	47619	15873	1	0	5	8	29	3	3	0	0	2	2	1	1	0	0	1	1	-3407	131442	5864	9526	37481	54081	5.935.294	748422	16405	5909136	2455548	42756	-45759	-48807	-49781	0	1	8333	1	1	1	1	1	9762	1667	75	0	0	0	0	0	0	0	0	0	0	0	0	0	0	0	0
1	49713	726	61	32	65	36	7	2	0	11	29	23	2	4	0	2	0	1	0	0	0	3	9	1	47541	377049	32787	65574	16393	1	0	5	8	29	3	3	0	0	2	2	1	1	0	0	1	1	-3097	1283753	6787	10449	27685	41786	5.825.683	85842	16405	5772591	2399587	41905	-37432	-39501	-39985	0	1	8333	1	1	1	1	1	9762	3333	75	0	0	0	0	0	0	0	0	0	0	0	0	0	0	0	0
0	40239	978	41	24	44	27	3	2	0	11	17	17	1	2	0	2	0	2	0	0	0	4	7	2	414634	414634	2439	4878	4878	1	0	4	7	23	3	2	0	0	2	1	1	1	0	0	1	1	-2597	996233	4617	8279	40407	5033	4.335.025	607179	16405	4391196	1833441	31424	-48246	-51586	-52707	0	1	1	1	8	5	1	1	9	5	1	1	0	0	0	0	0	1	0	0	0	0	0	0	0	1	0
0	39548	855	47	27	50	30	3	2	0	12	20	20	1	2	0	1	3	0	0	0	0	1	7	3	425532	425532	21277	42553	6383	1	0	4	7	24	3	2	0	0	1	2	1	1	0	0	1	1	-3089	977763	4617	5455	42555	50654	4.398.717	1055983	16405	4431395	1849916	33278	-50072	-53628	-54855	0	75	1	1	8	5	1	1	8643	6667	875	1	0	0	0	0	0	1	0	0	0	0	0	0	0	1	0
1	36192	978	44	24	47	27	3	2	0	12	20	19	1	2	0	1	0	1	0	0	0	2	5	1	454545	431818	22727	45455	22727	1	0	4	7	24	3	2	0	0	1	2	1	1	0	0	1	1	-342	966074	4617	5455	39226	47875	4.266.956	607179	16405	4312957	1801376	31248	-47242	-50465	-51526	0	1	1	1	8	5	1	1	9	6667	1	1	0	0	0	1	0	1	0	0	0	0	0	0	0	1	0
1	36795	1028	41	23	44	26	3	2	0	11	18	17	1	2	0	2	0	1	0	0	0	3	6	1	439024	414634	2439	4878	2439	1	0	4	7	23	3	2	0	0	2	1	1	1	0	0	1	1	-2835	948185	4617	8279	35403	43686	4.121.006	607179	16405	4187874	1750112	29903	-43993	-46833	-47703	0	1	1	1	8	5	1	1	9	5	1	1	0	1	0	1	0	1	0	1	0	0	0	1	0	1	0
1	34547	978	44	24	47	27	3	2	0	12	20	19	1	2	0	1	1	0	0	0	0	1	5	1	454545	431818	22727	45455	22727	1	0	4	7	24	3	2	0	0	1	2	1	1	0	0	1	1	-342	92019	4617	5455	38095	43286	4.081.274	756781	16405	413887	1730029	30334	-4628	-4939	-50395	0	1	1	1	8	5	1	1	9	6667	1	1	0	1	0	1	0	1	0	1	0	0	0	1	0	1	0
1	34547	978	44	24	47	27	3	2	0	12	20	19	1	2	0	1	1	0	0	0	0	1	5	1	454545	431818	22727	45455	22727	1	0	4	7	24	3	2	0	0	1	2	1	1	0	0	1	1	-342	92019	4617	5455	38095	43286	4.081.274	756781	16405	413887	1730029	30334	-4628	-4939	-50395	0	1	1	1	8	5	1	1	9	6667	1	1	0	1	0	1	0	1	0	1	0	0	0	1	0	1	0
1	32748	1028	44	23	47	26	3	2	0	12	21	19	1	2	0	1	0	0	0	0	0	1	4	0	477273	431818	22727	45455	0	1	0	4	7	24	3	2	0	0	1	2	1	1	0	0	1	1	-3693	918026	4617	5455	34271	41231	4.052.937	607179	16405	4109635	1718047	29727	-43031	-45758	-46571	0	1	1	1	8	5	1	1	9	6667	1	1	0	1	0	1	0	1	0	1	0	0	0	1	0	1	0
1	34547	978	44	24	47	27	3	2	0	12	20	19	1	2	0	1	1	0	0	0	0	1	5	1	454545	431818	22727	45455	22727	1	0	4	7	24	3	2	0	0	1	2	1	1	0	0	1	1	-342	92019	4617	5455	38095	43286	4.081.274	756781	16405	413887	1730029	30334	-4628	-4939	-50395	0	1	1	1	8	5	1	1	9	6667	1	1	0	1	0	1	0	1	0	1	0	0	0	1	0	1	0
1	33351	1082	41	22	44	25	3	2	0	11	19	17	1	2	0	2	0	0	0	0	0	2	5	0	463415	414634	2439	4878	0	1	0	4	7	23	3	2	0	0	2	1	1	1	0	0	1	1	-3096	900126	4617	8279	30348	39096	3.906.987	607179	16405	3984551	1666783	28382	-39695	-4203	-42648	0	1	1	1	8	5	1	1	9	5	1	1	1	1	0	1	0	1	0	1	0	0	0	1	0	1	0
1	37598	988	45	23	47	25	5	3	0	5	22	16	1	3	0	2	0	1	0	0	0	3	7	1	488889	355556	22222	66667	22222	1	0	3	4	17	2	2	0	0	2	0	1	1	0	0	0	0	3641	953759	664	10302	26572	34134	4.698.427	1034013	590883	4374585	1826633	31906	-36487	-38444	-38872	0	1	1	1	1	1	1	1	1	3333	1	1	1	1	0	1	0	1	0	1	0	0	0	1	1	1	0
0	388	978	46	24	49	27	4	3	0	5	22	16	3	2	0	2	0	1	0	0	0	3	8	1	478261	347826	65217	43478	21739	1	0	4	5	22	2	3	0	0	3	0	1	1	0	0	0	0	3784	967035	7056	10718	26816	30318	4.495.425	955142	344157	4428239	1848623	31991	-36693	-38675	-39116	0	1	1	1	1	5	1	1	9286	3333	1	1	1	1	0	0	0	1	0	1	1	0	0	1	1	1	0
0	38598	978	44	24	47	27	4	2	0	10	20	16	3	2	0	2	0	1	0	0	0	3	8	1	454545	363636	68182	45455	22727	1	0	4	5	22	2	3	0	0	3	0	1	1	0	0	0	0	3784	958096	7485	11147	25991	33624	4.386.585	775035	331905	4356811	1819349	30637	-35992	-37891	-38291	0	1	1	1	8	5	1	1	9	3333	1	1	1	1	0	0	0	1	0	1	1	0	0	1	1	1	0
1	34994	1095	41	21	43	23	4	2	0	5	20	14	1	3	0	2	0	1	0	0	0	3	7	1	487805	341463	2439	73171	2439	1	0	3	4	17	2	2	0	0	2	0	1	1	0	0	0	0	4247	850573	664	10302	22505	29456	427.348	1034013	590883	3977907	166406	2871	-33029	-3458	-34805	0	1	1	1	1	1	1	1	1	3333	1	1	1	1	0	1	0	1	0	1	1	1	0	1	1	1	1
1	31991	1228	37	19	39	21	3	2	0	5	18	13	1	2	0	2	0	1	0	0	0	3	6	1	486486	351351	27027	54054	27027	1	0	3	4	17	2	2	0	0	2	0	1	1	0	0	0	0	-1976	788843	4617	8279	28022	37626	3.728.936	607179	16405	3646346	1528174	26101	-37719	-39821	-40322	0	1	1	1	1	5	1	1	9286	6667	1	1	1	1	1	1	1	0	0	1	0	1	0	1	0	1	1
0	30373	117	27	19	28	20	3	2	0	12	8	12	1	2	0	1	2	1	0	0	0	2	7	3	296296	444444	37037	74074	111111	1	0	2	2	12	0	2	0	0	0	2	0	0	0	0	0	0	-1458	699086	4617	5455	34045	38655	3.103.758	906382	16405	3093854	1301743	22824	-42838	-45542	-46345	0	1	1	1	4	0	1	1	7714	6667	1	1	0	1	0	0	0	0	0	0	0	1	0	1	0	1	0
0	36826	988	34	23	36	25	4	2	0	17	11	15	3	2	0	1	0	2	0	0	0	3	8	2	323529	441176	88235	58824	58824	1	0	3	3	17	0	3	0	0	1	2	0	0	0	0	0	0	407	927322	7485	8323	28281	45098	386.197	77381	33068	3949169	1652283	27667	-37939	-40067	-40581	0	1	1	1	4	0	1	1	7714	3333	1	1	0	0	0	1	0	0	0	0	0	0	0	1	0	1	0
0	36825	988	34	23	36	25	4	2	0	17	11	16	1	3	0	1	0	2	0	0	0	3	7	2	323529	470588	29412	88235	58824	1	0	3	3	17	0	3	0	0	1	2	0	0	0	0	0	0	-2406	918077	5931	6769	30414	50325	3.890.099	702253	16405	3949169	1652283	28076	-39752	-42093	-42714	0	1	1	1	4	0	1	1	7714	1667	1	1	0	0	0	0	0	0	0	0	0	0	0	0	0	1	0
0	37928	942	36	24	38	26	4	2	0	18	12	17	2	2	0	1	0	2	0	0	0	3	7	2	333333	472222	55556	55556	55556	1	0	3	3	18	0	3	0	0	0	3	0	0	0	0	0	0	-2597	972599	5906	6744	32012	44867	4.121.512	775035	16405	4180066	1746912	29763	-41111	-43612	-44312	0	1	1	1	4	0	1	1	7714	1667	1	1	0	1	0	1	0	0	0	1	0	0	0	1	0	1	0
0	38027	942	35	24	37	26	4	2	0	18	11	16	3	2	0	1	0	2	0	0	0	3	8	2	314286	457143	85714	57143	57143	1	0	3	3	18	0	3	0	0	0	3	0	0	0	0	0	0	-2186	961131	7195	8033	29932	38586	4.068.318	94289	16405	4111794	1718932	29133	-39342	-41636	-42232	0	1	1	1	4	0	1	1	7714	3333	1	1	1	1	0	0	0	0	0	1	0	0	0	1	0	1	0
0	36924	988	33	23	35	25	4	2	0	17	10	15	2	3	0	1	0	2	0	0	0	3	8	2	30303	454545	60606	90909	60606	1	0	3	3	17	0	3	0	0	1	2	0	0	0	0	0	0	-1977	900037	722	8058	28281	3826	3.836.904	870108	16405	3880897	1624302	27446	-37939	-40067	-40581	0	1	1	1	4	0	1	1	7714	3333	1	1	1	1	1	1	0	0	0	1	0	0	0	1	0	1	0
0	38027	942	35	24	37	26	4	2	0	18	11	16	3	2	0	1	0	2	0	0	0	3	8	2	314286	457143	85714	57143	57143	1	0	3	3	18	0	3	0	0	0	3	0	0	0	0	0	0	-2186	932411	7195	8033	29932	39602	4.068.318	94289	16405	4111794	1718932	29133	-39342	-41636	-42232	0	1	1	1	4	0	1	1	7714	3333	1	1	1	1	0	0	0	0	0	1	0	0	0	1	0	1	0
0	37023	988	32	23	34	25	4	2	0	17	9	14	3	3	0	1	0	2	0	0	0	3	9	2	28125	4375	9375	9375	625	1	0	3	3	17	0	3	0	0	1	2	0	0	0	0	0	0	-1549	898196	8509	9347	3437	3418	3.789.835	1035513	16405	3812625	1596322	26816	-43114	-45851	-4667	0	1	1	1	4	0	1	1	7714	1667	1	1	1	1	1	1	0	0	0	1	0	0	0	1	1	1	1
0	36826	988	34	23	36	25	4	2	0	17	11	15	3	2	0	1	0	2	0	0	0	3	8	2	323529	441176	88235	58824	58824	1	0	3	3	17	0	3	0	0	1	2	0	0	0	0	0	0	-1977	919097	6399	7237	28281	37886	3.883.309	775035	16405	3949169	1652283	27667	-37939	-40067	-40581	0	1	1	1	4	0	1	1	7714	3333	1	1	1	1	1	1	0	0	0	1	0	0	0	1	0	1	1
1	51705	701	56	33	60	37	2	4	0	12	23	23	0	5	0	2	2	1	0	0	0	3	10	3	410714	410714	0	89286	53571	1	0	5	8	30	2	2	0	0	0	5	0	0	0	2	0	0	-6911	1206643	7751	9427	4601	45846	5.591.662	129546	0	5525581	2298353	41534	-53008	-56909	-5831	1	5	6667	8333	7	5	8333	1	719	3333	625	0	0	0	0	0	0	0	0	0	0	0	0	0	0	0	0
1	34641	1028	40	23	43	26	0	2	0	6	17	15	2	2	0	1	3	0	0	0	0	1	8	3	425	375	5	5	75	1	0	4	7	23	3	1	0	0	2	1	1	1	0	0	1	1	-1977	796513	4941	5779	32184	44731	3.648.741	1071168	16405	3641196	1526064	2761	-41256	-43774	-44484	0	1	8333	1	8	5	1	1	8762	5	1	1	0	1	0	1	0	0	0	1	0	0	0	1	0	1	0
1	55166	616	68	37	72	41	4	3	0	6	31	25	3	2	0	1	6	0	0	0	0	1	12	6	455882	367647	44118	29412	88235	1	0	5	8	29	3	2	0	0	2	2	1	1	0	0	1	1	-2845	1303994	5265	6103	48457	54104	6.120.162	1551215	16405	5983389	2485979	46331	-55089	-59234	-60757	1	5	6667	8333	9	1	8333	1	819	1667	625	0	0	0	0	0	0	0	0	0	0	0	0	0	0	0	0
1	48366	701	65	33	69	37	4	3	0	6	32	24	3	2	0	1	3	0	0	0	0	1	9	3	492308	369231	46154	30769	46154	1	0	5	8	29	3	2	0	0	2	2	1	1	0	0	1	1	-322	1249929	5265	6103	43445	48028	573.682	1102412	16405	5661628	235411	4278	-50828	-54472	-55745	0	75	8333	1	1	1	1	1	9405	1667	625	0	0	0	0	0	0	0	0	0	0	0	0	0	0	0	0
1	48563	701	63	33	67	37	4	3	0	6	30	23	3	3	0	1	3	0	0	0	0	1	10	3	47619	365079	47619	47619	47619	1	0	5	8	29	3	2	0	0	2	2	1	1	0	0	1	1	-292	1219262	6188	7026	33665	35733	5.627.208	1212411	16405	5525083	2298149	41929	-42515	-45182	-45965	0	1	8333	1	1	1	1	1	9762	1667	75	0	0	0	0	0	0	0	0	1	0	0	0	0	0	0	0
1	57149	631	60	37	65	42	3	2	0	17	23	25	4	2	0	1	3	2	0	0	0	3	12	5	383333	416667	66667	33333	83333	1	0	6	9	34	3	3	0	0	3	2	1	1	0	0	1	1	-2845	1359933	6723	7561	57489	62896	5.873.359	1239024	16405	6001993	2493604	4418	-62766	-67815	-69789	1	5	5	6667	6	5	6667	1	6333	3333	625	0	0	0	0	0	0	0	0	0	0	0	0	0	0	0	0
1	53705	651	60	36	65	41	3	2	0	17	24	25	4	2	0	1	3	1	0	0	0	2	11	4	40	416667	66667	33333	66667	1	0	6	9	34	3	3	0	0	3	2	1	1	0	0	1	1	-2999	1311885	6723	7561	52841	56252	565.934	1239024	16405	5798671	2410275	42659	-58815	-63399	-65141	1	5	5	6667	6	5	6667	1	6333	3333	625	0	0	0	0	0	0	0	0	0	0	0	0	0	0	0	0
1	53859	631	60	37	65	42	3	2	0	17	23	25	4	2	0	1	5	0	0	0	0	1	12	5	383333	416667	66667	33333	83333	1	0	6	9	34	3	3	0	0	3	2	1	1	0	0	1	1	-2845	1268165	6723	7561	55521	53718	5.501.997	1538226	16405	5653821	235091	42352	-61093	-65945	-67821	1	5	5	6667	6	5	6667	1	6333	3333	625	0	0	0	0	0	0	0	0	0	0	0	0	0	0	0	0
1	5206	651	60	36	65	41	3	2	0	17	24	25	4	2	0	1	4	0	0	0	0	1	11	4	40	416667	66667	33333	66667	1	0	6	9	34	3	3	0	0	3	2	1	1	0	0	1	1	-2999	1266001	6723	7561	51846	51663	5.473.659	1388625	16405	5624585	2338928	41745	-57969	-62454	-64146	1	5	5	6667	6	5	6667	1	6333	3333	625	0	0	0	0	0	0	0	0	0	0	0	0	0	0	0	0
1	53859	631	60	37	65	42	3	2	0	17	23	25	4	2	0	1	5	0	0	0	0	1	12	5	383333	416667	66667	33333	83333	1	0	6	9	34	3	3	0	0	3	2	1	1	0	0	1	1	-2845	1268165	6723	7561	55521	53718	5.501.997	1538226	16405	5653821	235091	42352	-61093	-65945	-67821	1	5	5	6667	6	5	6667	1	6333	3333	625	0	0	0	0	0	0	0	0	0	0	0	0	0	0	0	0
1	5206	651	60	36	65	41	3	2	0	17	24	25	4	2	0	1	4	0	0	0	0	1	11	4	40	416667	66667	33333	66667	1	0	6	9	34	3	3	0	0	3	2	1	1	0	0	1	1	-2999	1266001	6723	7561	51846	51663	5.473.659	1388625	16405	5624585	2338928	41745	-57969	-62454	-64146	1	5	5	6667	6	5	6667	1	6333	3333	625	0	0	0	0	0	0	0	0	0	0	0	0	0	0	0	0
1	5206	651	60	36	65	41	3	2	0	17	24	25	4	2	0	1	4	0	0	0	0	1	11	4	40	416667	66667	33333	66667	1	0	6	9	34	3	3	0	0	3	2	1	1	0	0	1	1	-2999	1266001	6723	7561	51846	51663	5.473.659	1388625	16405	5624585	2338928	41745	-57969	-62454	-64146	1	5	5	6667	6	5	6667	1	6333	3333	625	0	0	0	0	0	0	0	0	0	0	0	0	0	0	0	0
1	53765	651	59	36	64	41	3	2	0	17	23	25	3	2	0	2	4	0	0	0	0	2	11	4	389831	423729	50847	33898	67797	1	0	6	9	34	3	3	0	0	3	2	1	1	0	0	1	1	-2999	1309866	623	9892	51445	57401	5.563.148	1388625	16405	5730399	2382295	42496	-57629	-62073	-63745	1	5	5	6667	6	5	6667	1	6333	3333	625	0	0	0	0	0	0	0	0	0	0	0	0	0	0	0	0
1	59471	594	67	39	72	44	3	2	0	11	28	25	4	2	0	2	6	0	0	0	0	2	14	6	41791	373134	59701	29851	89552	1	0	6	9	34	3	3	0	0	3	2	1	1	0	0	1	1	-256	1369861	6554	10216	453	55363	6.146.145	171907	16405	6168937	2562023	46692	-52405	-56235	-576	1	5	5	8333	9	1	8333	1	7952	3333	625	0	0	0	0	0	0	0	0	0	0	0	0	0	0	0	0
1	52159	651	59	36	64	41	3	2	0	17	23	24	5	2	0	1	4	0	0	0	0	1	12	4	389831	40678	84746	33898	67797	1	0	6	9	34	3	3	0	0	3	2	1	1	0	0	1	1	-2724	1240388	8012	885	58482	47122	542.659	1555255	16405	5556312	2310948	41115	-6361	-68758	-70782	1	5	5	6667	6	5	6667	1	6333	3333	625	0	0	0	0	0	0	0	0	0	0	0	0	0	0	0	0
1	51706	701	56	33	60	37	4	4	0	12	23	22	2	4	0	2	2	1	0	0	0	3	11	3	410714	392857	35714	71429	53571	1	0	5	6	27	1	4	1	0	0	4	0	0	0	1	0	0	-2619	1211539	8355	10031	48394	42719	5.537.885	1364697	16405	5525581	2298353	41125	-55035	-59174	-60694	1	5	6667	8333	7	5	8333	1	719	1667	625	0	0	0	0	0	0	0	0	0	0	0	0	0	0	0	0
1	53109	677	59	34	63	38	4	4	0	12	25	23	2	4	0	2	2	1	0	0	0	3	11	3	423729	389831	33898	67797	50847	1	0	5	6	28	1	4	0	1	0	4	0	0	0	1	0	0	-2753	1257549	8355	10031	5047	47281	5.798.652	1364697	16405	5759635	2394276	42855	-568	-61147	-6277	1	5	6667	6667	6	5	6667	1	6571	1667	625	0	0	0	0	0	0	0	0	0	0	0	0	0	0	0	0
1	47699	759	49	30	52	33	3	4	0	12	19	19	2	4	0	2	2	1	0	0	0	3	11	3	387755	387755	40816	81633	61224	1	0	4	5	24	1	3	0	0	0	4	0	0	0	1	0	0	342	1086488	9234	1091	41946	32463	5.047.504	1513561	3281	5003821	2084517	37171	-49554	-53049	-54246	0	75	8333	1	8	5	1	1	8405	3333	875	1	0	0	0	0	0	0	0	1	0	0	0	0	0	0	0
1	51706	701	56	33	60	37	4	4	0	12	23	22	2	4	0	2	2	1	0	0	0	3	11	3	410714	392857	35714	71429	53571	1	0	5	6	27	1	4	1	0	0	4	0	0	0	1	0	0	-2619	1211539	8355	10031	48394	42719	5.537.885	1364697	16405	5525581	2298353	41125	-55035	-59174	-60694	1	5	6667	8333	7	5	8333	1	719	1667	625	0	0	0	0	0	0	0	0	0	0	0	0	0	0	0	0
